id_alma,nombre,pecado_capital,nivel_corrupcion,fecha_condena,dimension_origen,estado
1,Steven Hamilton,Ira,48,1893-12-16,Abismo,en proceso de tortura
2,Kristen Joseph,Gula,1,1842-08-01,Inframundo,redimida
3,Janice Soto,Pereza,91,1960-05-27,Limbo,activa
4,Walter Garcia,Soberbia,18,1918-08-02,Abismo,redimida
5,Thomas Bishop,Ira,74,1882-12-29,Pandemonium,activa
6,Kelly Miller,Soberbia,34,1868-03-03,Tierra,en proceso de tortura
7,Bianca Santana,Envidia,19,1897-10-02,Pandemonium,en proceso de tortura
8,Omar Hood,Envidia,78,1827-09-21,Inframundo,en proceso de tortura
9,Philip Scott,Lujuria,89,1888-07-24,Limbo,redimida
10,Andrew Simmons,Pereza,11,1894-01-02,Limbo,activa
11,Nicole Roth,Gula,5,1950-11-18,Pandemonium,redimida
12,Kim Barnes,Soberbia,67,1960-06-06,Tierra,activa
13,Vincent Erickson,Pereza,94,1931-10-14,Tierra,activa
14,Steven Harrison,Soberbia,47,1888-07-14,Pandemonium,en proceso de tortura
15,Jodi Butler,Pereza,59,1946-01-23,Abismo,activa
16,Joshua Reed,Ira,4,1978-07-27,Abismo,en proceso de tortura
17,Nicole Lawrence,Lujuria,64,1944-05-11,Limbo,en proceso de tortura
18,James Lewis,Pereza,14,1899-12-22,Sector 7G,en proceso de tortura
19,Kayla Padilla,Pereza,68,1933-03-08,Limbo,en proceso de tortura
20,Wanda Schaefer,Ira,97,1949-11-25,Pandemonium,activa
21,Jeffery Fisher,Ira,88,2011-05-08,Sector 7G,redimida
22,Derrick Williams,Pereza,20,1996-03-25,Abismo,en proceso de tortura
23,Jeffrey Ramirez,Ira,58,2022-09-08,Limbo,redimida
24,Alexander Davis,Ira,57,1933-10-01,Sector 7G,en proceso de tortura
25,Robert Hartman,Lujuria,20,2006-09-06,Limbo,activa
26,Paul Cook,Gula,44,1959-08-22,Tierra,redimida
27,Samantha Bates,Envidia,22,1909-12-30,Inframundo,redimida
28,Jennifer Stone,Pereza,35,1986-01-24,Abismo,en proceso de tortura
29,Mrs. Andrea Anderson,Ira,27,1865-07-18,Limbo,en proceso de tortura
30,Spencer Bird,Envidia,69,1992-02-21,Pandemonium,redimida
31,Kyle Savage,Gula,73,2020-02-15,Sector 7G,en proceso de tortura
32,Haley Wright,Pereza,27,2003-12-28,Tierra,activa
33,Charles West,Ira,81,1907-08-13,Tierra,activa
34,Jacob Thomas,Ira,53,1947-09-14,Limbo,en proceso de tortura
35,Megan Lewis,Soberbia,34,1848-03-20,Sector 7G,activa
36,Erica Gonzalez,Soberbia,32,1929-04-01,Limbo,en proceso de tortura
37,Randy Rodriguez,Ira,75,1875-04-27,Limbo,en proceso de tortura
38,Nicole Estrada,Ira,86,1839-10-30,Abismo,redimida
39,John Mata,Pereza,63,1847-12-16,Tierra,redimida
40,Patricia Reed,Pereza,26,2010-01-26,Tierra,activa
41,Calvin Knight,Pereza,100,1852-07-23,Abismo,en proceso de tortura
42,Douglas Ferguson,Pereza,49,1833-09-03,Sector 7G,redimida
43,Rodney Mcgrath,Lujuria,84,2020-12-01,Limbo,redimida
44,Jeremy Ballard,Pereza,91,1954-12-22,Inframundo,en proceso de tortura
45,Laura Nash,Envidia,52,1891-05-02,Abismo,activa
46,Amanda Mcgrath,Gula,22,2009-11-08,Inframundo,activa
47,Rodney Fox,Ira,37,1913-07-17,Tierra,activa
48,Timothy Berger,Avaricia,37,1925-12-18,Abismo,activa
49,Adam Brandt,Lujuria,61,2019-01-15,Sector 7G,en proceso de tortura
50,Heather Shaw,Avaricia,40,1941-06-21,Tierra,redimida
51,Samantha Carlson,Envidia,38,1938-04-26,Abismo,redimida
52,Aaron Burton,Envidia,44,1987-04-10,Pandemonium,en proceso de tortura
53,John Perez,Envidia,3,2019-08-07,Tierra,en proceso de tortura
54,Alice Villegas,Avaricia,57,1954-07-23,Inframundo,en proceso de tortura
55,Christopher Barnes,Ira,6,1923-02-11,Limbo,activa
56,Matthew Burns,Avaricia,37,1991-04-28,Tierra,redimida
57,Charles Adams,Ira,86,1937-03-26,Abismo,activa
58,Stephanie Gonzalez,Avaricia,0,1842-10-24,Pandemonium,en proceso de tortura
59,Joshua Daniels,Avaricia,25,1867-03-25,Tierra,en proceso de tortura
60,Angela Jackson,Pereza,97,1993-02-03,Sector 7G,activa
61,Anita Gallagher,Avaricia,63,1926-11-24,Sector 7G,en proceso de tortura
62,James Allen,Soberbia,76,1952-01-22,Abismo,redimida
63,Raven Miles,Ira,85,1974-05-09,Tierra,en proceso de tortura
64,Ryan Ruiz,Ira,22,1959-07-09,Abismo,redimida
65,Jacqueline Thompson,Ira,20,1927-07-05,Limbo,en proceso de tortura
66,Eric Davidson,Pereza,45,2004-10-05,Sector 7G,activa
67,James Robinson,Avaricia,16,2003-12-28,Tierra,redimida
68,Theresa Cooper,Envidia,72,1834-12-09,Pandemonium,en proceso de tortura
69,Annette Phillips,Lujuria,48,1890-12-30,Limbo,activa
70,John Allen Jr.,Gula,42,2013-01-08,Tierra,en proceso de tortura
71,Valerie Manning,Avaricia,61,1990-07-20,Sector 7G,en proceso de tortura
72,Kristi Hampton,Soberbia,29,1932-04-27,Abismo,en proceso de tortura
73,Matthew Mullins,Pereza,85,2003-04-12,Inframundo,redimida
74,Andrew Thompson,Ira,92,1856-09-10,Sector 7G,redimida
75,Michael Reilly,Avaricia,95,1847-04-30,Abismo,activa
76,Danny Mason,Soberbia,5,1848-07-22,Pandemonium,redimida
77,Ronald Sanders,Lujuria,30,1920-05-21,Sector 7G,redimida
78,Jacob Johnson,Gula,85,1950-08-16,Sector 7G,en proceso de tortura
79,Dr. Melissa Ortiz,Lujuria,86,1981-08-26,Sector 7G,redimida
80,Seth Elliott,Envidia,55,1884-07-25,Abismo,activa
81,Gregory Nguyen,Gula,98,2023-02-28,Abismo,redimida
82,Eric Hall,Envidia,97,1976-12-30,Limbo,redimida
83,Crystal Odonnell,Envidia,39,1961-10-29,Sector 7G,en proceso de tortura
84,Kim Dunn,Pereza,26,1859-08-28,Inframundo,redimida
85,Karen Maynard,Pereza,34,1983-05-30,Tierra,en proceso de tortura
86,Chelsea Howard,Soberbia,50,1899-07-03,Abismo,activa
87,Michael May,Lujuria,72,1977-04-09,Abismo,activa
88,Patrick Friedman,Envidia,54,2010-06-05,Sector 7G,en proceso de tortura
89,Sandy Thomas,Soberbia,53,1950-08-22,Limbo,activa
90,April Ray,Avaricia,35,1931-04-03,Pandemonium,en proceso de tortura
91,Vanessa Reilly,Pereza,91,1826-04-14,Tierra,en proceso de tortura
92,Hannah Gray,Lujuria,83,1862-01-21,Abismo,en proceso de tortura
93,Kenneth Hill,Envidia,27,1939-07-08,Tierra,activa
94,Jeffery Campbell,Lujuria,18,1903-11-06,Inframundo,en proceso de tortura
95,Brandon Ramos,Lujuria,25,2013-03-07,Tierra,en proceso de tortura
96,Kenneth Jones,Soberbia,82,2013-12-13,Inframundo,redimida
97,Jason Barber,Gula,10,1926-04-11,Limbo,activa
98,William Steele,Gula,11,1933-03-08,Tierra,redimida
99,James Melendez,Avaricia,84,1876-02-08,Pandemonium,redimida
100,Amanda Tran,Soberbia,5,1993-02-12,Sector 7G,activa
101,Melissa Williams,Ira,49,1852-12-09,Pandemonium,redimida
102,Dana Sawyer,Gula,5,1865-12-18,Inframundo,en proceso de tortura
103,Troy Martinez,Envidia,27,1983-03-14,Tierra,en proceso de tortura
104,Jason Costa,Envidia,67,1850-12-28,Abismo,redimida
105,Daniel Hayes,Gula,69,1843-05-25,Inframundo,redimida
106,Adriana Williams,Ira,47,1977-06-20,Pandemonium,activa
107,Jessica Reed,Soberbia,95,1920-04-24,Abismo,activa
108,Kelsey Adams,Ira,39,1841-03-19,Sector 7G,redimida
109,David Collier,Lujuria,18,2023-11-15,Abismo,en proceso de tortura
110,David Mckee,Soberbia,27,2004-09-14,Limbo,redimida
111,John Whitehead,Soberbia,88,1952-05-15,Sector 7G,en proceso de tortura
112,Nicholas Stone,Envidia,8,1901-05-16,Pandemonium,redimida
113,Dean Myers,Soberbia,12,1987-06-10,Limbo,activa
114,Shannon Walton,Ira,13,1897-09-20,Abismo,en proceso de tortura
115,Christine Rodriguez,Ira,2,1964-05-07,Pandemonium,activa
116,Andrew Daniel,Soberbia,44,1931-02-07,Abismo,redimida
117,Christopher Rojas,Gula,11,1877-09-19,Sector 7G,redimida
118,Jared Chambers,Avaricia,100,1863-06-25,Inframundo,en proceso de tortura
119,Dana Williams,Pereza,97,1909-01-29,Abismo,activa
120,Teresa Rogers,Ira,83,1973-12-14,Limbo,redimida
121,Annette Burke,Pereza,85,1897-06-18,Abismo,activa
122,Rebecca Barnes,Pereza,22,1843-04-21,Pandemonium,redimida
123,Nicole Horn,Envidia,29,1981-08-08,Abismo,activa
124,Evan Scott,Envidia,90,1949-04-17,Inframundo,activa
125,Angel Barrera,Avaricia,24,1863-10-05,Limbo,activa
126,Elizabeth Weber,Envidia,64,1863-10-07,Abismo,activa
127,Laura Owen PhD,Avaricia,50,1875-06-01,Inframundo,en proceso de tortura
128,Rick Warren,Ira,72,1936-03-17,Sector 7G,activa
129,Gregory Cox,Soberbia,58,1949-06-01,Limbo,activa
130,James Mcdaniel,Soberbia,92,1991-12-09,Limbo,en proceso de tortura
131,Alexis Ortiz,Gula,88,1842-08-02,Abismo,activa
132,Ms. Anna Nguyen PhD,Envidia,8,1916-05-24,Inframundo,activa
133,William Burton,Gula,55,1871-04-10,Pandemonium,activa
134,Christopher Nelson,Soberbia,44,1942-07-14,Tierra,en proceso de tortura
135,Laura Kelley,Gula,90,1875-04-18,Limbo,en proceso de tortura
136,Lauren Rodriguez,Avaricia,39,1963-03-15,Pandemonium,activa
137,Edward Ballard,Soberbia,14,2004-08-11,Sector 7G,redimida
138,Kenneth Bell,Gula,29,1867-02-19,Abismo,en proceso de tortura
139,Jonathan Davis,Envidia,94,1995-06-23,Inframundo,activa
140,Terri Moreno,Gula,78,1867-12-24,Pandemonium,en proceso de tortura
141,Tracy Salinas,Pereza,93,1865-05-02,Abismo,en proceso de tortura
142,Kim Clay,Avaricia,20,1918-05-01,Pandemonium,en proceso de tortura
143,Tamara Walker,Envidia,50,1838-12-04,Tierra,en proceso de tortura
144,Billy Watson,Envidia,86,2021-05-24,Pandemonium,redimida
145,James Howell,Ira,72,2003-12-28,Tierra,activa
146,Kellie Ferguson,Ira,50,1950-09-28,Abismo,en proceso de tortura
147,Mark Raymond,Envidia,82,1988-01-26,Limbo,en proceso de tortura
148,Robert Huynh,Avaricia,35,1960-08-02,Abismo,redimida
149,Richard Kelly,Gula,0,1955-05-03,Abismo,redimida
150,David Jackson,Avaricia,99,1980-11-04,Tierra,activa
151,Lisa Hernandez,Pereza,0,1968-03-14,Limbo,redimida
152,Steven Garrett,Soberbia,44,1994-12-24,Sector 7G,en proceso de tortura
153,Eric Berry,Gula,34,2025-03-18,Abismo,activa
154,Brian Dennis,Lujuria,73,1954-08-04,Inframundo,en proceso de tortura
155,Nathan Morales MD,Gula,59,1827-08-12,Pandemonium,activa
156,William Watson,Ira,8,1907-03-16,Limbo,activa
157,Mrs. Angela Meyers,Gula,26,1901-04-26,Pandemonium,activa
158,Daniel Mooney,Pereza,56,1870-06-29,Tierra,en proceso de tortura
159,Jason Lloyd,Ira,58,2009-12-31,Inframundo,activa
160,Billy Johnson,Soberbia,89,1854-06-10,Abismo,en proceso de tortura
161,Emily Bates,Ira,53,1866-05-29,Sector 7G,en proceso de tortura
162,Andrea Howell,Envidia,57,1931-11-22,Pandemonium,en proceso de tortura
163,Nicole Gross,Envidia,28,1866-12-08,Tierra,en proceso de tortura
164,Nicole Sanchez,Ira,48,1888-02-07,Limbo,redimida
165,Charles Smith,Lujuria,31,2010-12-15,Abismo,activa
166,Melissa Silva,Lujuria,70,1916-01-16,Abismo,activa
167,John Blevins,Envidia,89,1888-05-28,Tierra,redimida
168,Dr. Matthew Nelson,Pereza,25,1957-10-17,Limbo,redimida
169,Kathy Robles,Pereza,30,1911-06-04,Inframundo,en proceso de tortura
170,Mary Tate,Lujuria,5,2003-12-28,Pandemonium,activa
171,Taylor Peterson,Pereza,16,2021-09-09,Sector 7G,activa
172,Jackson Harrison,Gula,0,1839-10-07,Sector 7G,en proceso de tortura
173,Jenna Marquez,Ira,23,1854-04-18,Limbo,en proceso de tortura
174,Jake Vasquez,Lujuria,26,1872-01-20,Abismo,redimida
175,Yvonne Parker,Avaricia,57,1987-01-12,Inframundo,activa
176,Paul Miller,Soberbia,5,1980-09-30,Limbo,redimida
177,Kristina Mejia,Soberbia,80,1971-10-29,Inframundo,en proceso de tortura
178,Nicole Jackson,Envidia,50,1885-12-11,Sector 7G,redimida
179,Joseph Soto,Soberbia,70,2024-03-25,Inframundo,en proceso de tortura
180,Jason Hamilton,Lujuria,100,1931-06-14,Tierra,activa
181,Patrick Velasquez,Avaricia,57,2024-05-23,Limbo,en proceso de tortura
182,Marcus Wilson,Pereza,51,1850-03-03,Abismo,activa
183,Brittany Rivers,Avaricia,55,1966-10-05,Limbo,redimida
184,Leah King,Avaricia,13,1830-12-24,Abismo,en proceso de tortura
185,James Marshall,Lujuria,59,1867-11-06,Sector 7G,en proceso de tortura
186,Crystal Warren,Gula,71,2021-02-13,Abismo,activa
187,Joshua Martinez,Gula,33,1936-12-12,Pandemonium,en proceso de tortura
188,Hannah Carlson,Gula,23,1906-11-28,Sector 7G,en proceso de tortura
189,Melissa Armstrong,Pereza,96,1867-10-05,Tierra,redimida
190,Meredith Smith,Avaricia,50,1987-03-28,Pandemonium,activa
191,Joshua Mayo,Avaricia,2,1859-10-28,Sector 7G,activa
192,Michelle Jones,Soberbia,84,1924-01-12,Sector 7G,en proceso de tortura
193,Jason Mercer,Pereza,1,1830-10-28,Abismo,activa
194,James Schwartz,Avaricia,73,1961-05-10,Sector 7G,en proceso de tortura
195,Michael Owens,Soberbia,54,2003-01-17,Sector 7G,en proceso de tortura
196,Elizabeth Jordan,Ira,86,1962-02-24,Tierra,en proceso de tortura
197,Darlene Diaz,Ira,81,1980-08-30,Abismo,activa
198,Gregory Brown,Avaricia,5,1834-09-09,Limbo,redimida
199,Danielle Robertson,Ira,70,1908-06-30,Inframundo,en proceso de tortura
200,Thomas Willis,Lujuria,68,1962-09-05,Tierra,redimida
201,Edwin Hoffman,Gula,62,1831-08-15,Tierra,redimida
202,Mr. Tony Barnett,Gula,71,1881-06-16,Inframundo,en proceso de tortura
203,Billy Hill,Pereza,28,1992-06-07,Abismo,activa
204,Amy Henry,Soberbia,96,1885-08-03,Pandemonium,redimida
205,Angel Austin,Soberbia,72,1993-04-05,Limbo,redimida
206,Jennifer Marks,Lujuria,50,1948-01-06,Pandemonium,activa
207,Kelly Gardner,Soberbia,98,1840-01-13,Inframundo,en proceso de tortura
208,Luke Cook,Lujuria,69,1869-11-21,Limbo,en proceso de tortura
209,Veronica Douglas,Gula,67,1868-03-15,Limbo,activa
210,Brett Stewart,Envidia,72,1939-11-10,Tierra,en proceso de tortura
211,Miss Olivia Scott,Lujuria,24,1871-08-03,Pandemonium,activa
212,Margaret Cole,Pereza,100,1958-03-07,Inframundo,activa
213,David Vang,Envidia,65,1930-02-27,Inframundo,activa
214,Gabriel Vargas,Lujuria,59,1866-12-30,Limbo,activa
215,Gabriel Hernandez,Lujuria,23,1990-12-09,Tierra,activa
216,Diane Bradley,Ira,87,1938-07-09,Sector 7G,activa
217,Brenda Cortez,Pereza,24,1942-01-30,Tierra,redimida
218,Michelle Owen,Ira,15,1855-06-18,Tierra,activa
219,Michele Franklin,Gula,59,1959-09-27,Tierra,redimida
220,Kaitlyn Johnson,Lujuria,59,1912-12-09,Sector 7G,redimida
221,Matthew Perez,Ira,39,1964-09-13,Sector 7G,activa
222,Christopher Buchanan,Envidia,42,1959-08-21,Abismo,activa
223,Angela Williams,Soberbia,20,1911-04-29,Inframundo,en proceso de tortura
224,Kelly Copeland MD,Envidia,13,1914-11-06,Inframundo,activa
225,Scott Waters,Gula,96,1911-08-25,Inframundo,redimida
226,Jonathan Mcguire,Lujuria,39,1922-04-30,Sector 7G,redimida
227,John Roberts,Soberbia,13,1870-02-08,Tierra,redimida
228,Judy Ellis,Lujuria,13,1884-11-07,Limbo,en proceso de tortura
229,Kyle Tucker,Pereza,50,2005-09-15,Limbo,redimida
230,Michael Pope,Ira,73,2002-09-21,Inframundo,en proceso de tortura
231,Shawn Mays,Pereza,72,1844-04-06,Limbo,activa
232,Catherine Williams,Ira,98,1873-10-14,Inframundo,redimida
233,Shawn Warren,Soberbia,11,1964-08-10,Pandemonium,en proceso de tortura
234,Jessica Phillips,Avaricia,67,1847-05-14,Limbo,activa
235,Katie Villa,Envidia,36,2024-06-06,Limbo,en proceso de tortura
236,Jared Bell,Pereza,68,1937-01-30,Pandemonium,redimida
237,Ashley Woodard,Lujuria,94,1931-02-15,Pandemonium,redimida
238,Jennifer Cook,Soberbia,22,1909-07-10,Tierra,activa
239,Frank Herring,Envidia,47,1983-03-18,Abismo,en proceso de tortura
240,Stefanie Pierce,Avaricia,73,1838-07-30,Abismo,activa
241,Jake Vincent,Gula,70,1844-08-15,Sector 7G,activa
242,Dawn Smith,Ira,66,1851-04-20,Sector 7G,redimida
243,Richard Simpson,Pereza,91,2017-03-13,Tierra,en proceso de tortura
244,Claudia Richardson,Avaricia,80,1855-07-15,Pandemonium,activa
245,Sharon Norton,Envidia,44,1949-08-09,Abismo,en proceso de tortura
246,Annette White,Envidia,15,1946-07-22,Limbo,en proceso de tortura
247,Angela Allen,Pereza,50,2008-03-01,Limbo,redimida
248,James Solis,Envidia,21,1868-11-12,Pandemonium,activa
249,Donna Bush,Lujuria,21,2023-02-28,Sector 7G,activa
250,Tiffany Cruz,Pereza,33,1916-09-17,Inframundo,redimida
251,Lindsey Hernandez,Avaricia,97,2003-12-28,Tierra,redimida
252,Gregory Ramirez,Ira,65,1958-06-07,Abismo,redimida
253,Scott Gray,Avaricia,31,1970-02-12,Tierra,en proceso de tortura
254,Richard Thomas DVM,Lujuria,73,1898-10-24,Sector 7G,en proceso de tortura
255,Valerie Fox,Pereza,41,1965-01-17,Tierra,activa
256,Cory Higgins,Avaricia,93,1895-10-20,Sector 7G,activa
257,Larry Walters,Ira,79,1992-12-28,Sector 7G,en proceso de tortura
258,Dylan Hamilton,Ira,58,2000-03-10,Inframundo,en proceso de tortura
259,Jessica Hernandez,Envidia,1,1960-05-28,Pandemonium,activa
260,Edward Henry,Soberbia,9,2002-06-29,Limbo,en proceso de tortura
261,Amanda Shields,Gula,30,1898-03-03,Pandemonium,activa
262,Jenna Mitchell,Envidia,10,2016-01-18,Tierra,activa
263,Ellen Brown,Gula,86,1900-02-10,Inframundo,redimida
264,Stephanie Daniels,Pereza,78,1881-10-19,Inframundo,en proceso de tortura
265,Jessica Garcia,Ira,51,1952-07-26,Pandemonium,redimida
266,Crystal Mitchell,Pereza,99,1847-05-23,Inframundo,redimida
267,Ricardo Baldwin,Lujuria,19,1958-08-18,Limbo,en proceso de tortura
268,Mark Donovan,Envidia,76,1982-01-27,Inframundo,en proceso de tortura
269,Shannon Perez,Ira,40,1869-02-28,Tierra,redimida
270,Jennifer Mueller,Soberbia,38,1952-09-17,Pandemonium,en proceso de tortura
271,Erik Holmes,Lujuria,40,1979-08-11,Inframundo,redimida
272,Sarah Lopez,Soberbia,64,1879-08-17,Limbo,en proceso de tortura
273,Annette Murray,Gula,55,2014-04-15,Tierra,redimida
274,David Miller,Lujuria,87,1884-11-12,Abismo,redimida
275,Martin Morrow,Pereza,93,1923-08-02,Pandemonium,en proceso de tortura
276,Mary Smith,Avaricia,73,1990-01-10,Sector 7G,redimida
277,Tina Proctor,Avaricia,34,1862-09-23,Abismo,en proceso de tortura
278,Ashley Henson,Avaricia,18,1875-09-20,Tierra,activa
279,Michael Taylor,Envidia,46,1995-10-21,Inframundo,en proceso de tortura
280,Samantha Bryant,Envidia,74,1900-06-01,Sector 7G,activa
281,Andrea Scott,Lujuria,91,1947-10-18,Abismo,en proceso de tortura
282,Linda Morrison,Pereza,80,1827-05-11,Abismo,activa
283,Kimberly Hughes,Ira,5,1846-01-06,Inframundo,redimida
284,Sarah Davis,Ira,34,1965-01-02,Pandemonium,activa
285,Douglas Clark,Soberbia,64,1835-06-04,Inframundo,en proceso de tortura
286,Douglas Brady,Envidia,11,1982-10-08,Sector 7G,redimida
287,Marcus Hamilton,Pereza,51,1912-08-15,Inframundo,redimida
288,Ronnie Jones,Ira,93,1948-02-20,Tierra,redimida
289,Katie Benson,Pereza,43,2024-02-20,Abismo,en proceso de tortura
290,Natasha Barnes,Pereza,29,1959-04-07,Limbo,en proceso de tortura
291,Judith Davis,Gula,60,1988-09-03,Limbo,activa
292,Heather Ortega,Avaricia,77,1831-06-16,Sector 7G,en proceso de tortura
293,Janice Martin,Lujuria,91,1966-04-08,Limbo,activa
294,Elizabeth Haas,Soberbia,7,1977-01-31,Pandemonium,en proceso de tortura
295,Catherine Keith,Pereza,63,2022-06-22,Inframundo,redimida
296,Trevor Miller,Pereza,43,2005-12-05,Limbo,redimida
297,Brian Moon,Pereza,31,1951-11-08,Limbo,activa
298,Micheal Ortiz,Avaricia,68,1878-04-21,Abismo,activa
299,Kevin Smith,Gula,76,1898-12-19,Sector 7G,activa
300,Jeremy Tate,Envidia,45,1826-08-26,Inframundo,activa
301,Jennifer Haynes,Gula,64,2012-06-24,Sector 7G,activa
302,Donald Howell,Envidia,56,1861-02-22,Pandemonium,activa
303,Tonya Smith,Lujuria,68,1973-10-19,Tierra,redimida
304,Sean Lewis,Pereza,58,1921-02-08,Pandemonium,en proceso de tortura
305,Dakota Collier,Pereza,55,1981-12-18,Tierra,en proceso de tortura
306,Katelyn Johnson,Avaricia,6,1977-07-09,Sector 7G,activa
307,Kelly Sloan,Pereza,58,1846-12-13,Tierra,activa
308,Sarah Santiago,Gula,10,2014-10-14,Tierra,activa
309,Alexander Smith,Avaricia,30,1873-06-27,Limbo,activa
310,Ronald Moody,Avaricia,99,1972-06-18,Tierra,redimida
311,Samantha Little,Envidia,75,1892-10-14,Inframundo,en proceso de tortura
312,Yolanda Carter,Ira,4,1890-06-19,Pandemonium,en proceso de tortura
313,Nathan Rodriguez,Pereza,49,2020-07-28,Limbo,en proceso de tortura
314,Jonathan Schneider,Ira,39,1970-10-05,Pandemonium,redimida
315,Kenneth Wheeler,Gula,29,1835-03-11,Inframundo,en proceso de tortura
316,Amy Crawford,Envidia,73,1981-04-12,Inframundo,en proceso de tortura
317,Sarah Jackson,Pereza,32,1862-05-29,Limbo,redimida
318,William Smith,Soberbia,98,1912-05-19,Inframundo,redimida
319,Ian Villa,Pereza,60,1849-07-14,Limbo,en proceso de tortura
320,Beth Castro,Pereza,76,1905-07-28,Pandemonium,redimida
321,Andrew Kramer,Avaricia,37,2003-12-28,Sector 7G,en proceso de tortura
322,David Caldwell,Gula,50,1893-06-07,Pandemonium,redimida
323,Lauren Dawson,Envidia,89,1966-06-02,Pandemonium,activa
324,Jessica Holloway,Gula,23,1976-01-29,Sector 7G,activa
325,Richard Page,Pereza,69,2003-12-28,Sector 7G,en proceso de tortura
326,Brandon Schroeder,Avaricia,49,1892-01-03,Sector 7G,redimida
327,Alison Meyer,Pereza,9,1931-06-10,Limbo,redimida
328,Taylor Ross,Soberbia,18,1951-07-18,Sector 7G,en proceso de tortura
329,Alexandra Villa,Avaricia,96,1882-01-05,Tierra,activa
330,Dr. Casey Lawrence,Avaricia,9,1919-02-03,Abismo,activa
331,Angela Jones,Envidia,81,1942-11-14,Tierra,activa
332,Connie Warren,Pereza,87,1951-10-20,Tierra,en proceso de tortura
333,Natalie Taylor,Soberbia,38,2003-12-28,Limbo,activa
334,William George,Ira,61,1970-08-03,Abismo,redimida
335,Timothy Miller,Soberbia,45,1928-05-24,Limbo,en proceso de tortura
336,Victor Williams,Avaricia,68,1883-01-31,Limbo,en proceso de tortura
337,Tanya Hodges,Pereza,7,1987-03-02,Abismo,activa
338,David Hart,Avaricia,28,1872-02-20,Pandemonium,activa
339,Joshua Griffith,Gula,55,2007-03-21,Inframundo,redimida
340,Amanda Wells,Envidia,70,1946-04-12,Inframundo,activa
341,Katie Johnson,Avaricia,50,1982-03-09,Pandemonium,redimida
342,Kristen Martinez,Envidia,0,1945-12-18,Sector 7G,en proceso de tortura
343,Kathryn Garcia,Soberbia,38,1904-10-26,Abismo,redimida
344,Kayla Gonzalez,Avaricia,5,1833-11-12,Limbo,en proceso de tortura
345,Renee Jackson,Avaricia,7,1940-09-16,Tierra,redimida
346,Lisa Black DDS,Avaricia,96,1853-10-21,Abismo,activa
347,Kelly Johnson,Avaricia,50,1949-02-04,Tierra,redimida
348,Matthew Obrien,Lujuria,55,1923-11-04,Pandemonium,en proceso de tortura
349,Martin Hernandez,Soberbia,62,1927-02-17,Sector 7G,en proceso de tortura
350,Francisco Phillips,Soberbia,24,1895-05-10,Tierra,redimida
351,Amy Cisneros,Gula,13,1939-07-04,Pandemonium,redimida
352,Victoria Coleman,Soberbia,53,1933-11-01,Sector 7G,activa
353,Rebekah Hunter,Envidia,64,1932-01-19,Inframundo,redimida
354,Russell Anderson,Gula,50,2024-08-04,Tierra,activa
355,Chelsea Meza,Ira,50,1871-02-14,Inframundo,en proceso de tortura
356,Alexandria Pope,Gula,89,2003-12-28,Limbo,en proceso de tortura
357,Paul Christian,Gula,84,1860-05-02,Limbo,en proceso de tortura
358,Benjamin Kim,Lujuria,12,1941-02-08,Limbo,en proceso de tortura
359,Ruben Lee,Lujuria,65,1946-03-24,Inframundo,redimida
360,Maria Foley,Pereza,20,1955-03-10,Sector 7G,activa
361,Alexandria Miles,Pereza,8,1902-05-27,Limbo,redimida
362,James Deleon,Pereza,92,1899-08-25,Limbo,en proceso de tortura
363,Michelle Leon,Envidia,23,2000-05-28,Sector 7G,en proceso de tortura
364,Alexandra Taylor,Ira,27,1962-08-05,Sector 7G,en proceso de tortura
365,Corey Garcia,Soberbia,77,2018-01-27,Pandemonium,redimida
366,Mary Reynolds,Envidia,98,1863-05-27,Pandemonium,en proceso de tortura
367,Jill Chandler,Ira,41,2015-06-09,Sector 7G,redimida
368,Sean Moses,Pereza,38,1828-11-04,Abismo,en proceso de tortura
369,Sara Mosley,Pereza,41,1924-11-09,Inframundo,activa
370,Haley King,Soberbia,62,1972-06-05,Pandemonium,redimida
371,Elizabeth Dixon,Gula,75,1903-05-20,Limbo,en proceso de tortura
372,Jodi Foster,Gula,0,1959-01-01,Tierra,redimida
373,Austin Reyes,Avaricia,74,1961-10-28,Sector 7G,en proceso de tortura
374,Alan Greene,Pereza,55,1886-09-28,Inframundo,activa
375,Madison Williams,Envidia,78,1906-01-05,Sector 7G,activa
376,Corey Anderson,Avaricia,88,1973-12-05,Tierra,redimida
377,John Armstrong,Gula,77,1929-11-26,Inframundo,activa
378,Christopher Davis,Pereza,25,1957-04-06,Abismo,redimida
379,Phyllis Romero,Soberbia,63,1938-09-12,Sector 7G,en proceso de tortura
380,Gary Hernandez,Soberbia,23,1979-06-13,Sector 7G,redimida
381,Michael Rodriguez,Avaricia,50,1964-12-28,Tierra,redimida
382,Daniel Ramsey,Avaricia,22,1920-07-23,Abismo,activa
383,Danny Davis,Envidia,1,1928-10-30,Tierra,en proceso de tortura
384,Jennifer Myers,Soberbia,79,2007-12-28,Sector 7G,en proceso de tortura
385,Adrian Brown,Avaricia,67,1887-03-28,Sector 7G,activa
386,Timothy Rose,Pereza,83,1840-03-05,Limbo,activa
387,April Ramirez,Gula,99,1918-03-27,Sector 7G,en proceso de tortura
388,Alexandra Jones,Avaricia,82,1851-07-26,Inframundo,redimida
389,Jody Chandler,Avaricia,43,1856-08-31,Sector 7G,en proceso de tortura
390,Brian Harrison,Lujuria,50,1885-05-23,Sector 7G,en proceso de tortura
391,Robert Branch,Lujuria,88,2011-11-27,Abismo,en proceso de tortura
392,Zachary Smith,Pereza,64,2013-01-18,Inframundo,redimida
393,Wesley Johnson,Ira,42,1899-10-22,Pandemonium,en proceso de tortura
394,Jessica Levy,Gula,62,1949-06-17,Limbo,activa
395,David Coleman,Pereza,50,2023-10-20,Limbo,en proceso de tortura
396,Matthew Dunlap,Gula,26,1924-02-28,Sector 7G,en proceso de tortura
397,Allen Morales,Pereza,69,1875-08-31,Pandemonium,en proceso de tortura
398,Michael Shepard,Envidia,23,2002-09-28,Tierra,redimida
399,Tanya Brown,Pereza,45,1951-01-24,Limbo,en proceso de tortura
400,Veronica Hurley,Pereza,57,1980-03-20,Inframundo,en proceso de tortura
401,James Morrison,Soberbia,73,1928-10-25,Abismo,en proceso de tortura
402,Dr. Heather Flores,Ira,37,1958-12-02,Limbo,redimida
403,Ryan Shah,Envidia,20,1951-10-15,Abismo,en proceso de tortura
404,Lindsay Estrada,Gula,11,1881-03-26,Tierra,en proceso de tortura
405,Kenneth Smith,Gula,24,1905-04-24,Inframundo,en proceso de tortura
406,Mariah Williams,Soberbia,44,1864-05-23,Abismo,activa
407,Amber Wilson,Gula,44,1987-01-03,Tierra,en proceso de tortura
408,David Sims,Pereza,99,1900-10-10,Pandemonium,redimida
409,Carrie Freeman,Avaricia,51,1975-06-03,Sector 7G,en proceso de tortura
410,Timothy Gomez,Lujuria,78,1942-03-02,Abismo,en proceso de tortura
411,Christian Reed,Soberbia,41,1835-08-30,Inframundo,activa
412,Angel Hall,Gula,10,1909-05-14,Abismo,redimida
413,Larry Wells,Avaricia,11,1836-01-18,Pandemonium,activa
414,Kayla Gomez,Soberbia,47,1988-09-24,Abismo,en proceso de tortura
415,Lauren Chavez,Avaricia,48,2023-10-28,Limbo,activa
416,Cynthia Williams,Avaricia,23,1921-05-26,Limbo,en proceso de tortura
417,Matthew Lawson,Avaricia,100,1944-08-07,Abismo,en proceso de tortura
418,Walter Estrada,Envidia,51,1929-03-03,Inframundo,activa
419,Kevin Lewis,Gula,46,1935-08-14,Sector 7G,activa
420,Shannon Cross,Soberbia,82,1846-09-11,Tierra,en proceso de tortura
421,Stacy Hopkins,Pereza,21,1944-11-14,Inframundo,en proceso de tortura
422,David Berg,Envidia,61,1909-01-13,Tierra,activa
423,Lance Harris,Soberbia,63,1842-09-03,Inframundo,activa
424,Christina Bray,Gula,100,1893-08-02,Tierra,en proceso de tortura
425,Joseph Joseph,Avaricia,92,1967-01-09,Sector 7G,redimida
426,Mr. Eric Davis,Lujuria,73,1864-01-16,Limbo,en proceso de tortura
427,Kathryn Thomas,Pereza,40,1961-05-06,Abismo,en proceso de tortura
428,Gary Brewer,Lujuria,53,1943-05-24,Sector 7G,en proceso de tortura
429,Michael Cabrera,Ira,60,1909-04-18,Inframundo,en proceso de tortura
430,Tina Holmes,Lujuria,85,2013-05-16,Pandemonium,en proceso de tortura
431,Kristin Hernandez,Gula,64,1981-08-02,Pandemonium,activa
432,Brooke Mitchell,Pereza,28,1893-10-09,Limbo,en proceso de tortura
433,Steven Boyd,Lujuria,50,1896-04-07,Tierra,activa
434,Erica Allen,Soberbia,35,1892-08-03,Abismo,activa
435,Bryan Allen,Soberbia,62,1893-06-23,Pandemonium,en proceso de tortura
436,Patricia Wheeler,Avaricia,54,1919-06-11,Inframundo,activa
437,Mrs. Madeline Diaz MD,Pereza,38,1856-04-22,Inframundo,activa
438,Deborah King,Envidia,21,1906-02-14,Tierra,activa
439,Jessica Wilson,Envidia,49,1860-11-09,Inframundo,en proceso de tortura
440,Leslie Salazar,Lujuria,88,1937-09-20,Inframundo,en proceso de tortura
441,Loretta White,Envidia,1,1886-05-05,Pandemonium,redimida
442,Jerry Hunter,Lujuria,20,1887-03-04,Limbo,redimida
443,Luis Cuevas,Ira,53,1861-03-14,Limbo,en proceso de tortura
444,Angela Garcia,Ira,42,2000-09-01,Pandemonium,redimida
445,Kayla Walker,Ira,25,1899-04-06,Tierra,en proceso de tortura
446,Benjamin Gates,Avaricia,62,2023-02-28,Limbo,redimida
447,Amanda Arnold,Gula,4,1953-12-11,Abismo,redimida
448,Dr. Stephen Hughes Jr.,Envidia,68,1999-10-12,Limbo,redimida
449,Rhonda Perez,Gula,50,1877-01-28,Tierra,en proceso de tortura
450,Austin King,Lujuria,62,1927-12-31,Inframundo,redimida
451,Latoya Patton,Envidia,50,1870-06-08,Tierra,en proceso de tortura
452,Yvonne Ruiz,Pereza,7,1970-04-22,Limbo,redimida
453,Adam Pearson,Lujuria,33,1892-07-17,Abismo,redimida
454,James Frederick,Gula,52,2012-10-08,Limbo,redimida
455,Chelsea Nguyen,Ira,13,1936-01-01,Tierra,en proceso de tortura
456,Sean Vega,Gula,99,2024-03-09,Pandemonium,en proceso de tortura
457,Amy Zuniga,Pereza,20,1834-12-15,Limbo,en proceso de tortura
458,Brittany Short,Avaricia,99,2003-12-28,Limbo,redimida
459,Emma Brooks,Pereza,46,1981-11-09,Abismo,en proceso de tortura
460,Nicole Pham,Envidia,42,1971-08-11,Pandemonium,redimida
461,Thomas Dixon,Pereza,54,1870-08-15,Pandemonium,en proceso de tortura
462,Makayla Obrien,Lujuria,88,1891-07-30,Limbo,en proceso de tortura
463,Matthew Keller,Avaricia,100,1921-02-09,Abismo,en proceso de tortura
464,Kendra King,Soberbia,39,2003-12-28,Abismo,redimida
465,Martin Rollins,Avaricia,16,1949-04-20,Sector 7G,redimida
466,Stephanie Brown,Avaricia,29,1969-06-03,Abismo,en proceso de tortura
467,Jonathan Vance,Pereza,27,1862-11-25,Tierra,activa
468,Diana Lucas,Ira,46,1992-09-08,Inframundo,redimida
469,Adam Maldonado,Ira,68,1951-10-15,Abismo,activa
470,Brandy Harris,Gula,10,1992-02-25,Abismo,en proceso de tortura
471,Dr. Jonathan Yoder Jr.,Soberbia,82,1970-10-23,Inframundo,redimida
472,Julia Velasquez,Envidia,77,1984-04-21,Sector 7G,activa
473,Cynthia Cook,Ira,85,1992-02-04,Limbo,activa
474,Justin Beard Jr.,Avaricia,26,1859-06-15,Inframundo,redimida
475,Justin Guzman,Avaricia,29,1862-07-16,Inframundo,en proceso de tortura
476,Henry Figueroa,Soberbia,66,1973-03-08,Tierra,en proceso de tortura
477,John Warren,Lujuria,46,1914-01-28,Tierra,en proceso de tortura
478,Patricia Richards MD,Pereza,17,1836-01-07,Pandemonium,activa
479,Marisa Holmes,Pereza,77,1997-08-31,Abismo,en proceso de tortura
480,Tonya Thompson,Envidia,67,1969-11-27,Inframundo,en proceso de tortura
481,Mark Charles,Envidia,3,1949-06-30,Tierra,redimida
482,Yvonne Morales,Lujuria,78,1941-10-16,Inframundo,en proceso de tortura
483,Nathaniel Medina,Envidia,80,1870-08-04,Inframundo,redimida
484,Kayla Brown,Envidia,1,1942-03-14,Limbo,redimida
485,Laura Jenkins,Gula,20,1959-08-24,Abismo,en proceso de tortura
486,Juan Phillips,Pereza,18,1952-07-06,Abismo,redimida
487,Andrew Walters,Gula,93,1837-03-25,Tierra,activa
488,Diana Ingram,Envidia,15,1877-01-13,Sector 7G,en proceso de tortura
489,Kenneth Romero,Lujuria,26,1959-03-02,Abismo,activa
490,Kristina Duke,Ira,44,1855-11-28,Limbo,en proceso de tortura
491,Holly Smith,Gula,96,1879-05-04,Abismo,activa
492,Michelle Graves,Pereza,48,1927-12-29,Sector 7G,redimida
493,Kyle Cline,Envidia,55,1952-05-24,Inframundo,redimida
494,James Rodriguez,Soberbia,25,1995-10-19,Abismo,en proceso de tortura
495,Jeremy Allen,Soberbia,61,1977-09-07,Pandemonium,redimida
496,Jason Smith,Ira,64,1877-11-05,Sector 7G,redimida
497,Crystal Green,Pereza,58,1971-10-25,Pandemonium,redimida
498,Elizabeth Huff,Envidia,53,1851-04-06,Tierra,en proceso de tortura
499,Eric Rivers,Pereza,60,1978-10-08,Abismo,redimida
500,Casey Fuller,Soberbia,23,1959-12-31,Sector 7G,redimida
501,Heather Williams,Pereza,25,1880-03-24,Inframundo,en proceso de tortura
502,Jennifer Kelly,Lujuria,18,2001-10-18,Sector 7G,en proceso de tortura
503,Angela Perry,Soberbia,36,1849-01-18,Inframundo,en proceso de tortura
504,Donald Cross,Ira,59,2013-04-28,Pandemonium,activa
505,Brianna Lee,Gula,71,1907-07-29,Limbo,en proceso de tortura
506,Lori Harper,Avaricia,14,1988-05-10,Sector 7G,redimida
507,Kim Jackson,Pereza,23,1871-04-10,Tierra,en proceso de tortura
508,Lisa Mills,Ira,25,2021-08-31,Pandemonium,activa
509,Chad Guerra,Ira,41,1941-03-16,Limbo,activa
510,Phillip White,Soberbia,88,1868-12-07,Limbo,activa
511,Yvonne Walton,Gula,91,2003-12-28,Abismo,en proceso de tortura
512,Jason Carter,Pereza,50,1971-10-29,Abismo,en proceso de tortura
513,Nicolas Mckinney,Lujuria,83,1859-07-13,Inframundo,redimida
514,Collin Shepard,Soberbia,3,1871-10-03,Inframundo,en proceso de tortura
515,Scott Joyce,Avaricia,58,1854-02-09,Abismo,activa
516,Traci Davis,Pereza,17,1978-10-14,Inframundo,redimida
517,Randy Ramos,Soberbia,6,1863-05-26,Pandemonium,en proceso de tortura
518,Lawrence Snyder DDS,Gula,89,1942-09-10,Inframundo,en proceso de tortura
519,Jessica Hall,Pereza,8,1834-08-04,Pandemonium,en proceso de tortura
520,Jennifer Flores,Pereza,79,1953-12-06,Limbo,en proceso de tortura
521,Ricardo Stark,Lujuria,14,1882-01-04,Tierra,activa
522,Keith Evans,Gula,85,1865-01-18,Sector 7G,activa
523,Mrs. Mary Mccall,Gula,36,1946-09-16,Limbo,activa
524,David Curtis,Avaricia,89,1960-11-29,Tierra,en proceso de tortura
525,Colleen Johnson,Avaricia,25,1997-07-23,Limbo,activa
526,Kevin Green,Pereza,62,1832-11-17,Pandemonium,activa
527,Douglas Thomas,Lujuria,14,1938-02-04,Inframundo,redimida
528,Carolyn Thomas,Avaricia,19,1831-01-12,Pandemonium,redimida
529,Jason James,Pereza,21,1910-01-12,Sector 7G,activa
530,Danielle Foley,Ira,47,2024-02-19,Tierra,activa
531,Jennifer Morrow,Lujuria,18,2006-02-23,Limbo,en proceso de tortura
532,Frank Johnson,Pereza,38,2024-11-02,Limbo,redimida
533,Mathew Patterson,Soberbia,60,1977-01-03,Tierra,redimida
534,Theresa Daugherty,Lujuria,62,1933-08-12,Limbo,redimida
535,Erik Morgan,Lujuria,37,2004-08-27,Abismo,en proceso de tortura
536,Monica Clayton,Lujuria,12,1996-06-17,Abismo,redimida
537,Taylor Wilson,Ira,13,1991-11-28,Inframundo,en proceso de tortura
538,Darlene Smith,Gula,32,1884-10-09,Inframundo,redimida
539,Richard Rowe,Soberbia,82,1940-05-07,Pandemonium,activa
540,James Henderson,Envidia,0,1841-12-24,Pandemonium,redimida
541,Samuel Cox,Lujuria,76,1975-09-12,Limbo,activa
542,Jacob Alvarez,Lujuria,50,2002-02-11,Inframundo,activa
543,Megan Shaw,Lujuria,63,1907-06-27,Pandemonium,activa
544,Lori Grant,Pereza,50,1860-07-09,Inframundo,activa
545,Melissa Edwards,Lujuria,34,1938-10-22,Abismo,activa
546,James Martin,Envidia,16,1849-07-15,Tierra,activa
547,Rebecca Charles,Envidia,61,2005-12-21,Limbo,redimida
548,Tony Stephens,Lujuria,43,1905-06-28,Pandemonium,activa
549,Patricia Mckinney,Gula,86,1849-03-07,Pandemonium,en proceso de tortura
550,Melanie Ross,Gula,15,2019-08-01,Inframundo,en proceso de tortura
551,Dustin Peters,Avaricia,37,2017-11-24,Tierra,activa
552,Christopher Barker,Pereza,55,2021-01-17,Tierra,activa
553,Jennifer Johnson,Envidia,30,1998-12-08,Sector 7G,en proceso de tortura
554,Sheila Mora,Ira,74,1862-05-25,Pandemonium,redimida
555,Amber Allen,Ira,4,1972-12-27,Inframundo,en proceso de tortura
556,Anthony Ortega,Ira,19,1946-09-18,Tierra,activa
557,Shawn Wells,Gula,100,1877-11-30,Tierra,redimida
558,Morgan Pittman,Ira,4,1930-02-23,Pandemonium,activa
559,Amanda Watson,Soberbia,11,1862-01-21,Abismo,en proceso de tortura
560,Matthew Smith,Ira,79,1947-10-04,Abismo,activa
561,Paul Weber,Lujuria,66,1933-07-29,Tierra,en proceso de tortura
562,Katrina Powell,Pereza,99,1980-06-04,Pandemonium,en proceso de tortura
563,Christina Barajas,Ira,51,1947-09-10,Inframundo,redimida
564,Christian Powell,Lujuria,33,1893-04-06,Tierra,en proceso de tortura
565,Mrs. Nicole Peterson,Soberbia,52,1995-07-30,Pandemonium,activa
566,Maria Blackwell,Pereza,48,1825-10-31,Pandemonium,redimida
567,Jose Patterson,Avaricia,87,1828-03-07,Abismo,redimida
568,Maria Bautista,Soberbia,28,2011-04-17,Tierra,activa
569,Kelly Anderson,Pereza,12,1918-07-11,Inframundo,redimida
570,Dr. Christian Mcbride MD,Avaricia,68,1985-02-06,Inframundo,redimida
571,Jeremy Cline,Pereza,1,1861-02-09,Inframundo,redimida
572,David Sullivan,Envidia,52,2023-06-21,Pandemonium,activa
573,Justin Gutierrez,Avaricia,27,1877-09-12,Pandemonium,activa
574,Carlos Brown,Gula,65,1903-05-24,Inframundo,activa
575,Brittney Martin,Gula,38,1900-03-14,Limbo,redimida
576,Devin Esparza,Soberbia,30,1935-08-11,Abismo,redimida
577,Colin Smith,Gula,96,1969-10-22,Abismo,en proceso de tortura
578,April Nguyen,Envidia,6,2025-02-26,Tierra,en proceso de tortura
579,Claudia King,Lujuria,50,1865-10-12,Limbo,en proceso de tortura
580,Vicki Cantrell,Avaricia,82,2005-01-09,Tierra,en proceso de tortura
581,Thomas Jackson,Envidia,71,1890-07-16,Tierra,redimida
582,Anthony Thomas,Gula,43,1849-06-05,Limbo,activa
583,Gerald Mathis,Pereza,70,1831-05-23,Tierra,redimida
584,Andrea Bauer,Gula,42,1960-03-20,Abismo,activa
585,Teresa Travis,Envidia,60,1920-02-12,Abismo,en proceso de tortura
586,Anthony Wade,Pereza,64,1912-03-19,Tierra,activa
587,Matthew Jones,Avaricia,72,1949-10-04,Abismo,redimida
588,Austin Chambers,Lujuria,15,1880-07-23,Abismo,activa
589,Jason Cabrera,Pereza,74,2010-06-22,Inframundo,activa
590,Kelli Harris,Ira,74,1875-12-28,Limbo,redimida
591,Joel Davis,Gula,65,1940-08-03,Pandemonium,activa
592,Misty Cox,Gula,7,1886-06-06,Abismo,redimida
593,Andrea Ortega,Pereza,53,1835-12-10,Pandemonium,en proceso de tortura
594,Robert Pham,Pereza,78,1927-05-30,Inframundo,redimida
595,Kathryn George,Pereza,96,1941-02-27,Pandemonium,activa
596,Leah Curtis,Pereza,66,1962-05-28,Abismo,activa
597,Steven Adams,Gula,72,1889-02-27,Sector 7G,en proceso de tortura
598,Brian Brown,Soberbia,46,1848-01-19,Sector 7G,activa
599,Pamela Holmes,Gula,92,1970-03-10,Tierra,activa
600,Andrew Willis,Soberbia,82,1853-07-02,Limbo,activa
601,Alicia Walton,Envidia,47,2003-12-28,Abismo,activa
602,Samuel Johnson,Lujuria,37,1957-11-15,Inframundo,redimida
603,Briana Richards,Avaricia,41,2011-01-08,Tierra,en proceso de tortura
604,Samuel Davis,Pereza,36,1869-06-19,Abismo,en proceso de tortura
605,Marvin Valencia,Gula,52,1985-09-12,Limbo,redimida
606,Richard Castro,Gula,99,1870-06-02,Pandemonium,activa
607,Monica Hendrix,Soberbia,31,1930-04-09,Pandemonium,activa
608,Keith Gonzalez,Ira,91,2010-01-02,Inframundo,en proceso de tortura
609,Preston Herring,Avaricia,64,2018-03-30,Limbo,en proceso de tortura
610,Theresa Moore,Ira,1,1962-02-18,Sector 7G,redimida
611,Elizabeth Miller,Envidia,73,2001-05-27,Inframundo,en proceso de tortura
612,Samuel Green,Soberbia,60,2011-09-18,Abismo,en proceso de tortura
613,Dr. Tamara Meyers MD,Lujuria,25,1908-12-14,Inframundo,activa
614,Desiree Evans,Gula,55,1918-07-23,Tierra,en proceso de tortura
615,Marvin Smith,Ira,24,1956-11-10,Limbo,activa
616,Amy Rogers,Gula,20,1930-05-03,Sector 7G,redimida
617,Katherine Moore,Pereza,6,1840-02-10,Tierra,redimida
618,Danielle Holland,Soberbia,1,1853-05-21,Sector 7G,redimida
619,Travis Keller,Avaricia,50,1995-02-18,Abismo,activa
620,Kristina Lang,Soberbia,49,1972-12-23,Abismo,redimida
621,Jacob Pennington,Soberbia,64,1884-01-22,Tierra,redimida
622,Susan Boyd,Pereza,37,1980-07-01,Limbo,redimida
623,Justin Stevenson,Gula,0,1844-11-20,Tierra,redimida
624,Bryan Ray,Avaricia,0,1856-09-20,Pandemonium,redimida
625,Joseph Figueroa,Pereza,22,1911-09-22,Tierra,en proceso de tortura
626,Charles Weiss,Envidia,74,1949-06-22,Sector 7G,redimida
627,Melinda Mullen,Ira,93,1882-05-20,Sector 7G,redimida
628,Frederick Chase,Envidia,19,1835-01-25,Abismo,en proceso de tortura
629,Melanie Mayo,Ira,65,2001-03-15,Abismo,en proceso de tortura
630,Brian Chapman,Envidia,62,1843-12-23,Abismo,redimida
631,Garrett Jackson,Soberbia,92,1960-03-01,Pandemonium,redimida
632,Jared Davis,Soberbia,36,1939-04-13,Inframundo,redimida
633,Robert Buchanan,Pereza,18,1878-04-01,Sector 7G,redimida
634,Phillip Davis,Envidia,45,1835-04-09,Inframundo,redimida
635,Karen Ellison,Lujuria,45,1842-10-04,Limbo,en proceso de tortura
636,Amanda Jones,Soberbia,85,1885-08-20,Sector 7G,activa
637,Julia Morales,Lujuria,65,2003-12-28,Limbo,redimida
638,Maxwell Stout,Ira,50,2024-11-30,Abismo,redimida
639,Angela Henderson,Ira,7,1935-03-20,Sector 7G,en proceso de tortura
640,Dr. Elizabeth Mcclure,Soberbia,78,1861-04-24,Tierra,activa
641,Carolyn Davis,Ira,28,2022-02-13,Tierra,redimida
642,Regina Perez,Soberbia,18,1988-01-31,Inframundo,activa
643,Jocelyn Ramirez,Gula,69,1842-03-09,Abismo,activa
644,Christopher Lloyd,Envidia,16,1930-08-29,Sector 7G,en proceso de tortura
645,Nicole Kemp,Soberbia,75,2015-07-24,Pandemonium,en proceso de tortura
646,Leah Walker,Pereza,24,1859-02-06,Abismo,activa
647,Emily Cox,Ira,86,1834-07-20,Inframundo,activa
648,Stacy Garrett,Pereza,18,1875-07-07,Inframundo,en proceso de tortura
649,Ronald Underwood,Gula,73,1931-01-01,Abismo,activa
650,Amy Mason,Soberbia,32,1926-09-09,Pandemonium,en proceso de tortura
651,Joshua King,Soberbia,57,1977-05-02,Sector 7G,redimida
652,Katherine Holland,Ira,33,1947-04-27,Limbo,redimida
653,Justin Lloyd,Avaricia,58,1921-09-22,Limbo,en proceso de tortura
654,Alan Patterson,Pereza,19,1865-09-21,Sector 7G,activa
655,Kevin Lowe,Envidia,41,2003-12-28,Pandemonium,redimida
656,Jennifer Porter,Lujuria,14,1844-10-10,Tierra,en proceso de tortura
657,Brandon Nguyen,Soberbia,26,1962-05-11,Abismo,redimida
658,Kelly Taylor,Gula,89,1940-06-25,Limbo,activa
659,Laura Chavez,Avaricia,28,1849-03-06,Tierra,en proceso de tortura
660,Brandon Rice,Pereza,41,1949-05-22,Sector 7G,en proceso de tortura
661,Christy Nguyen,Ira,62,1943-08-30,Abismo,redimida
662,Tammy Reid,Lujuria,94,1967-03-08,Tierra,activa
663,Stephanie Vance,Soberbia,5,1840-07-11,Tierra,activa
664,Jacob Mcmillan,Ira,63,1866-12-28,Limbo,activa
665,Patrick Campbell,Avaricia,67,1910-04-26,Tierra,activa
666,Chad Harris,Avaricia,25,1843-08-28,Tierra,en proceso de tortura
667,Amy Kidd,Lujuria,91,2021-02-02,Inframundo,redimida
668,Bobby Gray,Ira,63,1853-06-15,Tierra,redimida
669,Lisa Le,Soberbia,32,2013-05-14,Pandemonium,en proceso de tortura
670,Gregory Lopez,Pereza,64,1893-03-16,Abismo,activa
671,Amber Diaz,Envidia,37,2015-04-12,Pandemonium,activa
672,Gregory Osborne,Lujuria,14,2010-08-22,Pandemonium,en proceso de tortura
673,Christopher Terrell,Lujuria,76,1934-09-29,Abismo,en proceso de tortura
674,Daniel Avila,Avaricia,46,1960-03-17,Limbo,activa
675,Mark Smith,Lujuria,50,1926-04-28,Pandemonium,en proceso de tortura
676,Wesley Smith,Soberbia,30,1871-07-28,Abismo,redimida
677,Laurie Lloyd,Lujuria,89,1947-08-10,Tierra,en proceso de tortura
678,Troy Henderson,Gula,87,2022-10-01,Inframundo,en proceso de tortura
679,Charles Savage,Pereza,1,1984-02-26,Abismo,en proceso de tortura
680,Mr. John Reynolds,Ira,23,1990-01-24,Pandemonium,activa
681,Kelly Lynch,Avaricia,68,1865-07-16,Abismo,en proceso de tortura
682,Nicole Bernard,Gula,32,2017-12-22,Limbo,redimida
683,Caroline Coleman,Gula,95,1894-07-21,Sector 7G,activa
684,Daniel Collier,Ira,78,1888-03-03,Tierra,redimida
685,Amy Parker,Ira,54,1958-03-26,Limbo,activa
686,Micheal Nelson,Pereza,89,1935-02-02,Sector 7G,activa
687,Rebecca Lewis,Gula,76,1855-10-29,Limbo,redimida
688,Matthew Davis,Soberbia,67,1891-04-25,Tierra,activa
689,Alexander Mullen,Pereza,4,1915-05-05,Sector 7G,activa
690,Angela Bailey,Pereza,60,2002-05-13,Sector 7G,en proceso de tortura
691,George Robinson,Gula,85,1969-08-23,Pandemonium,en proceso de tortura
692,Karen Lee,Pereza,71,1983-07-08,Limbo,en proceso de tortura
693,Christina Nguyen,Lujuria,57,2007-06-12,Inframundo,activa
694,Ryan Bryant,Soberbia,48,1854-09-15,Limbo,redimida
695,Danielle Nichols,Gula,100,1996-09-05,Abismo,redimida
696,Antonio Mckenzie,Ira,76,1925-04-12,Limbo,redimida
697,Justin Smith,Envidia,52,2005-01-05,Limbo,activa
698,Heather George,Lujuria,73,1832-03-10,Pandemonium,activa
699,Elizabeth Keller,Gula,13,1836-05-17,Sector 7G,en proceso de tortura
700,Daniel Bradford,Envidia,55,1902-10-15,Tierra,activa
701,Christopher Sweeney,Lujuria,52,1834-10-16,Abismo,activa
702,Patricia Porter,Pereza,15,1930-12-10,Abismo,activa
703,Anthony Diaz,Lujuria,7,2003-12-28,Pandemonium,activa
704,Tanner Hernandez,Envidia,70,1944-07-31,Pandemonium,activa
705,James Taylor,Pereza,62,1940-02-27,Pandemonium,activa
706,Veronica Taylor,Ira,22,1967-08-01,Tierra,en proceso de tortura
707,Lisa Bush,Soberbia,52,1949-01-22,Abismo,en proceso de tortura
708,Mary Molina,Avaricia,9,1871-09-14,Limbo,redimida
709,Lisa Reed,Soberbia,27,1980-04-18,Abismo,activa
710,Dana Rivera,Soberbia,82,1965-09-06,Pandemonium,activa
711,Anthony Williams,Envidia,65,1979-09-27,Inframundo,en proceso de tortura
712,Elizabeth Harris,Ira,61,1858-04-14,Inframundo,en proceso de tortura
713,Sandra Thompson,Ira,56,2001-01-01,Tierra,activa
714,Emily Hurley,Envidia,76,1897-05-25,Inframundo,en proceso de tortura
715,Vanessa Colon,Lujuria,25,1930-04-07,Sector 7G,redimida
716,Mary Bush,Soberbia,58,1845-02-11,Inframundo,redimida
717,Daniel Lewis,Envidia,58,1901-08-14,Abismo,activa
718,Deanna Graham,Soberbia,6,1899-05-23,Pandemonium,redimida
719,Nicholas Johnson,Gula,89,1914-02-04,Limbo,activa
720,Cassandra Smith,Ira,83,1990-07-09,Inframundo,en proceso de tortura
721,Adam Johnson,Pereza,18,1890-06-10,Abismo,activa
722,Andrew Morrison,Envidia,97,2003-12-28,Limbo,en proceso de tortura
723,Heather Thompson,Pereza,75,1894-04-24,Abismo,activa
724,Emily Berger,Soberbia,32,1910-07-20,Sector 7G,en proceso de tortura
725,Regina Newman,Envidia,11,1864-03-28,Pandemonium,activa
726,Paul Robertson,Pereza,13,1944-12-29,Sector 7G,redimida
727,Marcus Mccarthy,Envidia,59,1949-01-23,Limbo,en proceso de tortura
728,Bradley Santana,Avaricia,7,2025-02-19,Inframundo,redimida
729,Amy Zimmerman,Gula,0,2021-10-09,Pandemonium,redimida
730,Diane Choi,Gula,25,2003-12-28,Sector 7G,activa
731,Theresa Miller,Soberbia,66,1970-08-18,Pandemonium,activa
732,Kristina Jensen,Ira,68,1903-03-21,Abismo,en proceso de tortura
733,Crystal Harper,Soberbia,5,2018-11-17,Inframundo,redimida
734,Robert Kennedy,Envidia,4,1830-05-18,Sector 7G,en proceso de tortura
735,Sarah Neal,Soberbia,56,2024-03-03,Pandemonium,en proceso de tortura
736,Victoria Butler,Avaricia,11,1830-05-13,Abismo,en proceso de tortura
737,April Williams,Soberbia,85,1996-01-20,Inframundo,en proceso de tortura
738,Jose Bishop,Ira,18,1943-11-20,Abismo,activa
739,Kevin Stewart,Lujuria,41,1843-04-09,Limbo,redimida
740,Kristopher Howard,Envidia,64,2018-08-03,Limbo,en proceso de tortura
741,Lindsay Scott,Envidia,93,1997-02-20,Inframundo,en proceso de tortura
742,Dawn Martin,Gula,4,1990-05-05,Pandemonium,redimida
743,Rodney Taylor,Gula,48,1829-10-22,Tierra,redimida
744,Taylor Patton,Gula,18,1856-11-12,Limbo,activa
745,John Cook,Envidia,8,1828-01-05,Pandemonium,activa
746,Sierra Bowman,Lujuria,46,1896-08-14,Abismo,en proceso de tortura
747,Jennifer Mckee,Lujuria,84,1881-01-15,Inframundo,redimida
748,Jason Smith,Gula,40,1886-03-01,Pandemonium,en proceso de tortura
749,Donna Silva,Envidia,30,1965-06-22,Abismo,redimida
750,Richard Schultz,Gula,62,2006-03-31,Limbo,activa
751,Erica Cardenas,Gula,15,1935-02-17,Tierra,activa
752,Ryan Gonzalez,Gula,63,1955-03-13,Abismo,redimida
753,Catherine Monroe,Avaricia,98,1869-06-27,Abismo,redimida
754,Belinda Pierce,Soberbia,66,1850-07-16,Sector 7G,activa
755,Tracy Miller,Ira,11,1911-07-30,Sector 7G,en proceso de tortura
756,Kathleen Hall,Lujuria,83,1972-01-06,Pandemonium,en proceso de tortura
757,Robert Mendoza,Avaricia,58,1959-03-15,Inframundo,redimida
758,Jo Cruz,Lujuria,12,2011-05-05,Limbo,redimida
759,Angela Marquez,Avaricia,55,1939-09-07,Inframundo,activa
760,Gregory Parker Jr.,Envidia,32,2009-05-08,Pandemonium,redimida
761,William Davila,Pereza,75,1902-10-14,Inframundo,activa
762,Frank Cox,Pereza,43,1918-07-08,Inframundo,redimida
763,Joshua Johnson,Avaricia,23,1925-09-10,Tierra,en proceso de tortura
764,Shane Gonzalez,Avaricia,54,1950-10-09,Limbo,en proceso de tortura
765,Jasmine Estrada,Pereza,64,1906-09-25,Abismo,activa
766,Benjamin Adams,Ira,12,2014-05-14,Inframundo,activa
767,Samantha Miller,Envidia,33,1830-07-16,Tierra,redimida
768,Catherine Morgan,Envidia,9,2013-10-25,Pandemonium,activa
769,Jeff Blackwell,Envidia,36,1880-08-10,Sector 7G,redimida
770,Patricia Chang,Soberbia,28,1897-11-22,Abismo,redimida
771,Jackie Berry,Gula,14,2019-04-07,Abismo,redimida
772,Kathryn Miller,Soberbia,61,1834-08-08,Tierra,activa
773,Brenda Allen,Gula,70,1942-11-02,Sector 7G,en proceso de tortura
774,Stacy Mitchell,Ira,50,2008-05-26,Abismo,redimida
775,Kathryn Vasquez,Avaricia,35,1984-10-12,Sector 7G,activa
776,William Gamble,Pereza,18,1993-01-24,Pandemonium,en proceso de tortura
777,Michael Stewart,Pereza,48,1853-12-18,Abismo,en proceso de tortura
778,Stephanie Rodriguez,Avaricia,8,1852-02-16,Pandemonium,en proceso de tortura
779,Michelle Mercer,Ira,96,1961-10-17,Limbo,redimida
780,Cody Perez MD,Avaricia,72,1886-09-06,Sector 7G,activa
781,Christopher Walker,Lujuria,23,1916-04-24,Abismo,en proceso de tortura
782,Russell Aguilar MD,Ira,90,1897-11-27,Tierra,redimida
783,William Owens,Lujuria,0,1971-05-14,Limbo,redimida
784,Joshua Hernandez,Pereza,62,1916-12-12,Abismo,en proceso de tortura
785,Patrick Suarez,Ira,100,2023-09-19,Abismo,en proceso de tortura
786,Devin Figueroa DDS,Lujuria,24,1915-07-27,Inframundo,en proceso de tortura
787,Melissa Jones,Lujuria,75,2019-07-27,Sector 7G,activa
788,Anthony Lloyd,Avaricia,43,1875-12-19,Sector 7G,redimida
789,Paige Lin,Envidia,93,1945-04-21,Abismo,activa
790,Regina Ortega,Soberbia,10,1909-03-11,Tierra,en proceso de tortura
791,Brittany Sanchez,Pereza,50,1991-04-02,Pandemonium,redimida
792,Daniel Hopkins,Pereza,63,1852-11-14,Limbo,redimida
793,Pamela Zhang MD,Lujuria,40,1929-12-25,Tierra,en proceso de tortura
794,Natasha Hill,Ira,18,2003-12-28,Sector 7G,redimida
795,Audrey Hickman,Gula,96,1985-03-08,Inframundo,activa
796,Martha Martin,Envidia,61,1916-06-28,Abismo,redimida
797,Frances Clark,Envidia,42,1924-02-27,Abismo,activa
798,Patricia Marks,Envidia,71,1996-05-21,Inframundo,en proceso de tortura
799,Terry Wright,Pereza,97,1871-08-04,Abismo,activa
800,Michelle Graves,Lujuria,53,1943-11-07,Sector 7G,activa
801,Dorothy Riley,Envidia,14,2003-12-28,Sector 7G,redimida
802,Robin Pena,Envidia,89,1921-08-23,Limbo,redimida
803,Marissa Adkins,Avaricia,67,1871-05-22,Limbo,redimida
804,Walter Garcia,Pereza,92,1961-02-21,Tierra,redimida
805,Kirk Taylor,Envidia,5,1887-09-07,Tierra,activa
806,Jennifer Sims,Gula,7,2003-12-28,Inframundo,redimida
807,Daniel Parsons,Soberbia,57,2003-12-28,Abismo,redimida
808,David Montoya,Avaricia,34,1857-09-26,Limbo,en proceso de tortura
809,Paula Cruz,Ira,82,1868-06-30,Limbo,activa
810,Jamie Bailey,Avaricia,34,1947-12-29,Tierra,redimida
811,Cody Hampton,Gula,97,2016-08-23,Abismo,redimida
812,Elizabeth Valenzuela,Gula,17,1988-08-19,Pandemonium,activa
813,Stephen Williams,Envidia,28,1883-05-04,Abismo,redimida
814,Timothy Carroll,Pereza,39,1937-08-28,Abismo,redimida
815,Curtis Young,Avaricia,57,1911-10-03,Tierra,redimida
816,Tammy Deleon,Gula,58,1859-01-21,Sector 7G,en proceso de tortura
817,Teresa Jones,Avaricia,76,1999-05-06,Tierra,activa
818,Patricia Hutchinson,Pereza,42,1943-01-27,Pandemonium,activa
819,Sarah Foster,Ira,72,2021-05-21,Inframundo,activa
820,Vanessa Jackson,Ira,31,1866-09-17,Pandemonium,activa
821,Ashley Mills,Gula,100,2022-11-25,Inframundo,activa
822,Tamara Garcia,Lujuria,11,1909-09-23,Tierra,en proceso de tortura
823,Elizabeth Ramirez,Pereza,94,1983-05-31,Sector 7G,redimida
824,Stephanie Turner,Soberbia,64,1849-08-30,Tierra,en proceso de tortura
825,James Guerrero,Lujuria,67,1849-01-02,Inframundo,redimida
826,Kimberly Murray,Avaricia,23,1924-04-29,Tierra,redimida
827,Jeanne Salazar,Pereza,7,1865-01-08,Sector 7G,activa
828,Marie Turner,Avaricia,79,1898-05-15,Tierra,redimida
829,James Nash,Avaricia,66,1868-12-27,Pandemonium,redimida
830,Jennifer Brown,Envidia,33,1972-05-12,Inframundo,activa
831,Vanessa Garrett,Gula,22,2018-02-09,Tierra,redimida
832,Elizabeth Wagner,Pereza,76,1859-12-05,Tierra,redimida
833,Christy Page,Avaricia,81,1865-05-06,Limbo,en proceso de tortura
834,Joseph Gomez,Gula,86,1894-08-31,Limbo,en proceso de tortura
835,Karen Reed,Pereza,51,1919-05-31,Tierra,redimida
836,Trevor Alexander,Gula,3,1926-02-08,Limbo,redimida
837,Karen Young,Envidia,42,1894-03-13,Inframundo,redimida
838,Susan Bradshaw,Gula,42,1859-02-25,Abismo,redimida
839,Teresa Clark,Pereza,65,1968-08-18,Abismo,activa
840,Justin Castillo,Pereza,22,2003-12-28,Inframundo,redimida
841,Tracey Carter,Gula,75,1951-03-15,Abismo,activa
842,Dr. Lisa Orr,Envidia,50,2016-04-03,Pandemonium,en proceso de tortura
843,Diana Bishop,Lujuria,70,1866-10-23,Limbo,redimida
844,Rachel Fernandez,Ira,52,1963-05-04,Limbo,activa
845,Caroline Brown,Lujuria,81,1977-05-26,Abismo,activa
846,Kathryn Suarez,Avaricia,50,1848-01-17,Limbo,redimida
847,Leroy Wade,Pereza,68,1995-03-11,Inframundo,redimida
848,Kim Shah,Ira,0,1933-12-26,Tierra,en proceso de tortura
849,Mrs. Melissa Parker,Gula,66,1966-03-30,Inframundo,activa
850,Samantha Davis,Envidia,1,1865-04-04,Inframundo,redimida
851,Linda Barton,Pereza,53,1912-05-15,Inframundo,redimida
852,Rhonda Orozco,Avaricia,50,1829-02-22,Pandemonium,en proceso de tortura
853,Frances Montgomery,Envidia,0,1973-09-08,Inframundo,en proceso de tortura
854,Joshua Walker,Avaricia,71,1872-09-23,Sector 7G,redimida
855,Leah Bryant,Envidia,96,1991-03-19,Pandemonium,activa
856,Melissa Grimes,Avaricia,76,2013-11-03,Limbo,en proceso de tortura
857,Larry Collins,Soberbia,17,1882-01-29,Limbo,en proceso de tortura
858,Tracy Hale,Soberbia,79,2018-05-24,Pandemonium,en proceso de tortura
859,Jennifer Stewart,Soberbia,56,1985-06-05,Pandemonium,activa
860,Amy Archer,Pereza,14,1960-11-27,Inframundo,activa
861,Whitney Jones,Ira,24,1871-10-18,Tierra,redimida
862,Michael Clark,Ira,7,1910-01-02,Pandemonium,activa
863,Rebecca Perkins,Soberbia,33,1983-02-03,Abismo,activa
864,Justin Mason,Gula,92,1875-12-12,Pandemonium,en proceso de tortura
865,Nathaniel Perkins Jr.,Pereza,24,1901-06-06,Pandemonium,activa
866,Daisy Conway MD,Avaricia,18,1963-10-31,Limbo,redimida
867,Timothy Wood,Gula,15,1969-06-18,Limbo,activa
868,James Rowe,Avaricia,92,1981-03-03,Sector 7G,redimida
869,Michele Andrews,Ira,69,1919-11-23,Limbo,en proceso de tortura
870,Jason Jackson,Gula,5,1914-10-20,Abismo,en proceso de tortura
871,Jennifer Porter,Pereza,100,1956-10-20,Abismo,en proceso de tortura
872,Bradley Adams,Lujuria,77,2017-11-06,Limbo,redimida
873,Karen Luna,Soberbia,53,1979-08-10,Tierra,activa
874,Lisa Sparks,Ira,32,1847-09-24,Tierra,en proceso de tortura
875,Daniel Hill,Pereza,93,1858-10-22,Inframundo,en proceso de tortura
876,Sean Osborne,Envidia,80,1891-03-26,Pandemonium,redimida
877,Jennifer Harris,Avaricia,25,1938-02-26,Inframundo,redimida
878,Anthony White,Gula,48,1959-10-04,Inframundo,activa
879,Victoria Martinez,Envidia,50,1877-08-16,Inframundo,activa
880,Lisa Parks,Pereza,77,1841-12-04,Inframundo,activa
881,Kurt Clark,Gula,85,2003-12-28,Abismo,redimida
882,Terry Nash,Soberbia,21,1969-02-09,Sector 7G,en proceso de tortura
883,Tommy Sullivan,Lujuria,69,1914-04-12,Sector 7G,redimida
884,Brittany West,Ira,66,1990-09-06,Abismo,en proceso de tortura
885,Mackenzie Leon,Pereza,57,1922-12-02,Sector 7G,activa
886,Marissa Vaughn,Pereza,75,1920-03-04,Tierra,en proceso de tortura
887,Todd Thompson,Soberbia,97,1964-04-12,Limbo,activa
888,Deanna Wyatt,Soberbia,79,1919-01-16,Sector 7G,en proceso de tortura
889,Kenneth French,Soberbia,99,2014-09-17,Tierra,activa
890,Caroline Mason,Envidia,43,1880-04-11,Pandemonium,redimida
891,Patricia Green,Ira,72,2018-12-21,Limbo,redimida
892,Cody Robinson,Pereza,50,1988-12-24,Tierra,redimida
893,Shawn Alvarez,Lujuria,20,2003-12-28,Sector 7G,redimida
894,Dana Tran,Ira,31,1952-08-22,Pandemonium,activa
895,Katelyn Bentley,Lujuria,24,1854-05-15,Pandemonium,en proceso de tortura
896,Stephanie Hicks,Avaricia,58,1907-08-11,Limbo,redimida
897,Keith Bennett,Ira,26,1993-01-07,Tierra,redimida
898,Sean Barnes,Ira,41,1884-06-08,Tierra,activa
899,Rebecca Harris MD,Avaricia,98,1863-03-18,Limbo,en proceso de tortura
900,Brandi Williams,Ira,35,1937-05-19,Abismo,en proceso de tortura
901,Matthew Rogers,Gula,77,1922-03-05,Sector 7G,en proceso de tortura
902,Lori Hall,Lujuria,91,1903-03-07,Abismo,redimida
903,Richard Melton,Avaricia,55,1892-09-13,Pandemonium,activa
904,Stacie Pacheco,Soberbia,66,2021-03-11,Abismo,en proceso de tortura
905,Jessica Jackson,Envidia,40,2016-09-02,Abismo,activa
906,Cathy Crawford,Soberbia,19,1913-11-17,Abismo,en proceso de tortura
907,Mrs. Mary Hall,Soberbia,33,1920-09-19,Abismo,redimida
908,Vickie Phillips,Envidia,38,2018-06-22,Abismo,en proceso de tortura
909,David Martin,Avaricia,85,1830-08-11,Abismo,redimida
910,Steven Jimenez,Ira,71,1927-11-22,Pandemonium,en proceso de tortura
911,Angela Luna,Avaricia,29,2007-04-02,Sector 7G,en proceso de tortura
912,Katherine Garrett,Pereza,16,2008-07-18,Pandemonium,en proceso de tortura
913,John Decker,Soberbia,90,1896-11-05,Sector 7G,en proceso de tortura
914,Jenna Mcguire,Envidia,15,1929-05-14,Inframundo,redimida
915,Troy Miller,Lujuria,33,1935-08-31,Abismo,activa
916,Diamond Clark,Soberbia,33,1854-01-03,Abismo,en proceso de tortura
917,David Valentine,Soberbia,18,1988-04-25,Limbo,activa
918,Robert Davis,Avaricia,37,1900-03-07,Pandemonium,en proceso de tortura
919,Christopher Shields,Soberbia,50,1833-07-15,Abismo,en proceso de tortura
920,Shaun West,Ira,78,1861-07-06,Abismo,en proceso de tortura
921,Ryan Andrews,Gula,85,1985-10-02,Inframundo,activa
922,Karen Dudley,Envidia,5,1836-10-06,Pandemonium,en proceso de tortura
923,Karen Hill,Pereza,34,1961-12-17,Sector 7G,en proceso de tortura
924,Taylor Freeman,Pereza,76,1977-07-19,Inframundo,en proceso de tortura
925,Regina Payne,Envidia,32,1994-07-14,Abismo,redimida
926,Patricia Landry,Pereza,41,2007-04-18,Sector 7G,activa
927,James Bernard,Soberbia,41,2003-12-28,Inframundo,activa
928,Heather Ingram,Avaricia,59,1869-07-11,Inframundo,en proceso de tortura
929,Raymond Bray,Ira,82,1933-09-04,Sector 7G,en proceso de tortura
930,Stephanie Young,Pereza,14,1864-06-12,Inframundo,redimida
931,Victoria Fowler,Pereza,96,1957-10-24,Limbo,activa
932,Lori Parker,Soberbia,40,2003-12-28,Abismo,en proceso de tortura
933,Evelyn Gonzalez,Lujuria,40,1914-03-07,Inframundo,redimida
934,Sarah Mann,Envidia,81,1932-12-13,Limbo,en proceso de tortura
935,Kristi Hunt,Envidia,15,1844-05-29,Pandemonium,redimida
936,Kimberly Ramos,Gula,32,1960-01-01,Pandemonium,activa
937,Joshua Johnson,Gula,55,1832-07-14,Pandemonium,en proceso de tortura
938,Nicholas Taylor,Envidia,100,1874-03-16,Sector 7G,redimida
939,Andrew Holland,Gula,22,1923-07-08,Tierra,activa
940,Diana Potts,Pereza,44,1828-02-29,Abismo,activa
941,Brenda Morrison,Gula,83,1923-07-21,Tierra,en proceso de tortura
942,Amanda Ibarra,Avaricia,29,1939-07-15,Abismo,en proceso de tortura
943,Marc Bryant,Soberbia,12,1950-06-27,Limbo,redimida
944,Shannon Vazquez,Lujuria,60,1988-05-14,Tierra,en proceso de tortura
945,Joshua Smith,Pereza,73,1897-05-30,Sector 7G,activa
946,Andrea Diaz,Gula,76,1852-04-18,Pandemonium,redimida
947,Courtney Waters,Ira,80,1847-07-04,Tierra,redimida
948,Dawn Nichols,Lujuria,49,1854-08-29,Sector 7G,activa
949,Brittany Hall,Envidia,72,1999-01-30,Limbo,redimida
950,Bradley Lewis,Pereza,17,1837-10-19,Tierra,en proceso de tortura
951,Hannah Nelson,Ira,21,1878-10-23,Pandemonium,activa
952,Hannah Brown,Soberbia,66,1831-06-08,Limbo,en proceso de tortura
953,Justin Drake,Lujuria,70,1941-12-28,Abismo,en proceso de tortura
954,Diane Guerrero,Avaricia,69,1830-10-31,Abismo,redimida
955,Scott Myers,Avaricia,90,1892-12-26,Abismo,redimida
956,Mr. Keith Gilbert Jr.,Gula,21,1828-10-30,Tierra,activa
957,Katie Bond,Envidia,85,1964-01-04,Abismo,activa
958,Dr. Krystal Davis,Ira,9,1964-12-29,Abismo,en proceso de tortura
959,Victoria Lyons,Soberbia,71,1986-08-12,Pandemonium,en proceso de tortura
960,Kimberly Sullivan,Pereza,40,1942-02-05,Pandemonium,activa
961,Anne Goodman,Pereza,88,1850-10-13,Tierra,en proceso de tortura
962,Denise Ali,Envidia,21,1860-03-06,Abismo,activa
963,Michelle Walker,Ira,34,1966-03-13,Inframundo,activa
964,Sarah Lopez,Lujuria,52,1887-09-19,Abismo,activa
965,Gregory Suarez,Gula,30,1892-12-19,Tierra,redimida
966,Ralph Jones,Soberbia,6,1908-03-26,Limbo,redimida
967,Annette Bass,Gula,66,1958-12-19,Pandemonium,en proceso de tortura
968,Edwin Navarro,Ira,97,2017-02-06,Inframundo,redimida
969,Angela Moore,Ira,62,1944-11-02,Sector 7G,redimida
970,Kristin Trujillo,Lujuria,74,1878-06-22,Sector 7G,redimida
971,Emily Acevedo,Pereza,41,1893-08-22,Limbo,activa
972,Leah Wright,Soberbia,47,1948-09-21,Inframundo,en proceso de tortura
973,Eric Stevens,Lujuria,6,2005-04-01,Sector 7G,redimida
974,Paul Collins,Soberbia,38,1961-04-03,Pandemonium,redimida
975,Mrs. Linda Lewis,Ira,79,1915-06-22,Inframundo,en proceso de tortura
976,Sarah Ward,Soberbia,65,1862-03-08,Sector 7G,en proceso de tortura
977,Monica Mcintyre,Avaricia,17,1833-07-23,Sector 7G,activa
978,Monica Ramirez,Lujuria,37,1843-09-27,Limbo,en proceso de tortura
979,Brian Scott,Pereza,19,1855-07-17,Sector 7G,en proceso de tortura
980,Samantha Williams,Envidia,63,1870-05-20,Pandemonium,en proceso de tortura
981,Daniel Chen,Envidia,95,1985-07-31,Abismo,en proceso de tortura
982,Nathan Weber,Pereza,31,1886-06-02,Sector 7G,activa
983,John Reyes,Envidia,61,1990-05-05,Tierra,activa
984,Susan Garcia,Ira,30,1972-12-30,Sector 7G,redimida
985,Christopher Brown,Pereza,54,1949-05-23,Pandemonium,activa
986,Joshua Lynch,Ira,95,1991-01-12,Tierra,redimida
987,Joshua Dalton,Avaricia,26,1883-06-01,Limbo,redimida
988,Susan Kline DDS,Gula,16,2014-03-05,Pandemonium,redimida
989,Alan White,Lujuria,63,1841-09-11,Abismo,en proceso de tortura
990,Charles Wolfe,Avaricia,86,1977-06-18,Limbo,activa
991,Stephanie Franco,Avaricia,76,1942-07-07,Abismo,en proceso de tortura
992,Frank Vargas,Envidia,33,1848-12-31,Limbo,en proceso de tortura
993,Brenda Martinez,Envidia,31,1875-08-20,Tierra,en proceso de tortura
994,Crystal Jimenez,Gula,68,1827-12-26,Abismo,redimida
995,Melissa Hill,Avaricia,17,2023-08-30,Inframundo,en proceso de tortura
996,Zachary Oconnell,Avaricia,48,1903-08-11,Tierra,en proceso de tortura
997,Kenneth Alvarez,Gula,16,1857-06-29,Tierra,activa
998,Jon Mahoney,Gula,3,2020-03-30,Inframundo,activa
999,Pamela Riley,Lujuria,20,2001-01-03,Inframundo,en proceso de tortura
1000,Jennifer Short,Gula,7,1956-12-15,Abismo,en proceso de tortura
1001,Kari Robinson,Lujuria,83,2025-05-29,Pandemonium,activa
1002,Alison Lindsey,Avaricia,33,1879-05-05,Pandemonium,activa
1003,Matthew Trevino,Lujuria,7,1946-01-21,Sector 7G,en proceso de tortura
1004,Gregory Hamilton,Soberbia,94,1997-02-01,Limbo,redimida
1005,Aaron Young,Envidia,97,1901-10-18,Abismo,redimida
1006,Bryan Wilson,Pereza,63,1994-09-15,Pandemonium,en proceso de tortura
1007,William Miller,Lujuria,57,1914-08-31,Limbo,en proceso de tortura
1008,Nathan Holmes,Envidia,30,1965-06-08,Limbo,en proceso de tortura
1009,Dana Mason,Envidia,78,1966-01-11,Pandemonium,activa
1010,Lisa Weaver,Ira,35,1840-09-11,Abismo,activa
1011,Michelle Wolf,Gula,18,1931-12-05,Sector 7G,redimida
1012,Ellen Beck,Gula,22,1943-02-22,Tierra,activa
1013,Joshua Schwartz Jr.,Ira,43,1939-11-17,Limbo,en proceso de tortura
1014,Hannah Chaney,Soberbia,15,1834-10-15,Sector 7G,en proceso de tortura
1015,Maria Garcia,Soberbia,5,1932-03-02,Limbo,redimida
1016,Julie Anderson,Pereza,13,1991-04-06,Sector 7G,activa
1017,Samantha Myers,Pereza,88,1979-03-25,Abismo,activa
1018,Gail Sullivan,Envidia,6,1929-07-27,Inframundo,redimida
1019,Jeremiah Bishop,Envidia,81,1981-12-11,Abismo,activa
1020,Donald Davis,Lujuria,83,1848-06-27,Abismo,activa
1021,Michelle Osborn,Ira,54,1900-10-01,Abismo,en proceso de tortura
1022,Jeffrey Francis,Soberbia,14,1911-03-30,Sector 7G,activa
1023,Danny Morrison,Pereza,99,1885-11-02,Abismo,activa
1024,Megan Dodson,Avaricia,63,2014-02-11,Abismo,activa
1025,Andrew Wise,Pereza,10,1976-07-01,Limbo,redimida
1026,Anthony Johnson,Ira,66,1871-12-14,Abismo,activa
1027,Robin Rios,Ira,47,1880-07-19,Limbo,en proceso de tortura
1028,Deborah Jackson,Gula,59,1946-11-06,Inframundo,activa
1029,Emily Thompson,Ira,5,1951-06-06,Sector 7G,redimida
1030,James Graham,Envidia,46,2020-12-21,Limbo,en proceso de tortura
1031,Joanne Thomas,Avaricia,77,1895-07-15,Tierra,redimida
1032,Hayley Robbins,Envidia,33,1851-02-22,Sector 7G,activa
1033,Jillian Allen,Avaricia,41,2009-10-03,Abismo,en proceso de tortura
1034,Alex Mcbride,Pereza,29,1983-03-17,Sector 7G,en proceso de tortura
1035,Kathryn English,Envidia,79,2003-12-28,Inframundo,en proceso de tortura
1036,Jodi Kelly,Gula,88,1899-08-22,Limbo,redimida
1037,Stephanie Hunt,Lujuria,83,1972-12-21,Abismo,activa
1038,Richard Hernandez,Pereza,56,1944-10-04,Inframundo,en proceso de tortura
1039,Jenna Blackwell,Ira,59,1921-05-13,Limbo,en proceso de tortura
1040,Marc Miller,Gula,14,1898-01-27,Abismo,activa
1041,Seth Price,Avaricia,11,1932-02-13,Limbo,redimida
1042,Tanya Flores DDS,Soberbia,72,1960-10-01,Tierra,redimida
1043,Joshua Wilson,Soberbia,25,1898-09-23,Tierra,activa
1044,Stephanie Elliott,Gula,25,1907-05-03,Pandemonium,activa
1045,Keith Schneider,Gula,100,1950-11-27,Tierra,en proceso de tortura
1046,Natalie Campbell,Avaricia,26,1885-09-06,Tierra,activa
1047,Rebekah Morton,Lujuria,22,1851-05-19,Pandemonium,en proceso de tortura
1048,Anna Jones,Gula,51,1903-12-30,Limbo,redimida
1049,Laura Blake,Lujuria,50,1842-02-18,Limbo,activa
1050,Mary Garrett,Soberbia,41,1959-01-31,Pandemonium,activa
1051,Mrs. Peggy Johnston,Envidia,82,1836-03-27,Pandemonium,redimida
1052,David Jones,Soberbia,79,1839-06-21,Abismo,redimida
1053,Glenn George,Pereza,41,1903-10-10,Abismo,redimida
1054,David Luna,Pereza,93,1949-02-02,Limbo,activa
1055,Tanya Butler,Lujuria,25,1966-02-24,Inframundo,activa
1056,Sharon Nelson,Pereza,45,1841-08-28,Pandemonium,activa
1057,Jennifer Nelson,Pereza,84,1911-02-26,Sector 7G,en proceso de tortura
1058,Crystal Mcgee,Envidia,39,1893-04-05,Limbo,activa
1059,Ashley Shannon,Soberbia,79,1974-01-18,Tierra,redimida
1060,Kelly Mitchell,Envidia,38,1908-09-23,Abismo,activa
1061,Dr. Stephen Alvarado MD,Lujuria,37,1853-05-07,Sector 7G,en proceso de tortura
1062,Bethany Ellis,Pereza,33,2003-12-28,Limbo,redimida
1063,Tara Thomas,Avaricia,30,1973-06-25,Limbo,en proceso de tortura
1064,Justin Barnes,Gula,28,1962-06-27,Inframundo,redimida
1065,Bradley Lewis,Lujuria,75,1896-08-20,Limbo,redimida
1066,Emily Juarez,Envidia,62,1965-02-28,Abismo,redimida
1067,Angela Joseph,Envidia,50,1990-10-11,Tierra,en proceso de tortura
1068,Jason Hernandez,Envidia,7,2025-10-22,Limbo,en proceso de tortura
1069,Vincent Baker,Pereza,42,1861-02-03,Inframundo,en proceso de tortura
1070,Michelle Bruce,Lujuria,19,2008-07-05,Tierra,activa
1071,Misty Allen,Envidia,51,1959-04-28,Pandemonium,redimida
1072,Jacob Watson,Envidia,19,1949-03-15,Pandemonium,activa
1073,Christopher Thompson,Ira,86,2014-07-09,Inframundo,redimida
1074,David Yu MD,Gula,31,1869-04-02,Sector 7G,redimida
1075,Michael Miller,Avaricia,35,1880-02-28,Tierra,redimida
1076,Heather Wilson,Avaricia,69,1878-05-03,Limbo,activa
1077,Theresa Jones,Gula,69,1987-08-12,Abismo,en proceso de tortura
1078,Jacob Brown,Avaricia,51,1867-07-06,Inframundo,en proceso de tortura
1079,Robin Ortiz,Pereza,17,1841-09-29,Sector 7G,activa
1080,Mary Lopez,Ira,71,1992-07-22,Sector 7G,en proceso de tortura
1081,Sally Morse,Avaricia,50,1929-03-17,Limbo,activa
1082,Samantha Ford,Envidia,73,1898-12-18,Pandemonium,activa
1083,Catherine Mcbride,Ira,47,1859-02-11,Limbo,redimida
1084,Kimberly Hamilton,Envidia,81,1994-05-17,Sector 7G,activa
1085,Tyler Beck,Lujuria,67,1832-04-22,Pandemonium,en proceso de tortura
1086,Renee Sanchez,Soberbia,87,1839-03-30,Limbo,en proceso de tortura
1087,Tina Solomon,Pereza,26,1969-01-13,Limbo,en proceso de tortura
1088,Bradley Moore PhD,Soberbia,43,1962-09-07,Inframundo,redimida
1089,Elizabeth Greer,Envidia,20,2021-10-21,Inframundo,redimida
1090,Tonya Webb,Pereza,100,2015-08-31,Inframundo,en proceso de tortura
1091,Kelly Saunders,Avaricia,46,1962-10-30,Tierra,redimida
1092,Raymond Johnson,Pereza,95,1976-03-06,Pandemonium,activa
1093,Jose Jackson,Avaricia,92,1942-11-15,Limbo,en proceso de tortura
1094,Erica Thomas,Avaricia,19,1940-12-12,Abismo,en proceso de tortura
1095,Andrea Alexander,Envidia,51,1841-11-19,Inframundo,activa
1096,Cynthia Cohen,Ira,95,1949-12-22,Inframundo,en proceso de tortura
1097,Linda Clark,Soberbia,32,2021-03-14,Pandemonium,en proceso de tortura
1098,Karina Morgan,Avaricia,61,1865-10-25,Abismo,activa
1099,Jerry Douglas,Ira,8,1853-07-31,Abismo,redimida
1100,Jasmine Rogers,Pereza,61,1877-10-07,Inframundo,activa
1101,Jamie Montes,Ira,23,1947-12-19,Tierra,activa
1102,Susan Powell,Soberbia,63,1962-12-03,Sector 7G,redimida
1103,Rebecca Blankenship,Gula,96,1845-05-16,Sector 7G,en proceso de tortura
1104,Sheryl Perkins,Avaricia,81,1902-08-18,Sector 7G,en proceso de tortura
1105,Lori Johnson,Soberbia,51,1927-09-30,Tierra,en proceso de tortura
1106,Kevin Patel,Soberbia,90,1942-12-29,Sector 7G,activa
1107,Victoria Gonzales MD,Soberbia,50,2003-12-28,Inframundo,en proceso de tortura
1108,Michael Leonard,Gula,90,1885-09-28,Abismo,activa
1109,Rachel Robles,Ira,54,1842-06-05,Inframundo,en proceso de tortura
1110,Anthony Harris,Gula,21,1847-08-18,Limbo,activa
1111,Samantha Sanchez,Gula,33,1953-01-23,Pandemonium,activa
1112,Lori Ramirez,Soberbia,12,2006-06-27,Abismo,redimida
1113,Sean Sanchez,Pereza,59,2003-12-28,Pandemonium,en proceso de tortura
1114,Michael Allen,Envidia,24,1954-10-29,Inframundo,en proceso de tortura
1115,Justin Stevens,Ira,59,1991-09-12,Limbo,redimida
1116,Matthew Hernandez,Soberbia,38,1984-10-15,Limbo,activa
1117,Shelly Rice,Avaricia,88,1902-04-26,Inframundo,en proceso de tortura
1118,Wesley Davis,Envidia,50,1938-11-07,Abismo,en proceso de tortura
1119,Dawn Diaz,Gula,68,2010-04-14,Sector 7G,redimida
1120,Rachel Carlson,Avaricia,64,1960-09-21,Pandemonium,en proceso de tortura
1121,Robert Baker,Pereza,50,2015-01-19,Limbo,en proceso de tortura
1122,Marissa Hodge,Soberbia,8,1849-09-29,Tierra,redimida
1123,Christopher Schmidt,Envidia,80,1939-07-29,Limbo,en proceso de tortura
1124,Brett Sullivan,Lujuria,26,1951-07-21,Inframundo,redimida
1125,John Mendoza,Pereza,73,1960-10-20,Inframundo,en proceso de tortura
1126,James Frost,Envidia,11,1895-02-13,Tierra,activa
1127,Michelle Johnson,Gula,31,1889-03-13,Sector 7G,en proceso de tortura
1128,Pamela Rogers,Envidia,94,1941-02-01,Abismo,en proceso de tortura
1129,Gary Moore,Lujuria,70,1827-04-03,Tierra,en proceso de tortura
1130,Laura Simmons,Soberbia,14,1830-01-09,Inframundo,redimida
1131,Wendy Washington,Ira,62,1868-05-17,Inframundo,redimida
1132,Robert Garcia,Ira,55,1952-03-15,Tierra,redimida
1133,James Jackson,Gula,10,1890-09-22,Sector 7G,en proceso de tortura
1134,Natalie Lucas,Soberbia,76,1865-07-01,Tierra,redimida
1135,Julie Conrad,Ira,55,1846-06-10,Abismo,redimida
1136,Daniel Hogan,Gula,37,2011-06-12,Pandemonium,en proceso de tortura
1137,Matthew Rodriguez,Gula,74,1865-11-09,Sector 7G,redimida
1138,Gregory Moody,Ira,51,1892-09-05,Inframundo,redimida
1139,Christopher Kelly,Ira,20,1937-12-27,Abismo,en proceso de tortura
1140,Christine Tyler,Avaricia,21,1931-07-23,Abismo,redimida
1141,Elizabeth Esparza,Soberbia,65,1982-07-16,Limbo,redimida
1142,David Castillo,Soberbia,98,1916-07-07,Inframundo,redimida
1143,Justin Owens,Gula,17,1948-06-19,Tierra,activa
1144,Heather Kelley,Gula,73,1990-06-30,Abismo,redimida
1145,Brett Mcbride,Envidia,21,1971-09-01,Pandemonium,en proceso de tortura
1146,Christopher Dixon,Envidia,11,1970-10-27,Sector 7G,redimida
1147,Melissa Harris,Gula,21,1831-12-05,Pandemonium,activa
1148,Seth Smith,Pereza,41,1973-03-26,Abismo,redimida
1149,Christopher Sandoval,Envidia,44,1870-06-27,Inframundo,redimida
1150,Jillian Mcintosh,Soberbia,4,1842-02-04,Sector 7G,redimida
1151,Christopher Patterson,Pereza,13,2006-04-26,Abismo,activa
1152,Nicole Taylor,Avaricia,47,2019-02-05,Limbo,en proceso de tortura
1153,Alexander Willis,Lujuria,31,2000-07-18,Sector 7G,redimida
1154,Michael Crawford,Lujuria,23,2007-07-01,Inframundo,activa
1155,Dr. Valerie Brown,Lujuria,70,1907-06-30,Pandemonium,en proceso de tortura
1156,James Lambert,Avaricia,100,1896-09-05,Pandemonium,en proceso de tortura
1157,Roy Johnson,Envidia,26,1898-10-22,Tierra,activa
1158,Misty Farmer,Ira,78,1856-11-08,Tierra,redimida
1159,James Schmidt,Soberbia,48,1955-07-18,Abismo,activa
1160,William Alvarez,Lujuria,20,1895-05-13,Inframundo,redimida
1161,Tina Love,Envidia,67,1921-02-19,Abismo,activa
1162,Heather Peters,Avaricia,44,1863-11-17,Tierra,activa
1163,Robert Williams,Pereza,63,1835-05-07,Pandemonium,activa
1164,Christopher Cummings,Lujuria,46,1932-02-06,Abismo,redimida
1165,Robert Malone,Ira,5,1994-06-28,Limbo,en proceso de tortura
1166,Kevin Salinas,Pereza,45,1894-04-22,Inframundo,en proceso de tortura
1167,Nathaniel Vang,Lujuria,20,1874-10-26,Tierra,redimida
1168,Paul Atkinson,Pereza,30,1912-10-08,Limbo,activa
1169,Elizabeth Armstrong,Gula,96,1954-07-26,Pandemonium,activa
1170,Jeffrey Thomas,Soberbia,63,1893-04-20,Sector 7G,activa
1171,Jonathan Larsen,Envidia,53,1848-02-02,Pandemonium,activa
1172,Randall Martin,Lujuria,1,1988-09-18,Tierra,redimida
1173,Scott Sanders,Envidia,50,1932-10-06,Limbo,en proceso de tortura
1174,Arthur Holmes,Pereza,63,2024-06-05,Inframundo,en proceso de tortura
1175,Margaret Price,Pereza,60,1844-11-09,Abismo,en proceso de tortura
1176,Joshua Wilson,Gula,54,2002-06-18,Inframundo,en proceso de tortura
1177,Jamie Ferguson,Pereza,7,1876-05-21,Sector 7G,activa
1178,Scott Parsons,Ira,72,1994-09-15,Pandemonium,en proceso de tortura
1179,Morgan Wallace,Ira,20,2012-03-06,Abismo,en proceso de tortura
1180,David Wheeler,Ira,26,1990-02-14,Tierra,redimida
1181,Patricia Castro,Ira,78,1872-09-19,Limbo,en proceso de tortura
1182,Kimberly Merritt,Pereza,1,1913-10-25,Sector 7G,en proceso de tortura
1183,Julia Hunt DDS,Gula,27,2017-10-24,Pandemonium,en proceso de tortura
1184,Amanda Chapman,Pereza,64,2003-12-28,Pandemonium,activa
1185,Sharon Mason,Avaricia,50,2019-12-15,Limbo,redimida
1186,Dale Anderson,Lujuria,6,1837-05-01,Limbo,en proceso de tortura
1187,Eric Davis,Lujuria,50,1978-01-17,Limbo,redimida
1188,Julie Stark,Avaricia,34,1985-06-18,Sector 7G,redimida
1189,Cheryl Knox,Pereza,42,1862-03-27,Inframundo,activa
1190,Mark Campbell,Avaricia,77,1968-02-08,Pandemonium,en proceso de tortura
1191,Kenneth Lang,Soberbia,84,1845-07-27,Tierra,activa
1192,Kathleen Reyes,Envidia,61,1862-03-09,Tierra,activa
1193,Samantha Garcia,Avaricia,3,1902-12-17,Sector 7G,redimida
1194,Megan Carroll,Envidia,25,1889-01-23,Tierra,activa
1195,Allison Parker,Lujuria,38,1982-07-03,Inframundo,activa
1196,Janice Stone,Avaricia,43,2002-03-19,Inframundo,activa
1197,Jenny Rios,Lujuria,7,1991-08-31,Sector 7G,redimida
1198,Cassidy Smith,Ira,95,1936-04-13,Pandemonium,redimida
1199,Patricia Johnson,Avaricia,64,1981-06-26,Sector 7G,activa
1200,Angela Murray,Soberbia,41,1996-09-09,Sector 7G,en proceso de tortura
1201,Paula Ingram,Gula,15,1900-08-10,Abismo,redimida
1202,Matthew Lee,Avaricia,56,1999-10-15,Sector 7G,activa
1203,Jennifer Parker,Pereza,68,1826-11-12,Inframundo,en proceso de tortura
1204,David Harper,Gula,32,1906-08-29,Sector 7G,activa
1205,Dr. Douglas Lopez,Pereza,45,1924-10-22,Sector 7G,en proceso de tortura
1206,Elizabeth Wolfe,Lujuria,17,1866-03-13,Inframundo,redimida
1207,Heather Schmidt,Soberbia,49,1826-12-15,Limbo,redimida
1208,Shane Hicks,Lujuria,91,1869-09-24,Inframundo,activa
1209,Robert Huynh,Soberbia,0,1846-01-27,Limbo,en proceso de tortura
1210,Alexis Anderson,Envidia,9,1899-05-22,Limbo,activa
1211,Mikayla Miller,Soberbia,27,1991-05-16,Inframundo,redimida
1212,Brandon Davis,Lujuria,0,1960-09-17,Sector 7G,activa
1213,Peter Elliott,Gula,10,1953-07-05,Tierra,en proceso de tortura
1214,Mathew Garcia,Pereza,97,1844-10-19,Tierra,en proceso de tortura
1215,Mitchell Olson,Soberbia,61,1953-11-24,Sector 7G,en proceso de tortura
1216,James Boone,Lujuria,6,1956-05-06,Limbo,en proceso de tortura
1217,Kathy Larson,Soberbia,51,1939-02-19,Tierra,en proceso de tortura
1218,Micheal Lindsey,Avaricia,90,1972-06-22,Tierra,en proceso de tortura
1219,Anna Green,Ira,42,1849-08-22,Pandemonium,redimida
1220,Matthew Shaw,Gula,100,1980-10-18,Tierra,redimida
1221,Michael Williams,Avaricia,56,1896-05-02,Tierra,redimida
1222,Jacqueline Kramer,Pereza,90,1856-07-30,Abismo,activa
1223,John Thompson II,Pereza,59,1832-09-09,Sector 7G,activa
1224,Jill Ellis,Pereza,54,1865-02-19,Limbo,en proceso de tortura
1225,Brittney Kelly,Pereza,77,1882-09-01,Sector 7G,en proceso de tortura
1226,Dr. Molly Gilbert,Soberbia,17,1880-11-10,Limbo,activa
1227,Alexandra Grimes,Lujuria,88,1887-03-03,Tierra,activa
1228,Richard Buck,Lujuria,5,1876-09-17,Sector 7G,activa
1229,Eric Hart,Avaricia,88,1863-11-22,Inframundo,en proceso de tortura
1230,Alexandra Waters,Lujuria,50,1886-06-20,Pandemonium,activa
1231,Jeremy Bartlett,Avaricia,30,1832-03-30,Sector 7G,redimida
1232,Emily Velez,Pereza,66,1942-05-17,Pandemonium,en proceso de tortura
1233,Jennifer Hall,Lujuria,81,1844-02-03,Limbo,en proceso de tortura
1234,Kayla Garcia DVM,Pereza,67,2009-02-10,Tierra,redimida
1235,Maria Garcia,Avaricia,50,1879-03-23,Inframundo,redimida
1236,Crystal Peterson,Pereza,98,1863-01-23,Limbo,en proceso de tortura
1237,James Miller,Envidia,71,1943-03-25,Sector 7G,en proceso de tortura
1238,Sophia Smith,Pereza,77,2022-11-25,Pandemonium,activa
1239,Stephen Hopkins,Avaricia,42,1897-10-15,Pandemonium,activa
1240,Lance Torres,Avaricia,12,1918-01-08,Inframundo,activa
1241,Linda Johnson,Pereza,54,1923-08-15,Limbo,redimida
1242,William Burton,Ira,23,1943-07-26,Sector 7G,redimida
1243,Richard Bowman,Avaricia,25,1877-08-30,Sector 7G,activa
1244,John Ingram,Ira,83,2008-03-05,Tierra,activa
1245,Roger Avery,Lujuria,1,1953-08-21,Sector 7G,activa
1246,Dorothy Hodge,Ira,1,1846-08-04,Limbo,activa
1247,Mia Collins,Ira,60,1939-07-23,Limbo,activa
1248,Kyle Wilson,Soberbia,77,1926-08-06,Limbo,activa
1249,Christian Franco,Soberbia,75,1828-10-30,Limbo,activa
1250,Brandy Good,Envidia,64,1852-10-27,Abismo,redimida
1251,Jennifer Cherry,Gula,40,2001-11-09,Pandemonium,activa
1252,Shelley Mays,Gula,30,1902-01-14,Inframundo,en proceso de tortura
1253,Jason Flores,Pereza,96,2019-01-13,Sector 7G,activa
1254,Travis Burns III,Lujuria,62,1833-03-17,Limbo,redimida
1255,Madison Yoder,Pereza,19,1896-05-25,Inframundo,en proceso de tortura
1256,Laurie Durham,Ira,1,1939-03-27,Sector 7G,redimida
1257,Joseph Davis,Envidia,19,1921-02-06,Pandemonium,en proceso de tortura
1258,Laura Roberts,Lujuria,10,1911-04-29,Sector 7G,en proceso de tortura
1259,Debra Carlson,Gula,77,1840-11-16,Tierra,redimida
1260,Corey Taylor,Envidia,83,1959-05-07,Inframundo,en proceso de tortura
1261,Rodney Terry,Gula,71,1923-02-13,Limbo,activa
1262,Tracy Herrera,Pereza,97,2003-12-28,Inframundo,activa
1263,Christopher Shea,Envidia,10,1924-04-07,Tierra,redimida
1264,Devin Herrera,Pereza,71,1952-05-04,Sector 7G,redimida
1265,Brenda Preston,Gula,72,1968-02-22,Tierra,redimida
1266,Christopher Hunt,Avaricia,17,1986-04-06,Inframundo,redimida
1267,Donna Allen,Envidia,53,1990-12-05,Pandemonium,redimida
1268,Johnny Williams,Pereza,94,1888-04-22,Abismo,redimida
1269,Kimberly Edwards,Soberbia,44,1839-05-04,Inframundo,en proceso de tortura
1270,Rebecca Hill,Pereza,44,1919-06-22,Sector 7G,en proceso de tortura
1271,Denise Davenport,Gula,86,1870-10-09,Sector 7G,en proceso de tortura
1272,Shane Burton,Ira,59,1906-11-25,Tierra,activa
1273,Brenda Moore,Pereza,5,1832-09-16,Tierra,activa
1274,Nina Price,Pereza,32,1943-05-27,Inframundo,activa
1275,Steven Griffith,Gula,78,1854-05-10,Limbo,activa
1276,Jonathan Chen,Avaricia,75,1871-09-13,Limbo,redimida
1277,Brian Smith,Avaricia,58,1946-09-22,Pandemonium,en proceso de tortura
1278,Kevin Rios,Gula,7,1944-03-30,Limbo,redimida
1279,Brian Morton,Ira,76,1934-03-05,Sector 7G,redimida
1280,Ryan Hernandez,Pereza,23,1828-03-25,Limbo,activa
1281,Angela Howard,Lujuria,78,1939-05-13,Inframundo,en proceso de tortura
1282,Stacy Baker,Lujuria,21,1990-04-16,Pandemonium,redimida
1283,Claudia Johnson,Lujuria,97,1919-05-30,Sector 7G,activa
1284,Evan Lewis,Soberbia,61,2020-04-01,Tierra,en proceso de tortura
1285,Abigail Graves,Pereza,8,1897-03-09,Limbo,activa
1286,Brian Chase,Avaricia,13,1906-07-25,Abismo,activa
1287,Matthew Bailey,Ira,96,1828-05-04,Limbo,activa
1288,Brianna Bartlett,Ira,82,1922-12-29,Limbo,redimida
1289,Matthew Wright,Lujuria,66,2010-04-13,Limbo,redimida
1290,Stacy Brown,Ira,51,2003-12-28,Tierra,activa
1291,Ellen Herrera,Pereza,75,1908-02-21,Abismo,en proceso de tortura
1292,Luke Reyes,Avaricia,47,2018-10-13,Abismo,en proceso de tortura
1293,Robert Grimes,Soberbia,40,2003-12-28,Abismo,en proceso de tortura
1294,Kelly Jennings,Pereza,87,1857-01-09,Limbo,en proceso de tortura
1295,Jeff Tran,Gula,81,1977-02-19,Tierra,activa
1296,Nicole Park,Pereza,72,1851-07-12,Sector 7G,redimida
1297,Emily Hughes,Lujuria,43,1987-05-03,Limbo,en proceso de tortura
1298,Susan York,Pereza,80,1963-03-26,Abismo,en proceso de tortura
1299,Philip Hernandez,Pereza,26,1955-07-18,Pandemonium,activa
1300,Ashley Evans,Soberbia,37,1873-12-19,Pandemonium,en proceso de tortura
1301,John Christensen,Pereza,97,1903-04-05,Limbo,en proceso de tortura
1302,Shane Graham PhD,Gula,60,1844-07-13,Tierra,redimida
1303,Melody Matthews,Pereza,23,1874-01-06,Limbo,redimida
1304,Kenneth Taylor,Envidia,92,1878-09-20,Tierra,redimida
1305,Michael Reynolds,Envidia,88,1991-04-16,Sector 7G,en proceso de tortura
1306,Michael Henson,Envidia,87,1897-08-17,Abismo,activa
1307,John Jordan,Avaricia,83,1877-09-24,Tierra,redimida
1308,Amy Wilcox MD,Lujuria,6,1993-03-04,Pandemonium,en proceso de tortura
1309,Amy Howard,Avaricia,9,1951-11-02,Abismo,en proceso de tortura
1310,Maria Henry,Soberbia,49,1841-04-28,Pandemonium,en proceso de tortura
1311,Monique Peters,Pereza,66,1932-08-05,Tierra,en proceso de tortura
1312,Nicole Leon,Envidia,6,1929-01-04,Pandemonium,en proceso de tortura
1313,Andrew Fields,Pereza,44,1904-07-25,Pandemonium,en proceso de tortura
1314,Jamie Perry,Gula,8,1924-04-17,Inframundo,en proceso de tortura
1315,Joshua Barnett,Envidia,19,1838-01-29,Abismo,en proceso de tortura
1316,Katie Williams,Gula,76,1992-11-02,Inframundo,en proceso de tortura
1317,Melissa Watson,Lujuria,50,1832-03-29,Limbo,activa
1318,Javier Dominguez,Lujuria,12,1923-07-02,Sector 7G,activa
1319,David Thomas,Avaricia,100,1981-03-24,Inframundo,en proceso de tortura
1320,Dr. Adam Simmons MD,Soberbia,48,1883-02-17,Sector 7G,redimida
1321,Caitlin Montoya,Ira,98,1897-07-17,Sector 7G,redimida
1322,Garrett Stone,Ira,37,2009-06-29,Sector 7G,en proceso de tortura
1323,Derrick Walker,Avaricia,20,1850-02-17,Tierra,en proceso de tortura
1324,Melissa Lynch,Ira,78,1938-04-11,Sector 7G,en proceso de tortura
1325,Nathan Johnson,Envidia,65,2021-04-05,Inframundo,activa
1326,Matthew Lawrence,Avaricia,9,1897-12-14,Limbo,redimida
1327,Alyssa Jones,Pereza,49,1958-11-07,Inframundo,en proceso de tortura
1328,Albert Santana,Soberbia,30,1851-09-30,Sector 7G,redimida
1329,Sarah Fleming,Gula,84,1934-05-22,Tierra,en proceso de tortura
1330,Mr. Zachary Thompson,Pereza,23,1864-04-04,Limbo,en proceso de tortura
1331,Dale Mckinney,Soberbia,81,2017-06-03,Abismo,activa
1332,Brenda Esparza DVM,Ira,54,1966-05-15,Abismo,en proceso de tortura
1333,James Barton,Lujuria,75,1898-09-22,Pandemonium,en proceso de tortura
1334,Pamela Moore,Pereza,61,1873-12-07,Inframundo,en proceso de tortura
1335,Nicholas Rojas,Ira,47,1950-04-25,Inframundo,redimida
1336,Robin Green,Avaricia,53,1911-02-12,Sector 7G,redimida
1337,Steven Espinoza,Avaricia,64,2018-06-04,Tierra,en proceso de tortura
1338,Mr. Peter Allen,Soberbia,43,1923-03-07,Sector 7G,activa
1339,Brenda Watson,Avaricia,47,1835-04-19,Pandemonium,en proceso de tortura
1340,Frank Morales,Pereza,50,2001-08-31,Limbo,redimida
1341,Susan Shaffer,Lujuria,96,2016-02-15,Inframundo,en proceso de tortura
1342,David Williams,Ira,0,1857-04-09,Pandemonium,redimida
1343,Michael Williams,Soberbia,22,1983-08-01,Pandemonium,redimida
1344,Sean Nguyen,Avaricia,3,1843-11-02,Sector 7G,redimida
1345,Emily Allen,Lujuria,26,1955-07-01,Limbo,redimida
1346,Nicholas Olson,Envidia,14,1846-01-08,Tierra,redimida
1347,Jacob Jenkins,Avaricia,15,1944-09-05,Sector 7G,redimida
1348,Virginia Mckee,Envidia,24,1880-05-26,Tierra,en proceso de tortura
1349,Monica Richards,Soberbia,23,2025-04-04,Tierra,activa
1350,Michael Kelley,Envidia,58,1896-06-29,Abismo,en proceso de tortura
1351,Lisa Mason,Ira,0,1994-04-27,Inframundo,activa
1352,Joseph Ford,Pereza,28,1829-09-25,Inframundo,redimida
1353,Travis Morgan,Lujuria,63,1881-05-01,Pandemonium,redimida
1354,Claudia Watkins,Lujuria,68,1865-10-29,Sector 7G,redimida
1355,Sean Turner,Avaricia,3,1975-12-10,Limbo,en proceso de tortura
1356,Brittany Huffman,Soberbia,8,2023-08-13,Pandemonium,redimida
1357,Justin Wu,Pereza,19,1834-11-23,Sector 7G,redimida
1358,Keith Gardner,Soberbia,61,1827-12-23,Abismo,redimida
1359,Michael Jones,Soberbia,29,1993-07-31,Inframundo,redimida
1360,Bruce Anderson,Ira,65,1857-09-26,Abismo,activa
1361,Jill Smith,Lujuria,62,1922-03-25,Sector 7G,en proceso de tortura
1362,Ashley Griffin,Envidia,7,1998-09-06,Sector 7G,en proceso de tortura
1363,Alicia Lopez,Pereza,67,1837-07-24,Sector 7G,redimida
1364,Geoffrey Martinez,Soberbia,84,1999-05-28,Abismo,en proceso de tortura
1365,Vernon Gutierrez,Lujuria,7,1842-08-15,Limbo,activa
1366,Joshua Mcbride,Gula,89,1871-05-21,Pandemonium,activa
1367,Jose Myers,Soberbia,30,2003-12-03,Sector 7G,redimida
1368,Stephanie Torres,Gula,43,1976-05-19,Pandemonium,activa
1369,Gordon Davis,Avaricia,77,1889-02-10,Pandemonium,redimida
1370,William Arroyo,Lujuria,26,1832-04-05,Sector 7G,activa
1371,Mikayla Hughes,Envidia,85,1836-02-28,Inframundo,redimida
1372,Steven Cordova,Avaricia,22,1910-11-05,Inframundo,redimida
1373,Cassie Bennett,Envidia,9,1888-02-07,Inframundo,activa
1374,Todd Cooper,Pereza,95,1854-05-23,Limbo,activa
1375,Tiffany Thomas,Pereza,64,1907-06-11,Tierra,en proceso de tortura
1376,Abigail Bowman,Gula,37,1976-04-16,Tierra,activa
1377,Catherine Johnson,Pereza,75,2023-08-18,Pandemonium,redimida
1378,Christian Bennett,Envidia,45,2003-01-19,Sector 7G,activa
1379,Sabrina Murray,Avaricia,47,2013-09-13,Sector 7G,activa
1380,Gabriel Jennings,Envidia,52,1991-11-06,Limbo,activa
1381,Kelsey Flores,Gula,92,1904-03-23,Limbo,redimida
1382,Alan Bowers,Gula,99,1956-01-20,Pandemonium,en proceso de tortura
1383,April Nolan,Gula,20,1972-12-17,Limbo,activa
1384,Nancy Huffman,Envidia,43,1853-09-01,Tierra,redimida
1385,Natasha Banks,Envidia,35,1895-08-30,Sector 7G,redimida
1386,Richard Abbott,Pereza,27,1863-10-16,Sector 7G,activa
1387,Raymond Kelley,Lujuria,34,1838-07-21,Inframundo,en proceso de tortura
1388,Ana Peck,Gula,96,1849-05-03,Sector 7G,en proceso de tortura
1389,David Smith,Envidia,11,1945-10-25,Tierra,redimida
1390,Patricia Nguyen,Soberbia,95,2021-05-12,Tierra,en proceso de tortura
1391,Melissa Johnson,Avaricia,54,2004-07-18,Abismo,redimida
1392,Michael Mcpherson,Soberbia,84,1830-12-23,Pandemonium,en proceso de tortura
1393,Andrea Lee,Lujuria,76,2004-05-28,Abismo,activa
1394,Jennifer Trevino,Envidia,58,1886-04-21,Abismo,en proceso de tortura
1395,Kenneth Saunders,Ira,82,1898-08-09,Sector 7G,en proceso de tortura
1396,Amanda Reed,Lujuria,80,1880-10-06,Abismo,redimida
1397,Erika Jones,Avaricia,50,1987-09-13,Pandemonium,redimida
1398,Deborah Ritter,Soberbia,22,1904-06-24,Pandemonium,redimida
1399,Julie Casey,Avaricia,6,1993-01-08,Pandemonium,activa
1400,Anthony Juarez,Avaricia,99,2025-07-02,Inframundo,en proceso de tortura
1401,Kathleen Martinez,Ira,84,2025-07-24,Sector 7G,en proceso de tortura
1402,Deborah Leonard,Soberbia,91,1968-01-16,Sector 7G,en proceso de tortura
1403,Nicolas Khan,Gula,44,1995-07-30,Inframundo,activa
1404,Meghan Snyder,Ira,23,1826-06-26,Abismo,activa
1405,Paul Conner,Pereza,89,2022-06-25,Abismo,redimida
1406,Patricia Anderson,Gula,38,1934-05-29,Limbo,activa
1407,Jennifer Ayers,Avaricia,73,1898-03-04,Pandemonium,redimida
1408,Michael Spencer,Soberbia,79,1855-02-27,Abismo,en proceso de tortura
1409,Holly Cruz,Ira,34,1869-05-20,Limbo,redimida
1410,David Galvan,Pereza,62,2022-10-31,Limbo,activa
1411,Mark Sharp,Avaricia,30,1946-03-10,Tierra,redimida
1412,Matthew Stanley,Lujuria,19,1951-08-07,Pandemonium,en proceso de tortura
1413,Sheila Lynch,Avaricia,25,2018-12-07,Inframundo,en proceso de tortura
1414,Lisa Hughes,Lujuria,9,1955-12-28,Sector 7G,en proceso de tortura
1415,Paige Schmidt,Lujuria,98,1850-08-20,Tierra,en proceso de tortura
1416,Kathy Hall,Lujuria,85,1833-12-28,Abismo,en proceso de tortura
1417,Steven Pham,Pereza,50,1825-12-02,Pandemonium,en proceso de tortura
1418,Holly Valenzuela,Pereza,11,1971-06-29,Pandemonium,activa
1419,Sandra Brown,Gula,67,1994-11-24,Limbo,en proceso de tortura
1420,James Moore,Pereza,28,1951-06-14,Tierra,redimida
1421,Lindsey Taylor,Gula,52,1928-08-16,Inframundo,en proceso de tortura
1422,Shannon Roberts,Lujuria,35,1933-05-28,Abismo,redimida
1423,Rachel Morales,Avaricia,96,1937-05-03,Sector 7G,en proceso de tortura
1424,Dennis Garza,Gula,99,1929-05-30,Inframundo,redimida
1425,Monica Thomas,Pereza,22,1864-05-08,Limbo,en proceso de tortura
1426,Stephen Steele,Envidia,48,1953-03-04,Sector 7G,en proceso de tortura
1427,Roy Cardenas,Avaricia,2,2012-03-02,Inframundo,redimida
1428,Phillip Jennings,Ira,7,1911-10-24,Sector 7G,activa
1429,Deborah Miller,Lujuria,50,1996-06-29,Abismo,redimida
1430,Erin Smith,Envidia,36,1858-02-09,Limbo,redimida
1431,Christopher Gallegos,Envidia,83,1931-10-12,Tierra,en proceso de tortura
1432,Thomas Franklin,Ira,68,1887-12-13,Pandemonium,activa
1433,Johnny Floyd,Avaricia,50,1871-05-06,Inframundo,redimida
1434,Kevin Marshall,Lujuria,47,1981-03-22,Inframundo,redimida
1435,Preston Nolan,Ira,49,1974-07-01,Tierra,redimida
1436,Timothy Phillips,Soberbia,100,1972-09-26,Sector 7G,activa
1437,Robert Herman,Envidia,86,1831-10-30,Abismo,redimida
1438,Patricia Lee,Avaricia,38,1903-11-23,Inframundo,en proceso de tortura
1439,Ashley Black,Soberbia,87,1929-03-10,Limbo,activa
1440,Casey Murphy,Lujuria,90,1945-08-28,Tierra,en proceso de tortura
1441,Sheila Cortez,Lujuria,12,1980-11-11,Inframundo,en proceso de tortura
1442,Sarah Miller,Pereza,64,2002-12-06,Tierra,en proceso de tortura
1443,Dr. Aaron Frye,Ira,25,1998-03-21,Limbo,en proceso de tortura
1444,Michelle Wagner,Pereza,88,1955-11-27,Pandemonium,activa
1445,Kelly Molina,Lujuria,86,1960-03-02,Abismo,redimida
1446,Sherri Solomon,Envidia,76,1937-08-15,Inframundo,redimida
1447,Peggy Young,Soberbia,65,1992-02-17,Limbo,en proceso de tortura
1448,Erica Stevens,Envidia,30,1929-07-18,Inframundo,activa
1449,Emily Garcia,Gula,24,1970-04-14,Inframundo,en proceso de tortura
1450,Ashley Cowan,Envidia,31,1963-06-23,Limbo,redimida
1451,Matthew Butler,Gula,75,1826-12-05,Pandemonium,redimida
1452,James Clark,Pereza,64,1889-04-24,Tierra,activa
1453,Stacey Wall,Pereza,71,2012-04-04,Abismo,en proceso de tortura
1454,Julie Ortiz,Soberbia,55,1966-02-21,Abismo,en proceso de tortura
1455,Elizabeth Brady,Soberbia,74,1869-08-10,Inframundo,activa
1456,Margaret Anderson,Pereza,50,1879-05-03,Inframundo,redimida
1457,Kristina English,Lujuria,18,2002-12-29,Inframundo,en proceso de tortura
1458,Monica Gregory,Lujuria,47,1883-05-02,Inframundo,redimida
1459,Margaret Small,Gula,60,1971-07-25,Inframundo,redimida
1460,Marcus Wade,Envidia,98,1883-08-12,Inframundo,activa
1461,Timothy Chapman,Gula,99,1954-08-06,Sector 7G,activa
1462,Christian Taylor,Pereza,7,1898-04-20,Inframundo,redimida
1463,Scott Fields,Soberbia,88,1931-07-13,Sector 7G,redimida
1464,Elizabeth Johnson,Lujuria,64,1928-01-02,Pandemonium,en proceso de tortura
1465,Erin Alexander,Soberbia,53,1902-07-18,Inframundo,activa
1466,Kristen Riddle,Envidia,32,1867-08-18,Pandemonium,activa
1467,George Harris,Gula,53,1869-01-15,Tierra,activa
1468,Kimberly Ruiz,Avaricia,88,1878-02-09,Sector 7G,en proceso de tortura
1469,Michael Wilson,Pereza,4,2016-03-25,Inframundo,activa
1470,Cynthia Davis,Pereza,84,1900-11-24,Tierra,en proceso de tortura
1471,Linda Lawson,Gula,98,1968-09-07,Sector 7G,en proceso de tortura
1472,Morgan Bryan,Lujuria,69,2007-10-26,Inframundo,en proceso de tortura
1473,Jared Young,Pereza,97,1997-03-27,Sector 7G,en proceso de tortura
1474,Jennifer Patrick,Envidia,66,2013-05-20,Tierra,activa
1475,Philip Jackson,Ira,84,1990-04-10,Limbo,en proceso de tortura
1476,Pamela Carroll,Ira,79,2010-12-05,Pandemonium,activa
1477,Ashley Rodgers,Pereza,38,1898-06-27,Limbo,redimida
1478,Katie Peterson,Pereza,87,1869-01-02,Limbo,en proceso de tortura
1479,Jorge Johnson,Envidia,84,1918-04-12,Inframundo,en proceso de tortura
1480,Michelle Johnson,Ira,27,1832-10-16,Inframundo,redimida
1481,Christopher Simon,Envidia,12,1855-11-03,Abismo,en proceso de tortura
1482,Brian Campbell,Lujuria,77,1851-05-13,Tierra,en proceso de tortura
1483,Aaron Gonzalez,Ira,39,1990-10-28,Inframundo,en proceso de tortura
1484,Jill Trujillo,Envidia,94,1828-03-16,Abismo,redimida
1485,Alicia Lee,Gula,27,2003-12-28,Abismo,redimida
1486,Jacob Wagner,Lujuria,77,1875-10-12,Pandemonium,redimida
1487,Daniel Flores,Pereza,7,1835-09-30,Sector 7G,en proceso de tortura
1488,Travis Oneill,Soberbia,50,1975-01-08,Tierra,redimida
1489,Lori Harrington,Pereza,70,1826-01-28,Sector 7G,redimida
1490,David Johnson,Lujuria,58,1929-09-25,Tierra,redimida
1491,Susan Valdez,Gula,26,1921-04-08,Inframundo,activa
1492,Tracy Taylor,Avaricia,55,1991-01-30,Inframundo,activa
1493,Michaela Wilson,Avaricia,40,1877-04-25,Abismo,redimida
1494,Maria Frazier,Envidia,64,1944-11-14,Limbo,activa
1495,Benjamin Smith,Ira,91,2003-12-28,Sector 7G,en proceso de tortura
1496,Brian Silva,Gula,64,1886-02-02,Tierra,en proceso de tortura
1497,Richard Clark,Gula,74,2002-11-05,Inframundo,en proceso de tortura
1498,Victoria Parker,Avaricia,76,1868-03-04,Limbo,activa
1499,Angela Perez,Soberbia,15,1926-03-30,Inframundo,en proceso de tortura
1500,Colton Cervantes,Soberbia,88,1980-10-02,Tierra,en proceso de tortura
1501,Paul White,Ira,99,1848-10-09,Limbo,redimida
1502,Aaron James,Avaricia,95,1915-03-20,Limbo,redimida
1503,Cathy Hartman,Ira,73,1964-11-13,Inframundo,redimida
1504,James Roberts,Ira,5,1870-12-21,Abismo,redimida
1505,Wayne Hernandez,Avaricia,92,1884-08-02,Sector 7G,en proceso de tortura
1506,Mr. James Andersen,Gula,70,1867-04-26,Abismo,en proceso de tortura
1507,Nathan Lopez,Avaricia,62,1913-06-16,Tierra,activa
1508,Tina Johnson,Soberbia,12,1889-03-31,Limbo,activa
1509,Edward Holland,Ira,100,1856-08-25,Inframundo,en proceso de tortura
1510,Mary Davis,Ira,59,1838-02-21,Sector 7G,en proceso de tortura
1511,Anthony Brown,Avaricia,80,1977-09-23,Inframundo,activa
1512,Marco Snyder,Avaricia,44,1858-02-23,Tierra,redimida
1513,Harold Johnson,Avaricia,68,1991-01-27,Limbo,activa
1514,Shane Dennis,Avaricia,9,1847-03-18,Limbo,redimida
1515,Grace Gibson,Ira,15,1976-12-12,Abismo,en proceso de tortura
1516,Tony Williams,Avaricia,76,2008-06-29,Tierra,en proceso de tortura
1517,Mr. Martin Gray,Pereza,6,1946-04-12,Pandemonium,activa
1518,Melissa Bell,Gula,16,1839-04-10,Abismo,en proceso de tortura
1519,James Morris,Soberbia,34,1907-03-11,Inframundo,en proceso de tortura
1520,Vincent Hernandez,Envidia,48,1853-01-16,Tierra,activa
1521,Lucas Perez,Lujuria,17,1853-07-20,Inframundo,en proceso de tortura
1522,Kelly Green,Avaricia,76,1844-11-11,Sector 7G,en proceso de tortura
1523,Adrian Blackwell,Pereza,52,1893-07-10,Tierra,redimida
1524,Ashley Robinson,Pereza,34,2015-08-02,Sector 7G,en proceso de tortura
1525,Katherine Cobb,Soberbia,83,1880-09-28,Pandemonium,redimida
1526,Kayla Williams,Soberbia,19,2018-07-17,Tierra,en proceso de tortura
1527,Shawn Harris,Pereza,62,1964-10-05,Inframundo,activa
1528,Kayla Townsend,Envidia,50,1992-03-02,Tierra,en proceso de tortura
1529,Donna Martinez,Envidia,13,1897-02-11,Inframundo,redimida
1530,Stephen Bailey,Pereza,88,1934-10-24,Sector 7G,en proceso de tortura
1531,Gregory Smith,Ira,18,2022-07-30,Sector 7G,activa
1532,Jennifer Randall,Pereza,76,1962-07-30,Tierra,en proceso de tortura
1533,Kayla Watson,Envidia,36,1933-04-23,Abismo,redimida
1534,Jenna Tran,Gula,87,1970-08-14,Tierra,en proceso de tortura
1535,David Marshall,Lujuria,74,1878-12-10,Sector 7G,en proceso de tortura
1536,Kevin Wilson,Gula,81,1927-10-12,Inframundo,activa
1537,Alison Smith,Gula,64,1916-12-31,Sector 7G,en proceso de tortura
1538,Denise Hoffman,Soberbia,2,1961-02-06,Pandemonium,en proceso de tortura
1539,Vanessa Kent,Envidia,53,1958-08-19,Sector 7G,activa
1540,Lisa Cook,Avaricia,19,1889-01-30,Pandemonium,en proceso de tortura
1541,Patricia Norman,Avaricia,65,1937-03-05,Abismo,en proceso de tortura
1542,Gary Osborne,Avaricia,60,1885-11-25,Pandemonium,activa
1543,Cory Hunt,Avaricia,49,1986-02-20,Inframundo,en proceso de tortura
1544,Lauren Johnson,Gula,15,2011-05-05,Abismo,redimida
1545,Sheila Johnson,Avaricia,40,1898-01-13,Tierra,redimida
1546,Joshua Rodriguez,Gula,2,1873-10-03,Inframundo,en proceso de tortura
1547,Mr. Robert Cunningham,Avaricia,72,1951-10-06,Inframundo,en proceso de tortura
1548,Robert Miller,Lujuria,29,1934-09-09,Abismo,activa
1549,Sharon West,Pereza,95,1852-12-08,Abismo,en proceso de tortura
1550,Jacob Smith,Ira,9,2003-10-26,Tierra,redimida
1551,Jeffrey Camacho,Avaricia,33,1912-01-22,Tierra,activa
1552,Daniel Ingram,Pereza,35,1978-08-25,Tierra,redimida
1553,Janice Franco,Avaricia,5,1998-05-02,Tierra,redimida
1554,Cesar Scott,Pereza,42,1849-12-13,Abismo,redimida
1555,Jessica Willis,Envidia,43,1995-05-09,Tierra,redimida
1556,Amy Becker,Ira,66,1976-03-10,Sector 7G,en proceso de tortura
1557,Cynthia Wright,Avaricia,30,1980-04-26,Inframundo,en proceso de tortura
1558,Dr. Stephen Moore,Ira,100,2004-08-27,Tierra,en proceso de tortura
1559,John Davis,Ira,26,2024-01-27,Limbo,activa
1560,Christopher Lopez,Ira,75,1960-12-17,Sector 7G,en proceso de tortura
1561,Jennifer Erickson,Envidia,21,1960-09-30,Tierra,en proceso de tortura
1562,Kara Roberts,Pereza,40,1936-02-25,Pandemonium,activa
1563,Jerome Nguyen,Ira,31,1861-03-30,Sector 7G,activa
1564,Kristin Anderson,Gula,48,2001-07-31,Abismo,redimida
1565,Carl Scott,Lujuria,29,1857-01-13,Inframundo,redimida
1566,Gregory Sharp,Ira,87,1913-10-31,Limbo,en proceso de tortura
1567,Melissa Barker DVM,Envidia,83,1966-12-26,Abismo,redimida
1568,Dana Williams,Ira,15,1850-05-21,Pandemonium,activa
1569,Gloria Gray,Avaricia,36,2005-02-18,Sector 7G,redimida
1570,Douglas Johnson,Soberbia,1,1983-08-06,Limbo,activa
1571,Mary Johnson,Soberbia,63,1882-01-29,Abismo,redimida
1572,Christopher Leonard,Soberbia,85,1875-07-07,Sector 7G,activa
1573,Lisa Blevins,Gula,93,1948-10-04,Limbo,en proceso de tortura
1574,Peter Huang,Pereza,89,1921-02-26,Abismo,redimida
1575,Jeffrey Beck,Pereza,43,1940-12-31,Tierra,en proceso de tortura
1576,Daniel Randall,Ira,48,1959-09-27,Inframundo,activa
1577,Zachary Keller,Gula,50,2019-01-17,Limbo,redimida
1578,Nicholas Edwards,Pereza,24,1948-04-22,Abismo,redimida
1579,Kathleen Finley,Lujuria,11,1847-06-07,Tierra,activa
1580,Emily Wong,Lujuria,52,1904-07-21,Pandemonium,redimida
1581,Bruce Welch,Envidia,26,1848-11-05,Abismo,activa
1582,Isaiah Reeves,Gula,31,2014-03-04,Tierra,activa
1583,Thomas Moore,Pereza,0,1876-11-22,Inframundo,activa
1584,Andrea Garcia,Lujuria,63,1842-05-28,Inframundo,activa
1585,Tracy Rios,Soberbia,57,1865-03-24,Pandemonium,redimida
1586,Tim Rodriguez,Pereza,2,1964-03-24,Tierra,en proceso de tortura
1587,Richard Huang,Soberbia,60,1905-08-18,Sector 7G,en proceso de tortura
1588,Robert Nunez,Gula,33,1913-12-18,Abismo,activa
1589,Steven Lopez,Envidia,77,1905-01-06,Inframundo,redimida
1590,Austin Savage,Avaricia,93,1848-12-14,Pandemonium,en proceso de tortura
1591,Tracy Nguyen,Pereza,100,1832-06-13,Tierra,en proceso de tortura
1592,Benjamin Jones,Envidia,10,1840-03-05,Abismo,en proceso de tortura
1593,Taylor Bryant,Lujuria,39,1955-01-07,Tierra,redimida
1594,Alexis Taylor,Soberbia,5,1828-06-10,Abismo,activa
1595,Ethan Burns,Soberbia,66,1917-05-20,Limbo,en proceso de tortura
1596,Sarah Smith,Gula,50,1874-09-20,Inframundo,redimida
1597,Jessica Parker MD,Pereza,30,1852-08-26,Inframundo,redimida
1598,Sherry Harper,Envidia,98,1856-02-21,Abismo,en proceso de tortura
1599,Tammy Houston,Envidia,42,1863-04-10,Inframundo,activa
1600,Jacob Ramos,Pereza,49,1910-09-21,Pandemonium,redimida
1601,Robert Allen,Pereza,2,1984-12-09,Tierra,en proceso de tortura
1602,John Payne,Soberbia,98,2000-04-26,Tierra,en proceso de tortura
1603,Kenneth Stewart,Gula,41,1961-05-23,Tierra,en proceso de tortura
1604,Michael Jackson,Lujuria,99,1947-08-24,Limbo,activa
1605,Nancy Smith,Gula,55,1860-12-02,Tierra,activa
1606,Anna Ward,Avaricia,36,1862-06-02,Pandemonium,redimida
1607,Jodi Armstrong,Ira,81,1907-05-11,Inframundo,redimida
1608,Trevor Pham,Gula,76,1976-04-30,Tierra,redimida
1609,Donald Boyd,Gula,80,1969-11-25,Limbo,en proceso de tortura
1610,Raven Curry,Gula,85,1869-06-24,Sector 7G,activa
1611,Michael Reeves,Pereza,87,1919-12-03,Limbo,activa
1612,Malik Thompson,Ira,83,1987-12-28,Pandemonium,redimida
1613,Jacob Jones,Lujuria,25,1954-05-20,Sector 7G,activa
1614,Steven Bell,Pereza,46,2002-01-21,Abismo,redimida
1615,Judith Townsend,Pereza,65,2012-04-28,Pandemonium,en proceso de tortura
1616,Caitlin Quinn,Pereza,95,1901-01-24,Inframundo,en proceso de tortura
1617,Brittany Espinoza,Lujuria,69,1949-07-13,Limbo,en proceso de tortura
1618,Michael Stevens,Soberbia,70,1836-05-06,Sector 7G,activa
1619,Ashley Novak,Envidia,6,1916-07-29,Pandemonium,activa
1620,Robert Wang,Lujuria,93,1978-04-08,Pandemonium,activa
1621,Tracy Morgan,Pereza,80,2008-10-18,Inframundo,redimida
1622,Kyle Mills,Ira,88,1970-09-04,Inframundo,en proceso de tortura
1623,Jonathan Gardner,Avaricia,55,2008-07-20,Limbo,activa
1624,Adrienne Schultz,Envidia,82,1946-07-15,Sector 7G,redimida
1625,Judith Butler,Envidia,37,2020-11-25,Inframundo,en proceso de tortura
1626,Kathleen Jones,Ira,2,1976-10-13,Abismo,redimida
1627,Joanna Moore,Lujuria,17,1917-11-15,Limbo,redimida
1628,Brett Logan,Pereza,89,2001-06-14,Sector 7G,en proceso de tortura
1629,Amber Calhoun,Pereza,96,1979-04-24,Tierra,en proceso de tortura
1630,Christian Rodriguez,Lujuria,6,1843-04-02,Pandemonium,redimida
1631,Robert Thompson,Soberbia,58,1961-11-22,Sector 7G,activa
1632,Heather Adams,Gula,65,1986-12-21,Tierra,redimida
1633,Austin Williams,Avaricia,24,1905-10-04,Tierra,redimida
1634,Ashley Atkinson,Gula,2,1919-04-30,Inframundo,activa
1635,Adam Tran,Pereza,50,1861-11-13,Tierra,redimida
1636,Katherine Anderson,Lujuria,48,1997-05-14,Pandemonium,en proceso de tortura
1637,Katie Cruz,Gula,98,1973-07-19,Pandemonium,activa
1638,Brett Peterson,Pereza,20,1977-12-20,Abismo,redimida
1639,Jeremy Smith,Avaricia,32,1958-07-30,Inframundo,redimida
1640,Matthew Gould,Avaricia,37,1933-05-22,Sector 7G,activa
1641,Kevin Vaughn,Avaricia,29,1836-04-22,Pandemonium,redimida
1642,Mary Parker,Gula,34,1841-09-06,Sector 7G,en proceso de tortura
1643,Stephen Marshall,Soberbia,27,1972-07-03,Pandemonium,activa
1644,Scott Huynh,Soberbia,2,1881-10-12,Sector 7G,activa
1645,Rachel Johnston,Lujuria,82,1839-05-10,Limbo,activa
1646,Matthew Hill,Ira,48,1980-11-15,Pandemonium,en proceso de tortura
1647,Andrea Bradshaw,Soberbia,7,1963-07-10,Tierra,activa
1648,Richard Rodriguez,Soberbia,46,1828-05-29,Sector 7G,redimida
1649,Scott Gates,Soberbia,64,1866-09-04,Pandemonium,redimida
1650,Brandi White,Avaricia,36,1970-01-13,Inframundo,redimida
1651,Yvette Smith,Envidia,4,2014-03-17,Pandemonium,en proceso de tortura
1652,Madison Ellis,Avaricia,50,2025-09-27,Sector 7G,en proceso de tortura
1653,Patrick King,Ira,63,1861-03-25,Tierra,activa
1654,Joseph Peterson,Pereza,72,1989-06-04,Inframundo,redimida
1655,Laura Reed,Soberbia,69,1914-04-18,Sector 7G,activa
1656,Robin King,Soberbia,60,1942-08-23,Inframundo,en proceso de tortura
1657,Donald Cook,Pereza,68,2002-08-01,Tierra,redimida
1658,Benjamin Brown,Pereza,28,1975-06-24,Inframundo,redimida
1659,Meghan Smith,Soberbia,12,1956-06-04,Tierra,en proceso de tortura
1660,Tony Sanders,Envidia,95,1853-12-21,Pandemonium,redimida
1661,Mark Lopez,Ira,69,1987-03-04,Abismo,en proceso de tortura
1662,Tamara Barton,Ira,5,1919-01-13,Sector 7G,activa
1663,Kristin Jones,Soberbia,77,1963-12-02,Sector 7G,en proceso de tortura
1664,Samantha Butler,Gula,23,1828-03-21,Abismo,redimida
1665,Patrick Marsh,Lujuria,20,1871-09-09,Limbo,activa
1666,Andrew Smith,Gula,58,1872-06-05,Sector 7G,activa
1667,Jacqueline Hernandez,Avaricia,35,1950-05-22,Tierra,redimida
1668,Holly Jacobs,Pereza,23,1931-06-25,Inframundo,en proceso de tortura
1669,Karen Hill,Avaricia,16,1878-07-15,Tierra,en proceso de tortura
1670,Corey Garner,Avaricia,63,1947-03-29,Pandemonium,activa
1671,Eric Cook,Avaricia,98,1862-08-15,Tierra,redimida
1672,Todd Blankenship,Gula,27,1888-04-24,Inframundo,activa
1673,Mark Huerta,Pereza,7,1880-07-21,Abismo,activa
1674,Chloe Brown,Pereza,80,1976-03-08,Sector 7G,activa
1675,Mary Morton,Ira,99,2006-05-28,Sector 7G,redimida
1676,Stephen Dorsey,Soberbia,60,1870-05-20,Pandemonium,redimida
1677,Jason Taylor,Gula,26,2003-12-28,Inframundo,en proceso de tortura
1678,Jeffrey Chavez,Pereza,19,1858-02-06,Pandemonium,en proceso de tortura
1679,Joshua Davidson,Lujuria,80,1841-03-07,Limbo,en proceso de tortura
1680,Natalie Pennington,Soberbia,23,1965-04-20,Abismo,activa
1681,Shawn Sanchez,Soberbia,75,1991-05-25,Pandemonium,en proceso de tortura
1682,Jason Foley,Gula,21,1929-04-11,Pandemonium,en proceso de tortura
1683,Erica Long,Lujuria,39,1860-02-26,Abismo,en proceso de tortura
1684,Randy Evans,Lujuria,95,1995-12-02,Pandemonium,en proceso de tortura
1685,Kristina Mcdonald,Pereza,20,1887-03-21,Limbo,redimida
1686,Michelle Hanson,Lujuria,65,1836-07-01,Tierra,en proceso de tortura
1687,Mario Savage,Gula,27,1914-07-07,Sector 7G,redimida
1688,Christine Carter,Lujuria,83,1860-12-30,Abismo,en proceso de tortura
1689,Bobby Trujillo,Envidia,34,1829-07-14,Tierra,en proceso de tortura
1690,Jonathan Hoover,Envidia,95,1922-07-01,Sector 7G,activa
1691,Kathryn Flores,Soberbia,52,1883-06-01,Sector 7G,redimida
1692,Tyler Mcdonald,Lujuria,78,2020-05-23,Pandemonium,en proceso de tortura
1693,Patricia Vazquez,Soberbia,13,1984-09-15,Pandemonium,en proceso de tortura
1694,John Levy,Lujuria,27,1881-02-26,Tierra,redimida
1695,Douglas Sanchez,Pereza,5,1989-07-31,Inframundo,en proceso de tortura
1696,Grace Yates,Ira,44,1878-02-12,Pandemonium,activa
1697,Jacob Snyder,Pereza,80,1838-02-27,Sector 7G,activa
1698,Christopher Cummings,Pereza,29,1922-08-28,Abismo,redimida
1699,Stuart Espinoza,Pereza,80,1915-07-15,Tierra,en proceso de tortura
1700,Mitchell Hunt,Avaricia,1,1934-03-19,Tierra,en proceso de tortura
1701,Mark Lawrence,Soberbia,48,1942-01-11,Pandemonium,activa
1702,Edwin Ramos,Envidia,82,1911-01-10,Tierra,redimida
1703,Lori Jackson,Soberbia,92,1837-11-08,Limbo,activa
1704,David Moon,Gula,7,1947-01-15,Inframundo,redimida
1705,Bailey Beck,Avaricia,37,1997-12-14,Inframundo,redimida
1706,Dr. Ashlee Thomas DVM,Gula,89,1891-12-17,Pandemonium,activa
1707,Elizabeth Wong,Envidia,69,1947-09-22,Limbo,en proceso de tortura
1708,Sarah Smith,Ira,44,1912-07-02,Sector 7G,redimida
1709,Cheryl Leonard,Avaricia,77,1921-03-01,Abismo,en proceso de tortura
1710,Jesse Young,Gula,2,1984-08-26,Pandemonium,activa
1711,Susan Richard,Envidia,94,1885-02-04,Sector 7G,activa
1712,Rachael Fisher,Avaricia,52,2005-11-09,Inframundo,activa
1713,Tina Goodman DDS,Gula,89,1874-02-13,Inframundo,activa
1714,Maria Rasmussen,Pereza,78,1966-08-29,Abismo,en proceso de tortura
1715,Joyce Wilson,Pereza,25,1972-06-12,Inframundo,redimida
1716,Brenda Wilson,Pereza,4,1840-12-10,Tierra,en proceso de tortura
1717,Tonya Nichols,Lujuria,75,1885-04-28,Tierra,activa
1718,Marcus Ramos,Lujuria,75,1928-08-25,Limbo,activa
1719,Curtis Yu,Gula,15,1974-09-14,Inframundo,en proceso de tortura
1720,Jenny Carter,Ira,89,1907-12-09,Pandemonium,en proceso de tortura
1721,Julian Phillips,Ira,82,1995-02-14,Tierra,en proceso de tortura
1722,Emily Allen,Gula,81,2003-12-28,Sector 7G,activa
1723,Paul Wilson,Lujuria,50,2009-09-08,Inframundo,activa
1724,Peter Wilson,Lujuria,20,1978-09-29,Sector 7G,redimida
1725,Diana Paul,Avaricia,4,1935-12-29,Inframundo,redimida
1726,Jennifer Brooks,Ira,60,1927-03-11,Limbo,activa
1727,Nathan Pittman,Ira,12,1871-09-09,Abismo,activa
1728,Briana Shea,Pereza,79,1949-05-28,Abismo,redimida
1729,Jeffrey Fleming,Ira,97,1973-11-05,Sector 7G,redimida
1730,Cynthia Thomas DDS,Envidia,36,2006-05-30,Inframundo,en proceso de tortura
1731,Jill Quinn,Envidia,51,1999-02-13,Limbo,redimida
1732,Stephen Richardson,Ira,27,1883-03-23,Sector 7G,en proceso de tortura
1733,Jeffrey Garcia,Pereza,5,1918-09-14,Abismo,en proceso de tortura
1734,Phillip Stephens,Avaricia,93,1951-12-27,Sector 7G,activa
1735,Amy King,Pereza,91,1893-06-11,Pandemonium,activa
1736,Jeremiah Nelson,Gula,44,1908-05-23,Abismo,en proceso de tortura
1737,Alejandro Rodriguez,Pereza,68,1918-09-08,Inframundo,en proceso de tortura
1738,Daniel Gordon,Pereza,20,1959-07-27,Tierra,redimida
1739,David Santos,Avaricia,70,2004-01-03,Inframundo,activa
1740,Billy Moses,Lujuria,33,1833-03-28,Tierra,activa
1741,Joyce Summers,Avaricia,72,1915-11-18,Pandemonium,en proceso de tortura
1742,Anne Morrow,Avaricia,81,1925-11-30,Tierra,redimida
1743,Lauren Davis,Ira,43,1941-07-25,Tierra,redimida
1744,Eric Vaughan,Pereza,66,1953-03-27,Inframundo,activa
1745,Jennifer Young,Gula,32,1923-12-01,Pandemonium,en proceso de tortura
1746,Daniel Byrd,Gula,3,1946-05-07,Inframundo,activa
1747,Laura Campbell,Gula,69,1946-02-26,Limbo,activa
1748,Paul Macias,Soberbia,100,1941-03-17,Sector 7G,activa
1749,Patricia Martin,Pereza,63,1942-09-08,Abismo,redimida
1750,Robert Rhodes,Lujuria,85,2000-12-15,Inframundo,redimida
1751,Anthony Watts,Pereza,36,1882-12-22,Abismo,redimida
1752,Traci Keller,Pereza,88,1829-11-23,Pandemonium,en proceso de tortura
1753,Jason Harris,Pereza,10,1927-10-09,Inframundo,activa
1754,John Dunn,Lujuria,47,1966-08-26,Abismo,redimida
1755,Adam Page,Soberbia,60,2003-06-19,Abismo,redimida
1756,Sarah Wright,Gula,13,1922-09-25,Pandemonium,activa
1757,Alexander Taylor,Envidia,19,1930-10-04,Abismo,en proceso de tortura
1758,Stephen Compton,Avaricia,33,2002-04-10,Pandemonium,redimida
1759,Janet Francis,Pereza,69,1901-08-28,Abismo,redimida
1760,Erica Baker,Avaricia,84,1966-07-21,Limbo,en proceso de tortura
1761,Susan Pitts,Pereza,50,1841-02-04,Tierra,en proceso de tortura
1762,Daniel Caldwell,Ira,56,1987-04-27,Limbo,redimida
1763,Sarah Luna,Ira,18,1900-10-21,Inframundo,activa
1764,Elizabeth Johnson,Gula,35,1932-10-20,Inframundo,activa
1765,Brendan Price MD,Pereza,21,2009-10-12,Abismo,redimida
1766,James Campbell,Pereza,91,1878-11-20,Tierra,redimida
1767,James Parker,Ira,57,1908-04-10,Tierra,en proceso de tortura
1768,Robert White,Soberbia,95,1885-03-25,Tierra,redimida
1769,Brian Berg,Soberbia,55,2006-05-26,Sector 7G,activa
1770,Virginia Ellison,Pereza,77,1980-05-18,Abismo,en proceso de tortura
1771,Laurie Duncan,Pereza,38,1861-09-15,Sector 7G,activa
1772,Crystal Wells,Ira,49,2008-04-09,Inframundo,activa
1773,Dawn Santana,Soberbia,33,1943-07-16,Inframundo,activa
1774,Joann Tucker,Avaricia,6,1994-06-21,Tierra,activa
1775,Joshua Foster,Envidia,50,1864-07-13,Pandemonium,redimida
1776,Cheryl Turner,Soberbia,12,1937-09-19,Sector 7G,activa
1777,Michael Bender,Envidia,74,1893-09-25,Abismo,en proceso de tortura
1778,Raymond Morales,Pereza,27,1838-04-22,Limbo,activa
1779,Donald Petersen,Avaricia,59,1916-08-06,Limbo,redimida
1780,Bradley Buckley,Soberbia,40,1996-01-21,Pandemonium,redimida
1781,Glen Howell,Ira,39,1970-01-05,Pandemonium,en proceso de tortura
1782,Kathryn Blevins,Pereza,55,1978-06-26,Inframundo,en proceso de tortura
1783,Jason Cortez,Envidia,57,2010-02-06,Abismo,activa
1784,Edward Ryan,Pereza,65,1984-11-25,Abismo,redimida
1785,Joshua Guzman,Ira,44,1887-04-25,Sector 7G,redimida
1786,April Richards,Envidia,23,1856-12-08,Pandemonium,redimida
1787,Jessica Townsend,Ira,31,1953-04-14,Pandemonium,en proceso de tortura
1788,Shawn Wright,Lujuria,83,2003-12-28,Limbo,en proceso de tortura
1789,John Morgan,Soberbia,43,1970-10-05,Abismo,activa
1790,Leslie Evans,Pereza,90,1985-10-14,Inframundo,redimida
1791,Kenneth Wagner,Gula,27,1947-12-29,Sector 7G,en proceso de tortura
1792,Rachel Ramos,Lujuria,5,1974-04-19,Inframundo,activa
1793,Brian Ingram,Pereza,50,1896-06-17,Abismo,redimida
1794,Daniel Smith,Ira,10,2010-07-27,Tierra,en proceso de tortura
1795,Valerie Santos,Pereza,47,1923-07-05,Pandemonium,en proceso de tortura
1796,Johnny Brooks,Pereza,52,1826-01-06,Sector 7G,en proceso de tortura
1797,Daniel Hoffman,Ira,33,1906-03-10,Abismo,redimida
1798,Melanie Rodriguez,Lujuria,1,1922-05-17,Inframundo,redimida
1799,Wendy Wood,Avaricia,10,2018-09-10,Abismo,redimida
1800,Daniel Turner,Pereza,73,1888-06-29,Inframundo,activa
1801,Julie Becker,Soberbia,79,2022-07-21,Sector 7G,en proceso de tortura
1802,Andrea Robinson,Avaricia,66,1995-08-10,Inframundo,activa
1803,Dr. Jason Andrews,Gula,54,1851-02-14,Limbo,activa
1804,Sara Bowen,Gula,2,1883-03-26,Abismo,activa
1805,Michael Mcdonald,Lujuria,70,2018-07-30,Tierra,activa
1806,Sean Levine,Gula,10,1897-05-27,Inframundo,redimida
1807,Alexandra Gray,Gula,72,1860-07-07,Pandemonium,redimida
1808,Angela Taylor,Avaricia,5,1915-11-21,Pandemonium,redimida
1809,Patricia Stout MD,Ira,82,1827-09-28,Abismo,activa
1810,Andrew Dunn,Gula,95,1837-02-27,Limbo,en proceso de tortura
1811,Stephanie Murphy,Lujuria,94,1910-11-24,Abismo,en proceso de tortura
1812,Dakota Todd,Envidia,29,1920-05-26,Limbo,activa
1813,Jamie Henderson,Avaricia,43,1876-03-07,Sector 7G,en proceso de tortura
1814,Christopher Turner,Soberbia,50,1905-11-23,Tierra,en proceso de tortura
1815,William Travis,Gula,60,1845-03-07,Sector 7G,en proceso de tortura
1816,John Small,Gula,5,1837-11-14,Tierra,activa
1817,Christopher Garcia,Soberbia,98,2008-12-30,Limbo,redimida
1818,Robert Valdez,Soberbia,80,1961-04-04,Limbo,en proceso de tortura
1819,Joanne Cunningham,Lujuria,76,1828-03-10,Limbo,redimida
1820,Joel Lee,Gula,71,2013-10-10,Sector 7G,activa
1821,David Torres,Lujuria,46,2017-11-16,Inframundo,activa
1822,Michele Owens,Soberbia,8,1957-08-26,Tierra,en proceso de tortura
1823,Janet King,Lujuria,64,1858-10-17,Limbo,redimida
1824,Connie Yu,Gula,72,2005-11-19,Inframundo,activa
1825,Jennifer Miller,Ira,3,1926-03-30,Limbo,redimida
1826,Andrew Webb,Envidia,96,1899-09-29,Tierra,activa
1827,Mario Conner,Pereza,53,2020-12-27,Tierra,redimida
1828,Diana Morrison,Pereza,29,1868-02-03,Tierra,en proceso de tortura
1829,Barbara Stephens MD,Envidia,14,1995-10-27,Limbo,en proceso de tortura
1830,Regina Harris,Lujuria,53,1906-01-28,Sector 7G,en proceso de tortura
1831,Christopher Williams,Pereza,4,2020-12-27,Pandemonium,redimida
1832,Derek Hughes,Envidia,50,1870-05-01,Inframundo,redimida
1833,Melissa Richards,Envidia,63,1970-12-24,Pandemonium,en proceso de tortura
1834,Michael Sutton,Soberbia,75,2010-01-31,Tierra,redimida
1835,Kristina Torres,Envidia,75,1853-03-23,Inframundo,en proceso de tortura
1836,Elizabeth Miller,Lujuria,75,1844-11-16,Sector 7G,redimida
1837,Heather Wagner,Soberbia,63,2012-12-26,Pandemonium,redimida
1838,Katie Bruce,Envidia,84,1936-06-25,Limbo,en proceso de tortura
1839,Ryan Hampton,Pereza,99,1878-02-22,Pandemonium,en proceso de tortura
1840,Jeremy Cochran,Gula,54,1883-02-19,Pandemonium,en proceso de tortura
1841,Melissa Burnett,Ira,50,1916-09-02,Abismo,en proceso de tortura
1842,Tammy Jacobs,Envidia,50,1937-01-09,Limbo,activa
1843,Gregory Williams,Soberbia,10,2022-10-01,Tierra,redimida
1844,Jennifer Mejia,Pereza,53,1847-07-14,Tierra,redimida
1845,Jeffrey Shepard,Avaricia,2,1930-09-21,Tierra,redimida
1846,Nancy Brown,Avaricia,80,1967-10-23,Inframundo,activa
1847,Kevin Underwood,Pereza,24,1937-08-09,Limbo,activa
1848,Patricia King,Pereza,65,2011-03-15,Tierra,redimida
1849,Jennifer Adams,Pereza,9,1903-09-07,Sector 7G,redimida
1850,Beverly Ayala,Avaricia,46,1959-02-24,Abismo,activa
1851,Brooke Schmidt,Ira,60,1898-08-24,Sector 7G,en proceso de tortura
1852,Jose Kirby,Lujuria,76,2004-12-09,Limbo,en proceso de tortura
1853,Michael Harris,Gula,33,1922-07-06,Abismo,activa
1854,Christina Jensen,Envidia,63,1912-08-19,Limbo,redimida
1855,Daniel Yoder,Pereza,92,1928-03-24,Pandemonium,activa
1856,Ms. Morgan Bush,Avaricia,49,1958-05-03,Tierra,en proceso de tortura
1857,Traci Scott,Gula,47,1877-07-05,Pandemonium,redimida
1858,Adam Long,Pereza,17,1859-07-07,Limbo,activa
1859,Richard Harper,Avaricia,15,1895-06-07,Pandemonium,activa
1860,Natasha Barry,Ira,89,2003-12-28,Abismo,activa
1861,Amanda Doyle,Avaricia,75,1996-12-31,Limbo,en proceso de tortura
1862,Norman Davis III,Pereza,40,2017-12-29,Limbo,activa
1863,Mr. Anthony Lee DDS,Lujuria,89,2003-05-03,Pandemonium,activa
1864,Nicole Andrews,Envidia,51,1888-08-27,Pandemonium,redimida
1865,Tracy Bell,Lujuria,9,1884-12-08,Tierra,activa
1866,Joshua Crawford,Ira,9,1929-05-23,Inframundo,en proceso de tortura
1867,Barbara Suarez,Soberbia,8,1889-04-25,Sector 7G,activa
1868,John Murray,Envidia,58,1908-12-30,Inframundo,en proceso de tortura
1869,Jordan Hines,Envidia,7,1852-07-11,Inframundo,en proceso de tortura
1870,Kevin Murphy,Soberbia,88,2009-03-18,Limbo,activa
1871,Jacob Dalton,Ira,19,1846-07-17,Inframundo,activa
1872,Julie Stanley,Avaricia,50,1827-08-06,Abismo,redimida
1873,Jared Smith,Lujuria,23,1928-01-12,Tierra,activa
1874,Nathan Davis,Envidia,84,2003-12-28,Limbo,activa
1875,Scott Orozco,Ira,97,1920-05-10,Pandemonium,activa
1876,Scott Hodge,Pereza,62,1946-04-25,Abismo,en proceso de tortura
1877,Audrey Sanchez,Gula,26,1842-11-22,Sector 7G,activa
1878,Andrea Brown,Avaricia,46,1883-03-02,Pandemonium,activa
1879,Victoria Everett,Envidia,78,1886-11-26,Inframundo,en proceso de tortura
1880,Jay Salazar,Gula,30,1925-09-17,Tierra,redimida
1881,Brian Elliott,Envidia,85,1973-05-16,Sector 7G,redimida
1882,Christian Walter,Soberbia,17,1890-06-12,Sector 7G,activa
1883,Jessica Bender,Pereza,12,1873-02-01,Pandemonium,activa
1884,Chad Nelson,Gula,6,2014-06-09,Inframundo,en proceso de tortura
1885,Paul West,Envidia,10,1903-03-10,Abismo,activa
1886,Rachel Ruiz,Soberbia,85,1999-10-26,Tierra,redimida
1887,Eric Kelly,Gula,95,1939-12-13,Limbo,en proceso de tortura
1888,Traci Webster,Pereza,36,2016-10-18,Abismo,redimida
1889,Andrea Mcintyre,Ira,61,1937-07-06,Sector 7G,en proceso de tortura
1890,Kevin Thompson,Gula,71,1892-10-23,Inframundo,activa
1891,Donna Martinez,Pereza,55,1920-08-06,Tierra,redimida
1892,Jodi Austin,Avaricia,63,1912-08-28,Limbo,activa
1893,Bradley Hall,Soberbia,13,1954-04-23,Limbo,activa
1894,Betty Burke,Gula,44,1905-04-01,Pandemonium,redimida
1895,Nancy Jordan,Ira,97,1998-02-18,Limbo,redimida
1896,Ryan Wilson,Gula,41,1846-01-02,Abismo,activa
1897,Sabrina Hicks,Gula,8,1865-12-02,Inframundo,redimida
1898,Curtis Hawkins,Soberbia,34,1953-04-23,Abismo,redimida
1899,James Carr,Soberbia,17,1928-11-19,Inframundo,activa
1900,Susan Melendez,Envidia,87,1853-04-28,Tierra,activa
1901,Mary Harvey,Gula,88,2022-12-24,Inframundo,activa
1902,Jamie Lawrence,Pereza,100,1933-08-15,Abismo,redimida
1903,Benjamin Perez,Ira,95,1847-07-20,Abismo,redimida
1904,Kelsey Owens,Lujuria,62,2002-12-24,Sector 7G,en proceso de tortura
1905,Jason Turner,Lujuria,38,2009-11-18,Tierra,en proceso de tortura
1906,Jessica Rodriguez,Lujuria,83,1828-02-09,Sector 7G,activa
1907,Amy Peterson,Soberbia,99,1971-03-03,Sector 7G,en proceso de tortura
1908,Cindy Wright,Pereza,42,1979-07-29,Pandemonium,en proceso de tortura
1909,Timothy Novak,Soberbia,50,2017-07-28,Abismo,en proceso de tortura
1910,Robert Murphy,Gula,51,1953-06-06,Inframundo,redimida
1911,Jamie Patton,Ira,50,1868-09-26,Tierra,redimida
1912,Pamela Gill,Envidia,6,1928-02-14,Pandemonium,activa
1913,Kathleen Carter,Pereza,25,1991-12-18,Pandemonium,redimida
1914,Holly Jones,Pereza,98,1899-01-25,Inframundo,en proceso de tortura
1915,Jeremy Ortiz,Pereza,50,1884-01-28,Sector 7G,en proceso de tortura
1916,Richard Ward,Soberbia,74,1967-07-02,Inframundo,redimida
1917,Jennifer Chang,Lujuria,45,1993-01-13,Tierra,redimida
1918,Richard Garcia,Ira,68,1964-07-10,Pandemonium,en proceso de tortura
1919,James Chavez,Envidia,86,1849-12-13,Abismo,en proceso de tortura
1920,Tammy Robles,Lujuria,68,2022-04-16,Abismo,en proceso de tortura
1921,Donna Watson,Envidia,58,1954-06-20,Sector 7G,activa
1922,Sarah Werner,Ira,55,1986-01-19,Inframundo,en proceso de tortura
1923,Sean King,Pereza,15,1862-07-08,Tierra,redimida
1924,Jermaine Chan,Pereza,15,1895-03-07,Abismo,en proceso de tortura
1925,Lawrence Baker,Soberbia,26,1964-08-10,Abismo,redimida
1926,Mr. Richard Adkins,Gula,89,1880-10-24,Inframundo,activa
1927,Veronica Wright,Avaricia,89,2016-09-17,Pandemonium,redimida
1928,Ronald Bush,Avaricia,59,1851-10-30,Pandemonium,redimida
1929,Erica Anderson MD,Envidia,35,1860-07-06,Limbo,en proceso de tortura
1930,Kelly Knight,Gula,4,1954-05-09,Limbo,en proceso de tortura
1931,Susan Dunn,Avaricia,14,1846-11-09,Abismo,en proceso de tortura
1932,Nicole Grimes,Lujuria,89,1861-02-22,Abismo,activa
1933,Mikayla Thomas,Lujuria,64,1844-05-30,Sector 7G,en proceso de tortura
1934,Robert Carter,Pereza,52,1922-03-24,Inframundo,en proceso de tortura
1935,Anne Gonzalez,Ira,28,1967-07-09,Pandemonium,en proceso de tortura
1936,Anthony Oliver,Envidia,19,1970-09-12,Pandemonium,redimida
1937,Daniel Mitchell,Avaricia,17,1952-09-23,Inframundo,activa
1938,Peter Sawyer,Gula,26,1892-06-10,Abismo,activa
1939,Steven Williams,Pereza,12,1847-09-27,Tierra,redimida
1940,Reginald Mccarthy,Lujuria,32,1922-02-12,Sector 7G,en proceso de tortura
1941,Zachary Delgado,Avaricia,45,1928-12-12,Sector 7G,redimida
1942,Katrina Koch,Pereza,100,2008-05-02,Sector 7G,redimida
1943,Dr. Eric Beasley Jr.,Gula,62,1846-01-27,Tierra,en proceso de tortura
1944,Norma Chen,Pereza,33,1867-10-05,Pandemonium,redimida
1945,Melissa Miller,Ira,83,1963-04-06,Pandemonium,activa
1946,Mr. Joseph Reese,Avaricia,23,1857-04-28,Tierra,activa
1947,Courtney Villanueva,Avaricia,58,1849-03-22,Inframundo,en proceso de tortura
1948,Ryan Hull,Pereza,36,2021-05-04,Tierra,redimida
1949,Anne King,Soberbia,83,1827-11-27,Abismo,activa
1950,John Martin,Avaricia,89,1869-01-06,Abismo,en proceso de tortura
1951,Deborah Perry,Ira,36,1916-02-01,Sector 7G,activa
1952,Tammy Johnson,Lujuria,88,1915-09-23,Abismo,en proceso de tortura
1953,Larry Bonilla,Gula,88,1929-05-01,Sector 7G,redimida
1954,Mark Cunningham,Soberbia,80,1892-04-08,Limbo,redimida
1955,Caitlin Holloway,Ira,4,1850-11-02,Abismo,activa
1956,Suzanne Harris,Envidia,7,1986-05-20,Inframundo,en proceso de tortura
1957,Martin Gilmore,Envidia,11,2011-07-08,Abismo,redimida
1958,Shannon Sims,Lujuria,20,1991-02-11,Tierra,activa
1959,Elizabeth Miller,Envidia,72,2007-03-26,Inframundo,en proceso de tortura
1960,Anne Jordan DDS,Ira,27,1877-06-02,Sector 7G,activa
1961,Michael Thompson,Avaricia,94,1980-03-17,Abismo,activa
1962,Daniel Jarvis,Ira,50,1870-09-01,Limbo,en proceso de tortura
1963,Joel Christensen,Soberbia,0,1854-09-19,Tierra,activa
1964,Alexandra Wheeler,Ira,61,1856-05-30,Abismo,activa
1965,Daniel Davila,Ira,6,1925-01-21,Pandemonium,en proceso de tortura
1966,Travis Wilkinson,Soberbia,64,1976-06-27,Tierra,redimida
1967,Mark Myers,Soberbia,82,1952-08-02,Limbo,activa
1968,Vincent Murray,Pereza,6,1971-01-15,Abismo,redimida
1969,Julia Sullivan,Ira,79,1961-10-21,Inframundo,activa
1970,Rebecca Vargas,Soberbia,49,1892-07-23,Pandemonium,activa
1971,Robert Mcdonald,Soberbia,57,1979-10-14,Limbo,activa
1972,Judith Alexander,Envidia,83,2019-10-21,Limbo,activa
1973,Travis Jones,Avaricia,87,1950-03-17,Inframundo,redimida
1974,Kiara Morgan,Pereza,37,1881-05-09,Tierra,en proceso de tortura
1975,Chloe Ward,Soberbia,44,1861-06-06,Limbo,en proceso de tortura
1976,Ashley Smith,Soberbia,36,1977-03-21,Pandemonium,activa
1977,Roberto Dunn,Avaricia,45,1904-05-05,Abismo,activa
1978,Nancy Smith,Avaricia,33,1952-05-05,Sector 7G,redimida
1979,Regina Jimenez,Pereza,50,1997-05-05,Limbo,en proceso de tortura
1980,Kimberly Brown,Pereza,38,1995-01-02,Pandemonium,en proceso de tortura
1981,Allison Waters,Envidia,31,1888-08-04,Pandemonium,en proceso de tortura
1982,Mary Downs,Lujuria,79,2020-02-13,Inframundo,redimida
1983,Charles Lozano,Avaricia,55,2024-07-27,Inframundo,redimida
1984,Mia Estes,Lujuria,59,1876-03-26,Pandemonium,redimida
1985,Susan Rich,Soberbia,45,1993-05-18,Inframundo,redimida
1986,Anthony Arellano,Soberbia,86,2002-03-24,Pandemonium,activa
1987,Daniel Phillips,Avaricia,12,1938-02-05,Limbo,activa
1988,Jeffrey Chavez,Soberbia,76,1883-12-09,Limbo,en proceso de tortura
1989,Brandi Summers,Avaricia,88,1845-07-04,Inframundo,activa
1990,Theresa Mosley,Envidia,89,1836-04-11,Abismo,activa
1991,Rachel Schroeder,Pereza,5,2023-02-28,Pandemonium,activa
1992,Brittany Miller,Lujuria,1,2006-08-19,Sector 7G,redimida
1993,Karen Ward,Gula,10,1953-05-11,Pandemonium,redimida
1994,Joseph Anderson,Avaricia,54,1892-05-07,Sector 7G,redimida
1995,Derek Garcia,Gula,67,1895-03-07,Limbo,activa
1996,Daniel Sanders,Gula,57,1870-07-31,Tierra,activa
1997,Kathleen Roberts,Soberbia,44,1908-07-20,Tierra,en proceso de tortura
1998,Sarah Lyons,Avaricia,51,1902-04-27,Abismo,en proceso de tortura
1999,Johnathan Kelly,Lujuria,68,1929-04-29,Inframundo,redimida
2000,Nicole Beck,Avaricia,41,2006-04-08,Inframundo,en proceso de tortura
2001,Ashley Lopez,Gula,41,2003-12-28,Sector 7G,activa
2002,Terry Hill,Soberbia,75,1986-08-29,Inframundo,en proceso de tortura
2003,Michael Hernandez,Envidia,40,1925-02-18,Sector 7G,redimida
2004,Matthew Wiggins,Lujuria,63,1900-01-28,Abismo,en proceso de tortura
2005,Alexis Andersen,Gula,91,1932-08-12,Sector 7G,activa
2006,Rachel Nelson,Pereza,76,1853-03-08,Abismo,en proceso de tortura
2007,Karen King,Pereza,49,1883-12-21,Sector 7G,redimida
2008,Randy Walker,Ira,66,1947-12-08,Pandemonium,activa
2009,Kim Parker,Lujuria,79,2017-02-03,Tierra,activa
2010,Kristina Nicholson,Gula,68,1826-03-06,Tierra,activa
2011,Kelly Austin,Envidia,29,1829-12-27,Pandemonium,activa
2012,Roberta Sherman,Ira,3,2023-01-10,Sector 7G,en proceso de tortura
2013,Victoria Camacho,Avaricia,67,1900-03-03,Pandemonium,en proceso de tortura
2014,Miranda Lopez,Lujuria,48,1845-03-24,Pandemonium,en proceso de tortura
2015,Anthony Berg,Ira,71,2025-07-30,Inframundo,activa
2016,Sarah Carter,Gula,85,1898-11-03,Sector 7G,en proceso de tortura
2017,Jesse Hernandez,Gula,89,2007-01-26,Pandemonium,en proceso de tortura
2018,Kelly Hurley,Lujuria,10,1873-12-22,Inframundo,redimida
2019,Rose Lopez,Lujuria,63,1948-09-07,Pandemonium,en proceso de tortura
2020,Regina Cherry,Pereza,5,2009-03-21,Sector 7G,activa
2021,Kimberly Johnson,Lujuria,28,1832-04-17,Pandemonium,activa
2022,Carla Hayes,Envidia,99,1969-10-22,Pandemonium,activa
2023,Jared Martinez,Lujuria,97,1834-01-22,Tierra,activa
2024,Jeffrey Myers,Pereza,60,1838-02-15,Limbo,redimida
2025,Jane Calderon,Pereza,71,1978-12-22,Inframundo,en proceso de tortura
2026,David Garcia,Lujuria,92,1831-12-06,Abismo,activa
2027,Renee Howard,Lujuria,58,2020-05-31,Limbo,en proceso de tortura
2028,Amanda Parker DDS,Pereza,71,1943-05-03,Sector 7G,redimida
2029,Paul Fowler,Lujuria,67,1868-10-31,Limbo,en proceso de tortura
2030,Monica Cruz,Gula,19,1872-11-12,Pandemonium,en proceso de tortura
2031,Brandon Anderson,Pereza,55,1909-10-17,Sector 7G,activa
2032,Megan Romero,Envidia,63,1909-10-25,Tierra,activa
2033,Daniel Bush,Avaricia,64,1930-09-25,Limbo,activa
2034,Edward Johnson,Lujuria,11,1891-08-11,Inframundo,activa
2035,Jason Lee,Ira,25,1921-10-28,Sector 7G,en proceso de tortura
2036,Marissa Keith MD,Envidia,50,2008-10-13,Abismo,activa
2037,Margaret Norton,Ira,17,2006-03-29,Tierra,redimida
2038,Brady Greene DVM,Gula,49,2003-10-22,Abismo,redimida
2039,Morgan Jones,Envidia,49,2002-09-18,Sector 7G,activa
2040,Alexis Campbell,Soberbia,2,1947-01-03,Sector 7G,redimida
2041,Jason Peterson,Envidia,15,1961-09-16,Pandemonium,en proceso de tortura
2042,John Brown,Gula,48,1904-12-04,Inframundo,redimida
2043,John Taylor,Soberbia,47,1984-11-06,Limbo,activa
2044,Luis Young,Pereza,99,1964-07-16,Sector 7G,redimida
2045,Frank Gonzalez,Avaricia,93,1982-07-11,Pandemonium,en proceso de tortura
2046,Ashley Murray,Soberbia,47,1856-11-25,Tierra,activa
2047,Sheila Williams,Avaricia,76,1980-11-09,Pandemonium,activa
2048,Brittany Bryant,Gula,70,1959-08-03,Limbo,activa
2049,Brad Harris,Envidia,50,1972-03-06,Sector 7G,redimida
2050,Jesse Reyes,Soberbia,46,1846-01-20,Abismo,redimida
2051,Andrew Richard,Pereza,90,1831-10-22,Limbo,redimida
2052,Ethan White,Ira,97,1935-12-25,Sector 7G,redimida
2053,Jennifer Mcclure,Soberbia,79,1960-02-28,Inframundo,redimida
2054,Christine Mitchell,Gula,75,1926-10-29,Tierra,activa
2055,Mark Lang,Gula,40,1967-02-04,Inframundo,activa
2056,Jonathan Jefferson,Envidia,93,2022-10-24,Inframundo,redimida
2057,Suzanne Johnson,Ira,68,1918-05-27,Pandemonium,activa
2058,Jasmin Ortiz,Envidia,16,1903-06-13,Abismo,activa
2059,Collin Bates,Avaricia,10,1926-10-26,Pandemonium,en proceso de tortura
2060,Tracy Cummings,Gula,12,1932-10-17,Tierra,activa
2061,Kayla Park,Gula,89,1917-07-24,Abismo,redimida
2062,John Lee,Gula,22,1910-06-04,Pandemonium,redimida
2063,Ann Hill,Lujuria,29,1848-10-25,Tierra,activa
2064,Samantha Mendoza,Envidia,69,1835-04-27,Limbo,redimida
2065,Emily Bradley,Envidia,5,1953-01-23,Abismo,redimida
2066,Daniel Cooper,Gula,1,1917-05-01,Pandemonium,en proceso de tortura
2067,James Ramirez,Envidia,91,1865-05-19,Abismo,redimida
2068,Angela Rice,Ira,64,1923-11-10,Limbo,en proceso de tortura
2069,Sergio Martinez,Envidia,52,1863-01-03,Sector 7G,activa
2070,Tristan Murphy,Avaricia,72,2015-03-21,Tierra,activa
2071,Lisa Green,Envidia,63,1834-08-27,Inframundo,redimida
2072,Suzanne Mora,Ira,43,1842-10-21,Inframundo,en proceso de tortura
2073,James Berry,Soberbia,37,1889-12-13,Limbo,redimida
2074,Lisa Lewis,Avaricia,74,2000-08-26,Sector 7G,en proceso de tortura
2075,Jennifer Ayala,Lujuria,66,1985-01-31,Limbo,redimida
2076,Christopher Holmes,Soberbia,54,1941-10-02,Pandemonium,redimida
2077,William Hoffman,Pereza,27,1913-11-30,Tierra,activa
2078,Kelly Rodriguez,Pereza,1,1944-09-02,Sector 7G,en proceso de tortura
2079,Jonathan Holland,Envidia,66,1986-02-12,Tierra,activa
2080,Dr. Amy Gonzalez,Envidia,98,1938-02-11,Inframundo,activa
2081,Blake Hess,Soberbia,58,1991-06-16,Inframundo,en proceso de tortura
2082,Cathy Stewart,Pereza,78,1919-04-01,Tierra,activa
2083,Derek Pace,Pereza,41,1973-11-22,Inframundo,activa
2084,Brian Cruz,Lujuria,80,1916-03-21,Sector 7G,activa
2085,Destiny Wagner,Soberbia,79,1994-08-22,Limbo,redimida
2086,Michael Santiago,Pereza,22,1913-08-05,Abismo,en proceso de tortura
2087,Courtney Mitchell,Soberbia,54,1978-07-29,Limbo,redimida
2088,Richard Taylor,Avaricia,76,1903-08-07,Abismo,redimida
2089,Nicole Kaiser,Avaricia,61,1965-01-03,Pandemonium,redimida
2090,Jennifer Warren,Lujuria,23,1951-05-01,Sector 7G,redimida
2091,Kristin Klein,Avaricia,66,2011-09-09,Limbo,redimida
2092,Rodney Brown,Envidia,65,1838-02-24,Limbo,en proceso de tortura
2093,Joanne Garrett,Envidia,80,1890-12-20,Limbo,redimida
2094,Meghan Barker,Gula,75,1826-11-14,Tierra,activa
2095,Dustin Johnson,Lujuria,18,1998-08-28,Abismo,redimida
2096,Robert Thomas,Pereza,41,1913-05-27,Tierra,activa
2097,Michael Benson,Pereza,65,1976-06-06,Abismo,activa
2098,Paul Johnson,Avaricia,56,1999-02-15,Tierra,activa
2099,James Weber,Gula,78,1905-04-12,Inframundo,activa
2100,Anita Jackson,Gula,58,1867-04-03,Sector 7G,activa
2101,John Garcia,Soberbia,61,1964-10-23,Pandemonium,activa
2102,Brian Hudson,Lujuria,12,1951-06-01,Tierra,en proceso de tortura
2103,Jason Ruiz,Lujuria,28,1828-12-24,Pandemonium,redimida
2104,Jennifer Schneider,Avaricia,37,1826-10-09,Tierra,redimida
2105,Eric Goodman,Envidia,12,1878-09-03,Sector 7G,activa
2106,Diane Hernandez,Avaricia,33,1928-11-17,Pandemonium,redimida
2107,Samuel Martinez,Gula,61,2003-12-28,Abismo,activa
2108,Reginald Warren,Soberbia,55,1845-04-21,Abismo,activa
2109,Anthony Williams,Pereza,38,1952-10-19,Inframundo,redimida
2110,Tyler Wallace,Avaricia,78,1934-08-16,Sector 7G,redimida
2111,Julie Johnson,Ira,76,1837-11-29,Limbo,activa
2112,Jose Clark,Ira,44,1870-03-14,Sector 7G,activa
2113,Jacob Howell,Envidia,66,1842-06-16,Tierra,redimida
2114,Alicia Davis,Pereza,11,2017-08-27,Sector 7G,en proceso de tortura
2115,Katrina Burch,Avaricia,22,1947-02-12,Limbo,en proceso de tortura
2116,Kristy Burgess,Envidia,82,1953-04-17,Inframundo,redimida
2117,Jessica Good MD,Avaricia,8,2012-11-22,Sector 7G,en proceso de tortura
2118,Robin Duncan,Soberbia,93,1837-07-30,Sector 7G,redimida
2119,Eric Becker,Avaricia,27,1905-05-31,Limbo,redimida
2120,Allison Pena,Pereza,66,1942-03-22,Pandemonium,activa
2121,Sandra Hall,Ira,50,1857-03-24,Abismo,activa
2122,Amy Todd,Avaricia,58,2025-09-20,Tierra,activa
2123,William Martinez,Ira,73,1846-05-24,Abismo,redimida
2124,Jennifer Villegas,Lujuria,48,2002-06-06,Inframundo,activa
2125,Mr. Brandon Jones DVM,Lujuria,78,2015-09-25,Abismo,activa
2126,Dawn Durham,Avaricia,94,1940-03-21,Sector 7G,en proceso de tortura
2127,Michele Moore,Gula,62,1963-06-02,Sector 7G,en proceso de tortura
2128,Luis King,Lujuria,83,1903-09-18,Limbo,activa
2129,Garrett Patterson,Pereza,4,1836-09-25,Abismo,activa
2130,Natasha Simpson DDS,Avaricia,54,1960-05-15,Pandemonium,activa
2131,Amanda Murphy,Lujuria,21,1837-04-19,Limbo,redimida
2132,Jesse Jones,Lujuria,80,1965-01-18,Inframundo,redimida
2133,Russell Ellison,Lujuria,59,1876-11-30,Sector 7G,activa
2134,Caleb Berry,Pereza,49,2003-12-28,Inframundo,en proceso de tortura
2135,Alison Long,Ira,14,1900-11-22,Abismo,redimida
2136,Scott Price,Pereza,17,2010-10-19,Sector 7G,en proceso de tortura
2137,Julia Alvarado,Ira,23,1943-08-10,Tierra,activa
2138,Kevin Jones,Ira,97,1850-07-04,Pandemonium,en proceso de tortura
2139,Yolanda Brown,Ira,17,1848-11-22,Limbo,redimida
2140,Steven Welch,Ira,13,1847-07-19,Sector 7G,activa
2141,Gina Greene,Pereza,99,1983-07-18,Limbo,redimida
2142,Holly Russell,Ira,82,2019-06-30,Abismo,activa
2143,Maria Travis,Gula,50,1842-01-19,Pandemonium,redimida
2144,Vanessa Bailey,Gula,29,1982-01-17,Limbo,en proceso de tortura
2145,Jason Brown,Lujuria,5,2025-07-26,Tierra,en proceso de tortura
2146,Breanna Hudson,Lujuria,11,1985-08-10,Abismo,redimida
2147,Denise Alvarez,Pereza,33,1850-12-28,Sector 7G,activa
2148,Meghan Johnson,Soberbia,57,1904-04-17,Tierra,redimida
2149,Amy Christensen,Pereza,84,1900-01-31,Tierra,redimida
2150,Heather Burton,Lujuria,4,1944-03-31,Pandemonium,redimida
2151,Jermaine Robinson,Soberbia,39,2017-10-28,Tierra,redimida
2152,Brad Turner,Soberbia,76,2004-04-09,Tierra,redimida
2153,Nicole Mason,Soberbia,32,1954-03-22,Limbo,redimida
2154,Angela Collins,Envidia,13,1968-10-21,Tierra,en proceso de tortura
2155,Jacob Williams,Pereza,1,1857-09-19,Sector 7G,redimida
2156,Dr. David Erickson Jr.,Ira,28,2017-09-26,Limbo,en proceso de tortura
2157,Jenna Waller,Ira,62,1890-10-06,Limbo,redimida
2158,Steven Ayers,Lujuria,87,1881-11-28,Tierra,en proceso de tortura
2159,Susan Smith,Pereza,8,1974-10-21,Sector 7G,en proceso de tortura
2160,Taylor Collins,Envidia,37,1925-02-07,Limbo,activa
2161,Joshua Davis,Lujuria,74,1856-09-11,Tierra,redimida
2162,Katie Perez,Pereza,39,1905-12-07,Abismo,redimida
2163,Cheryl Sullivan,Pereza,73,1899-02-03,Inframundo,activa
2164,Joe Hall,Soberbia,29,1885-04-14,Inframundo,activa
2165,Fernando Simmons,Avaricia,99,1835-10-09,Sector 7G,en proceso de tortura
2166,Cynthia Miller,Soberbia,70,1866-11-15,Pandemonium,redimida
2167,Kevin Cox,Pereza,58,1827-12-29,Tierra,en proceso de tortura
2168,Pamela Smith,Envidia,54,1972-11-19,Pandemonium,activa
2169,Austin Berger,Soberbia,82,2007-10-08,Limbo,en proceso de tortura
2170,Aaron Powell,Ira,22,1989-11-04,Limbo,redimida
2171,Gabrielle Bautista,Lujuria,28,1883-08-22,Inframundo,activa
2172,Alan Hess,Lujuria,72,1875-09-08,Abismo,activa
2173,Jeffrey Baird,Lujuria,81,1988-10-28,Abismo,redimida
2174,Beth Brock,Ira,3,1942-04-10,Abismo,activa
2175,Troy Stuart,Lujuria,98,1845-08-31,Tierra,activa
2176,Jeffrey Stevens,Envidia,76,2005-05-30,Sector 7G,activa
2177,Christopher Duran,Lujuria,66,1947-01-21,Limbo,redimida
2178,Jaime Sims,Avaricia,39,1898-01-30,Limbo,redimida
2179,Jordan Harding,Gula,2,1983-11-16,Tierra,redimida
2180,Mark Byrd,Envidia,79,1901-01-27,Sector 7G,activa
2181,Robert Davidson,Pereza,67,1896-02-25,Inframundo,redimida
2182,Christina Chambers,Lujuria,29,1931-11-13,Sector 7G,activa
2183,Lisa Aguirre,Pereza,34,1891-12-31,Tierra,redimida
2184,Ashley Carr,Lujuria,60,1860-10-27,Sector 7G,activa
2185,Rodney Burns,Soberbia,11,1957-02-21,Abismo,activa
2186,Eric Gardner,Avaricia,53,1868-10-12,Abismo,en proceso de tortura
2187,Jennifer Adams,Avaricia,99,1972-02-07,Sector 7G,activa
2188,Christopher Massey,Envidia,13,1997-05-30,Abismo,en proceso de tortura
2189,Mr. Steven Kelly,Gula,18,1934-04-11,Inframundo,activa
2190,Nancy Nichols,Gula,20,1996-06-11,Pandemonium,redimida
2191,Willie Pena,Envidia,29,1994-08-04,Abismo,en proceso de tortura
2192,Kevin Farmer,Gula,68,1898-12-03,Limbo,redimida
2193,Rebecca Flowers,Pereza,39,2007-02-10,Sector 7G,activa
2194,James Perez,Soberbia,82,1872-09-13,Tierra,en proceso de tortura
2195,Robert Knox,Avaricia,65,1897-10-10,Inframundo,activa
2196,Kimberly Harrison,Gula,86,1870-10-22,Limbo,activa
2197,Anthony Potter,Avaricia,7,1851-02-13,Pandemonium,redimida
2198,Amanda Herrera,Ira,86,1836-02-03,Abismo,en proceso de tortura
2199,Tara Abbott,Soberbia,94,1858-11-27,Abismo,activa
2200,Joan Brown,Envidia,47,1926-03-09,Inframundo,en proceso de tortura
2201,Catherine Jones,Lujuria,12,1908-05-06,Tierra,redimida
2202,Patrick Harris,Pereza,98,1931-05-25,Limbo,redimida
2203,James Tran,Soberbia,71,2010-05-21,Tierra,en proceso de tortura
2204,Charlene Johnson,Ira,85,1968-09-22,Limbo,activa
2205,Terri Johnson,Lujuria,63,1995-04-09,Inframundo,redimida
2206,Scott Rivera,Soberbia,75,1997-08-24,Inframundo,activa
2207,Mark Wallace,Pereza,17,1839-06-22,Abismo,activa
2208,Lori Green,Ira,6,1883-01-13,Limbo,activa
2209,James Santana,Pereza,23,1873-05-20,Abismo,redimida
2210,Kathryn Hanson,Pereza,7,1908-07-07,Abismo,activa
2211,Eric Zimmerman,Lujuria,92,1947-11-27,Inframundo,activa
2212,Travis Garcia,Avaricia,3,1890-01-06,Abismo,redimida
2213,Zachary Mejia,Envidia,41,1982-06-12,Limbo,activa
2214,Christopher West,Avaricia,13,1930-10-22,Inframundo,activa
2215,Robert Morgan,Avaricia,60,1983-06-19,Abismo,en proceso de tortura
2216,Jessica Spears,Soberbia,75,1941-01-26,Abismo,redimida
2217,James Alvarez,Lujuria,7,1838-02-09,Tierra,redimida
2218,John Kelly,Soberbia,40,1958-08-05,Abismo,en proceso de tortura
2219,Calvin Allen,Avaricia,4,1957-08-01,Pandemonium,activa
2220,Carla Simon,Lujuria,71,1970-11-12,Inframundo,activa
2221,Marilyn Johnson,Avaricia,45,1853-06-06,Abismo,redimida
2222,Patrick Church,Pereza,47,1958-06-27,Abismo,activa
2223,Victoria Lowery,Lujuria,7,2023-02-28,Pandemonium,redimida
2224,Matthew Dalton MD,Gula,27,2008-12-18,Tierra,activa
2225,Michael Chen,Pereza,88,1986-02-18,Pandemonium,activa
2226,William Sharp,Pereza,40,1947-01-25,Pandemonium,redimida
2227,Bradley Wiggins,Ira,73,1970-01-11,Inframundo,redimida
2228,Joshua Arroyo,Soberbia,35,1869-06-28,Sector 7G,redimida
2229,Eddie Johnson,Pereza,80,1939-10-23,Inframundo,activa
2230,Kimberly Haney,Lujuria,13,1963-05-06,Tierra,redimida
2231,Gabriel Caldwell,Pereza,69,1870-10-06,Inframundo,en proceso de tortura
2232,Jennifer George,Soberbia,59,1911-12-06,Sector 7G,redimida
2233,Garrett Tran,Lujuria,62,1974-11-29,Tierra,en proceso de tortura
2234,Kristin Mccoy,Lujuria,18,1909-07-14,Pandemonium,en proceso de tortura
2235,Darin Webster,Envidia,50,1873-09-03,Tierra,activa
2236,Bobby Nelson,Envidia,80,1901-01-27,Pandemonium,en proceso de tortura
2237,Roy Richardson,Lujuria,97,1852-06-29,Abismo,en proceso de tortura
2238,Christian Austin,Soberbia,24,1990-03-08,Pandemonium,activa
2239,Craig Dillon,Lujuria,79,1983-11-10,Inframundo,en proceso de tortura
2240,Sandra Shields,Gula,63,1830-01-09,Pandemonium,activa
2241,Dawn Dean,Gula,94,2017-10-15,Abismo,redimida
2242,Christopher Barrett,Envidia,53,1850-03-24,Abismo,redimida
2243,Shaun Mendez,Pereza,91,1908-07-01,Limbo,en proceso de tortura
2244,Andrew Thomas,Lujuria,90,1921-02-18,Limbo,redimida
2245,John Allen,Envidia,17,1940-02-22,Pandemonium,en proceso de tortura
2246,Diana Johnson,Lujuria,98,1924-09-21,Abismo,redimida
2247,Erin Terrell,Gula,7,2008-11-26,Tierra,redimida
2248,Alicia Molina,Avaricia,89,1985-10-15,Inframundo,activa
2249,Pamela Harris,Ira,31,1936-03-25,Limbo,activa
2250,Natalie Jackson,Ira,23,1895-10-29,Abismo,activa
2251,Angela Chaney,Pereza,96,1866-08-24,Tierra,redimida
2252,Cindy Jones,Avaricia,64,1848-05-05,Inframundo,activa
2253,Maria Nichols,Avaricia,2,1866-07-25,Pandemonium,activa
2254,Molly Cantu,Envidia,38,2023-02-28,Abismo,en proceso de tortura
2255,Tamara Howard,Avaricia,29,1884-11-22,Inframundo,en proceso de tortura
2256,Charles Frey,Avaricia,96,1991-04-08,Inframundo,en proceso de tortura
2257,Thomas Briggs,Ira,59,1900-08-22,Tierra,en proceso de tortura
2258,Randall Fox,Avaricia,12,1892-09-26,Sector 7G,activa
2259,Brenda Jackson,Avaricia,64,1840-02-27,Sector 7G,redimida
2260,Todd Lee,Gula,99,1983-03-24,Limbo,activa
2261,David Schmidt,Ira,58,1965-08-07,Inframundo,en proceso de tortura
2262,Emily Smith MD,Avaricia,49,2011-07-16,Tierra,en proceso de tortura
2263,Joseph Owens DDS,Envidia,45,1867-11-30,Abismo,en proceso de tortura
2264,William Davis,Avaricia,80,1982-01-20,Limbo,activa
2265,Richard Garcia,Envidia,44,1851-12-01,Sector 7G,redimida
2266,Rebecca Yang,Gula,67,1900-09-11,Abismo,en proceso de tortura
2267,Amanda Pena,Ira,54,2000-10-04,Sector 7G,en proceso de tortura
2268,Matthew Peterson,Avaricia,51,1827-05-18,Tierra,en proceso de tortura
2269,Tracy Smith,Pereza,23,1924-07-20,Sector 7G,activa
2270,Linda Allen,Pereza,31,1879-08-13,Tierra,en proceso de tortura
2271,Joseph Brooks,Lujuria,23,1875-11-07,Pandemonium,redimida
2272,Beverly Patrick,Pereza,82,1996-02-07,Abismo,en proceso de tortura
2273,Russell Wagner,Ira,14,1851-04-04,Pandemonium,redimida
2274,Joel Williams,Envidia,71,2007-03-08,Limbo,redimida
2275,Dennis Robinson,Avaricia,95,1981-07-06,Pandemonium,redimida
2276,Carrie Reyes,Pereza,11,1864-10-08,Abismo,en proceso de tortura
2277,Melissa Pena,Soberbia,89,1924-11-21,Sector 7G,redimida
2278,Casey Watson,Soberbia,87,1882-04-02,Abismo,redimida
2279,Eric Miller,Ira,36,1958-09-08,Sector 7G,en proceso de tortura
2280,Robert Carey,Ira,70,1862-05-05,Sector 7G,redimida
2281,Shannon Mullins,Ira,11,1964-12-15,Abismo,redimida
2282,Kathryn Richardson,Gula,6,2001-11-26,Limbo,activa
2283,Paul Schmidt,Gula,15,1940-05-23,Sector 7G,en proceso de tortura
2284,Jean Wagner,Soberbia,40,1931-06-14,Tierra,en proceso de tortura
2285,Brian Carroll,Pereza,89,1932-03-21,Pandemonium,redimida
2286,Preston Lane,Avaricia,30,1993-01-31,Abismo,activa
2287,Audrey Gardner,Pereza,18,1970-09-05,Tierra,activa
2288,Kim Jones,Ira,78,1965-05-23,Tierra,en proceso de tortura
2289,Cheryl Wright,Ira,56,1963-11-18,Limbo,en proceso de tortura
2290,Anne Ritter,Avaricia,59,1928-04-21,Pandemonium,redimida
2291,Kyle Brown,Avaricia,36,1874-06-10,Inframundo,en proceso de tortura
2292,Nicholas Gilbert,Soberbia,66,1845-08-22,Sector 7G,en proceso de tortura
2293,Angela Gill,Envidia,4,1999-04-21,Sector 7G,en proceso de tortura
2294,John Blake,Ira,28,1902-07-30,Sector 7G,activa
2295,Christina Thomas MD,Avaricia,75,1944-02-06,Pandemonium,redimida
2296,John Carter,Soberbia,78,1924-01-02,Pandemonium,en proceso de tortura
2297,Amanda Mendoza,Avaricia,49,2018-05-22,Sector 7G,activa
2298,Christina Pearson,Avaricia,55,1901-01-29,Pandemonium,activa
2299,Brian Castillo,Envidia,53,1941-12-03,Inframundo,en proceso de tortura
2300,Lauren Miller,Gula,8,1969-11-15,Inframundo,activa
2301,Zachary Burgess,Gula,9,1925-12-01,Abismo,activa
2302,Andrew Mcgee,Soberbia,71,1877-02-01,Tierra,activa
2303,Kelsey Williams,Soberbia,24,1930-08-24,Pandemonium,redimida
2304,Nina Williams,Pereza,100,2003-10-19,Sector 7G,en proceso de tortura
2305,Denise Huffman,Pereza,19,1917-11-20,Abismo,redimida
2306,Christine Gonzalez,Ira,20,1936-11-29,Sector 7G,activa
2307,Bradley Collier,Gula,36,1922-01-01,Pandemonium,en proceso de tortura
2308,Tommy Miller,Avaricia,25,1907-09-13,Sector 7G,en proceso de tortura
2309,William Fernandez,Envidia,18,1977-12-12,Limbo,redimida
2310,Amy Gonzalez,Lujuria,4,1931-07-10,Inframundo,en proceso de tortura
2311,Anthony King,Soberbia,50,1878-06-23,Tierra,en proceso de tortura
2312,Megan Shepherd,Gula,44,1965-08-24,Limbo,activa
2313,Antonio Williams,Lujuria,45,2001-02-14,Abismo,en proceso de tortura
2314,Rebecca Ramirez,Envidia,93,1930-05-25,Inframundo,redimida
2315,Andrea Patel,Avaricia,53,1861-07-13,Inframundo,activa
2316,John Maynard,Lujuria,80,1906-05-09,Sector 7G,activa
2317,Veronica Davis,Lujuria,97,1924-05-18,Sector 7G,activa
2318,Patrick Johnson,Ira,99,1875-06-05,Abismo,redimida
2319,Kimberly Moore,Pereza,30,1972-07-14,Pandemonium,redimida
2320,Brenda Castaneda,Lujuria,70,1973-08-16,Pandemonium,activa
2321,Alexandra Mills,Avaricia,47,1922-07-11,Sector 7G,activa
2322,Derrick Harris,Avaricia,2,1963-09-15,Inframundo,en proceso de tortura
2323,Karen Nelson,Avaricia,51,1857-05-20,Sector 7G,en proceso de tortura
2324,Hannah Porter,Pereza,70,1987-08-20,Limbo,en proceso de tortura
2325,Holly Hernandez,Gula,50,1918-03-19,Sector 7G,en proceso de tortura
2326,Jennifer Stevens,Avaricia,6,1934-07-10,Sector 7G,redimida
2327,Terry Bush,Avaricia,0,1895-05-20,Tierra,en proceso de tortura
2328,Jeremy Harrell,Envidia,21,1923-09-05,Tierra,activa
2329,Scott Guzman,Avaricia,94,1857-05-29,Tierra,activa
2330,Joshua Johnston,Pereza,97,1998-03-10,Limbo,activa
2331,John Richardson,Avaricia,58,2000-03-16,Inframundo,en proceso de tortura
2332,Christopher Moore,Soberbia,30,1888-11-03,Pandemonium,en proceso de tortura
2333,Christopher Hunt,Soberbia,88,1892-03-18,Sector 7G,redimida
2334,Amanda Phillips,Ira,8,1870-04-15,Pandemonium,en proceso de tortura
2335,Ivan Mason,Ira,77,1923-05-01,Limbo,redimida
2336,Joseph Kelley,Ira,18,1962-04-09,Pandemonium,redimida
2337,Robert Nguyen,Pereza,70,1919-06-15,Abismo,en proceso de tortura
2338,Terri Anderson,Lujuria,93,1884-04-11,Pandemonium,redimida
2339,Debra Keller,Avaricia,59,2017-01-05,Limbo,redimida
2340,Donna Cohen,Envidia,76,1918-10-02,Inframundo,en proceso de tortura
2341,Mr. Dennis Patterson,Gula,1,1930-11-15,Pandemonium,redimida
2342,Theresa Melton,Gula,21,1830-04-11,Pandemonium,redimida
2343,Jeffrey Marsh,Avaricia,66,1944-03-30,Inframundo,activa
2344,Michael Bradley,Ira,80,1928-10-13,Inframundo,activa
2345,Margaret Thompson,Pereza,54,1936-09-05,Tierra,en proceso de tortura
2346,Debra Villanueva,Lujuria,52,2023-02-28,Tierra,redimida
2347,Bruce Holmes,Envidia,27,2023-06-28,Limbo,redimida
2348,Michael White,Gula,37,2023-02-28,Abismo,en proceso de tortura
2349,David Wright,Lujuria,38,1986-03-14,Tierra,redimida
2350,Daniel Kelley,Gula,19,1896-05-13,Inframundo,en proceso de tortura
2351,Sheila Scott,Pereza,50,1979-11-18,Limbo,redimida
2352,Sheila Nash,Soberbia,8,1996-04-04,Pandemonium,activa
2353,Oscar Harris,Avaricia,72,1882-02-13,Pandemonium,redimida
2354,Christian Armstrong,Avaricia,61,1852-03-23,Tierra,activa
2355,Madeline Johnson,Soberbia,15,1940-08-06,Sector 7G,en proceso de tortura
2356,Brendan Parker,Soberbia,27,1934-11-07,Pandemonium,redimida
2357,David Key,Avaricia,15,1941-11-10,Tierra,activa
2358,Vicki Mason,Envidia,30,1993-09-13,Tierra,redimida
2359,Jesse Carr,Avaricia,56,1951-11-27,Sector 7G,activa
2360,Deborah Hawkins,Gula,90,1920-02-28,Limbo,redimida
2361,Sandra Kramer,Ira,13,1835-07-30,Abismo,redimida
2362,Carol Mckinney,Gula,88,1991-09-11,Limbo,redimida
2363,Gregory Bell,Envidia,23,2003-12-28,Tierra,activa
2364,Michelle Chan,Lujuria,11,1849-07-04,Limbo,activa
2365,Derek Jackson,Soberbia,42,2023-02-28,Tierra,activa
2366,Mary Cole,Lujuria,18,2019-03-19,Abismo,en proceso de tortura
2367,Melissa Phillips,Avaricia,15,1852-12-19,Pandemonium,activa
2368,Rhonda Bryan,Envidia,70,1949-04-23,Inframundo,en proceso de tortura
2369,Joseph Russell,Lujuria,23,2004-01-07,Limbo,activa
2370,Jessica Bradley,Gula,50,1853-10-30,Sector 7G,en proceso de tortura
2371,Wanda Allen,Envidia,20,1881-05-09,Tierra,en proceso de tortura
2372,Christopher Gonzalez,Pereza,13,1872-11-27,Limbo,redimida
2373,Cheryl Lopez,Lujuria,50,1921-05-31,Tierra,en proceso de tortura
2374,Ryan Rivera,Lujuria,48,1984-09-29,Abismo,activa
2375,Laurie Williams,Envidia,100,1917-10-09,Tierra,activa
2376,John Thompson,Lujuria,92,1853-07-10,Abismo,activa
2377,Nicole Simpson,Soberbia,57,1913-12-29,Limbo,en proceso de tortura
2378,Melissa Barr,Ira,86,1931-08-10,Inframundo,en proceso de tortura
2379,Michael Rodriguez,Gula,98,1939-01-04,Pandemonium,en proceso de tortura
2380,Nicholas Marshall,Ira,63,1976-06-08,Abismo,activa
2381,Sarah Perez,Lujuria,11,1991-05-18,Limbo,en proceso de tortura
2382,Ryan Zuniga,Ira,26,1853-02-24,Abismo,redimida
2383,Karen Potter,Gula,18,2003-12-28,Inframundo,en proceso de tortura
2384,Jennifer Marshall,Gula,39,1975-07-07,Tierra,redimida
2385,Kyle Spears,Envidia,20,1881-09-19,Tierra,activa
2386,Rachel Jones,Avaricia,58,1854-06-28,Tierra,activa
2387,Kelsey Hernandez,Ira,77,1841-10-30,Limbo,activa
2388,Chloe Ramirez,Envidia,48,1848-03-11,Pandemonium,en proceso de tortura
2389,Keith Allen,Envidia,76,1885-12-04,Abismo,activa
2390,Terri Perez,Ira,96,2021-09-05,Limbo,redimida
2391,Kevin Hanson,Lujuria,87,1971-04-28,Inframundo,activa
2392,James Perez,Gula,15,1883-07-07,Inframundo,en proceso de tortura
2393,Charlotte Perez,Lujuria,93,2007-02-13,Inframundo,en proceso de tortura
2394,Denise Lewis,Lujuria,84,1993-12-19,Tierra,en proceso de tortura
2395,Ashley Nelson,Pereza,51,1948-11-13,Limbo,activa
2396,Robert Gray,Soberbia,23,2006-05-26,Inframundo,activa
2397,Christopher Blevins,Pereza,94,1902-02-11,Pandemonium,en proceso de tortura
2398,Rachel Patterson,Gula,82,1882-06-13,Sector 7G,redimida
2399,Briana Watts,Envidia,65,1931-05-15,Pandemonium,activa
2400,Sheila Gomez,Gula,100,1865-03-19,Pandemonium,redimida
2401,Jordan Campbell,Pereza,35,1933-02-10,Limbo,en proceso de tortura
2402,Brian Smith,Gula,98,1986-08-24,Inframundo,en proceso de tortura
2403,Carolyn Patel,Soberbia,6,2020-02-16,Abismo,activa
2404,Grant Bishop,Avaricia,31,2007-06-03,Pandemonium,activa
2405,James Davis,Avaricia,36,1873-12-24,Pandemonium,activa
2406,Jaime Chaney,Soberbia,97,2014-10-20,Sector 7G,en proceso de tortura
2407,Brian Johnson,Envidia,3,2025-04-19,Limbo,redimida
2408,Chris Hines,Ira,55,1984-01-10,Sector 7G,redimida
2409,Kathleen Cochran,Soberbia,4,1954-09-04,Limbo,redimida
2410,Kaitlyn Tate,Lujuria,50,1838-02-10,Sector 7G,redimida
2411,Brittany Cisneros,Gula,72,1950-03-07,Tierra,activa
2412,Adam Webster,Gula,75,1893-08-16,Tierra,activa
2413,Melinda Kelley,Lujuria,39,1871-07-22,Sector 7G,redimida
2414,Jeffrey Malone,Avaricia,53,1895-08-02,Abismo,en proceso de tortura
2415,Andrew Johnson,Pereza,56,1941-06-17,Pandemonium,activa
2416,Patricia Fisher,Lujuria,73,1884-08-20,Inframundo,redimida
2417,Andrew Hughes,Gula,29,1849-09-04,Limbo,activa
2418,Raymond Colon,Pereza,44,1877-04-15,Limbo,en proceso de tortura
2419,Sandra Powell,Avaricia,87,1866-09-10,Pandemonium,en proceso de tortura
2420,David Castro,Soberbia,0,1977-07-03,Pandemonium,redimida
2421,Jessica Park,Gula,99,2025-07-31,Limbo,activa
2422,Robert Ray,Gula,29,1866-07-09,Sector 7G,en proceso de tortura
2423,Ronald Blackburn,Ira,6,2018-07-07,Pandemonium,en proceso de tortura
2424,Caitlin Doyle,Pereza,7,1840-07-08,Pandemonium,redimida
2425,Penny Harrington,Pereza,50,1992-07-11,Sector 7G,en proceso de tortura
2426,William Bell,Envidia,70,1853-08-07,Abismo,en proceso de tortura
2427,Joshua Wilson,Soberbia,29,2003-12-28,Abismo,redimida
2428,Ms. Taylor Wade,Pereza,33,1943-07-27,Pandemonium,redimida
2429,Eric Jackson,Ira,5,1901-12-30,Tierra,activa
2430,Jessica Miller,Envidia,7,1906-02-13,Pandemonium,redimida
2431,Lisa Foster,Pereza,86,1959-08-27,Inframundo,en proceso de tortura
2432,Elizabeth Wilson,Gula,90,1946-04-09,Tierra,en proceso de tortura
2433,Penny Ball,Ira,40,1892-04-21,Pandemonium,en proceso de tortura
2434,Christopher Williams,Ira,97,1928-06-07,Limbo,activa
2435,Kristen Silva,Avaricia,0,1870-04-15,Abismo,redimida
2436,Andrew Nielsen MD,Ira,14,1908-06-20,Inframundo,en proceso de tortura
2437,Philip Quinn,Ira,29,1888-07-24,Sector 7G,activa
2438,Lisa Chapman,Gula,43,1933-01-27,Pandemonium,activa
2439,Anthony Martin,Pereza,67,1889-03-28,Limbo,activa
2440,Megan Avila,Ira,83,1853-06-18,Limbo,en proceso de tortura
2441,Natalie Williams,Soberbia,23,2023-10-05,Pandemonium,en proceso de tortura
2442,Tony Zimmerman,Avaricia,57,2002-12-12,Sector 7G,activa
2443,Taylor Gonzalez,Gula,80,1909-03-17,Tierra,redimida
2444,James Hamilton,Pereza,97,1851-11-23,Abismo,en proceso de tortura
2445,Alicia Hess,Lujuria,83,1911-03-18,Sector 7G,redimida
2446,Ralph Wilcox,Lujuria,5,1958-05-31,Inframundo,activa
2447,Julie Guzman,Pereza,80,1835-02-02,Inframundo,en proceso de tortura
2448,Douglas Brown,Ira,77,1953-06-21,Sector 7G,en proceso de tortura
2449,Jennifer Garner,Gula,60,1923-10-19,Abismo,activa
2450,Anthony Jones,Envidia,97,1832-08-27,Sector 7G,redimida
2451,Jonathan Harvey,Avaricia,23,2016-09-06,Pandemonium,redimida
2452,Alicia Thomas,Pereza,64,2008-07-23,Inframundo,activa
2453,Cory Cooley,Pereza,7,1991-01-04,Tierra,en proceso de tortura
2454,Mrs. Rebecca Day,Lujuria,0,1931-09-09,Pandemonium,redimida
2455,Jeremy Allison,Ira,47,1910-06-26,Sector 7G,redimida
2456,David Wheeler,Soberbia,78,1859-08-24,Tierra,activa
2457,Ashley Hernandez,Soberbia,72,1998-09-23,Pandemonium,en proceso de tortura
2458,Ruben Gilbert,Envidia,48,1906-04-24,Abismo,activa
2459,Thomas Johnson,Lujuria,83,1903-04-29,Limbo,activa
2460,Andrew Floyd,Gula,65,1874-05-27,Pandemonium,en proceso de tortura
2461,Joseph Andrade,Pereza,10,1906-10-30,Limbo,en proceso de tortura
2462,Barbara Duncan,Soberbia,7,1844-09-04,Inframundo,activa
2463,Lacey Young,Pereza,6,1980-05-28,Abismo,redimida
2464,Zachary Stanley,Pereza,4,1938-08-10,Tierra,activa
2465,William Smith,Lujuria,83,1896-06-01,Inframundo,activa
2466,Mr. Corey Klein,Pereza,50,1881-10-27,Sector 7G,redimida
2467,Caleb Morales,Soberbia,18,1917-03-11,Abismo,redimida
2468,Donna Hill,Gula,63,1977-06-09,Inframundo,en proceso de tortura
2469,Erin Garcia,Soberbia,9,1861-01-14,Limbo,redimida
2470,Michael Powell,Envidia,34,1869-01-15,Tierra,en proceso de tortura
2471,Ruth Cruz,Lujuria,73,1916-04-09,Tierra,en proceso de tortura
2472,Rebecca Rivas,Pereza,37,1974-12-17,Sector 7G,en proceso de tortura
2473,Cheryl Jones,Envidia,9,2012-06-30,Limbo,en proceso de tortura
2474,Daniel Ward,Soberbia,0,1995-05-27,Limbo,redimida
2475,Jessica Kramer,Pereza,50,1894-11-12,Limbo,activa
2476,Lori Nicholson,Soberbia,77,1954-09-11,Pandemonium,en proceso de tortura
2477,Donald Rowe,Lujuria,21,2010-04-20,Limbo,activa
2478,Christopher Martin,Pereza,57,2019-11-01,Limbo,redimida
2479,Johnny Bradley,Gula,77,1927-11-21,Abismo,activa
2480,Michael Owen,Lujuria,86,1884-12-10,Abismo,redimida
2481,Patricia Montoya,Pereza,85,1951-02-15,Limbo,activa
2482,Evelyn Houston,Soberbia,7,2007-07-10,Inframundo,en proceso de tortura
2483,Lisa Daniel,Ira,80,1953-04-07,Pandemonium,activa
2484,Tommy Williams,Pereza,97,2002-05-17,Abismo,redimida
2485,Samantha Schaefer,Pereza,98,1875-10-24,Tierra,redimida
2486,Marc Herrera,Lujuria,83,1934-12-05,Limbo,activa
2487,Heather Sanders,Soberbia,2,1915-08-12,Limbo,activa
2488,James Miller,Ira,5,1921-01-06,Limbo,redimida
2489,Jennifer Wright,Gula,99,1912-07-03,Tierra,activa
2490,Sheila Lewis,Pereza,73,1900-01-05,Pandemonium,activa
2491,Tracy Gray,Soberbia,66,1989-05-21,Tierra,activa
2492,Michael Wood,Avaricia,18,2019-11-11,Pandemonium,en proceso de tortura
2493,Ashlee Crawford,Lujuria,78,1950-01-05,Sector 7G,redimida
2494,John Gay,Ira,97,1864-07-26,Abismo,en proceso de tortura
2495,Daniel Mitchell,Envidia,17,2015-06-30,Inframundo,redimida
2496,Kimberly Mcdonald,Pereza,45,1838-04-04,Tierra,activa
2497,Tammy Gomez,Lujuria,65,2021-01-06,Abismo,redimida
2498,Jerry Hernandez,Soberbia,54,1857-09-10,Limbo,en proceso de tortura
2499,Scott Shepard,Gula,12,1869-08-03,Sector 7G,redimida
2500,Briana Jones,Gula,69,1951-04-04,Pandemonium,en proceso de tortura
2501,Jon Lopez,Gula,10,1985-09-08,Inframundo,en proceso de tortura
2502,Mrs. Katie Benson MD,Gula,87,1879-11-13,Limbo,activa
2503,Douglas Perry,Pereza,55,1848-09-15,Inframundo,activa
2504,Steven Fox,Avaricia,22,1901-02-06,Sector 7G,redimida
2505,Christina Fischer,Avaricia,81,1887-09-02,Sector 7G,en proceso de tortura
2506,Tammy Greer,Lujuria,47,2025-07-18,Abismo,activa
2507,Stacy Boyd,Pereza,0,1875-08-29,Sector 7G,redimida
2508,Nicole Price,Lujuria,65,1864-01-24,Tierra,activa
2509,Amy Fernandez,Soberbia,89,1891-12-16,Sector 7G,activa
2510,Heather Robinson,Soberbia,1,1865-04-04,Pandemonium,activa
2511,Gloria Jones,Envidia,50,1872-05-05,Sector 7G,activa
2512,Charles Reyes,Ira,19,1992-04-30,Limbo,en proceso de tortura
2513,Jennifer Alexander,Avaricia,26,1919-06-08,Inframundo,en proceso de tortura
2514,Brandon Cruz,Soberbia,28,1956-03-16,Pandemonium,activa
2515,Andrew Obrien,Lujuria,79,1935-03-17,Pandemonium,en proceso de tortura
2516,Carmen Patterson,Soberbia,52,1866-12-25,Abismo,redimida
2517,Robert Wilson,Soberbia,80,1905-01-21,Sector 7G,activa
2518,Patricia Rodriguez,Lujuria,85,1847-01-01,Inframundo,en proceso de tortura
2519,Caitlin Baker,Lujuria,87,1896-09-30,Pandemonium,redimida
2520,Jacob Allison,Ira,16,1992-05-08,Abismo,en proceso de tortura
2521,Noah Atkinson,Avaricia,64,1890-02-14,Inframundo,activa
2522,Brittney Villarreal,Ira,38,1883-02-10,Inframundo,redimida
2523,Carl Brown,Lujuria,93,1925-08-24,Tierra,redimida
2524,Jeffrey Harris,Ira,54,2009-09-26,Pandemonium,en proceso de tortura
2525,Jack Perkins,Envidia,7,1939-09-21,Tierra,en proceso de tortura
2526,Wendy Jones,Ira,79,1952-07-25,Sector 7G,redimida
2527,Maria Blanchard,Ira,30,1961-12-22,Limbo,en proceso de tortura
2528,Angela Wolfe,Envidia,75,1878-07-19,Inframundo,en proceso de tortura
2529,Stephanie Wood,Soberbia,19,1986-06-06,Limbo,activa
2530,Courtney James,Ira,68,1844-09-27,Limbo,activa
2531,Nathaniel Fuentes,Lujuria,81,1851-03-27,Pandemonium,en proceso de tortura
2532,Helen Alvarez,Gula,74,1889-12-19,Limbo,redimida
2533,Nichole Nelson,Soberbia,49,2000-05-15,Sector 7G,redimida
2534,Alex Clarke,Pereza,61,1957-08-28,Limbo,en proceso de tortura
2535,Michele Bowman,Pereza,72,1918-08-03,Limbo,redimida
2536,Stephen Brown,Gula,30,2009-07-31,Limbo,en proceso de tortura
2537,Kelly Carr,Avaricia,61,1925-04-07,Pandemonium,en proceso de tortura
2538,Mr. Aaron Marshall,Pereza,25,2012-12-16,Pandemonium,en proceso de tortura
2539,Brandon Fischer,Avaricia,76,1869-05-09,Tierra,redimida
2540,John Martinez,Pereza,60,1934-10-01,Limbo,en proceso de tortura
2541,Deborah Sheppard,Lujuria,53,1965-03-24,Limbo,redimida
2542,Joyce Bryant,Soberbia,14,1999-11-28,Abismo,redimida
2543,Frances Mathews,Gula,66,2021-07-03,Pandemonium,en proceso de tortura
2544,Steven Adams,Soberbia,50,1927-01-04,Inframundo,activa
2545,Barbara Osborn,Envidia,79,1987-10-10,Inframundo,en proceso de tortura
2546,Courtney Washington,Gula,78,1977-03-29,Tierra,redimida
2547,Ashley Higgins,Envidia,27,2003-10-15,Limbo,redimida
2548,Robert Yoder,Soberbia,97,1951-07-16,Abismo,en proceso de tortura
2549,Rebecca Little,Avaricia,87,2012-07-24,Limbo,en proceso de tortura
2550,David Espinoza,Ira,50,1986-01-14,Tierra,redimida
2551,Michelle Watson,Pereza,48,1873-10-21,Tierra,redimida
2552,Peter Roberson,Pereza,20,1883-07-01,Pandemonium,en proceso de tortura
2553,Lori Cook,Avaricia,77,1931-03-14,Inframundo,en proceso de tortura
2554,Adam Green,Gula,99,1991-11-19,Limbo,activa
2555,Mrs. Patricia Woods,Lujuria,94,1920-03-25,Tierra,redimida
2556,Jonathon Lee,Soberbia,89,1903-04-16,Tierra,redimida
2557,Lee Butler,Soberbia,43,2007-06-28,Limbo,en proceso de tortura
2558,Barbara Hughes,Soberbia,97,2007-05-14,Inframundo,activa
2559,Rachel Kline,Soberbia,25,1835-02-26,Sector 7G,activa
2560,Stacy Peterson,Envidia,48,2003-12-28,Sector 7G,activa
2561,Jessica Oneal,Pereza,6,2018-03-29,Limbo,activa
2562,Clifford Romero,Ira,20,1884-10-29,Sector 7G,activa
2563,Martha Hancock,Avaricia,41,1924-02-01,Pandemonium,activa
2564,Lori Kline,Envidia,36,1961-06-13,Inframundo,redimida
2565,Jean Williams,Pereza,24,1987-08-27,Pandemonium,en proceso de tortura
2566,Robert Gonzales,Soberbia,52,1884-05-11,Pandemonium,activa
2567,Victoria Porter,Avaricia,85,1936-10-26,Sector 7G,en proceso de tortura
2568,Theresa Khan,Pereza,22,1959-04-17,Tierra,activa
2569,Jose Torres,Gula,54,1889-09-26,Tierra,en proceso de tortura
2570,Bradley Bean PhD,Avaricia,96,1858-05-17,Abismo,en proceso de tortura
2571,Diana Lopez,Gula,47,1957-07-07,Sector 7G,redimida
2572,Julie Hayes,Avaricia,46,1997-04-04,Pandemonium,en proceso de tortura
2573,Mrs. Jennifer Bolton,Envidia,26,1945-06-20,Inframundo,en proceso de tortura
2574,Patricia Harper,Envidia,9,1960-05-14,Limbo,en proceso de tortura
2575,Anthony Shea,Gula,51,2008-03-31,Sector 7G,activa
2576,Andre Richards,Pereza,80,1838-06-12,Tierra,redimida
2577,Donna Manning,Pereza,0,1909-02-16,Pandemonium,activa
2578,Charles Mueller,Envidia,31,2003-12-28,Tierra,activa
2579,Joseph Villanueva,Pereza,97,2015-06-06,Pandemonium,en proceso de tortura
2580,Todd Johnson,Gula,83,1961-11-02,Inframundo,redimida
2581,Julian Scott,Lujuria,81,1913-07-16,Tierra,en proceso de tortura
2582,Allison Jones DVM,Avaricia,30,1926-07-06,Pandemonium,redimida
2583,Elizabeth Wilson,Envidia,52,1885-03-30,Sector 7G,activa
2584,Gina Hill,Soberbia,86,1906-07-06,Abismo,activa
2585,Rachel Edwards,Envidia,50,1912-01-27,Sector 7G,activa
2586,Brandon Wright,Envidia,57,1883-08-12,Tierra,en proceso de tortura
2587,Lauren Davis,Avaricia,9,1969-01-23,Limbo,activa
2588,Kevin Reyes,Pereza,94,1966-02-12,Pandemonium,activa
2589,Nicole Butler,Avaricia,13,1987-10-10,Inframundo,activa
2590,Danielle Smith,Ira,58,1946-04-30,Tierra,redimida
2591,Margaret Padilla,Pereza,30,1905-05-15,Pandemonium,activa
2592,Debra Hays,Lujuria,81,1880-06-16,Sector 7G,activa
2593,Jennifer Jacobs MD,Soberbia,39,1957-04-30,Abismo,redimida
2594,Chad Miles,Envidia,39,1924-04-15,Pandemonium,redimida
2595,Emily Johnson DDS,Avaricia,10,1946-11-16,Abismo,activa
2596,Amanda Khan,Envidia,94,1861-05-23,Abismo,en proceso de tortura
2597,Julie Fritz,Avaricia,51,1926-09-13,Pandemonium,activa
2598,Elizabeth Cook,Ira,95,1905-11-29,Limbo,activa
2599,Brittany Davis,Envidia,50,1864-06-10,Sector 7G,activa
2600,Ryan Perkins,Ira,4,2009-11-16,Tierra,activa
2601,Bruce Lewis,Gula,48,1846-10-20,Abismo,redimida
2602,Linda Williams,Envidia,84,2020-08-01,Limbo,en proceso de tortura
2603,Kylie Schultz,Avaricia,73,1960-06-17,Tierra,redimida
2604,Laura Schneider,Soberbia,23,1831-05-27,Abismo,activa
2605,Erica Rodriguez,Lujuria,49,1855-01-06,Limbo,en proceso de tortura
2606,David Torres,Lujuria,49,1859-10-18,Pandemonium,activa
2607,Courtney Sanchez,Ira,91,1994-11-23,Abismo,activa
2608,Brian Molina,Ira,37,1900-07-10,Pandemonium,en proceso de tortura
2609,David Smith,Avaricia,39,1936-04-09,Tierra,en proceso de tortura
2610,Rebecca Thompson,Pereza,91,1988-05-12,Limbo,activa
2611,Sierra Duncan,Avaricia,82,1862-12-10,Limbo,en proceso de tortura
2612,Michael Mccoy,Envidia,4,1846-08-20,Abismo,activa
2613,Cheryl Green,Lujuria,30,1909-08-11,Limbo,activa
2614,Angie Barnett,Envidia,16,2000-06-03,Pandemonium,activa
2615,Kathleen Brown,Envidia,38,1844-11-07,Sector 7G,redimida
2616,Amanda Garcia,Pereza,11,1880-06-25,Tierra,en proceso de tortura
2617,Arthur Richardson,Soberbia,38,1912-11-15,Tierra,en proceso de tortura
2618,Victoria Lowe,Soberbia,86,1879-09-09,Pandemonium,en proceso de tortura
2619,Elizabeth Watkins,Gula,69,2003-12-28,Abismo,redimida
2620,Jamie Mckenzie,Avaricia,11,1987-07-28,Tierra,activa
2621,Gabriel Mcconnell,Lujuria,57,1957-06-22,Tierra,en proceso de tortura
2622,Kristen Kelly,Avaricia,23,1927-04-24,Limbo,redimida
2623,Karen Nelson,Envidia,19,2003-12-28,Inframundo,redimida
2624,Samuel Good,Pereza,20,1899-11-19,Limbo,redimida
2625,Lauren Brown,Ira,43,2003-12-28,Limbo,en proceso de tortura
2626,Valerie Cline,Soberbia,14,1874-06-09,Sector 7G,activa
2627,Benjamin Kemp,Gula,64,2010-07-29,Tierra,activa
2628,Teresa Thompson,Lujuria,62,1829-12-17,Limbo,activa
2629,Kevin Guerrero,Gula,81,1851-02-18,Pandemonium,en proceso de tortura
2630,Vincent Wilson,Soberbia,9,2010-02-05,Limbo,redimida
2631,Brian Acevedo,Soberbia,44,1899-01-21,Inframundo,redimida
2632,Mr. Richard Dixon Jr.,Soberbia,59,1936-11-06,Pandemonium,en proceso de tortura
2633,Tammy Carpenter,Ira,41,1946-01-08,Inframundo,redimida
2634,Margaret Wiley,Soberbia,17,2001-10-31,Inframundo,redimida
2635,Pamela Myers,Avaricia,85,1898-06-09,Pandemonium,activa
2636,Wesley Lucas,Pereza,78,1990-03-19,Tierra,activa
2637,Alicia Walker,Lujuria,26,1968-02-08,Tierra,activa
2638,Luke Miles,Gula,33,2012-05-01,Inframundo,activa
2639,Jeremy Bradshaw,Soberbia,8,2023-02-28,Pandemonium,activa
2640,Brian Flores,Pereza,97,1886-05-14,Inframundo,en proceso de tortura
2641,Jessica Nelson,Lujuria,12,2024-08-13,Pandemonium,activa
2642,Anne Juarez,Soberbia,50,1930-08-16,Inframundo,en proceso de tortura
2643,Tommy Herrera,Pereza,34,1941-10-21,Inframundo,en proceso de tortura
2644,Deborah Sloan,Ira,54,2007-08-16,Inframundo,activa
2645,Renee Farmer,Ira,26,2024-12-30,Pandemonium,redimida
2646,Teresa Taylor,Avaricia,88,1865-05-20,Tierra,redimida
2647,Heidi Burke,Gula,43,1973-07-22,Inframundo,redimida
2648,Robert Garcia,Avaricia,64,1963-12-08,Limbo,redimida
2649,Claudia Hendricks,Avaricia,67,1969-11-13,Limbo,en proceso de tortura
2650,Dr. Justin Acosta,Ira,11,1966-06-07,Limbo,redimida
2651,Darrell Smith,Pereza,61,2011-12-03,Limbo,redimida
2652,Catherine Brooks DVM,Lujuria,68,1986-03-30,Tierra,en proceso de tortura
2653,Shane Hart,Ira,87,2012-12-11,Abismo,activa
2654,Brian Allen,Pereza,3,1840-01-12,Sector 7G,activa
2655,Jordan Crawford,Gula,86,2001-02-05,Inframundo,activa
2656,Shawn Grant,Lujuria,45,1995-04-23,Pandemonium,redimida
2657,Amanda Brown,Ira,5,1944-12-18,Inframundo,activa
2658,Bradley King,Envidia,66,1837-09-30,Tierra,en proceso de tortura
2659,Steven Gonzalez,Envidia,29,1991-04-18,Sector 7G,en proceso de tortura
2660,Jennifer Espinoza,Ira,9,1970-08-19,Limbo,activa
2661,Timothy Brown,Gula,14,1950-10-07,Sector 7G,en proceso de tortura
2662,Mary Park,Gula,29,1890-09-19,Tierra,activa
2663,Colleen Gill,Envidia,30,1957-09-29,Abismo,en proceso de tortura
2664,Shane Rodriguez,Avaricia,71,1956-03-09,Tierra,en proceso de tortura
2665,Donna Wells,Gula,58,1949-11-05,Tierra,activa
2666,Albert Figueroa,Avaricia,66,1928-05-16,Inframundo,redimida
2667,James Brown,Soberbia,42,2007-04-27,Tierra,redimida
2668,Spencer Turner,Ira,8,1906-11-29,Inframundo,redimida
2669,Brenda Williams,Pereza,65,1866-07-05,Abismo,redimida
2670,Alexandra Hunter,Pereza,10,1903-05-14,Pandemonium,activa
2671,Melissa Green,Lujuria,92,1856-10-08,Pandemonium,en proceso de tortura
2672,Brian Robles,Lujuria,2,1900-08-10,Abismo,activa
2673,Mark Williams,Pereza,65,1842-02-09,Abismo,redimida
2674,Sara Gomez,Pereza,22,1913-07-25,Sector 7G,redimida
2675,Jacob Mcneil,Gula,26,1993-07-02,Tierra,en proceso de tortura
2676,Thomas Patrick,Envidia,46,2014-01-22,Tierra,activa
2677,Angel Aguilar,Gula,34,2025-05-15,Abismo,redimida
2678,Curtis Morgan,Gula,83,1882-10-27,Tierra,en proceso de tortura
2679,Lauren White,Ira,62,1963-02-05,Inframundo,redimida
2680,Lucas Joyce,Soberbia,95,1979-02-03,Inframundo,activa
2681,Ashley Cooke,Lujuria,10,1835-04-17,Sector 7G,activa
2682,Chad Cortez,Pereza,4,1844-06-10,Abismo,redimida
2683,Keith Mendez,Envidia,96,1827-10-08,Pandemonium,activa
2684,Virginia Liu,Avaricia,78,1890-06-27,Limbo,activa
2685,Ryan Jenkins,Gula,39,1976-01-08,Tierra,en proceso de tortura
2686,Betty Ford,Ira,11,1992-07-15,Inframundo,redimida
2687,Ronnie Carter,Ira,33,1973-01-20,Sector 7G,activa
2688,Carl Taylor,Lujuria,98,1937-04-03,Tierra,redimida
2689,Alexander Moore,Pereza,86,1994-09-02,Abismo,activa
2690,Kevin Schmidt,Lujuria,50,1856-09-27,Pandemonium,en proceso de tortura
2691,Alan Bennett,Lujuria,33,1996-06-24,Pandemonium,activa
2692,Richard Rosario,Envidia,28,1832-05-03,Abismo,redimida
2693,Angela Jones,Envidia,31,1972-10-31,Pandemonium,activa
2694,Alyssa Cole,Gula,87,1849-06-11,Limbo,activa
2695,Joseph Chavez,Pereza,34,2021-08-28,Pandemonium,activa
2696,Benjamin Turner,Soberbia,17,1826-01-23,Inframundo,en proceso de tortura
2697,Thomas Hamilton,Pereza,39,1917-04-03,Tierra,activa
2698,Elizabeth Ramirez,Envidia,40,1871-06-13,Tierra,en proceso de tortura
2699,Frederick Johns,Ira,26,1961-04-21,Tierra,activa
2700,Erica Carpenter,Gula,73,1894-02-21,Inframundo,en proceso de tortura
2701,Alison Hernandez,Ira,73,1951-06-25,Pandemonium,redimida
2702,Brenda Key,Avaricia,77,1916-07-07,Tierra,redimida
2703,Kendra Long,Ira,71,1949-05-18,Sector 7G,en proceso de tortura
2704,Erik Good,Ira,68,2005-07-14,Abismo,en proceso de tortura
2705,Gregory Hernandez,Ira,83,1844-02-17,Pandemonium,activa
2706,Kimberly Berger,Envidia,57,1870-03-02,Tierra,en proceso de tortura
2707,Miranda Atkinson,Gula,84,1955-01-13,Limbo,activa
2708,Shane Lin,Pereza,71,2010-05-13,Inframundo,activa
2709,Mark Campbell,Envidia,94,2012-11-19,Limbo,activa
2710,Cindy Oneal,Pereza,16,1890-10-28,Abismo,en proceso de tortura
2711,Tyler Sutton,Envidia,29,1909-05-29,Abismo,activa
2712,Jennifer Allen,Lujuria,98,1852-04-01,Sector 7G,en proceso de tortura
2713,Sherri Turner,Envidia,51,1926-03-29,Sector 7G,redimida
2714,Rebecca Holder,Soberbia,88,1974-11-17,Pandemonium,activa
2715,Erik Weaver,Pereza,97,1962-01-17,Pandemonium,activa
2716,Benjamin Ruiz,Pereza,73,1845-07-13,Pandemonium,en proceso de tortura
2717,Mark Gomez,Pereza,50,1934-06-24,Limbo,redimida
2718,Stephen Day,Ira,40,2020-12-17,Tierra,activa
2719,Douglas Miller,Lujuria,85,1907-08-31,Tierra,activa
2720,James Smith,Pereza,83,1926-06-27,Limbo,activa
2721,Dylan Bradford,Envidia,52,1830-06-22,Abismo,activa
2722,Heidi Reed,Envidia,21,1884-08-21,Sector 7G,redimida
2723,Dr. Richard Parker,Lujuria,0,2018-10-23,Inframundo,redimida
2724,Marcia Medina,Ira,25,1926-07-06,Pandemonium,redimida
2725,Charles Hendrix,Lujuria,47,1949-09-09,Pandemonium,en proceso de tortura
2726,Courtney Gilbert,Lujuria,85,1877-10-28,Tierra,en proceso de tortura
2727,Heather Johnson,Avaricia,39,1838-12-28,Pandemonium,en proceso de tortura
2728,Jay Stevenson,Pereza,85,1946-11-11,Tierra,activa
2729,Theodore Chaney,Pereza,84,1932-07-28,Limbo,redimida
2730,Mark Pennington,Pereza,72,1985-06-28,Inframundo,redimida
2731,Gregory Ferguson,Ira,73,2013-05-02,Pandemonium,en proceso de tortura
2732,Mr. Jeffrey Gonzalez,Envidia,40,1921-05-08,Limbo,en proceso de tortura
2733,Katie Kidd,Envidia,66,1829-05-19,Abismo,activa
2734,Micheal Moss,Gula,20,2017-06-09,Abismo,en proceso de tortura
2735,Sophia Ramirez,Lujuria,49,1931-11-26,Sector 7G,en proceso de tortura
2736,David Cordova,Gula,9,1997-10-08,Abismo,activa
2737,Luis Chase,Avaricia,80,1892-07-10,Inframundo,activa
2738,Jon Martinez,Ira,13,1886-05-04,Limbo,activa
2739,David Sexton,Envidia,50,1948-05-07,Limbo,redimida
2740,Angela Carpenter,Gula,20,1843-05-14,Tierra,en proceso de tortura
2741,Barbara Clark,Lujuria,94,1941-03-07,Limbo,activa
2742,Jacqueline Hart,Avaricia,13,1988-03-29,Sector 7G,activa
2743,Carly Lawrence,Avaricia,92,1983-10-18,Limbo,redimida
2744,Lisa Bell,Lujuria,58,1884-11-18,Tierra,en proceso de tortura
2745,Gary Schwartz,Avaricia,13,1887-10-01,Inframundo,activa
2746,Stacey Vaughn,Pereza,59,1937-03-29,Pandemonium,redimida
2747,Cheryl Thornton,Ira,75,1938-08-18,Tierra,en proceso de tortura
2748,Tina Schmidt,Gula,86,1934-09-11,Inframundo,redimida
2749,Rebecca Smith DDS,Soberbia,50,1982-06-19,Sector 7G,activa
2750,Breanna Tucker,Pereza,82,2004-11-08,Inframundo,redimida
2751,Jason Green,Lujuria,9,1889-03-29,Sector 7G,activa
2752,Matthew Hoffman,Pereza,21,1951-09-01,Abismo,redimida
2753,Carol Johnson,Gula,34,1975-03-07,Limbo,redimida
2754,William Wallace,Soberbia,54,1866-08-04,Limbo,redimida
2755,Karen Hendricks,Soberbia,31,1858-07-09,Tierra,activa
2756,Jerry Blair,Pereza,13,1943-01-08,Tierra,activa
2757,Megan Henderson,Ira,100,1875-08-23,Sector 7G,activa
2758,Alex Williams,Pereza,40,1969-11-03,Tierra,redimida
2759,Margaret Rice,Avaricia,38,1847-11-24,Sector 7G,redimida
2760,Timothy Pierce,Gula,90,1974-08-29,Tierra,activa
2761,Angela Reed,Avaricia,40,2003-12-28,Abismo,en proceso de tortura
2762,John Roberson,Envidia,38,1856-05-22,Inframundo,activa
2763,Nicole Johnson,Soberbia,65,1942-12-26,Limbo,en proceso de tortura
2764,Nichole Stewart,Envidia,55,1847-09-28,Limbo,en proceso de tortura
2765,Susan Novak,Gula,33,1973-03-27,Abismo,activa
2766,Lori Walker,Lujuria,68,1993-10-30,Sector 7G,redimida
2767,Amy Lopez,Gula,50,1969-11-01,Pandemonium,en proceso de tortura
2768,Melissa Atkins,Pereza,46,1868-08-02,Limbo,en proceso de tortura
2769,Scott Lee,Ira,55,1880-01-22,Abismo,en proceso de tortura
2770,Kaylee Scott,Ira,40,1891-01-16,Sector 7G,redimida
2771,Jeffrey Gonzalez,Gula,1,2005-05-30,Abismo,redimida
2772,Michelle Holden,Avaricia,21,1926-02-05,Pandemonium,en proceso de tortura
2773,Deborah Torres,Ira,24,1945-06-07,Inframundo,redimida
2774,Jessica Zhang,Lujuria,82,2003-12-28,Limbo,activa
2775,Charles Hernandez,Gula,32,1940-05-15,Limbo,en proceso de tortura
2776,Thomas Castro,Lujuria,13,1880-09-20,Pandemonium,redimida
2777,Donna Haynes,Ira,21,1918-05-02,Inframundo,activa
2778,Norma Bray,Gula,94,2006-10-30,Limbo,activa
2779,Paul Johnson,Lujuria,92,1910-02-24,Limbo,en proceso de tortura
2780,Nancy Williams,Pereza,72,1891-07-09,Tierra,activa
2781,Michael Harris,Lujuria,34,1921-03-06,Limbo,en proceso de tortura
2782,Riley Watson,Gula,100,1870-07-20,Abismo,redimida
2783,David Russell,Gula,76,1900-04-09,Limbo,en proceso de tortura
2784,Ryan Hamilton,Ira,67,1887-07-29,Limbo,activa
2785,Kelly Haley,Gula,2,1950-11-01,Inframundo,en proceso de tortura
2786,Marc Moore,Lujuria,66,1868-09-28,Tierra,redimida
2787,Kim King,Avaricia,95,1916-11-25,Tierra,en proceso de tortura
2788,Alexandra Bennett,Ira,14,1955-08-14,Sector 7G,redimida
2789,Todd Cummings,Envidia,97,1839-06-18,Sector 7G,en proceso de tortura
2790,David Morris,Soberbia,7,1845-10-23,Inframundo,activa
2791,Francisco Evans,Avaricia,24,1966-05-28,Pandemonium,en proceso de tortura
2792,Donald Davis,Lujuria,9,1873-05-17,Sector 7G,redimida
2793,Gwendolyn Adams,Avaricia,50,2018-10-11,Sector 7G,en proceso de tortura
2794,Laurie Jones,Lujuria,0,1879-04-23,Sector 7G,en proceso de tortura
2795,Rachel Rios,Pereza,97,1836-07-24,Abismo,en proceso de tortura
2796,Veronica Mathews,Pereza,63,1932-04-29,Limbo,en proceso de tortura
2797,Marissa Leonard,Avaricia,50,1962-04-24,Sector 7G,redimida
2798,Carla Thomas,Envidia,89,1976-02-03,Sector 7G,redimida
2799,Christopher Graham,Avaricia,92,2003-12-28,Pandemonium,activa
2800,Kimberly Dean,Ira,91,1888-12-23,Inframundo,en proceso de tortura
2801,Andrew Green,Lujuria,53,1906-11-03,Sector 7G,redimida
2802,Michael Parks,Ira,88,1966-10-24,Tierra,activa
2803,Bryan Williams,Pereza,71,2009-01-06,Tierra,en proceso de tortura
2804,Robert Lang,Pereza,89,1892-08-28,Sector 7G,activa
2805,Erik Wood,Avaricia,57,1958-12-29,Limbo,redimida
2806,James Miller,Soberbia,89,1954-03-25,Inframundo,activa
2807,Jacob Brown,Lujuria,94,2014-01-26,Limbo,redimida
2808,Frank Lucas,Ira,71,1980-02-09,Inframundo,redimida
2809,Destiny Davis,Gula,27,1841-12-02,Sector 7G,redimida
2810,Evan Guerrero,Envidia,8,1894-05-06,Inframundo,en proceso de tortura
2811,Scott Gardner,Gula,69,1895-03-10,Abismo,en proceso de tortura
2812,Angela Mckenzie,Envidia,100,1876-04-06,Pandemonium,activa
2813,Elizabeth Murray,Envidia,28,1839-11-03,Limbo,redimida
2814,Bradley Baldwin,Pereza,58,1827-04-10,Abismo,en proceso de tortura
2815,Victor Monroe,Ira,82,1941-12-25,Abismo,redimida
2816,Mr. Nathaniel Stewart,Envidia,63,1957-04-15,Tierra,activa
2817,Kenneth Figueroa,Pereza,13,2016-10-22,Inframundo,redimida
2818,Jesse Bradford,Gula,57,1874-10-22,Pandemonium,activa
2819,Terry Jones,Avaricia,67,1937-12-29,Sector 7G,en proceso de tortura
2820,Charles Ortega,Ira,48,1901-05-28,Tierra,en proceso de tortura
2821,Jason Hill,Lujuria,72,1984-01-08,Sector 7G,activa
2822,Adrian Andrade,Ira,23,1943-05-08,Abismo,activa
2823,Rick Johnson,Envidia,39,1873-01-30,Pandemonium,activa
2824,Barbara Malone,Pereza,16,1923-11-08,Abismo,en proceso de tortura
2825,Clayton Fields,Pereza,2,2015-12-02,Pandemonium,en proceso de tortura
2826,Shelley Wallace,Soberbia,88,1837-10-04,Tierra,en proceso de tortura
2827,Alexis Robinson,Ira,34,1920-06-14,Pandemonium,redimida
2828,Wendy Collins,Avaricia,14,1892-11-15,Tierra,activa
2829,Eric Weiss,Soberbia,75,1840-10-14,Tierra,redimida
2830,Jeffrey Dorsey,Soberbia,21,1949-12-11,Tierra,redimida
2831,Colton Fields DVM,Soberbia,22,1971-07-03,Pandemonium,activa
2832,Taylor Joseph,Gula,52,1890-07-17,Inframundo,redimida
2833,Eric Dunn,Lujuria,35,1906-11-26,Sector 7G,activa
2834,Amanda Hill,Ira,61,1997-09-17,Pandemonium,activa
2835,Danielle Ortiz,Lujuria,89,1840-09-04,Sector 7G,redimida
2836,Elizabeth Schultz,Avaricia,49,1977-05-10,Tierra,activa
2837,Shawn Hines,Pereza,12,1862-12-16,Limbo,en proceso de tortura
2838,Matthew Richards,Pereza,75,1883-07-24,Inframundo,redimida
2839,Justin Lee,Soberbia,95,1931-10-15,Limbo,redimida
2840,Lynn Martin,Ira,12,2002-03-02,Tierra,activa
2841,Benjamin Hall,Ira,42,1901-02-24,Sector 7G,redimida
2842,Laura Smith,Pereza,32,1953-09-13,Pandemonium,redimida
2843,Lisa Kelly,Pereza,88,1834-12-25,Tierra,activa
2844,Brandy Moreno,Ira,13,1955-02-18,Sector 7G,en proceso de tortura
2845,Bradley Stone,Ira,14,1971-03-07,Tierra,en proceso de tortura
2846,Kelly Schmidt,Pereza,59,1896-02-04,Inframundo,redimida
2847,Morgan Phillips,Soberbia,90,1885-10-10,Pandemonium,redimida
2848,Gary King,Pereza,58,1915-05-15,Tierra,redimida
2849,Brian Salinas,Pereza,52,1869-01-12,Limbo,redimida
2850,Sean Miller,Gula,20,1878-01-19,Sector 7G,redimida
2851,Carolyn Montgomery,Pereza,85,1950-12-12,Abismo,activa
2852,Shawn Hatfield,Avaricia,32,1911-01-05,Sector 7G,redimida
2853,Hannah Singleton,Lujuria,77,1995-02-14,Pandemonium,redimida
2854,Brett Rodriguez,Lujuria,8,1949-03-02,Limbo,activa
2855,Tanya Rowe,Soberbia,54,2002-11-13,Limbo,redimida
2856,Dominique Everett,Soberbia,2,1835-04-16,Tierra,en proceso de tortura
2857,Luke Johns,Envidia,95,1900-11-04,Inframundo,redimida
2858,Paul Rodriguez,Envidia,50,1944-02-04,Pandemonium,redimida
2859,Wendy Reynolds,Avaricia,29,1973-08-29,Pandemonium,en proceso de tortura
2860,Carrie Bush,Soberbia,89,1909-12-11,Sector 7G,activa
2861,Jody Larson,Pereza,49,1899-06-21,Inframundo,redimida
2862,Dr. Charles Carroll,Envidia,81,1941-03-05,Abismo,activa
2863,Renee Green,Ira,70,1830-02-01,Limbo,activa
2864,Erin Ritter,Envidia,74,1971-11-08,Limbo,en proceso de tortura
2865,Andrea Marshall,Lujuria,14,1986-01-04,Abismo,activa
2866,William Ramirez,Gula,11,1828-04-09,Limbo,redimida
2867,Christopher Johns,Avaricia,74,1847-02-08,Abismo,redimida
2868,Donna Gomez,Lujuria,63,2011-12-15,Abismo,redimida
2869,Debra Mason,Envidia,51,1981-05-30,Sector 7G,en proceso de tortura
2870,Julia Lang,Gula,31,1978-09-30,Limbo,activa
2871,William Anderson,Lujuria,42,2005-04-03,Tierra,redimida
2872,Michelle King,Envidia,38,1862-10-27,Inframundo,en proceso de tortura
2873,Amanda Martinez,Gula,9,1847-06-07,Tierra,activa
2874,Stephanie Erickson,Ira,12,1982-02-18,Sector 7G,en proceso de tortura
2875,Amanda Gomez,Envidia,20,1842-06-20,Tierra,redimida
2876,Donald Martin,Pereza,74,1895-06-02,Tierra,activa
2877,Cynthia Thornton,Gula,50,1942-03-09,Sector 7G,activa
2878,Monique Miller,Soberbia,1,1859-02-12,Abismo,redimida
2879,Tammy Morris,Lujuria,50,1929-04-19,Inframundo,activa
2880,Chelsea Shaw,Pereza,89,1979-05-26,Limbo,redimida
2881,Victor Frye,Soberbia,94,1936-11-13,Inframundo,redimida
2882,Jessica Guzman,Ira,9,1933-12-22,Tierra,activa
2883,Sarah Lee,Pereza,67,2007-01-18,Limbo,en proceso de tortura
2884,Steven Thompson,Soberbia,2,1952-11-26,Tierra,activa
2885,Scott Davis,Avaricia,94,1927-05-24,Abismo,en proceso de tortura
2886,Greg Frazier,Lujuria,54,1899-10-27,Tierra,redimida
2887,Denise Rodriguez,Soberbia,62,1840-08-30,Tierra,activa
2888,Diane Bennett,Lujuria,58,1989-12-30,Inframundo,en proceso de tortura
2889,Tiffany Decker,Lujuria,51,1983-09-29,Pandemonium,activa
2890,Brandon Mendoza,Avaricia,97,1836-06-26,Limbo,activa
2891,Melissa Gibson,Gula,57,1837-08-16,Pandemonium,redimida
2892,Tammy Estrada,Soberbia,61,1895-01-20,Abismo,en proceso de tortura
2893,David Smith,Pereza,49,1860-01-06,Pandemonium,activa
2894,David Robinson,Gula,24,1865-02-25,Tierra,redimida
2895,Marcus Sanders,Avaricia,6,1861-10-09,Abismo,en proceso de tortura
2896,Michael Weeks,Ira,50,1872-03-14,Limbo,activa
2897,Christopher Hardy,Avaricia,52,1907-04-16,Sector 7G,redimida
2898,Annette Webb,Pereza,94,1866-01-28,Sector 7G,redimida
2899,Julian Hunt,Pereza,58,1953-09-08,Pandemonium,activa
2900,Barbara Moreno,Envidia,86,2003-12-28,Pandemonium,redimida
2901,Jason King Jr.,Envidia,51,1905-08-26,Pandemonium,activa
2902,Dawn Cook,Ira,7,1883-12-14,Abismo,activa
2903,Susan Bennett,Envidia,5,1830-06-24,Sector 7G,en proceso de tortura
2904,Alexis Thomas,Lujuria,74,1901-11-11,Tierra,en proceso de tortura
2905,Ryan Hall,Soberbia,68,1966-04-25,Limbo,en proceso de tortura
2906,Jennifer Pena,Lujuria,52,1983-04-14,Abismo,activa
2907,Christopher Anderson MD,Envidia,66,1901-02-21,Tierra,activa
2908,Kenneth Taylor,Ira,62,1879-05-31,Abismo,redimida
2909,Cody Johns,Ira,7,1950-11-12,Pandemonium,activa
2910,Jeffery Sims,Pereza,72,2003-12-28,Inframundo,redimida
2911,Rebekah Stewart,Pereza,14,1835-11-07,Tierra,en proceso de tortura
2912,Melissa Lopez,Envidia,92,1909-03-13,Tierra,activa
2913,Ryan Skinner,Envidia,27,1956-10-15,Sector 7G,activa
2914,Mary Hammond,Gula,27,1899-01-16,Limbo,en proceso de tortura
2915,Ashley Kim,Gula,41,1907-03-19,Limbo,activa
2916,Gary Roy,Lujuria,50,1843-01-31,Abismo,redimida
2917,Shawn Mitchell,Lujuria,9,1885-10-01,Tierra,redimida
2918,Derrick Valdez,Pereza,45,1935-10-22,Limbo,redimida
2919,Tammy Harvey,Gula,31,1845-08-03,Sector 7G,redimida
2920,Brittney West MD,Envidia,50,1840-04-13,Pandemonium,en proceso de tortura
2921,Rachel Ross,Ira,96,2006-09-23,Abismo,en proceso de tortura
2922,Ethan Durham,Pereza,28,2002-04-29,Sector 7G,en proceso de tortura
2923,Savannah Aguilar MD,Gula,43,2001-06-25,Tierra,activa
2924,Alexandra Perez,Lujuria,96,1849-08-05,Sector 7G,en proceso de tortura
2925,Charles Travis,Envidia,63,1842-10-28,Inframundo,activa
2926,Brandon Myers,Gula,37,1864-08-28,Inframundo,en proceso de tortura
2927,Jonathan Mckee,Avaricia,10,2007-02-18,Inframundo,activa
2928,Nancy Sanders,Ira,77,1877-07-15,Tierra,en proceso de tortura
2929,Jason Thomas,Pereza,80,1893-04-21,Inframundo,activa
2930,Tiffany Robinson,Pereza,6,1932-08-11,Sector 7G,en proceso de tortura
2931,Sean Johnson,Pereza,64,1999-09-04,Limbo,en proceso de tortura
2932,Aaron Dorsey,Gula,54,1888-04-29,Limbo,en proceso de tortura
2933,John Cruz,Pereza,59,2008-01-03,Abismo,en proceso de tortura
2934,Christian Rodriguez,Gula,98,1922-01-12,Pandemonium,redimida
2935,Nicholas Hogan,Lujuria,21,1945-07-23,Sector 7G,en proceso de tortura
2936,Charles Waters,Pereza,62,1855-01-19,Pandemonium,redimida
2937,Jasmine Gallagher,Pereza,52,1940-11-06,Pandemonium,en proceso de tortura
2938,Christopher Williams,Soberbia,36,1894-09-04,Pandemonium,activa
2939,Ashley Williams,Avaricia,26,1920-10-19,Sector 7G,redimida
2940,Kayla Carpenter,Avaricia,43,1942-06-03,Pandemonium,en proceso de tortura
2941,Jon Jones,Lujuria,41,1850-01-07,Sector 7G,en proceso de tortura
2942,Dawn Beck,Gula,63,1960-12-07,Tierra,redimida
2943,Suzanne Smith,Envidia,11,1950-03-18,Pandemonium,en proceso de tortura
2944,Jennifer Francis,Gula,21,1904-04-13,Tierra,redimida
2945,William Dennis,Envidia,91,1985-07-04,Abismo,en proceso de tortura
2946,Tammy Dominguez,Ira,25,1972-09-26,Sector 7G,activa
2947,Maria Wilson,Envidia,44,2025-08-03,Abismo,redimida
2948,Ryan Hahn,Soberbia,65,1996-05-04,Pandemonium,en proceso de tortura
2949,Rebecca Boyle,Avaricia,81,1877-03-26,Tierra,redimida
2950,Tracy Sosa,Envidia,58,1924-06-15,Limbo,en proceso de tortura
2951,Daniel Graham,Lujuria,80,1830-06-16,Abismo,redimida
2952,Robert Garcia,Pereza,67,1992-05-04,Inframundo,redimida
2953,Michael Barker,Avaricia,2,1842-12-21,Sector 7G,activa
2954,Anthony Berg,Avaricia,62,2003-12-28,Sector 7G,activa
2955,Julia Davis,Soberbia,42,1880-12-26,Tierra,activa
2956,Curtis Williams,Soberbia,24,1949-08-23,Limbo,redimida
2957,Cheryl Reyes,Soberbia,44,2003-12-28,Sector 7G,en proceso de tortura
2958,Micheal Lee,Lujuria,44,1981-03-11,Limbo,activa
2959,Ryan Roberts,Gula,18,1868-12-10,Limbo,redimida
2960,Robert Boyd,Gula,62,1990-08-05,Pandemonium,redimida
2961,David Taylor,Gula,37,1921-01-10,Abismo,redimida
2962,Kimberly Higgins,Gula,9,1831-04-10,Sector 7G,activa
2963,Nathaniel Jones,Pereza,68,2005-02-02,Tierra,en proceso de tortura
2964,Tammy White,Envidia,52,1960-08-28,Sector 7G,activa
2965,Andrew Gray,Envidia,38,1965-01-07,Sector 7G,en proceso de tortura
2966,Kim Joyce,Soberbia,12,1861-12-04,Abismo,redimida
2967,Jessica Davis,Avaricia,4,1936-03-20,Pandemonium,activa
2968,Kimberly Ortiz,Pereza,55,1844-10-21,Abismo,redimida
2969,Christopher King,Lujuria,100,1925-05-26,Abismo,en proceso de tortura
2970,Louis Summers,Lujuria,45,1832-01-05,Sector 7G,activa
2971,Guy Lewis,Envidia,88,1977-12-11,Limbo,en proceso de tortura
2972,Holly Perez,Envidia,88,1895-04-07,Sector 7G,redimida
2973,Malik Daniel,Gula,4,1903-06-11,Inframundo,redimida
2974,Daniel Le,Gula,58,2003-12-28,Pandemonium,activa
2975,Isaiah Mccann,Gula,80,1949-02-12,Tierra,redimida
2976,Sara Mercer,Avaricia,14,1960-07-23,Inframundo,activa
2977,Jay Hansen,Lujuria,80,1968-06-27,Sector 7G,activa
2978,Tracey Hartman,Gula,67,1963-12-09,Abismo,en proceso de tortura
2979,Aaron Lucas,Avaricia,93,2017-08-06,Inframundo,en proceso de tortura
2980,Nicole Warner,Pereza,30,2008-08-17,Abismo,activa
2981,Brian Montoya,Ira,42,1994-05-28,Tierra,redimida
2982,Karen Washington,Envidia,44,1970-05-06,Abismo,activa
2983,Jeffrey Sutton,Lujuria,34,2017-10-01,Inframundo,activa
2984,Jon Sutton,Lujuria,70,2013-06-29,Limbo,en proceso de tortura
2985,Daniel Stafford,Pereza,94,1885-10-28,Pandemonium,en proceso de tortura
2986,Ashley Hill,Lujuria,78,1846-11-15,Pandemonium,activa
2987,Jacob Miller,Soberbia,94,1933-02-18,Limbo,en proceso de tortura
2988,Nancy Boyd,Pereza,30,1958-05-22,Tierra,en proceso de tortura
2989,Sarah Hunter,Lujuria,8,1995-05-19,Limbo,activa
2990,Shawn Miller,Soberbia,92,1879-12-31,Tierra,redimida
2991,William Trujillo,Lujuria,35,1887-05-25,Inframundo,redimida
2992,Jamie Crosby,Avaricia,17,1890-03-21,Sector 7G,en proceso de tortura
2993,Ronald Oconnor,Pereza,47,1999-08-17,Tierra,redimida
2994,Rebecca Ramirez,Avaricia,32,2019-11-17,Pandemonium,redimida
2995,Ashley Marks,Pereza,6,1825-11-19,Inframundo,en proceso de tortura
2996,Todd Brown,Ira,50,1858-09-21,Pandemonium,activa
2997,Alan Murillo,Ira,42,1873-06-26,Limbo,en proceso de tortura
2998,Glen Hodges,Ira,87,1993-12-04,Inframundo,activa
2999,Isaac Smith,Pereza,48,1979-07-14,Pandemonium,activa
3000,Cassandra Campbell,Pereza,88,1950-01-31,Tierra,en proceso de tortura
3001,Melissa Diaz,Gula,90,1951-07-20,Abismo,redimida
3002,David Davis,Envidia,87,1948-01-11,Sector 7G,en proceso de tortura
3003,Kimberly Hill,Envidia,25,1874-05-27,Abismo,activa
3004,Amanda Fields,Lujuria,64,1932-12-28,Abismo,activa
3005,Monica Spears,Avaricia,2,1855-01-12,Abismo,redimida
3006,Richard Harrison,Soberbia,75,1945-05-23,Sector 7G,activa
3007,Gregory Mitchell,Avaricia,13,1849-09-23,Sector 7G,redimida
3008,Reginald Vazquez,Envidia,44,1997-02-23,Pandemonium,activa
3009,Jacqueline Ferguson,Pereza,32,1864-02-21,Limbo,redimida
3010,Michael Santiago,Ira,39,1952-10-08,Abismo,activa
3011,Abigail Sullivan,Ira,37,1830-11-22,Limbo,redimida
3012,Blake Durham,Avaricia,40,1894-09-26,Inframundo,activa
3013,Robert Hill,Envidia,14,1962-10-13,Limbo,redimida
3014,Derrick Mccormick,Lujuria,48,1860-07-16,Tierra,activa
3015,Dennis Perkins,Lujuria,64,1939-10-25,Tierra,en proceso de tortura
3016,Jose Baker,Soberbia,75,1845-06-08,Pandemonium,redimida
3017,Jessica Zimmerman,Lujuria,39,2005-04-17,Tierra,activa
3018,Chad Fuller,Gula,2,2023-02-28,Tierra,activa
3019,William Anderson,Envidia,3,1935-09-30,Abismo,activa
3020,Tammy Michael,Pereza,93,1994-04-11,Sector 7G,en proceso de tortura
3021,Nancy Mueller,Soberbia,12,1834-02-05,Inframundo,redimida
3022,Derek Wagner,Gula,94,1897-08-11,Pandemonium,activa
3023,Joseph Brown,Gula,52,1907-02-24,Tierra,redimida
3024,William Jackson,Pereza,35,1900-12-02,Limbo,en proceso de tortura
3025,Ryan Warner,Lujuria,18,1877-09-14,Abismo,en proceso de tortura
3026,Christina Taylor,Pereza,22,1953-08-16,Abismo,en proceso de tortura
3027,Stephen Beard MD,Avaricia,21,2025-08-24,Sector 7G,activa
3028,Samantha Phillips,Ira,26,1848-03-06,Pandemonium,redimida
3029,Tiffany Banks DVM,Lujuria,93,1881-07-13,Limbo,redimida
3030,Patricia Reed,Soberbia,72,1935-03-04,Sector 7G,en proceso de tortura
3031,Craig Oliver,Avaricia,11,1904-12-30,Tierra,redimida
3032,Jonathan Ochoa,Ira,43,1980-02-11,Tierra,en proceso de tortura
3033,James Bradford,Pereza,79,1845-09-11,Pandemonium,en proceso de tortura
3034,Catherine Lewis,Pereza,35,1932-11-18,Pandemonium,activa
3035,Brandon West,Pereza,36,1835-08-10,Sector 7G,en proceso de tortura
3036,Zachary Walker,Gula,15,1838-03-16,Tierra,activa
3037,Mr. Jacob Mcdaniel,Envidia,45,1949-08-17,Abismo,activa
3038,Lori Lewis,Envidia,96,1942-10-09,Sector 7G,en proceso de tortura
3039,Jennifer Calderon,Pereza,77,2000-10-24,Tierra,en proceso de tortura
3040,Jacob Wilson,Lujuria,55,1903-01-02,Abismo,en proceso de tortura
3041,Elizabeth Lopez,Avaricia,49,1872-11-12,Sector 7G,activa
3042,Jessica Hall,Lujuria,43,1908-04-24,Abismo,activa
3043,Sandy Mccormick,Gula,4,1861-03-03,Inframundo,activa
3044,Brenda Bernard,Avaricia,0,1943-09-10,Sector 7G,redimida
3045,Gregory Haynes,Lujuria,80,2021-11-27,Limbo,activa
3046,Alison Johnson,Lujuria,94,1848-09-18,Sector 7G,activa
3047,Vickie Martin,Soberbia,3,1850-11-17,Inframundo,activa
3048,Kelly Howard,Gula,98,1853-01-07,Tierra,en proceso de tortura
3049,Jason Lee,Envidia,9,1835-11-17,Sector 7G,en proceso de tortura
3050,Joseph Allen,Pereza,47,2003-12-28,Abismo,redimida
3051,Kimberly Miller,Lujuria,71,2005-05-05,Limbo,redimida
3052,Erin Hampton,Ira,41,1937-08-29,Sector 7G,en proceso de tortura
3053,Adriana Hanna,Ira,4,1948-10-07,Inframundo,redimida
3054,Dennis Figueroa,Pereza,75,1877-01-03,Tierra,activa
3055,Robert Marsh,Ira,54,1950-12-27,Pandemonium,redimida
3056,Amanda Miller,Lujuria,23,1873-02-24,Inframundo,activa
3057,Matthew Reid,Pereza,90,1835-10-29,Sector 7G,redimida
3058,Jessica Dudley,Soberbia,4,1845-09-20,Limbo,en proceso de tortura
3059,Brian Spencer,Soberbia,23,1902-02-09,Abismo,en proceso de tortura
3060,Toni Lee,Soberbia,12,1904-09-08,Pandemonium,en proceso de tortura
3061,Dana Hart,Lujuria,77,1912-12-22,Limbo,en proceso de tortura
3062,John Johnson,Ira,36,1972-12-04,Inframundo,redimida
3063,Courtney Klein,Gula,100,1952-05-14,Inframundo,en proceso de tortura
3064,Gabriela Hoover,Soberbia,42,1866-12-22,Sector 7G,en proceso de tortura
3065,Gary Lynch,Gula,39,1847-10-19,Abismo,redimida
3066,Duane Mckenzie,Soberbia,24,2009-06-29,Sector 7G,en proceso de tortura
3067,Luke Shannon,Avaricia,55,1895-03-05,Abismo,en proceso de tortura
3068,Margaret Porter,Gula,14,1988-05-28,Sector 7G,redimida
3069,Christian Gardner,Lujuria,96,2003-05-30,Inframundo,activa
3070,Andrew Turner,Ira,86,1946-04-15,Inframundo,redimida
3071,Kim Jones,Gula,69,1899-04-05,Inframundo,activa
3072,Michelle Mendoza,Gula,90,1937-12-05,Pandemonium,redimida
3073,Alexis Williams,Soberbia,73,1872-01-18,Inframundo,redimida
3074,Jeremy Holmes,Lujuria,39,1952-12-19,Pandemonium,activa
3075,Alvin Hernandez,Ira,97,1981-10-29,Sector 7G,en proceso de tortura
3076,Natalie Hines,Pereza,50,2016-01-21,Limbo,en proceso de tortura
3077,Kimberly Noble,Ira,14,1908-10-12,Inframundo,en proceso de tortura
3078,Blake Garcia,Avaricia,62,1894-01-15,Inframundo,activa
3079,Samantha Nelson,Gula,54,1994-11-30,Abismo,redimida
3080,Jessica Little,Pereza,50,1966-12-11,Sector 7G,en proceso de tortura
3081,Mrs. Taylor Harris,Soberbia,55,1859-07-05,Pandemonium,en proceso de tortura
3082,Charles Conley,Ira,62,2017-05-20,Sector 7G,en proceso de tortura
3083,Rhonda Cross,Avaricia,33,1956-03-24,Sector 7G,activa
3084,Andrea Hunt,Lujuria,87,1942-08-06,Inframundo,redimida
3085,David Davis,Ira,58,2023-02-28,Tierra,redimida
3086,Glenn Parker,Pereza,77,1840-11-18,Abismo,activa
3087,Sarah Jones,Pereza,50,1892-05-30,Tierra,en proceso de tortura
3088,Phillip Diaz,Lujuria,35,1898-06-04,Tierra,redimida
3089,Melanie Pruitt,Ira,10,1834-07-05,Tierra,redimida
3090,Barry Anderson,Soberbia,32,1868-02-08,Pandemonium,en proceso de tortura
3091,John Crane,Lujuria,99,1859-07-18,Inframundo,activa
3092,Brandon Garcia,Pereza,77,1927-02-03,Abismo,redimida
3093,Sandra Oneill,Pereza,15,1846-06-20,Inframundo,activa
3094,Mariah Nelson,Envidia,52,1913-01-11,Pandemonium,redimida
3095,Peter Price MD,Avaricia,45,1896-10-21,Limbo,en proceso de tortura
3096,Michael Morris,Gula,68,1966-06-25,Pandemonium,en proceso de tortura
3097,Sharon Whitehead,Gula,94,1914-11-02,Inframundo,activa
3098,Christina Bentley,Pereza,85,1879-01-26,Sector 7G,en proceso de tortura
3099,Anthony Blankenship,Ira,85,1918-10-25,Limbo,activa
3100,Kim Singh,Gula,30,1863-09-13,Pandemonium,en proceso de tortura
3101,Crystal Barnes,Envidia,33,2018-02-11,Abismo,activa
3102,Nicholas Harris,Pereza,50,1945-05-17,Limbo,en proceso de tortura
3103,Jerry Powell,Lujuria,75,1927-06-05,Pandemonium,en proceso de tortura
3104,Paula Hale,Lujuria,2,2013-06-08,Tierra,en proceso de tortura
3105,Eric Chang,Ira,90,1903-10-06,Limbo,redimida
3106,Thomas Suarez,Pereza,83,1857-06-03,Sector 7G,activa
3107,Miguel Schroeder,Envidia,97,1848-10-21,Inframundo,redimida
3108,Michelle Jones,Lujuria,5,1887-05-10,Pandemonium,activa
3109,Alexander Chaney,Lujuria,73,1992-12-26,Pandemonium,redimida
3110,Kylie Stark,Ira,48,1870-12-31,Inframundo,redimida
3111,Brittany Nelson,Pereza,2,1998-04-29,Abismo,redimida
3112,Ronnie Thompson,Soberbia,41,1958-10-30,Tierra,activa
3113,Jessica Lowe,Envidia,98,1932-07-12,Inframundo,activa
3114,Holly Evans,Soberbia,53,2005-07-21,Pandemonium,redimida
3115,Michael Schultz,Soberbia,45,1918-02-19,Inframundo,redimida
3116,Katherine Chang,Avaricia,2,1953-05-07,Sector 7G,redimida
3117,Elizabeth Valdez,Envidia,8,1994-11-29,Tierra,activa
3118,Sandy Best,Ira,48,1913-03-04,Pandemonium,activa
3119,Barbara Stevens,Avaricia,32,1852-03-26,Pandemonium,activa
3120,Brittany Rivers,Gula,7,2001-06-10,Inframundo,activa
3121,Jake Golden,Envidia,45,1949-07-17,Tierra,activa
3122,Alexandra Olsen,Envidia,50,1842-03-08,Inframundo,redimida
3123,Debbie Kirby,Gula,47,2024-04-29,Pandemonium,en proceso de tortura
3124,Ryan Escobar,Gula,31,1894-03-25,Abismo,activa
3125,Antonio Riggs,Ira,38,2003-12-28,Limbo,en proceso de tortura
3126,Sandra Jackson,Avaricia,59,1948-11-29,Sector 7G,redimida
3127,Ricky Hall,Ira,72,1896-03-22,Limbo,activa
3128,Austin Avila,Ira,28,1916-08-24,Abismo,activa
3129,Barbara Kelley,Gula,62,1853-11-16,Pandemonium,en proceso de tortura
3130,Heather Clark,Soberbia,73,1908-01-13,Abismo,activa
3131,Jennifer Ward DDS,Ira,73,1966-11-04,Sector 7G,redimida
3132,Madison Tran,Envidia,5,1895-03-19,Abismo,en proceso de tortura
3133,Anthony Warren,Avaricia,50,1983-03-06,Sector 7G,en proceso de tortura
3134,Aaron Scott,Ira,91,1944-04-06,Abismo,activa
3135,Suzanne Parsons,Lujuria,78,1980-10-24,Abismo,redimida
3136,Teresa Silva MD,Soberbia,50,1868-05-07,Tierra,redimida
3137,Joshua Cruz,Ira,23,1989-07-26,Limbo,activa
3138,Alexis Ortega,Envidia,50,1948-07-19,Tierra,activa
3139,Elizabeth Dougherty,Avaricia,62,1884-01-12,Inframundo,redimida
3140,Adam Rodriguez,Envidia,84,1860-09-01,Pandemonium,redimida
3141,Katherine Wilkinson,Pereza,68,1981-05-28,Limbo,activa
3142,Bradley Kelly,Avaricia,32,1960-02-19,Tierra,redimida
3143,Mrs. Denise Crane,Envidia,91,1943-05-07,Tierra,en proceso de tortura
3144,Amy Gonzalez,Gula,48,2018-08-26,Limbo,activa
3145,Craig Williams,Pereza,31,1859-09-02,Tierra,activa
3146,Benjamin French,Ira,96,1892-06-12,Sector 7G,activa
3147,John Allen,Gula,48,1931-05-31,Tierra,en proceso de tortura
3148,Charles Jackson,Envidia,47,1965-10-27,Abismo,activa
3149,Ashley Ayala,Soberbia,20,2003-08-24,Pandemonium,en proceso de tortura
3150,Kevin Campbell,Gula,63,2003-12-28,Inframundo,redimida
3151,Sean Odonnell,Lujuria,27,1912-04-24,Pandemonium,en proceso de tortura
3152,Maria Dorsey,Envidia,18,1950-08-01,Tierra,activa
3153,Marissa Thomas,Soberbia,60,2002-05-26,Tierra,activa
3154,Heidi Russell,Lujuria,50,2011-04-18,Sector 7G,activa
3155,Charles Sparks II,Soberbia,13,2012-08-23,Abismo,en proceso de tortura
3156,Brittany Livingston,Envidia,18,1970-09-21,Limbo,activa
3157,David Williams,Envidia,66,1939-08-18,Inframundo,en proceso de tortura
3158,David Smith,Gula,96,1971-05-14,Abismo,activa
3159,Vanessa Thomas,Gula,13,1930-05-21,Tierra,activa
3160,John Santana,Soberbia,87,1966-05-12,Abismo,redimida
3161,Tina Oconnor,Avaricia,48,1999-09-20,Abismo,redimida
3162,Kimberly Mcclain,Avaricia,56,2001-05-21,Pandemonium,redimida
3163,Amanda Carter,Lujuria,78,1827-08-09,Abismo,redimida
3164,Melissa Moreno,Pereza,94,1953-10-25,Sector 7G,redimida
3165,Mike Garcia,Ira,71,1831-11-19,Pandemonium,en proceso de tortura
3166,Thomas Gallegos,Soberbia,32,1884-02-21,Tierra,redimida
3167,Melissa Sharp,Avaricia,54,1841-07-28,Pandemonium,en proceso de tortura
3168,Rebecca Chambers,Pereza,41,2008-04-28,Inframundo,en proceso de tortura
3169,Adam Robbins,Ira,10,1905-03-29,Inframundo,redimida
3170,Stephanie Gomez,Avaricia,4,1913-05-05,Tierra,en proceso de tortura
3171,Patrick Gomez,Ira,89,1858-02-18,Inframundo,activa
3172,Mark Hernandez,Lujuria,100,1850-08-19,Sector 7G,activa
3173,Christopher Walker,Pereza,10,1883-11-12,Inframundo,en proceso de tortura
3174,Jesus Johnson,Envidia,50,1852-12-18,Abismo,redimida
3175,Valerie Clark MD,Gula,39,1919-02-28,Limbo,redimida
3176,Rick Mcknight,Soberbia,3,1926-03-29,Inframundo,redimida
3177,Lisa Martinez,Lujuria,31,1916-05-05,Sector 7G,redimida
3178,Teresa Mays,Pereza,26,1868-07-24,Limbo,redimida
3179,Allison Frey,Lujuria,1,1833-06-19,Pandemonium,activa
3180,Anthony Allen,Soberbia,55,1876-04-02,Sector 7G,activa
3181,Leslie Burton MD,Gula,34,1970-04-02,Sector 7G,en proceso de tortura
3182,Alexis Rivas,Lujuria,53,1943-10-25,Sector 7G,redimida
3183,Kim Mejia,Gula,8,1947-01-12,Tierra,redimida
3184,Kristin Jackson,Envidia,33,1891-10-21,Limbo,redimida
3185,Michael Campos,Avaricia,71,1986-06-04,Limbo,redimida
3186,Cheryl Meyer,Avaricia,20,1934-04-15,Inframundo,en proceso de tortura
3187,Melanie Rodriguez DDS,Avaricia,10,1835-04-18,Sector 7G,activa
3188,Brandon Mcbride,Avaricia,66,2011-07-21,Sector 7G,en proceso de tortura
3189,Benjamin Johnson,Avaricia,64,1965-03-24,Sector 7G,redimida
3190,Timothy Brown,Ira,65,1980-04-10,Inframundo,activa
3191,Joseph Neal,Avaricia,13,1831-05-19,Abismo,en proceso de tortura
3192,Christian Nash,Ira,30,1976-04-20,Abismo,en proceso de tortura
3193,Brandon Rios,Ira,63,1973-12-20,Inframundo,redimida
3194,Joseph Romero,Envidia,5,1907-02-21,Tierra,redimida
3195,Carl Hernandez,Soberbia,62,1847-04-01,Inframundo,redimida
3196,Donna Berger,Envidia,38,1876-03-06,Abismo,activa
3197,Reginald Holden,Lujuria,5,2016-07-12,Abismo,redimida
3198,Jeremy Harris,Envidia,62,1930-02-04,Abismo,activa
3199,Andrew Ramirez,Pereza,50,1998-08-11,Pandemonium,en proceso de tortura
3200,Michael Gamble,Lujuria,54,1973-03-28,Sector 7G,en proceso de tortura
3201,John Harris,Pereza,1,1988-08-18,Sector 7G,redimida
3202,Christopher Barnett,Soberbia,50,1969-02-26,Abismo,en proceso de tortura
3203,Tina Gibbs,Gula,78,1994-07-10,Sector 7G,redimida
3204,Amanda Riley,Pereza,51,1908-02-28,Sector 7G,redimida
3205,Briana Williams,Pereza,32,1935-05-13,Limbo,redimida
3206,Angela Clark,Lujuria,88,1972-01-01,Inframundo,en proceso de tortura
3207,David Moore,Ira,50,1883-03-03,Limbo,redimida
3208,Maria Mitchell,Gula,17,1962-08-08,Pandemonium,activa
3209,Joshua Ward,Pereza,45,1931-10-08,Tierra,activa
3210,Diana Davis,Gula,68,1940-02-08,Pandemonium,redimida
3211,Matthew Hunt,Lujuria,9,1970-01-05,Limbo,redimida
3212,Dale Beltran,Ira,40,1941-12-01,Inframundo,activa
3213,Monica Tran,Lujuria,85,1936-06-14,Pandemonium,activa
3214,Ryan Sweeney,Gula,90,1905-06-09,Tierra,activa
3215,Thomas Schmidt,Avaricia,78,2002-10-15,Inframundo,redimida
3216,Danielle Simpson,Avaricia,17,1954-08-18,Tierra,activa
3217,Andrea Wiggins,Lujuria,84,1862-07-02,Abismo,activa
3218,Dylan Barnes,Gula,44,1845-07-01,Sector 7G,en proceso de tortura
3219,Lisa Salazar,Pereza,52,1868-03-09,Sector 7G,activa
3220,Edward Smith,Gula,50,1940-04-17,Abismo,en proceso de tortura
3221,Shelly Williams,Envidia,48,1851-10-21,Limbo,en proceso de tortura
3222,Kathy Erickson,Lujuria,1,1986-05-19,Abismo,redimida
3223,Mark Cantrell,Gula,31,1964-04-11,Abismo,en proceso de tortura
3224,Eileen Garcia,Gula,100,1892-05-22,Inframundo,en proceso de tortura
3225,Dr. George Sandoval Jr.,Gula,50,1905-08-28,Sector 7G,activa
3226,Jennifer Price,Envidia,64,2003-07-13,Limbo,redimida
3227,Linda Peterson,Avaricia,4,2021-11-01,Abismo,redimida
3228,Sandy Matthews,Lujuria,32,2017-04-07,Sector 7G,en proceso de tortura
3229,Bryan Morrison,Avaricia,94,1960-11-18,Limbo,activa
3230,Michael Waller,Lujuria,33,1904-02-24,Sector 7G,redimida
3231,James Orozco,Pereza,66,1953-12-18,Abismo,redimida
3232,Jeremy Contreras,Ira,11,1865-05-25,Tierra,redimida
3233,Dana Santiago,Soberbia,49,1996-11-26,Pandemonium,redimida
3234,Kevin Ray,Soberbia,90,1902-05-21,Sector 7G,en proceso de tortura
3235,Carlos Gomez,Pereza,50,1938-11-07,Pandemonium,activa
3236,Kelly Lee,Gula,81,1842-12-10,Abismo,en proceso de tortura
3237,Erik Preston,Envidia,89,1870-03-10,Limbo,en proceso de tortura
3238,Maureen Mcdaniel,Ira,55,1915-02-10,Tierra,activa
3239,Jonathan Grant,Pereza,69,1827-09-09,Inframundo,en proceso de tortura
3240,Michelle Ramirez,Soberbia,92,1858-08-06,Tierra,redimida
3241,Mary Miller,Soberbia,33,1915-11-21,Sector 7G,en proceso de tortura
3242,Joel Alvarado,Avaricia,47,1919-01-03,Tierra,en proceso de tortura
3243,Marie Wilkinson,Avaricia,59,1895-08-29,Inframundo,redimida
3244,Taylor Wright,Avaricia,6,2001-03-04,Limbo,redimida
3245,Robert Walker,Soberbia,97,1940-09-02,Pandemonium,redimida
3246,Joshua Russell,Avaricia,20,1866-12-07,Abismo,activa
3247,Brooke Cummings,Gula,53,2009-04-21,Limbo,en proceso de tortura
3248,Lisa Carpenter,Gula,72,1958-08-08,Limbo,en proceso de tortura
3249,Angela Smith,Lujuria,46,1873-07-04,Tierra,activa
3250,Sandy Davis,Avaricia,69,1882-07-09,Sector 7G,en proceso de tortura
3251,Jared Berry,Envidia,89,1970-06-03,Sector 7G,activa
3252,Gregory Ellis,Avaricia,4,1894-01-07,Sector 7G,en proceso de tortura
3253,Erin Clark,Soberbia,61,1896-08-02,Tierra,activa
3254,Alexander Reeves,Ira,92,2013-05-20,Abismo,activa
3255,Michael Townsend,Pereza,98,1932-05-22,Limbo,activa
3256,Samuel Oneill,Pereza,7,2011-08-17,Limbo,redimida
3257,Tamara Perry,Envidia,47,1908-01-23,Abismo,en proceso de tortura
3258,Joshua Griffith,Avaricia,14,1920-03-07,Inframundo,activa
3259,Justin Miller,Ira,16,1856-05-16,Tierra,redimida
3260,Kevin Smith,Lujuria,8,1936-05-01,Sector 7G,activa
3261,Ashley Harrison,Soberbia,53,1971-03-07,Pandemonium,activa
3262,Raven Smith,Lujuria,66,1890-01-13,Abismo,en proceso de tortura
3263,Lindsay Smith,Lujuria,91,1908-12-06,Abismo,activa
3264,Chris Vargas,Gula,34,1942-12-18,Sector 7G,activa
3265,Edward Green,Avaricia,18,1988-03-07,Tierra,en proceso de tortura
3266,Dean Randolph,Gula,2,1911-07-26,Tierra,redimida
3267,Jason Jordan,Avaricia,43,1857-04-29,Pandemonium,en proceso de tortura
3268,Connie Hunt,Ira,47,1958-11-25,Sector 7G,redimida
3269,Lisa Graham,Ira,88,1889-07-08,Limbo,en proceso de tortura
3270,Tony Mora,Avaricia,49,1975-07-19,Pandemonium,en proceso de tortura
3271,John Lee,Avaricia,65,1863-06-20,Sector 7G,en proceso de tortura
3272,Rachel Davidson,Pereza,16,1931-03-05,Sector 7G,activa
3273,Michael Jenkins,Ira,30,1903-12-06,Inframundo,activa
3274,Matthew Hill,Pereza,9,1969-07-22,Limbo,en proceso de tortura
3275,Jessica Wheeler,Pereza,35,1906-05-16,Sector 7G,activa
3276,Joan York,Avaricia,39,2005-12-24,Limbo,activa
3277,Sandra Hahn,Envidia,100,2012-01-19,Tierra,redimida
3278,Tony Meyer,Pereza,31,1831-10-08,Limbo,redimida
3279,James Austin,Pereza,51,1938-06-26,Inframundo,activa
3280,Daniel Rogers,Soberbia,27,2015-03-21,Abismo,activa
3281,Krystal Evans,Gula,17,1929-02-25,Pandemonium,activa
3282,Joseph Jackson,Ira,41,1989-10-12,Inframundo,en proceso de tortura
3283,Michael Garner,Lujuria,42,2022-05-17,Tierra,en proceso de tortura
3284,Carolyn Ford,Pereza,73,1958-08-20,Inframundo,redimida
3285,Rita Adkins,Envidia,45,1983-05-07,Tierra,en proceso de tortura
3286,Sarah Phillips,Pereza,78,1946-09-17,Limbo,redimida
3287,Evan Cochran,Lujuria,4,1866-05-27,Pandemonium,activa
3288,Amber Hill,Pereza,29,1976-05-27,Abismo,en proceso de tortura
3289,Jared Moran,Avaricia,76,1992-12-29,Inframundo,redimida
3290,Peter Guerrero,Lujuria,92,1995-01-09,Sector 7G,en proceso de tortura
3291,Michael Taylor,Ira,96,1943-12-13,Limbo,activa
3292,Joseph Moore,Pereza,67,1987-08-03,Tierra,redimida
3293,Michele Miller,Gula,86,1840-02-20,Pandemonium,activa
3294,Timothy Rodriguez,Gula,65,1937-07-05,Sector 7G,en proceso de tortura
3295,Julie Dougherty,Avaricia,3,1908-12-19,Limbo,activa
3296,Lisa Padilla,Avaricia,71,1863-06-04,Abismo,activa
3297,Jesus Richardson,Avaricia,61,1950-07-04,Abismo,en proceso de tortura
3298,Ryan Cook,Gula,59,2016-06-08,Sector 7G,en proceso de tortura
3299,Kristine Ortiz,Lujuria,57,1853-08-27,Pandemonium,en proceso de tortura
3300,Brianna Romero,Pereza,96,1889-08-17,Sector 7G,redimida
3301,Juan Wilson,Gula,73,1920-10-07,Abismo,redimida
3302,Christian Holt,Ira,50,1923-07-14,Inframundo,activa
3303,Mario Thompson,Gula,89,1840-08-11,Inframundo,en proceso de tortura
3304,Francis Martinez,Ira,9,1874-05-10,Limbo,activa
3305,Tiffany Garcia,Lujuria,20,1940-03-13,Limbo,redimida
3306,Colin Smith,Ira,67,1973-09-30,Limbo,en proceso de tortura
3307,Rebecca Morse,Ira,38,1829-10-29,Inframundo,activa
3308,Kimberly Peters,Pereza,53,1882-10-14,Limbo,en proceso de tortura
3309,Christina Roberts,Gula,45,1886-03-21,Inframundo,en proceso de tortura
3310,Edwin Ferguson,Pereza,14,2022-08-29,Sector 7G,redimida
3311,Jennifer Martin,Soberbia,21,1871-06-21,Sector 7G,activa
3312,Emily Butler,Pereza,43,1903-09-26,Tierra,activa
3313,Tammy Walton,Avaricia,31,1922-06-22,Pandemonium,activa
3314,Lisa Hernandez,Pereza,19,1951-09-03,Inframundo,en proceso de tortura
3315,Karen Jones,Avaricia,52,1841-05-23,Tierra,redimida
3316,Kevin Snow,Pereza,16,1826-04-11,Limbo,redimida
3317,Jesse Shelton,Ira,46,1857-03-21,Abismo,en proceso de tortura
3318,James Walsh,Ira,12,1958-02-26,Inframundo,activa
3319,Lori Walsh,Pereza,53,1891-04-16,Abismo,en proceso de tortura
3320,Matthew Mendoza,Lujuria,61,1908-03-23,Pandemonium,en proceso de tortura
3321,Timothy Lewis,Lujuria,61,1909-09-06,Tierra,en proceso de tortura
3322,Alicia Koch,Gula,56,1955-06-02,Abismo,activa
3323,David Williamson,Ira,66,1875-08-01,Abismo,en proceso de tortura
3324,Jessica Williams,Ira,19,2003-12-28,Limbo,activa
3325,Adam Lopez,Pereza,4,1865-08-28,Limbo,en proceso de tortura
3326,Leslie Davis,Soberbia,89,1831-09-16,Inframundo,activa
3327,Ethan Ashley,Ira,19,2017-11-07,Tierra,redimida
3328,Joseph Williams,Gula,97,1977-10-09,Sector 7G,activa
3329,Jessica Martinez,Gula,25,2005-05-24,Pandemonium,activa
3330,Brian Hodge,Soberbia,98,1888-10-16,Pandemonium,redimida
3331,Ricky Griffin,Ira,43,1984-12-23,Abismo,redimida
3332,Katherine Elliott,Envidia,99,1960-06-16,Pandemonium,activa
3333,William Page,Pereza,50,1860-09-29,Pandemonium,redimida
3334,Erica Hoffman,Envidia,56,1869-08-17,Inframundo,en proceso de tortura
3335,Christopher Gonzales,Avaricia,47,1930-08-07,Sector 7G,activa
3336,Katherine Peterson,Gula,50,1938-08-14,Inframundo,activa
3337,Antonio Knight,Gula,40,1904-11-23,Limbo,en proceso de tortura
3338,Natasha Ellis,Soberbia,34,2014-07-19,Tierra,en proceso de tortura
3339,Alexandra Macdonald,Envidia,57,1904-05-21,Pandemonium,activa
3340,Michael Gill,Gula,18,1853-04-24,Limbo,redimida
3341,Melissa Small,Soberbia,33,2003-05-13,Tierra,en proceso de tortura
3342,Sylvia Gonzalez,Lujuria,47,2015-12-11,Limbo,redimida
3343,Nicholas Potts,Avaricia,51,1968-12-26,Pandemonium,en proceso de tortura
3344,Nathan Wright,Gula,31,1906-11-01,Sector 7G,redimida
3345,Maria Taylor,Gula,83,1942-11-12,Abismo,en proceso de tortura
3346,Ronald Farmer,Envidia,90,1947-01-11,Pandemonium,activa
3347,Frederick Shelton,Lujuria,17,1894-03-03,Limbo,activa
3348,Michael Henson,Soberbia,28,2013-06-14,Limbo,en proceso de tortura
3349,Anthony Arnold,Envidia,67,1905-04-24,Tierra,redimida
3350,Sarah Simmons,Lujuria,66,1940-07-25,Tierra,activa
3351,Catherine Johnson,Soberbia,70,1854-07-04,Pandemonium,activa
3352,Mia Wade,Pereza,96,1963-09-28,Abismo,redimida
3353,Richard White,Lujuria,14,1969-11-06,Sector 7G,redimida
3354,Theresa Thompson,Envidia,47,1972-05-03,Pandemonium,redimida
3355,Todd Cooper,Avaricia,26,1828-02-19,Pandemonium,redimida
3356,Jennifer Parker,Pereza,70,1921-06-25,Limbo,redimida
3357,Jonathan Martin,Pereza,88,1909-11-24,Sector 7G,activa
3358,Kendra Nicholson,Envidia,80,1916-04-28,Tierra,redimida
3359,Jeremiah Taylor,Avaricia,23,1901-09-01,Tierra,activa
3360,Danielle Bright,Lujuria,7,1966-01-10,Inframundo,activa
3361,Stephanie Clayton,Soberbia,61,1860-06-04,Pandemonium,redimida
3362,Victoria Rich,Lujuria,45,2020-02-28,Abismo,en proceso de tortura
3363,Patrick Irwin,Envidia,97,1966-01-10,Inframundo,redimida
3364,James Parrish,Ira,9,2006-08-25,Limbo,redimida
3365,Keith Hester,Lujuria,6,1866-07-26,Sector 7G,activa
3366,Kenneth Green,Lujuria,4,1985-05-22,Abismo,activa
3367,Ryan Martin,Envidia,75,1897-02-21,Sector 7G,activa
3368,Matthew Dorsey,Lujuria,62,1893-09-06,Abismo,redimida
3369,Meghan Dillon,Avaricia,96,1889-05-12,Pandemonium,redimida
3370,Kenneth Meadows,Avaricia,65,1900-11-03,Tierra,en proceso de tortura
3371,Katherine Allen,Gula,63,1906-11-20,Inframundo,en proceso de tortura
3372,Miss Ashley Fletcher,Envidia,29,1984-10-02,Tierra,activa
3373,Peter Price,Avaricia,83,1833-01-14,Sector 7G,redimida
3374,Jessica Stanley,Lujuria,50,1906-07-04,Sector 7G,activa
3375,Kathryn Campbell,Envidia,70,1929-11-17,Tierra,redimida
3376,Kathleen Williams,Soberbia,75,1953-02-13,Abismo,en proceso de tortura
3377,Cathy Long,Lujuria,60,2023-12-19,Inframundo,en proceso de tortura
3378,Tracy Boyd,Envidia,66,1827-10-14,Pandemonium,activa
3379,Adrienne Salazar,Avaricia,28,1938-05-20,Pandemonium,redimida
3380,William Vazquez,Gula,88,1872-03-22,Pandemonium,en proceso de tortura
3381,Jenny Winters,Soberbia,75,1873-08-31,Abismo,en proceso de tortura
3382,Emily Bowen DDS,Pereza,55,1951-02-02,Tierra,en proceso de tortura
3383,Theresa White,Envidia,1,1888-02-15,Tierra,activa
3384,Emily Boyer,Pereza,59,1880-02-22,Pandemonium,activa
3385,Shane Brown,Gula,62,1835-08-30,Limbo,activa
3386,Nathan Roberts,Pereza,90,1925-03-22,Limbo,activa
3387,Lisa Davis,Ira,50,1987-07-06,Sector 7G,activa
3388,William Wade,Gula,79,2019-03-06,Abismo,activa
3389,Aaron Weber,Envidia,84,1990-07-26,Pandemonium,en proceso de tortura
3390,Carmen Davis,Avaricia,77,1832-10-13,Abismo,activa
3391,Judy Edwards,Pereza,56,1841-09-29,Pandemonium,redimida
3392,April Lara DDS,Envidia,0,1855-09-21,Inframundo,redimida
3393,Katie Rodriguez,Ira,28,1942-05-16,Pandemonium,redimida
3394,Jessica Bowen,Avaricia,47,1995-02-11,Inframundo,redimida
3395,Mrs. Gina Barker,Envidia,25,1903-12-09,Tierra,activa
3396,Barry Garcia,Pereza,17,1928-04-30,Inframundo,redimida
3397,Joseph Schmidt,Lujuria,46,1910-03-25,Limbo,activa
3398,Leah Williams,Pereza,80,1928-07-10,Limbo,activa
3399,Vincent Nelson,Gula,80,2022-05-29,Limbo,redimida
3400,Brian Hill,Soberbia,78,2003-12-28,Sector 7G,redimida
3401,Michael Cooper,Lujuria,7,1864-11-15,Tierra,activa
3402,Margaret Clark,Ira,15,1885-03-05,Inframundo,en proceso de tortura
3403,Tony Ho,Ira,51,1885-08-15,Tierra,activa
3404,Eric Potter,Envidia,4,1877-05-22,Pandemonium,redimida
3405,Carlos Payne,Pereza,75,1872-03-06,Sector 7G,activa
3406,Robert Manning,Soberbia,7,1917-11-24,Pandemonium,en proceso de tortura
3407,Jessica Williamson,Ira,42,1863-06-09,Limbo,activa
3408,Brandy Davis,Pereza,59,2022-02-05,Abismo,en proceso de tortura
3409,Stephen Vasquez,Avaricia,26,1992-11-20,Sector 7G,redimida
3410,Brian Webb,Soberbia,76,1935-02-28,Abismo,activa
3411,Madeline Erickson,Ira,15,1892-05-20,Pandemonium,activa
3412,Brenda Welch,Pereza,73,1847-06-20,Sector 7G,activa
3413,Megan Parker,Soberbia,19,1939-05-23,Inframundo,activa
3414,Joseph Jones,Pereza,13,1974-03-03,Abismo,redimida
3415,Holly Pearson,Ira,16,1826-09-06,Tierra,en proceso de tortura
3416,Peter Brown,Soberbia,59,1984-12-09,Limbo,activa
3417,Victor Thompson,Gula,59,1949-10-18,Inframundo,en proceso de tortura
3418,Angela Terry,Ira,87,1943-06-14,Abismo,en proceso de tortura
3419,Jennifer Ryan,Gula,69,1973-06-06,Abismo,activa
3420,Rebecca Garcia,Soberbia,99,1998-08-16,Abismo,activa
3421,Samantha Green,Gula,58,1969-08-26,Inframundo,en proceso de tortura
3422,Kimberly Rodriguez,Gula,54,1978-12-08,Inframundo,activa
3423,Julia Nguyen,Soberbia,8,1977-07-06,Limbo,en proceso de tortura
3424,Terry Ruiz,Envidia,67,1870-02-07,Limbo,en proceso de tortura
3425,Denise Fuller,Ira,52,1845-06-22,Limbo,redimida
3426,Leah Cooper,Pereza,24,1982-03-21,Tierra,en proceso de tortura
3427,Aaron Wright,Lujuria,51,1948-05-09,Abismo,activa
3428,Jorge Thompson,Lujuria,2,1954-02-26,Tierra,redimida
3429,Timothy Stevens,Ira,98,1980-12-29,Inframundo,en proceso de tortura
3430,Mr. Michael Smith,Gula,14,1972-11-16,Inframundo,activa
3431,Brian Howard,Envidia,2,1848-06-19,Limbo,en proceso de tortura
3432,Rhonda Fields,Ira,50,1841-12-27,Inframundo,redimida
3433,James Sanchez,Lujuria,67,1931-05-06,Inframundo,activa
3434,Sydney Martinez,Soberbia,92,1940-08-25,Pandemonium,redimida
3435,Mrs. Michelle Zuniga,Ira,3,1887-11-18,Pandemonium,activa
3436,Alicia Cochran,Pereza,65,1942-03-13,Abismo,activa
3437,Karen Williams,Envidia,22,1883-08-17,Sector 7G,en proceso de tortura
3438,Ronald Garrison,Avaricia,54,2001-09-04,Inframundo,activa
3439,Roberto Larson,Soberbia,18,1882-02-13,Tierra,en proceso de tortura
3440,Laura Zhang,Pereza,18,1915-06-15,Sector 7G,activa
3441,Michael Armstrong,Gula,47,1847-03-24,Pandemonium,redimida
3442,Jared Wright,Soberbia,80,2016-10-28,Tierra,activa
3443,Roger Schaefer,Soberbia,93,1947-02-03,Tierra,en proceso de tortura
3444,Kaitlyn Miller,Lujuria,73,1967-10-11,Tierra,activa
3445,Nicholas Clarke,Avaricia,24,1933-04-14,Limbo,en proceso de tortura
3446,Jessica Cook,Pereza,56,1836-10-14,Tierra,activa
3447,Mark Dean,Ira,58,1989-04-14,Abismo,activa
3448,Amy Schultz,Avaricia,50,2002-01-17,Pandemonium,en proceso de tortura
3449,Teresa White,Envidia,28,2015-03-02,Limbo,redimida
3450,Kristen Gill,Soberbia,9,1902-04-19,Inframundo,redimida
3451,Carrie Sanders,Pereza,68,1937-05-24,Pandemonium,redimida
3452,Courtney Perez,Pereza,76,1887-03-07,Pandemonium,redimida
3453,Zoe Barr,Soberbia,42,1890-02-13,Sector 7G,redimida
3454,Jennifer Washington,Ira,61,1840-11-24,Limbo,en proceso de tortura
3455,Douglas Singleton,Envidia,100,1846-05-24,Limbo,activa
3456,Jonathan Barnes,Envidia,50,2011-01-15,Limbo,activa
3457,Charles Lowe MD,Envidia,62,1893-08-03,Abismo,activa
3458,Luke Taylor,Soberbia,34,1857-08-24,Tierra,activa
3459,Monique Walker,Gula,31,1834-05-24,Tierra,activa
3460,Tyler Frey,Avaricia,68,2020-02-18,Abismo,activa
3461,Bradley Greene,Lujuria,15,1939-06-02,Inframundo,redimida
3462,Kevin Houston,Ira,80,1863-02-23,Limbo,en proceso de tortura
3463,Elizabeth Vasquez,Gula,16,1952-03-18,Tierra,redimida
3464,Sheila Montgomery,Envidia,83,1882-10-18,Inframundo,en proceso de tortura
3465,Amy Graves,Lujuria,39,2003-12-28,Abismo,en proceso de tortura
3466,Jonathan Glenn,Lujuria,97,1906-08-23,Tierra,activa
3467,Amber Allison,Envidia,41,1889-09-30,Sector 7G,activa
3468,Christine Banks,Pereza,41,1919-09-15,Tierra,activa
3469,Shannon Gomez,Envidia,36,1927-07-05,Inframundo,en proceso de tortura
3470,Rachel Carter,Avaricia,35,1862-10-14,Abismo,activa
3471,Krystal Ford,Ira,68,1875-08-02,Sector 7G,redimida
3472,Lauren Hahn,Avaricia,49,1926-02-26,Sector 7G,en proceso de tortura
3473,Brandon Cohen,Soberbia,54,1977-04-02,Sector 7G,en proceso de tortura
3474,Karen Ballard,Pereza,6,1880-01-08,Inframundo,activa
3475,Elizabeth Andrews,Envidia,51,2003-12-11,Tierra,en proceso de tortura
3476,Joshua Gutierrez,Pereza,31,1831-08-06,Tierra,activa
3477,Karen Miller,Lujuria,8,1936-05-16,Pandemonium,en proceso de tortura
3478,Albert Juarez,Gula,61,2017-10-21,Abismo,en proceso de tortura
3479,Heidi Bowers,Gula,54,1830-09-12,Tierra,activa
3480,Angela Ellis,Avaricia,98,1936-08-14,Pandemonium,activa
3481,Elaine Sullivan,Pereza,46,1889-10-07,Limbo,redimida
3482,Manuel Cross,Avaricia,39,1949-10-09,Tierra,en proceso de tortura
3483,Luis Conner,Pereza,53,1925-12-27,Inframundo,redimida
3484,Kimberly Medina,Soberbia,47,1873-10-28,Inframundo,activa
3485,Ashley Hensley,Gula,96,1837-07-24,Tierra,en proceso de tortura
3486,Kenneth Li,Envidia,67,1996-09-27,Pandemonium,redimida
3487,Stephanie Mendoza,Envidia,57,1993-10-24,Inframundo,en proceso de tortura
3488,Joshua Sanchez,Pereza,19,2024-02-16,Inframundo,en proceso de tortura
3489,Brent Williams,Gula,98,1924-06-25,Sector 7G,en proceso de tortura
3490,Martha Murphy,Avaricia,83,1857-07-27,Pandemonium,activa
3491,Ariana Snow,Avaricia,35,1954-04-30,Tierra,activa
3492,Madison Aguilar,Pereza,80,1884-01-09,Abismo,activa
3493,Kayla Brown,Pereza,20,1959-07-28,Limbo,redimida
3494,Jackie Hart,Pereza,85,1922-02-06,Inframundo,redimida
3495,Brittany Jones,Gula,8,2018-06-05,Limbo,en proceso de tortura
3496,Timothy Bowen,Soberbia,50,2011-06-22,Tierra,en proceso de tortura
3497,Michael Price,Gula,75,1874-05-15,Sector 7G,redimida
3498,Steven Morris,Envidia,85,1881-04-06,Limbo,en proceso de tortura
3499,David Fisher,Ira,52,1936-12-11,Pandemonium,redimida
3500,Brenda Frey,Ira,90,1878-08-23,Sector 7G,activa
3501,Carolyn Richardson,Envidia,89,2003-12-28,Limbo,redimida
3502,Autumn Adams,Gula,36,1900-09-20,Inframundo,activa
3503,Natalie Sutton,Soberbia,12,1938-03-08,Tierra,activa
3504,Zachary Klein,Gula,32,1930-01-12,Pandemonium,activa
3505,Michael Fischer,Ira,77,1847-08-20,Tierra,activa
3506,Brenda Moore,Pereza,51,1858-02-22,Tierra,activa
3507,Lori Nash,Gula,7,1941-01-15,Abismo,en proceso de tortura
3508,Robert Jackson,Gula,55,1990-11-05,Abismo,en proceso de tortura
3509,Laura Harris,Soberbia,53,1925-05-23,Inframundo,en proceso de tortura
3510,Robin Cowan,Lujuria,74,1971-05-20,Pandemonium,redimida
3511,Anna Perez,Ira,17,1845-08-15,Limbo,redimida
3512,Erika Davis,Soberbia,40,1949-10-12,Tierra,en proceso de tortura
3513,Vincent Gross,Pereza,59,1968-08-22,Pandemonium,en proceso de tortura
3514,Alexander Mercer,Lujuria,78,1988-04-16,Inframundo,redimida
3515,Kelly Moore,Ira,27,1997-09-19,Tierra,activa
3516,Blake Perez,Lujuria,84,2012-10-24,Abismo,redimida
3517,William Hale,Pereza,27,1848-02-03,Limbo,redimida
3518,Deborah Jackson,Pereza,52,1937-09-19,Sector 7G,redimida
3519,Robert Kerr,Lujuria,40,1861-03-22,Inframundo,en proceso de tortura
3520,Andrea Price,Envidia,30,1838-09-22,Abismo,activa
3521,Denise Knapp,Lujuria,49,1916-10-13,Pandemonium,activa
3522,Adam Mason,Soberbia,10,2023-02-28,Pandemonium,activa
3523,Michael Walton,Gula,46,1912-12-13,Inframundo,redimida
3524,Cory Thomas,Envidia,65,1835-04-09,Sector 7G,redimida
3525,Lindsey Hicks,Pereza,78,1974-03-07,Tierra,en proceso de tortura
3526,Michelle Smith,Avaricia,19,1874-09-04,Sector 7G,redimida
3527,Aaron Mccoy,Pereza,51,1834-02-25,Limbo,redimida
3528,Edward Butler,Lujuria,3,2009-03-08,Limbo,en proceso de tortura
3529,Douglas Moreno,Lujuria,16,2015-09-02,Abismo,activa
3530,Pam Kennedy DDS,Avaricia,68,1839-04-10,Sector 7G,activa
3531,Sarah Cabrera,Envidia,87,1857-09-16,Tierra,activa
3532,Alex James II,Pereza,44,2017-12-30,Sector 7G,redimida
3533,Crystal King,Envidia,83,1854-09-04,Sector 7G,en proceso de tortura
3534,Stacey Arnold,Ira,10,1869-08-02,Inframundo,redimida
3535,Joseph Perry,Lujuria,39,1941-10-24,Sector 7G,redimida
3536,Jason Stevenson,Envidia,98,1960-01-30,Tierra,en proceso de tortura
3537,Joseph Taylor,Lujuria,66,1895-11-04,Limbo,activa
3538,Mary Cooper,Ira,36,2004-07-08,Inframundo,activa
3539,Mandy Byrd,Ira,19,1903-05-30,Abismo,en proceso de tortura
3540,Michele Lee,Lujuria,59,1964-08-18,Pandemonium,en proceso de tortura
3541,Timothy Fields,Ira,50,1860-12-14,Tierra,en proceso de tortura
3542,Patricia Johnson DDS,Gula,21,1954-11-14,Pandemonium,en proceso de tortura
3543,Daniel Haney,Avaricia,17,1871-07-09,Tierra,activa
3544,Gina Morales,Gula,22,1883-08-18,Inframundo,redimida
3545,Miss Nicole Harvey MD,Pereza,30,1999-03-10,Tierra,activa
3546,Lauren Rodriguez,Soberbia,41,1851-11-22,Limbo,activa
3547,Thomas Ellis,Avaricia,100,1828-08-25,Inframundo,activa
3548,Kelly Moore,Gula,59,2003-12-28,Pandemonium,redimida
3549,James Johnson,Gula,29,1893-06-04,Tierra,redimida
3550,Terry Gonzalez,Lujuria,62,1916-10-04,Tierra,en proceso de tortura
3551,Cory Mullen,Avaricia,65,1841-12-19,Inframundo,redimida
3552,Rebecca Rich,Avaricia,12,1905-09-22,Abismo,redimida
3553,William Rice,Soberbia,51,1960-02-05,Tierra,redimida
3554,Nancy Dunlap,Avaricia,69,1843-06-04,Tierra,en proceso de tortura
3555,Chad Buck,Lujuria,58,1834-11-29,Abismo,en proceso de tortura
3556,Kent Warner,Avaricia,8,1920-02-02,Tierra,activa
3557,Joel Tate,Pereza,21,1842-11-20,Tierra,en proceso de tortura
3558,Raymond Murphy,Ira,5,1884-02-09,Limbo,activa
3559,Laura Hoffman,Soberbia,33,1830-12-25,Inframundo,en proceso de tortura
3560,Brandi Johnson,Envidia,98,1976-01-01,Limbo,redimida
3561,Kenneth Diaz,Gula,26,1876-10-23,Sector 7G,en proceso de tortura
3562,Jessica Johnson,Ira,79,1982-12-29,Inframundo,redimida
3563,Donna Frye,Avaricia,35,1848-11-16,Pandemonium,redimida
3564,Alyssa Adams,Lujuria,91,1952-11-25,Tierra,activa
3565,Diamond Johnson,Ira,43,1960-05-28,Abismo,activa
3566,Jennifer Henderson,Soberbia,27,1899-05-08,Sector 7G,en proceso de tortura
3567,Maria Russell,Envidia,3,1914-08-16,Abismo,activa
3568,Anita Smith,Ira,57,1891-06-05,Inframundo,activa
3569,Wesley Schaefer,Lujuria,4,2003-07-27,Pandemonium,redimida
3570,Gina Goodwin,Gula,83,1857-08-22,Sector 7G,redimida
3571,Laurie Baxter,Ira,90,2014-06-16,Sector 7G,en proceso de tortura
3572,Stephanie Thornton,Pereza,8,1931-01-28,Abismo,redimida
3573,Karen Hardy,Pereza,89,1955-10-24,Limbo,redimida
3574,Sheri Parker DVM,Lujuria,6,1899-10-13,Limbo,en proceso de tortura
3575,Ronald Sanders,Pereza,24,2003-04-27,Inframundo,redimida
3576,Shannon Sanders MD,Gula,79,1916-06-23,Limbo,activa
3577,Roger Miller,Avaricia,35,1832-03-24,Inframundo,redimida
3578,Emma Henry,Avaricia,50,1970-04-24,Inframundo,activa
3579,Ashley Harris MD,Pereza,11,1962-01-17,Abismo,activa
3580,Christopher Donaldson,Lujuria,90,2003-12-28,Limbo,en proceso de tortura
3581,Kenneth Lin,Avaricia,72,1910-02-28,Inframundo,en proceso de tortura
3582,Eric Baker,Avaricia,26,1851-01-16,Pandemonium,redimida
3583,Sophia Mcdonald,Lujuria,77,1969-12-14,Sector 7G,activa
3584,Sara Hardy,Soberbia,68,1883-06-13,Abismo,activa
3585,Gabriel Sanders,Lujuria,75,1975-07-31,Limbo,activa
3586,Margaret Allen,Envidia,10,1936-11-22,Inframundo,redimida
3587,Kent Rodriguez,Ira,42,1894-11-24,Tierra,activa
3588,Tracy Francis,Ira,34,1894-08-16,Pandemonium,activa
3589,Dylan Lambert MD,Soberbia,10,1941-03-22,Limbo,en proceso de tortura
3590,Tara Lee,Envidia,99,1991-04-26,Inframundo,redimida
3591,Robert Welch,Lujuria,29,1980-06-11,Tierra,en proceso de tortura
3592,Jamie Marquez,Pereza,87,1862-09-21,Sector 7G,activa
3593,Kyle Moran,Soberbia,34,1828-08-20,Pandemonium,redimida
3594,Brent Snyder,Ira,18,1887-02-15,Inframundo,activa
3595,Zachary Martin,Ira,2,1941-07-08,Inframundo,redimida
3596,Vincent Sanders,Gula,27,1915-11-08,Sector 7G,en proceso de tortura
3597,Leslie Christian,Envidia,73,1919-01-18,Pandemonium,en proceso de tortura
3598,Ebony Miller,Lujuria,99,1849-04-27,Tierra,activa
3599,Steven Mccarthy,Pereza,1,1882-08-23,Pandemonium,redimida
3600,Jessica Williams,Envidia,45,1921-04-29,Pandemonium,redimida
3601,Joseph Anderson,Gula,71,1841-05-17,Limbo,redimida
3602,Jennifer Smith,Avaricia,90,1921-08-15,Abismo,redimida
3603,Maria Harris,Envidia,13,1961-05-15,Pandemonium,activa
3604,Joseph Robinson,Lujuria,29,2014-12-22,Inframundo,redimida
3605,Tiffany Perry,Envidia,34,1935-02-17,Pandemonium,activa
3606,Joanne Moore,Soberbia,25,1909-06-14,Pandemonium,en proceso de tortura
3607,Beth Collins,Ira,9,1996-09-13,Abismo,en proceso de tortura
3608,Gregory York,Avaricia,73,1828-02-09,Limbo,activa
3609,Sydney King,Gula,40,1867-12-05,Pandemonium,redimida
3610,Richard Young,Avaricia,1,1925-12-15,Sector 7G,en proceso de tortura
3611,Jay Houston,Avaricia,43,1991-04-12,Tierra,redimida
3612,Cheryl Harmon,Ira,1,1980-08-16,Tierra,en proceso de tortura
3613,Michael Blankenship,Ira,81,1930-12-15,Sector 7G,redimida
3614,Nicole Good,Lujuria,11,2025-01-14,Limbo,redimida
3615,Kevin Strickland,Gula,63,1827-10-17,Pandemonium,activa
3616,Reginald Mitchell,Envidia,91,1976-01-22,Sector 7G,en proceso de tortura
3617,Crystal Patterson,Envidia,32,1911-06-03,Sector 7G,redimida
3618,Lauren Chan,Avaricia,36,1883-01-10,Tierra,redimida
3619,Rhonda Saunders,Avaricia,57,1926-01-07,Limbo,activa
3620,Jessica Morris,Pereza,73,1828-07-30,Limbo,activa
3621,Michael Smith,Envidia,67,1925-01-18,Abismo,activa
3622,Travis Moore,Gula,74,1847-09-25,Abismo,redimida
3623,Melvin Andrade,Ira,35,1883-10-16,Inframundo,activa
3624,Robert Jefferson,Envidia,82,1861-06-30,Limbo,redimida
3625,Susan Watson,Avaricia,85,1901-01-20,Pandemonium,activa
3626,Shelly Flores,Pereza,11,1927-10-13,Pandemonium,redimida
3627,Jason Stewart,Soberbia,57,1879-12-26,Sector 7G,en proceso de tortura
3628,Zachary Mejia,Ira,48,1928-11-29,Limbo,redimida
3629,Aaron Bullock,Lujuria,88,1899-02-05,Limbo,redimida
3630,David Johnson,Gula,99,1961-05-18,Tierra,en proceso de tortura
3631,Melissa Stewart,Pereza,36,1936-06-03,Limbo,activa
3632,Courtney Hill,Gula,34,1973-10-20,Sector 7G,activa
3633,Shawn Hanson,Avaricia,27,1985-12-28,Pandemonium,activa
3634,Matthew Haynes,Envidia,44,1926-03-10,Limbo,activa
3635,Robert Knight,Envidia,90,1890-10-31,Sector 7G,redimida
3636,Janet Clark,Pereza,25,1958-05-29,Sector 7G,activa
3637,Mary Anderson,Gula,71,1903-09-02,Limbo,en proceso de tortura
3638,Annette Hays,Envidia,48,1875-06-17,Pandemonium,redimida
3639,Julia Singh,Pereza,74,2002-07-02,Limbo,redimida
3640,Paul Campbell,Soberbia,65,1879-02-04,Pandemonium,en proceso de tortura
3641,John Bryant,Lujuria,37,1960-01-01,Abismo,redimida
3642,Michelle Brewer,Ira,79,1842-01-03,Tierra,activa
3643,Sarah Cortez,Pereza,24,1832-07-12,Tierra,activa
3644,Garrett Johnson,Gula,72,1832-03-19,Limbo,activa
3645,Amber Jones,Gula,52,1977-04-21,Tierra,en proceso de tortura
3646,Christopher Moreno,Soberbia,51,1949-04-17,Limbo,en proceso de tortura
3647,Randy Barnes,Ira,82,1848-05-03,Tierra,activa
3648,Brian Stevens,Lujuria,19,2013-10-22,Abismo,en proceso de tortura
3649,Brian Rowe,Lujuria,95,1884-06-28,Inframundo,en proceso de tortura
3650,Christopher Reyes,Avaricia,37,2021-05-21,Limbo,redimida
3651,Paul Meyer,Avaricia,68,2003-09-03,Tierra,en proceso de tortura
3652,Rhonda Caldwell,Pereza,11,2011-10-09,Tierra,en proceso de tortura
3653,Michael Medina,Lujuria,50,1991-03-27,Abismo,activa
3654,Jason Osborne,Pereza,95,1973-10-19,Inframundo,en proceso de tortura
3655,Troy Lopez PhD,Avaricia,11,2013-06-19,Tierra,activa
3656,Kimberly Castro,Soberbia,5,1937-12-11,Inframundo,redimida
3657,Michael Nixon,Gula,14,1877-05-25,Tierra,redimida
3658,Nathan Franklin,Ira,47,2014-02-04,Inframundo,en proceso de tortura
3659,Jeffrey Daniels,Ira,97,1859-12-17,Tierra,en proceso de tortura
3660,Robert Patterson,Soberbia,18,2022-12-03,Pandemonium,en proceso de tortura
3661,Stephanie Kemp,Gula,62,1894-04-13,Pandemonium,activa
3662,Joseph Everett,Lujuria,33,1894-06-10,Tierra,en proceso de tortura
3663,Justin Stafford,Envidia,79,1915-09-28,Tierra,en proceso de tortura
3664,Erin Sanchez,Gula,79,1975-10-25,Tierra,activa
3665,Brandy Barrett,Soberbia,63,1851-06-10,Abismo,redimida
3666,Debbie Hines,Lujuria,65,2013-09-25,Abismo,en proceso de tortura
3667,Jenny James,Pereza,1,1919-04-21,Inframundo,en proceso de tortura
3668,Gloria Valentine,Envidia,28,1897-05-28,Limbo,redimida
3669,Samantha Santos,Ira,80,1951-09-14,Pandemonium,activa
3670,Steven Reid,Gula,47,2015-07-22,Sector 7G,activa
3671,Kevin Wilson,Gula,11,1911-02-26,Limbo,en proceso de tortura
3672,Thomas Walker MD,Ira,38,2015-08-17,Inframundo,redimida
3673,Hector Crane,Ira,74,1880-12-03,Tierra,redimida
3674,Russell Baldwin,Soberbia,38,1896-10-09,Sector 7G,activa
3675,Jacob Hall,Pereza,8,1983-12-13,Abismo,redimida
3676,Michelle Moore,Avaricia,47,1886-11-24,Pandemonium,activa
3677,Shawn Cook,Pereza,88,1913-08-24,Tierra,en proceso de tortura
3678,Robert Sanford,Ira,15,1885-12-08,Tierra,redimida
3679,Kevin Wilkerson,Soberbia,2,1842-05-04,Pandemonium,activa
3680,Ashley Shea,Gula,70,1847-10-08,Abismo,en proceso de tortura
3681,Jill Richards,Gula,38,2025-09-23,Abismo,en proceso de tortura
3682,Ann Kennedy MD,Ira,13,1899-02-28,Tierra,en proceso de tortura
3683,Elizabeth Ramirez,Soberbia,30,1878-05-24,Abismo,redimida
3684,Samantha Rhodes,Pereza,84,1965-05-29,Limbo,redimida
3685,Amy Khan,Pereza,53,1934-09-25,Inframundo,en proceso de tortura
3686,Lauren Padilla,Envidia,11,1896-11-19,Pandemonium,en proceso de tortura
3687,Danielle Jones,Soberbia,23,1982-01-08,Sector 7G,redimida
3688,Kevin Reyes,Soberbia,32,1943-12-17,Inframundo,redimida
3689,Michaela Fisher,Avaricia,5,1876-10-28,Sector 7G,en proceso de tortura
3690,Shelley Davis,Avaricia,54,1838-05-11,Inframundo,activa
3691,Donna Gonzalez,Pereza,4,1956-08-16,Sector 7G,activa
3692,Peter Lara,Ira,57,1971-06-06,Inframundo,en proceso de tortura
3693,Justin Graves,Lujuria,50,1965-05-21,Tierra,en proceso de tortura
3694,Kathryn Wall,Lujuria,7,1865-08-01,Tierra,en proceso de tortura
3695,Tracey Martinez,Avaricia,57,1875-09-30,Tierra,redimida
3696,Wanda Owen,Soberbia,82,1973-01-12,Limbo,redimida
3697,Terri Holt,Pereza,33,1923-01-29,Pandemonium,en proceso de tortura
3698,Mary Woodward,Lujuria,37,1901-10-07,Tierra,en proceso de tortura
3699,Amy Chavez,Gula,32,1981-09-19,Pandemonium,activa
3700,Sean Stevens,Gula,50,1857-11-05,Tierra,redimida
3701,Mathew Fox,Soberbia,48,1829-04-08,Inframundo,en proceso de tortura
3702,James Lucas,Pereza,90,1915-12-27,Inframundo,redimida
3703,Curtis Gomez,Lujuria,85,1860-10-02,Abismo,redimida
3704,Alicia Myers,Envidia,32,1879-03-18,Tierra,activa
3705,Tina Hess,Avaricia,75,1944-12-10,Tierra,en proceso de tortura
3706,Scott Armstrong,Avaricia,42,1877-01-19,Abismo,redimida
3707,Rebecca Nunez,Soberbia,21,1926-09-09,Limbo,en proceso de tortura
3708,Anna Richmond,Avaricia,62,1842-07-16,Sector 7G,activa
3709,Oscar Hernandez,Lujuria,81,1963-11-09,Limbo,activa
3710,David Hale,Gula,8,1848-06-27,Inframundo,redimida
3711,Brittany Jones,Avaricia,84,1942-05-31,Sector 7G,en proceso de tortura
3712,Andrew Lynn,Avaricia,52,1980-05-29,Abismo,en proceso de tortura
3713,Sarah Pollard,Gula,90,1991-07-20,Pandemonium,redimida
3714,Annette Soto,Envidia,15,1873-02-01,Limbo,redimida
3715,Erica Young,Lujuria,80,1947-01-08,Limbo,activa
3716,Brittany Garcia,Avaricia,85,1860-04-05,Limbo,redimida
3717,Megan Lee,Ira,6,2023-02-28,Inframundo,en proceso de tortura
3718,Alicia Mitchell,Gula,17,1926-01-03,Inframundo,en proceso de tortura
3719,Amy Terry,Avaricia,13,1863-11-24,Limbo,activa
3720,Jason Garcia,Ira,93,1887-06-25,Pandemonium,en proceso de tortura
3721,Bruce Nixon,Gula,86,1834-08-31,Tierra,activa
3722,Brian Willis,Ira,73,1915-11-12,Pandemonium,activa
3723,Chloe Hardy,Pereza,96,1871-03-15,Inframundo,en proceso de tortura
3724,Joshua Martin,Pereza,5,1871-04-24,Limbo,redimida
3725,Joseph Dawson,Envidia,61,1985-12-18,Abismo,redimida
3726,Courtney Macias,Ira,99,1849-10-26,Pandemonium,redimida
3727,Mark Miller,Ira,56,1995-01-31,Tierra,en proceso de tortura
3728,Linda Quinn,Lujuria,40,1838-01-29,Abismo,redimida
3729,Stephen Baker,Lujuria,59,1830-02-16,Pandemonium,redimida
3730,David Alvarez,Gula,69,1872-04-02,Tierra,en proceso de tortura
3731,Kevin Phillips,Soberbia,78,1946-03-04,Limbo,activa
3732,Kristopher Carpenter,Envidia,14,1980-12-23,Pandemonium,en proceso de tortura
3733,Tammy Gutierrez,Lujuria,5,1888-09-24,Pandemonium,en proceso de tortura
3734,John Hicks,Ira,3,2003-12-01,Inframundo,en proceso de tortura
3735,Elizabeth Drake,Envidia,90,1877-06-23,Pandemonium,activa
3736,Julie Gonzalez,Pereza,52,1915-03-01,Inframundo,en proceso de tortura
3737,Becky Haas,Pereza,58,1906-03-27,Sector 7G,en proceso de tortura
3738,Lisa Parker,Avaricia,15,1845-01-24,Limbo,redimida
3739,Calvin Norris,Ira,53,1832-09-30,Sector 7G,redimida
3740,Peter Garcia,Ira,1,2013-06-02,Inframundo,activa
3741,Darrell Campos,Pereza,73,2017-03-21,Inframundo,activa
3742,Peter Vang,Lujuria,94,1872-02-18,Sector 7G,activa
3743,Matthew Krause,Soberbia,50,1876-04-09,Inframundo,activa
3744,Laura Robertson,Soberbia,29,1834-12-16,Pandemonium,activa
3745,Dylan Lopez,Envidia,82,1826-02-03,Inframundo,activa
3746,Courtney Patterson,Avaricia,75,1835-06-01,Limbo,redimida
3747,Rachel Stevens,Soberbia,24,2012-09-12,Limbo,en proceso de tortura
3748,Kelly King,Gula,68,2006-11-18,Pandemonium,activa
3749,Melissa Santiago,Ira,29,2004-06-17,Sector 7G,en proceso de tortura
3750,Lynn White,Lujuria,8,1943-03-01,Limbo,activa
3751,David Lowe,Ira,9,1850-09-13,Pandemonium,activa
3752,Timothy Davis,Soberbia,50,1869-08-24,Abismo,en proceso de tortura
3753,Ricky Hardy,Ira,26,2022-02-11,Pandemonium,redimida
3754,Timothy Villa,Pereza,46,1942-11-11,Tierra,en proceso de tortura
3755,Joshua Wong,Envidia,97,1921-08-28,Pandemonium,activa
3756,Alexandra Werner,Pereza,10,1878-10-19,Inframundo,en proceso de tortura
3757,Tracy Gomez,Lujuria,8,1831-11-26,Pandemonium,activa
3758,Kelly Smith,Gula,97,1897-08-04,Limbo,activa
3759,Raymond Cline,Soberbia,0,1830-10-14,Abismo,activa
3760,Amy Santos,Avaricia,50,1980-08-30,Limbo,activa
3761,Kara Reid,Pereza,54,1985-01-23,Tierra,activa
3762,Robert Smith,Soberbia,6,1944-07-12,Limbo,en proceso de tortura
3763,Robert Hale,Soberbia,2,1882-03-05,Abismo,redimida
3764,Jacob Garcia,Soberbia,25,1886-04-15,Sector 7G,en proceso de tortura
3765,Angelica Hoffman,Avaricia,4,1990-08-20,Limbo,activa
3766,Anna Richardson,Lujuria,99,1994-11-21,Sector 7G,activa
3767,Michael Garrett,Gula,18,1831-05-10,Tierra,en proceso de tortura
3768,Jason Murphy,Pereza,56,1978-05-19,Inframundo,en proceso de tortura
3769,Phillip Jones,Gula,40,1853-03-03,Limbo,activa
3770,April Gay,Avaricia,97,1976-01-03,Tierra,redimida
3771,Dalton Lewis,Lujuria,29,2003-12-28,Abismo,redimida
3772,Jeffrey Gallegos,Gula,67,2010-01-10,Limbo,redimida
3773,Robert Smith,Envidia,58,1968-01-24,Inframundo,en proceso de tortura
3774,David Huynh,Avaricia,39,2018-10-02,Inframundo,redimida
3775,Dr. Leslie Mckenzie MD,Lujuria,86,1990-06-07,Sector 7G,redimida
3776,Nicole Spencer,Pereza,70,1978-09-23,Tierra,activa
3777,Lisa Jones,Pereza,81,1884-09-23,Inframundo,en proceso de tortura
3778,Terri Terrell,Envidia,58,1843-07-21,Pandemonium,activa
3779,Amy Christensen,Envidia,99,1829-03-18,Pandemonium,activa
3780,Brittany Bautista,Gula,37,1980-06-12,Abismo,en proceso de tortura
3781,Patricia Reynolds,Ira,85,1956-09-17,Tierra,redimida
3782,Rachel Brooks,Pereza,32,1885-02-28,Pandemonium,en proceso de tortura
3783,Louis Jennings,Avaricia,51,1841-10-26,Abismo,en proceso de tortura
3784,Gregory Finley,Avaricia,19,1996-10-31,Limbo,activa
3785,Daniel Perry,Gula,19,1998-05-09,Limbo,en proceso de tortura
3786,Denise Robinson,Envidia,99,1941-03-31,Abismo,en proceso de tortura
3787,Dylan Jensen,Avaricia,9,1922-07-31,Sector 7G,en proceso de tortura
3788,Kelsey Baldwin,Avaricia,21,1882-02-06,Sector 7G,en proceso de tortura
3789,Elijah Evans,Lujuria,61,1999-10-21,Sector 7G,activa
3790,Shelby Hernandez,Soberbia,45,2003-12-28,Inframundo,activa
3791,Angela Reed,Lujuria,94,1950-03-01,Inframundo,en proceso de tortura
3792,Sean Richardson,Lujuria,37,1877-02-24,Sector 7G,redimida
3793,Kevin Keller,Pereza,92,1978-02-16,Pandemonium,redimida
3794,Chase Richardson,Soberbia,79,1862-12-28,Inframundo,redimida
3795,Melinda Foster,Pereza,68,1854-03-21,Limbo,redimida
3796,Sean Medina,Pereza,91,1985-06-21,Tierra,en proceso de tortura
3797,Marissa Taylor,Pereza,48,1868-02-20,Tierra,en proceso de tortura
3798,Michelle Goodman,Soberbia,50,1908-03-03,Sector 7G,redimida
3799,Kara Skinner,Lujuria,1,1895-04-12,Tierra,en proceso de tortura
3800,Nicole Rubio,Pereza,42,1843-07-15,Sector 7G,redimida
3801,Alexandra Lopez,Pereza,67,2003-12-28,Tierra,redimida
3802,Scott Fowler,Pereza,68,1832-10-21,Limbo,en proceso de tortura
3803,Andrew Larson,Ira,42,1828-03-21,Tierra,activa
3804,Cathy Smith,Pereza,7,2008-09-27,Tierra,redimida
3805,Randall Herrera,Avaricia,52,1975-04-20,Inframundo,redimida
3806,Brett Williams,Soberbia,16,1910-01-18,Inframundo,en proceso de tortura
3807,John Guzman,Ira,98,1932-08-07,Tierra,activa
3808,David Thompson,Pereza,85,1942-06-01,Abismo,en proceso de tortura
3809,Kaitlin Black,Avaricia,34,1961-11-01,Tierra,en proceso de tortura
3810,Carolyn Dudley,Soberbia,7,1914-12-22,Sector 7G,en proceso de tortura
3811,Daniel Goodman,Pereza,46,2018-06-20,Pandemonium,redimida
3812,Susan Maldonado DVM,Soberbia,42,1959-02-24,Inframundo,en proceso de tortura
3813,John Adams,Lujuria,95,1972-07-30,Sector 7G,activa
3814,Christopher Griffith,Gula,99,2003-12-28,Limbo,activa
3815,Lynn Floyd,Ira,49,1961-08-14,Sector 7G,redimida
3816,Megan Gutierrez,Gula,69,1865-07-09,Inframundo,en proceso de tortura
3817,Andre Griffin,Pereza,52,1982-02-17,Pandemonium,en proceso de tortura
3818,Randy James,Soberbia,61,1864-08-29,Tierra,redimida
3819,Roger Vasquez,Gula,31,1911-03-17,Tierra,redimida
3820,Manuel Shah,Gula,67,2004-11-14,Inframundo,activa
3821,Anna White,Envidia,48,1944-06-20,Sector 7G,activa
3822,Rebecca Wallace,Lujuria,0,1827-01-25,Limbo,redimida
3823,Jennifer Ellis,Lujuria,34,1976-12-24,Sector 7G,en proceso de tortura
3824,Audrey Foster,Ira,91,1912-07-08,Inframundo,activa
3825,Frederick Cooper,Avaricia,93,1918-08-01,Tierra,redimida
3826,Stanley Williams,Lujuria,97,1927-10-09,Inframundo,en proceso de tortura
3827,James Perez,Lujuria,10,2001-10-14,Inframundo,en proceso de tortura
3828,Jimmy Johnson,Ira,14,2005-10-05,Inframundo,redimida
3829,Richard Rogers,Pereza,44,2020-05-02,Pandemonium,redimida
3830,Carrie Nguyen,Soberbia,64,1839-05-05,Limbo,redimida
3831,Kathy Holmes,Pereza,77,2004-09-09,Abismo,activa
3832,Amanda Marks,Ira,38,1974-01-04,Tierra,redimida
3833,Roger Moore,Envidia,85,1980-03-23,Inframundo,en proceso de tortura
3834,Rodney Kim,Lujuria,39,1981-08-23,Tierra,activa
3835,Dustin Wilson,Avaricia,60,1886-03-10,Limbo,activa
3836,Mark Howard,Pereza,19,1838-05-21,Tierra,activa
3837,Cameron Wright,Avaricia,79,1885-02-15,Abismo,en proceso de tortura
3838,Andrew Moore,Pereza,86,1906-06-18,Pandemonium,en proceso de tortura
3839,Michael White,Pereza,43,1940-05-12,Inframundo,activa
3840,Travis Hale,Gula,75,1856-03-31,Abismo,redimida
3841,Andrea Ramos,Avaricia,47,1853-05-17,Abismo,en proceso de tortura
3842,Dawn Collier,Soberbia,60,1839-06-02,Limbo,activa
3843,Daniel Robertson,Ira,10,1903-11-28,Pandemonium,en proceso de tortura
3844,James Green,Ira,45,1876-04-04,Tierra,en proceso de tortura
3845,Jose Morris,Soberbia,10,1892-05-19,Pandemonium,activa
3846,Stephanie Davenport,Avaricia,34,2015-12-04,Pandemonium,redimida
3847,Wesley Brewer,Soberbia,20,2023-02-28,Pandemonium,redimida
3848,Anne Duncan,Pereza,8,2013-01-21,Inframundo,redimida
3849,Monica Cooper,Gula,3,1864-03-05,Sector 7G,redimida
3850,William Jones,Avaricia,22,1904-08-11,Tierra,redimida
3851,Cheryl Duncan,Soberbia,12,1926-10-02,Inframundo,redimida
3852,Christopher Riggs,Lujuria,82,1919-06-01,Abismo,en proceso de tortura
3853,Gregory Pearson,Ira,16,2003-12-28,Abismo,en proceso de tortura
3854,Randy Kane,Envidia,28,2012-10-03,Sector 7G,en proceso de tortura
3855,Amy Mullins,Pereza,44,1906-05-07,Tierra,redimida
3856,Megan Adams,Envidia,48,1913-05-24,Pandemonium,activa
3857,Pam Harper,Avaricia,92,2018-04-25,Limbo,activa
3858,Paul Williams,Avaricia,10,1942-11-30,Sector 7G,redimida
3859,Morgan Garcia,Soberbia,8,2005-12-24,Pandemonium,redimida
3860,Grace Reynolds,Pereza,56,1920-12-12,Limbo,en proceso de tortura
3861,Anthony Hopkins,Soberbia,95,1873-04-03,Limbo,activa
3862,Cynthia Mcclain,Soberbia,99,1884-01-23,Pandemonium,redimida
3863,Shari Larson,Gula,77,1937-03-17,Tierra,activa
3864,Henry Villanueva,Gula,9,1879-10-13,Limbo,en proceso de tortura
3865,Krista Baxter,Pereza,85,1981-07-25,Inframundo,en proceso de tortura
3866,Connor Castillo,Avaricia,67,1878-10-16,Tierra,en proceso de tortura
3867,Dr. Renee Garcia,Pereza,76,2005-09-07,Pandemonium,redimida
3868,Robert Williams,Envidia,80,1946-03-07,Pandemonium,activa
3869,Matthew Chapman,Lujuria,73,1945-04-30,Inframundo,activa
3870,Nicole Li,Envidia,98,1917-02-14,Inframundo,redimida
3871,Julie Sandoval,Envidia,27,1835-06-09,Sector 7G,redimida
3872,David Horton,Ira,21,1954-12-20,Sector 7G,activa
3873,Jeanne Peterson,Avaricia,96,1980-06-06,Limbo,activa
3874,Holly Solis,Soberbia,10,1987-10-14,Limbo,redimida
3875,Timothy Buck,Lujuria,50,1893-08-31,Pandemonium,redimida
3876,Danielle Camacho,Lujuria,68,1854-05-23,Pandemonium,en proceso de tortura
3877,Stephanie Castaneda,Soberbia,19,1889-11-10,Pandemonium,redimida
3878,Gregory Sanchez,Envidia,79,1980-01-05,Pandemonium,activa
3879,Laura Butler,Soberbia,25,1945-09-04,Pandemonium,en proceso de tortura
3880,Matthew Nguyen,Avaricia,65,1857-11-18,Inframundo,activa
3881,Daniel Haynes,Pereza,85,1990-01-10,Tierra,activa
3882,Joseph Hughes,Envidia,74,1843-09-06,Limbo,redimida
3883,Samantha Hudson,Gula,53,1867-08-29,Sector 7G,en proceso de tortura
3884,Dr. Stephanie Lopez,Soberbia,62,1845-06-16,Pandemonium,activa
3885,Laura Gates MD,Envidia,22,2012-05-12,Tierra,activa
3886,William Peters,Soberbia,78,1911-06-23,Limbo,redimida
3887,Brooke Morrison,Gula,4,1857-02-20,Limbo,activa
3888,Robert Miles,Soberbia,14,1884-03-04,Pandemonium,redimida
3889,Renee Everett,Envidia,25,1971-12-25,Abismo,redimida
3890,Paul Parsons,Ira,77,1894-09-22,Pandemonium,en proceso de tortura
3891,Monica Hancock,Pereza,7,1862-06-22,Inframundo,en proceso de tortura
3892,Cory Evans,Envidia,4,1836-10-12,Tierra,redimida
3893,John Sanchez,Avaricia,79,1833-04-26,Limbo,en proceso de tortura
3894,Kristen Vega,Ira,44,1964-12-01,Inframundo,redimida
3895,Ann Miller,Soberbia,2,1830-10-03,Pandemonium,redimida
3896,Charles Wilson,Gula,88,1920-09-04,Sector 7G,activa
3897,William Gonzales,Pereza,79,1904-03-04,Limbo,activa
3898,Jeremy Franklin,Avaricia,17,2003-12-28,Sector 7G,redimida
3899,Mary Chandler,Envidia,50,2003-12-28,Pandemonium,redimida
3900,Frank Brown,Lujuria,58,1958-11-20,Tierra,en proceso de tortura
3901,Kevin Aguilar,Envidia,79,1968-11-15,Limbo,en proceso de tortura
3902,Jessica Barnett,Pereza,51,1861-06-24,Pandemonium,redimida
3903,Richard Smith,Soberbia,88,1839-02-21,Pandemonium,en proceso de tortura
3904,Emma Long,Ira,82,1901-09-25,Abismo,redimida
3905,Jennifer Taylor,Gula,38,1944-05-11,Limbo,redimida
3906,Carlos Steele,Lujuria,93,1979-08-13,Inframundo,en proceso de tortura
3907,Robert Hall,Pereza,45,1876-11-13,Abismo,redimida
3908,Jordan Baldwin,Gula,55,1951-05-03,Tierra,en proceso de tortura
3909,Melinda Porter,Lujuria,18,1858-07-31,Tierra,redimida
3910,Lisa Stafford,Avaricia,50,1903-05-29,Pandemonium,redimida
3911,Shannon Castro DVM,Lujuria,77,1964-11-02,Inframundo,redimida
3912,Andrew Moore,Ira,18,1904-11-30,Inframundo,activa
3913,Lori Holt,Envidia,62,2019-06-28,Abismo,redimida
3914,Pam Moore,Pereza,17,1826-05-29,Inframundo,activa
3915,Mary Shaw,Lujuria,13,1852-02-24,Limbo,en proceso de tortura
3916,Larry Garcia,Soberbia,30,1911-05-19,Pandemonium,activa
3917,Jo Sanchez,Pereza,55,1856-11-07,Inframundo,activa
3918,Sean Williams,Ira,67,2018-04-16,Tierra,activa
3919,Jody Jones,Gula,49,1849-10-20,Limbo,en proceso de tortura
3920,Marvin Lee,Soberbia,32,1891-06-17,Pandemonium,activa
3921,Bryan Gonzalez,Lujuria,77,2022-07-09,Abismo,redimida
3922,Ronald Schneider,Gula,59,1980-03-31,Sector 7G,redimida
3923,Emily Guzman,Lujuria,13,1853-04-04,Pandemonium,redimida
3924,Corey Hunter,Gula,12,1865-09-07,Inframundo,redimida
3925,Michael Rodriguez,Envidia,95,1962-09-06,Pandemonium,redimida
3926,Christopher Sullivan,Avaricia,61,1852-02-14,Sector 7G,activa
3927,Amy Acosta,Envidia,24,1921-09-27,Tierra,activa
3928,Randy Moon Jr.,Pereza,94,1928-10-17,Sector 7G,activa
3929,Mr. Aaron Miller,Pereza,70,1925-02-02,Abismo,redimida
3930,Erica Kelly,Soberbia,14,1916-08-06,Sector 7G,en proceso de tortura
3931,Joseph Vaughn,Lujuria,75,1858-10-03,Tierra,activa
3932,Lori Love,Envidia,35,1986-03-28,Limbo,en proceso de tortura
3933,Alicia Hopkins,Envidia,1,1869-10-26,Abismo,redimida
3934,Kathryn Young,Pereza,2,1881-01-20,Tierra,redimida
3935,Sarah Stewart,Avaricia,90,1897-06-19,Pandemonium,redimida
3936,Reginald Hill,Avaricia,30,1872-12-25,Tierra,en proceso de tortura
3937,Brenda Douglas,Avaricia,7,1991-04-13,Inframundo,redimida
3938,Erin Day,Lujuria,47,1983-12-03,Pandemonium,en proceso de tortura
3939,Krista Beck,Lujuria,15,2005-06-07,Pandemonium,redimida
3940,Mike Larsen,Pereza,32,1969-08-29,Limbo,redimida
3941,Holly Williams,Pereza,64,1878-11-09,Tierra,activa
3942,Veronica Johnson,Lujuria,55,2003-12-28,Abismo,redimida
3943,Robert Johns Jr.,Soberbia,76,1908-10-12,Limbo,activa
3944,Christine Hernandez,Gula,33,1882-10-16,Limbo,activa
3945,Erin Mitchell,Lujuria,18,1913-12-18,Inframundo,redimida
3946,Steven Allen,Avaricia,22,1987-07-30,Limbo,en proceso de tortura
3947,David Morton,Ira,87,1881-09-10,Limbo,activa
3948,Darren Simmons,Pereza,89,1945-11-26,Sector 7G,en proceso de tortura
3949,April Rogers,Envidia,48,1930-06-06,Abismo,activa
3950,Marcus Dickerson,Avaricia,7,1846-08-05,Limbo,activa
3951,Anna Gonzalez,Ira,60,1983-09-12,Limbo,activa
3952,Benjamin Ramirez,Lujuria,55,1946-08-13,Tierra,redimida
3953,Jacqueline Garcia,Avaricia,49,1988-07-23,Abismo,en proceso de tortura
3954,George Molina,Pereza,2,1976-11-07,Limbo,en proceso de tortura
3955,Darryl Allen,Pereza,67,1889-01-28,Tierra,en proceso de tortura
3956,Patricia Jones,Soberbia,90,1891-09-06,Inframundo,redimida
3957,Wendy Huynh,Gula,34,1981-10-20,Limbo,redimida
3958,Donna Lewis,Lujuria,29,1992-11-08,Limbo,redimida
3959,Kylie Rivas,Avaricia,67,1855-09-07,Limbo,redimida
3960,Jose Taylor,Gula,48,1897-10-07,Inframundo,activa
3961,Kristi Stewart,Ira,82,2010-06-26,Inframundo,en proceso de tortura
3962,Charles Wilson,Pereza,39,1881-05-07,Tierra,activa
3963,Robin Lucas,Gula,50,1995-02-01,Inframundo,activa
3964,Brandon Morgan,Lujuria,96,1927-07-27,Pandemonium,redimida
3965,Danielle Tate,Soberbia,29,2011-09-12,Inframundo,redimida
3966,Lindsay Sandoval,Soberbia,97,1881-10-21,Inframundo,en proceso de tortura
3967,Jacqueline Gomez,Envidia,8,1981-11-26,Inframundo,redimida
3968,Karen Wright,Avaricia,68,2010-12-28,Sector 7G,activa
3969,Phillip Hendricks,Lujuria,3,1879-01-08,Sector 7G,redimida
3970,Melissa Edwards,Avaricia,91,1849-10-01,Pandemonium,redimida
3971,Michelle Walters,Soberbia,73,1910-12-14,Tierra,activa
3972,Mrs. Heather Moore DDS,Avaricia,6,1889-05-25,Tierra,activa
3973,Christine Blevins,Envidia,76,1981-05-03,Tierra,activa
3974,Kelly Smith,Pereza,61,1957-11-24,Limbo,en proceso de tortura
3975,Courtney Henderson,Soberbia,72,1843-03-17,Sector 7G,redimida
3976,April Walker,Gula,19,1928-03-26,Pandemonium,en proceso de tortura
3977,Eric Mckinney,Envidia,10,1858-07-22,Tierra,redimida
3978,Ricardo Schultz,Lujuria,55,2006-10-13,Abismo,redimida
3979,Angela Beard,Pereza,46,1996-11-06,Inframundo,en proceso de tortura
3980,Dawn Burnett,Gula,25,1993-12-24,Sector 7G,activa
3981,Karen Golden,Ira,9,1968-07-28,Sector 7G,redimida
3982,Heather Hall,Gula,85,1932-08-03,Tierra,en proceso de tortura
3983,Sarah Mcclure,Ira,59,1927-07-11,Inframundo,en proceso de tortura
3984,Dominic Benjamin,Gula,92,2000-07-09,Limbo,activa
3985,Corey Williams,Soberbia,61,1967-03-20,Pandemonium,en proceso de tortura
3986,Ann Turner,Pereza,50,1897-10-28,Pandemonium,activa
3987,Scott Matthews,Envidia,57,1989-07-12,Inframundo,activa
3988,John Brown,Ira,3,1845-03-03,Tierra,redimida
3989,Virginia Williams,Ira,62,1985-07-19,Pandemonium,en proceso de tortura
3990,Benjamin Liu,Gula,12,1977-12-14,Tierra,activa
3991,Morgan Barton,Soberbia,77,2003-12-28,Tierra,en proceso de tortura
3992,Karen Serrano,Envidia,95,1969-04-21,Sector 7G,redimida
3993,Richard Sanchez,Soberbia,17,1893-02-18,Tierra,activa
3994,Kevin Phillips,Envidia,48,1892-12-24,Limbo,redimida
3995,Margaret Potts,Avaricia,67,2023-08-18,Inframundo,activa
3996,Phillip Thompson,Soberbia,88,1830-08-23,Limbo,en proceso de tortura
3997,Riley Murray,Pereza,7,1905-06-16,Tierra,redimida
3998,Kimberly Edwards,Envidia,39,1860-02-24,Inframundo,redimida
3999,Daniel Williams,Envidia,34,2014-06-29,Limbo,activa
4000,Amanda Strong,Envidia,58,1896-06-18,Sector 7G,activa
4001,Mr. Dustin Taylor MD,Gula,25,1993-03-28,Sector 7G,en proceso de tortura
4002,Elizabeth Reed,Lujuria,57,2002-03-19,Tierra,redimida
4003,Ryan Bryan,Pereza,80,1967-09-22,Sector 7G,en proceso de tortura
4004,Alexis Simon,Pereza,43,1873-01-17,Tierra,activa
4005,Eric Ruiz,Envidia,77,1937-10-06,Pandemonium,activa
4006,Kelly Vargas,Lujuria,94,1946-02-05,Inframundo,en proceso de tortura
4007,David Barnes,Soberbia,66,1946-06-14,Tierra,activa
4008,Jennifer Lee,Gula,25,1979-12-24,Tierra,activa
4009,Timothy Mendoza,Avaricia,94,1865-12-31,Tierra,activa
4010,Michele Cobb,Lujuria,24,1839-05-15,Abismo,activa
4011,Dana Flowers,Ira,50,1918-11-23,Limbo,redimida
4012,Edwin Burns,Gula,70,1951-03-27,Tierra,en proceso de tortura
4013,Gabrielle Garza,Lujuria,50,1832-12-24,Abismo,activa
4014,Sarah Gonzalez,Pereza,36,1971-10-21,Sector 7G,redimida
4015,April Kane,Gula,85,1984-07-28,Limbo,activa
4016,Edward Murray,Envidia,98,1928-05-23,Pandemonium,redimida
4017,Connor Alexander,Soberbia,58,2024-01-04,Inframundo,activa
4018,Christopher Harris,Gula,69,2005-05-29,Limbo,en proceso de tortura
4019,Brandon Rodgers,Ira,61,1957-07-16,Inframundo,activa
4020,Erika Ward,Gula,50,1863-11-18,Sector 7G,activa
4021,Diane Peters,Soberbia,11,1855-06-30,Tierra,redimida
4022,James Robinson,Avaricia,12,1961-04-19,Abismo,redimida
4023,Charles Combs,Lujuria,3,1886-03-22,Limbo,en proceso de tortura
4024,Beverly Garrett,Pereza,31,1970-10-03,Inframundo,activa
4025,Scott Orr,Ira,9,1956-06-15,Abismo,activa
4026,Joshua Jackson,Envidia,33,1857-07-01,Inframundo,redimida
4027,Dominique Mcdonald,Soberbia,89,2016-06-10,Pandemonium,activa
4028,Angela Lopez,Avaricia,66,2019-10-26,Sector 7G,redimida
4029,Abigail Brown,Envidia,19,1847-04-20,Tierra,redimida
4030,Tyler Wheeler,Lujuria,23,1830-01-01,Pandemonium,activa
4031,Michelle Weaver,Gula,9,1867-05-31,Abismo,activa
4032,Vickie Jenkins,Lujuria,42,1927-10-18,Pandemonium,activa
4033,Caleb Williams,Pereza,81,1887-08-19,Limbo,en proceso de tortura
4034,Kelly Howard,Ira,4,1937-03-15,Sector 7G,redimida
4035,Andrew Nixon,Avaricia,29,1976-02-21,Limbo,en proceso de tortura
4036,Brian Olson,Avaricia,86,1983-07-21,Abismo,en proceso de tortura
4037,Robert Greene,Ira,91,1962-01-05,Abismo,activa
4038,Michelle Bennett,Pereza,20,1911-12-05,Limbo,redimida
4039,Emily Horn,Lujuria,90,1977-03-05,Tierra,redimida
4040,Michael Morris,Soberbia,36,1962-12-08,Limbo,en proceso de tortura
4041,Wayne Vincent,Soberbia,51,1948-04-22,Sector 7G,activa
4042,Christian Knight,Soberbia,58,1844-04-28,Pandemonium,redimida
4043,Dustin Ford,Gula,29,1895-05-24,Tierra,activa
4044,Samantha Henderson,Gula,73,2003-12-28,Pandemonium,en proceso de tortura
4045,Jeffrey Wood,Pereza,7,1843-05-15,Inframundo,en proceso de tortura
4046,Jason Foster,Lujuria,13,1867-06-17,Inframundo,en proceso de tortura
4047,Elizabeth Williams,Pereza,15,1951-06-18,Pandemonium,en proceso de tortura
4048,Megan Serrano,Avaricia,57,1980-10-20,Abismo,activa
4049,Jonathon Turner,Avaricia,60,1828-10-25,Pandemonium,redimida
4050,Shannon Moore,Gula,58,1891-11-21,Sector 7G,redimida
4051,Sara Dixon,Pereza,62,1943-07-03,Abismo,redimida
4052,Brian Blevins,Soberbia,71,1865-07-19,Limbo,en proceso de tortura
4053,Judith Aguilar,Lujuria,27,1954-12-10,Abismo,en proceso de tortura
4054,Dale Holmes,Lujuria,64,2007-11-26,Inframundo,redimida
4055,Gerald Grant,Pereza,100,1947-01-09,Inframundo,redimida
4056,Stacy Santos,Pereza,91,1864-10-22,Abismo,activa
4057,Robert Green,Gula,70,1926-10-21,Sector 7G,activa
4058,Julie West,Avaricia,27,1898-11-23,Sector 7G,en proceso de tortura
4059,Joseph Shaw,Lujuria,88,1985-08-18,Tierra,redimida
4060,Tiffany Gibson,Avaricia,8,1913-07-16,Abismo,en proceso de tortura
4061,Michael Randall,Pereza,52,1952-03-16,Limbo,redimida
4062,Melanie Burke,Soberbia,51,2002-10-23,Inframundo,en proceso de tortura
4063,Erica Duncan,Lujuria,22,1888-05-03,Sector 7G,redimida
4064,Martha Garner,Envidia,1,1934-09-18,Abismo,redimida
4065,Mark Curry MD,Gula,33,1931-06-28,Abismo,activa
4066,Cynthia Rodriguez,Gula,50,1873-05-15,Abismo,en proceso de tortura
4067,Jon Kelly,Pereza,29,1865-06-01,Tierra,activa
4068,Mary Oconnell,Ira,53,1968-12-22,Abismo,activa
4069,Jeanette Jackson,Pereza,92,1890-01-31,Sector 7G,en proceso de tortura
4070,Mark Anderson,Soberbia,91,1968-08-11,Sector 7G,en proceso de tortura
4071,William Brown,Gula,83,1921-06-11,Limbo,redimida
4072,Leslie Miller,Soberbia,82,1926-09-28,Inframundo,activa
4073,Katherine Kramer,Gula,9,1919-04-25,Abismo,en proceso de tortura
4074,Albert Sandoval,Soberbia,93,1867-06-12,Abismo,en proceso de tortura
4075,Morgan Little,Envidia,14,1924-06-02,Inframundo,en proceso de tortura
4076,Kaylee Hughes,Envidia,55,1981-05-08,Limbo,redimida
4077,Corey Doyle,Ira,23,2003-12-28,Abismo,en proceso de tortura
4078,Leslie Weiss,Gula,43,1970-02-25,Tierra,redimida
4079,Jillian Mcconnell,Lujuria,96,2022-05-26,Pandemonium,redimida
4080,Edward Perez,Avaricia,85,1984-02-08,Limbo,activa
4081,Russell Holland,Envidia,70,1977-09-17,Inframundo,redimida
4082,Jeffrey Shah,Avaricia,10,2021-11-11,Limbo,redimida
4083,Meghan Wiley,Gula,76,1898-12-18,Sector 7G,redimida
4084,Joseph Martin,Avaricia,13,2019-08-16,Sector 7G,en proceso de tortura
4085,Nicholas King,Lujuria,34,1984-11-15,Sector 7G,activa
4086,Michelle Mccann,Avaricia,79,1908-08-12,Abismo,activa
4087,Edwin Francis,Soberbia,79,1889-10-14,Pandemonium,activa
4088,Alexander Day,Gula,24,1936-07-22,Limbo,redimida
4089,Heather King,Ira,81,1857-09-30,Tierra,en proceso de tortura
4090,Courtney Miller,Pereza,63,1952-04-12,Pandemonium,activa
4091,Ernest Flores,Soberbia,39,1855-08-14,Limbo,activa
4092,Benjamin Harmon,Lujuria,50,1861-04-21,Pandemonium,en proceso de tortura
4093,Deborah Murray,Pereza,100,1997-06-17,Limbo,redimida
4094,Amber Brady,Pereza,29,1873-10-02,Inframundo,activa
4095,Julie Vang,Ira,78,1891-03-02,Pandemonium,activa
4096,Robert Bell,Gula,32,1995-02-14,Limbo,en proceso de tortura
4097,Stephen Mccall,Gula,99,1885-03-08,Sector 7G,redimida
4098,Brandon Holder,Avaricia,66,1924-02-06,Abismo,activa
4099,Michelle Johnson,Gula,9,1958-06-18,Limbo,redimida
4100,Tiffany Watts,Gula,21,1936-10-29,Inframundo,redimida
4101,William Griffin,Pereza,27,1875-10-18,Inframundo,en proceso de tortura
4102,Kelsey Cisneros,Avaricia,44,1933-06-19,Inframundo,en proceso de tortura
4103,Jennifer Clark,Gula,43,2004-08-16,Tierra,redimida
4104,Eric Carson,Pereza,99,1894-01-30,Abismo,activa
4105,Teresa Reyes,Soberbia,36,1834-06-10,Pandemonium,en proceso de tortura
4106,Alyssa Howard,Ira,22,1887-11-19,Pandemonium,activa
4107,Brittany Meyers,Soberbia,99,1889-05-09,Inframundo,redimida
4108,Timothy King,Pereza,57,1914-03-20,Abismo,redimida
4109,Jason Houston,Pereza,66,1883-07-02,Sector 7G,en proceso de tortura
4110,Danielle Miller,Lujuria,49,1836-02-24,Pandemonium,activa
4111,Mary Mathews,Pereza,16,1870-05-13,Pandemonium,en proceso de tortura
4112,Michael Cruz,Ira,61,2001-09-07,Inframundo,activa
4113,Richard Robinson,Ira,26,2008-06-18,Limbo,redimida
4114,Stephen Nguyen,Ira,72,1894-07-13,Abismo,redimida
4115,John Ryan,Avaricia,30,1835-10-04,Sector 7G,en proceso de tortura
4116,Andrew Blankenship,Envidia,30,1831-11-19,Pandemonium,en proceso de tortura
4117,Michael Collier,Lujuria,21,1885-01-15,Inframundo,activa
4118,James Singh,Ira,25,1995-10-22,Pandemonium,en proceso de tortura
4119,Tyler Drake,Ira,91,1909-04-07,Pandemonium,redimida
4120,Eric Nunez,Avaricia,89,2024-10-20,Tierra,en proceso de tortura
4121,Anne Hayes,Gula,42,1972-09-01,Pandemonium,redimida
4122,Sarah Miller,Envidia,75,1913-12-26,Inframundo,activa
4123,Ryan Robertson,Envidia,0,1906-07-24,Abismo,redimida
4124,Christopher Cole,Ira,12,1832-07-11,Pandemonium,activa
4125,Kimberly Wilson,Avaricia,17,1950-06-18,Sector 7G,en proceso de tortura
4126,Logan Flynn,Envidia,5,1979-04-20,Abismo,redimida
4127,Raymond Zhang,Envidia,53,1911-07-12,Limbo,redimida
4128,Sara Rodriguez,Avaricia,34,1901-05-05,Tierra,en proceso de tortura
4129,Brandi Frederick,Lujuria,85,2024-04-14,Tierra,en proceso de tortura
4130,Sandra Mann,Soberbia,75,1949-06-04,Sector 7G,en proceso de tortura
4131,Thomas Hill,Lujuria,13,1913-02-13,Sector 7G,activa
4132,Kristin Thornton,Ira,27,1878-06-17,Inframundo,en proceso de tortura
4133,Kendra Acosta,Soberbia,71,1930-07-13,Abismo,activa
4134,Brooke Hampton,Avaricia,92,2003-12-28,Pandemonium,en proceso de tortura
4135,William Reed,Avaricia,96,2013-02-04,Inframundo,en proceso de tortura
4136,Derek Erickson MD,Pereza,27,1961-02-03,Abismo,en proceso de tortura
4137,Michael Schmidt,Ira,38,1956-01-11,Inframundo,activa
4138,Molly Brown,Envidia,30,1897-01-03,Inframundo,redimida
4139,Brittany Greene,Avaricia,52,1890-10-13,Pandemonium,redimida
4140,Angel Wolfe,Pereza,63,1860-11-04,Tierra,en proceso de tortura
4141,Cassandra Guerrero,Avaricia,4,1825-11-06,Pandemonium,redimida
4142,Shannon Meyer,Ira,19,1856-01-06,Pandemonium,activa
4143,Tyler Wilson,Ira,59,1855-09-24,Pandemonium,en proceso de tortura
4144,Michael Velez,Ira,66,1971-12-19,Pandemonium,activa
4145,Martha Mullins,Lujuria,72,1995-05-19,Tierra,activa
4146,Jonathan Davis,Lujuria,56,1827-03-27,Limbo,en proceso de tortura
4147,Mark Brown,Lujuria,29,1858-10-20,Sector 7G,en proceso de tortura
4148,Christopher Drake,Gula,20,2022-01-04,Sector 7G,redimida
4149,Andrew Bryant,Pereza,79,1858-03-29,Limbo,activa
4150,Ryan Mcguire,Lujuria,71,1883-12-23,Abismo,en proceso de tortura
4151,Barry Smith,Avaricia,55,1905-04-07,Abismo,activa
4152,Candice Cox,Ira,23,1906-04-20,Tierra,activa
4153,Kyle Kerr,Ira,72,1987-08-09,Sector 7G,en proceso de tortura
4154,Matthew Williams,Envidia,99,1891-12-15,Limbo,redimida
4155,Anthony Miller,Avaricia,30,2025-01-07,Sector 7G,activa
4156,Benjamin Ferguson,Lujuria,69,1934-02-26,Abismo,activa
4157,Jason Zamora,Gula,48,1938-02-27,Tierra,redimida
4158,Chad Morrow,Gula,41,2018-03-23,Sector 7G,activa
4159,Adriana Contreras,Soberbia,23,1862-10-24,Sector 7G,en proceso de tortura
4160,Tracy Jackson,Envidia,67,1983-04-26,Inframundo,redimida
4161,Phillip Scott,Avaricia,89,1928-04-30,Tierra,redimida
4162,Evelyn Quinn,Ira,87,1908-02-28,Sector 7G,en proceso de tortura
4163,Joshua Walker,Ira,72,1909-02-01,Pandemonium,redimida
4164,Laurie Martinez,Envidia,99,1861-02-24,Pandemonium,redimida
4165,Ronald Brock,Avaricia,45,2014-11-13,Tierra,redimida
4166,Jesse Atkins,Envidia,37,1898-04-07,Pandemonium,activa
4167,Brian Ruiz,Envidia,64,1945-09-16,Abismo,en proceso de tortura
4168,Ashley Cole,Gula,71,1988-02-08,Inframundo,redimida
4169,Michelle Saunders,Pereza,100,1872-02-02,Limbo,en proceso de tortura
4170,Andrew King,Pereza,13,2003-12-28,Tierra,activa
4171,Hannah Johnson,Avaricia,22,2017-09-23,Tierra,redimida
4172,Stephanie Brown,Soberbia,54,1828-12-14,Inframundo,en proceso de tortura
4173,Michael Cook,Soberbia,43,1878-08-14,Abismo,redimida
4174,Linda Mcdonald,Avaricia,42,1892-08-06,Abismo,activa
4175,Sean Patton,Ira,79,1853-10-26,Tierra,activa
4176,Nathan Valencia,Lujuria,41,1933-07-28,Limbo,activa
4177,Vincent Smith,Lujuria,39,2005-11-04,Abismo,redimida
4178,John Baker,Soberbia,71,1986-09-22,Tierra,activa
4179,Aaron Thomas,Gula,59,1835-04-11,Tierra,activa
4180,Barbara Mcmahon,Soberbia,97,1962-12-10,Inframundo,redimida
4181,Mary Bartlett,Gula,20,2008-02-23,Sector 7G,activa
4182,Samantha Hughes,Ira,20,1910-02-11,Limbo,redimida
4183,Veronica Chase,Soberbia,70,1847-05-20,Abismo,activa
4184,Jacqueline Austin,Pereza,95,1951-02-24,Tierra,activa
4185,Mark Watson,Gula,75,1976-06-11,Pandemonium,redimida
4186,Rachel Bishop,Pereza,23,2014-04-01,Pandemonium,activa
4187,Crystal Ashley,Soberbia,96,1854-10-13,Abismo,en proceso de tortura
4188,Miss Lori Nguyen DDS,Envidia,43,1957-10-31,Inframundo,redimida
4189,Connie Stevenson,Pereza,43,1888-11-27,Abismo,activa
4190,Brandon Johnson,Lujuria,55,1928-10-19,Tierra,en proceso de tortura
4191,Joyce Johnson,Gula,59,1829-05-19,Tierra,activa
4192,Kathleen Roy,Soberbia,10,1961-12-14,Limbo,activa
4193,Jonathan Tucker,Pereza,7,1927-08-28,Abismo,en proceso de tortura
4194,Linda Bailey,Avaricia,23,1908-05-08,Tierra,redimida
4195,Ashley Jackson,Ira,35,1924-04-04,Pandemonium,en proceso de tortura
4196,Adam Smith,Avaricia,99,1957-11-23,Pandemonium,en proceso de tortura
4197,Marc Miller,Ira,32,1906-04-01,Inframundo,redimida
4198,Mr. Curtis Campbell,Ira,80,1875-12-10,Limbo,activa
4199,Mr. Jeffery Humphrey,Lujuria,50,1960-07-21,Pandemonium,activa
4200,Jennifer Palmer,Gula,50,1981-01-30,Sector 7G,redimida
4201,Angela Harper,Lujuria,54,2024-12-01,Pandemonium,redimida
4202,Joshua White,Envidia,59,1859-10-16,Limbo,activa
4203,Gerald Elliott,Pereza,73,1909-09-25,Sector 7G,en proceso de tortura
4204,Nancy King,Lujuria,49,1867-01-03,Pandemonium,activa
4205,Adrian Vega,Soberbia,80,1856-12-20,Sector 7G,en proceso de tortura
4206,Alan Gray,Gula,100,1860-01-25,Pandemonium,activa
4207,Rodney Ramsey,Envidia,81,1873-04-06,Tierra,activa
4208,Molly Ross,Pereza,99,1850-12-29,Pandemonium,en proceso de tortura
4209,Michael Wilkinson,Avaricia,78,1960-05-15,Tierra,activa
4210,Elizabeth Cole,Lujuria,45,1834-06-14,Sector 7G,activa
4211,Jacqueline Davidson,Lujuria,24,1875-01-29,Tierra,redimida
4212,John Williams,Lujuria,14,1915-03-23,Tierra,redimida
4213,Jacob Reed,Gula,84,1974-09-20,Abismo,activa
4214,Alice Diaz,Lujuria,70,1987-07-14,Pandemonium,activa
4215,Ruben Hopkins IV,Envidia,97,1941-03-03,Sector 7G,redimida
4216,Tina Evans,Gula,27,2002-11-10,Tierra,en proceso de tortura
4217,Terry Riley,Lujuria,22,1950-10-31,Abismo,redimida
4218,Mathew Fitzgerald,Soberbia,89,1980-12-23,Pandemonium,en proceso de tortura
4219,Theresa King,Lujuria,10,1974-03-04,Tierra,redimida
4220,Faith Good,Ira,76,1987-04-02,Pandemonium,redimida
4221,Crystal Schneider,Gula,50,1844-01-30,Sector 7G,activa
4222,Alicia Campos,Pereza,69,1884-10-09,Limbo,redimida
4223,Charles Macias,Soberbia,33,1936-08-05,Tierra,redimida
4224,Kelly Skinner,Pereza,99,1932-12-08,Sector 7G,redimida
4225,Rebecca Phillips,Ira,9,1860-12-30,Abismo,activa
4226,Tammy Copeland,Avaricia,5,1942-11-30,Inframundo,en proceso de tortura
4227,Richard Moore,Pereza,81,2002-09-27,Inframundo,en proceso de tortura
4228,Michael Davis,Pereza,65,2024-03-09,Inframundo,redimida
4229,Michael Jacobs,Envidia,69,1882-04-27,Limbo,activa
4230,Christy Wilson,Ira,78,1847-02-10,Tierra,en proceso de tortura
4231,Shelley Clark,Avaricia,57,1832-10-12,Inframundo,redimida
4232,Tanya Cherry,Avaricia,13,1843-12-30,Pandemonium,redimida
4233,Kara Thomas MD,Avaricia,59,1930-06-26,Abismo,redimida
4234,Andrew Malone,Lujuria,78,1924-03-07,Inframundo,redimida
4235,Alicia White,Pereza,27,1923-10-13,Abismo,activa
4236,Rachel Roberts,Gula,21,2021-11-20,Inframundo,en proceso de tortura
4237,Tyler Rodgers,Avaricia,79,1990-11-04,Abismo,redimida
4238,Ronald Zimmerman,Soberbia,96,1996-09-13,Sector 7G,activa
4239,Kimberly Ballard,Avaricia,86,1952-12-03,Inframundo,redimida
4240,Shaun Rice,Soberbia,58,1826-10-17,Tierra,activa
4241,James Pham,Ira,90,1936-11-12,Abismo,en proceso de tortura
4242,Amy Jackson,Gula,45,1942-08-20,Sector 7G,en proceso de tortura
4243,Kayla Little,Avaricia,30,1866-10-05,Abismo,redimida
4244,Jennifer Erickson,Avaricia,57,1997-01-24,Pandemonium,en proceso de tortura
4245,Pamela Pittman,Pereza,55,1936-02-01,Limbo,redimida
4246,Elizabeth Cunningham,Avaricia,44,1960-01-31,Sector 7G,activa
4247,Deborah Johnson,Soberbia,94,1926-12-12,Abismo,redimida
4248,Kimberly Reyes,Ira,56,1839-08-21,Pandemonium,en proceso de tortura
4249,Amanda Rosario,Pereza,88,2016-11-08,Limbo,redimida
4250,Mary Colon,Gula,60,2012-06-17,Sector 7G,redimida
4251,Mario Cook,Soberbia,41,1980-05-04,Pandemonium,redimida
4252,Melissa Day,Lujuria,8,2000-08-15,Abismo,en proceso de tortura
4253,Connie Campos,Pereza,92,2020-06-05,Abismo,redimida
4254,Faith Carlson,Lujuria,92,1969-07-28,Tierra,activa
4255,Erika Williams,Avaricia,7,1951-08-11,Pandemonium,activa
4256,Rachel Thompson,Lujuria,92,1959-08-04,Abismo,redimida
4257,Jesus Bell,Soberbia,8,1945-04-18,Limbo,redimida
4258,Darrell Carter,Ira,23,1983-03-29,Inframundo,activa
4259,Roberto Sutton,Gula,51,1967-11-30,Pandemonium,activa
4260,Dustin Martin,Envidia,18,1968-04-05,Limbo,en proceso de tortura
4261,Leslie Rios,Gula,25,1852-08-13,Sector 7G,activa
4262,Frank Garcia,Avaricia,87,1905-01-12,Tierra,en proceso de tortura
4263,Jennifer Hall,Soberbia,82,1932-07-29,Abismo,en proceso de tortura
4264,Molly Baker,Ira,57,1961-12-18,Tierra,activa
4265,Valerie Rivera,Pereza,54,1931-12-26,Pandemonium,activa
4266,Ryan Ward,Soberbia,76,1855-08-24,Pandemonium,activa
4267,Mrs. Rachel Burke,Ira,96,1955-12-14,Abismo,activa
4268,Gerald Hughes,Avaricia,69,1931-08-01,Limbo,activa
4269,Dustin Anderson,Pereza,6,1999-04-05,Inframundo,en proceso de tortura
4270,Leslie Hurley,Gula,7,1947-10-06,Limbo,activa
4271,Ivan Peters,Ira,72,1868-11-07,Limbo,activa
4272,Mark Russell,Lujuria,4,1883-10-23,Sector 7G,en proceso de tortura
4273,Michelle Adams,Ira,39,1833-10-22,Limbo,redimida
4274,Adam Jones,Gula,76,1932-03-15,Abismo,redimida
4275,Kathleen Cook,Envidia,15,1883-12-04,Limbo,redimida
4276,Emily Donaldson,Envidia,50,2000-07-01,Pandemonium,en proceso de tortura
4277,Karl Johnson,Pereza,44,2024-10-13,Inframundo,activa
4278,Michael Johnson,Pereza,87,1877-01-06,Pandemonium,redimida
4279,Lindsay Andrews,Soberbia,53,1944-10-09,Inframundo,redimida
4280,Katherine Gomez,Avaricia,100,1949-06-26,Inframundo,activa
4281,James Floyd,Soberbia,71,2020-12-15,Pandemonium,activa
4282,Angelica Mckenzie,Envidia,66,1888-01-15,Pandemonium,en proceso de tortura
4283,Jason Anderson,Avaricia,71,1851-08-17,Pandemonium,redimida
4284,Seth Daniel,Lujuria,52,1848-07-19,Tierra,en proceso de tortura
4285,Mark Fernandez,Avaricia,15,1865-08-27,Abismo,redimida
4286,Jonathan Sanders,Ira,100,2004-03-29,Limbo,en proceso de tortura
4287,Rebecca Bean,Lujuria,41,1997-08-15,Tierra,redimida
4288,Elizabeth English,Envidia,43,1845-07-10,Limbo,en proceso de tortura
4289,Jason Davis,Soberbia,38,1887-10-17,Limbo,en proceso de tortura
4290,Jonathan Rowe,Avaricia,33,1911-11-15,Sector 7G,en proceso de tortura
4291,Eric Taylor,Ira,40,1880-08-09,Pandemonium,redimida
4292,Richard Lee,Soberbia,27,1941-08-26,Abismo,activa
4293,Paul Hill,Pereza,69,1927-08-19,Sector 7G,redimida
4294,Cristian Young,Avaricia,100,1980-01-28,Abismo,en proceso de tortura
4295,Peter Johnson,Soberbia,73,1907-03-07,Sector 7G,activa
4296,Susan Strickland,Gula,9,1856-06-28,Limbo,redimida
4297,Bonnie Diaz,Soberbia,28,2002-07-14,Limbo,en proceso de tortura
4298,Louis Campbell,Lujuria,31,2008-04-05,Sector 7G,en proceso de tortura
4299,Shannon Baker,Lujuria,100,1853-06-11,Sector 7G,redimida
4300,Jeffrey Casey,Ira,91,1907-12-06,Inframundo,activa
4301,Carrie Long,Pereza,7,1898-07-26,Pandemonium,en proceso de tortura
4302,Adam Reid,Ira,35,1949-12-04,Tierra,en proceso de tortura
4303,Bryan Wright,Soberbia,77,1882-09-26,Pandemonium,activa
4304,Daniel Jennings,Lujuria,50,1944-03-08,Pandemonium,activa
4305,Angela Bell,Ira,41,2012-02-05,Inframundo,en proceso de tortura
4306,Scott Norris,Envidia,4,2003-08-02,Abismo,redimida
4307,David Green,Gula,30,2022-12-11,Inframundo,en proceso de tortura
4308,Keith Clayton,Avaricia,38,2000-01-14,Abismo,activa
4309,Loretta Kennedy,Ira,73,1978-05-10,Tierra,redimida
4310,Brooke Zamora,Envidia,42,1928-10-26,Limbo,redimida
4311,Tonya Olson,Gula,94,1928-09-02,Limbo,redimida
4312,Anna Cole,Envidia,64,1892-01-19,Inframundo,en proceso de tortura
4313,Katie Silva,Envidia,15,1849-04-09,Abismo,activa
4314,Mary Chase,Lujuria,56,1895-06-19,Tierra,redimida
4315,Donald Ramirez,Lujuria,76,1861-05-11,Inframundo,en proceso de tortura
4316,Christine Stewart,Pereza,42,1889-04-05,Sector 7G,en proceso de tortura
4317,Kevin Brewer,Soberbia,23,1989-07-10,Abismo,redimida
4318,Nathan Robertson,Lujuria,68,1886-12-28,Limbo,activa
4319,Jill Dickerson,Avaricia,45,2001-02-27,Abismo,en proceso de tortura
4320,Amy Hart,Envidia,57,1992-01-16,Limbo,en proceso de tortura
4321,John Maldonado,Soberbia,10,1910-07-22,Sector 7G,redimida
4322,Tanya Swanson,Avaricia,73,1988-11-24,Abismo,activa
4323,Emily Cline,Pereza,98,1913-12-24,Sector 7G,en proceso de tortura
4324,Daniel Marshall,Envidia,36,1905-10-04,Pandemonium,activa
4325,Ashley Edwards,Gula,49,1994-06-28,Limbo,en proceso de tortura
4326,Katherine Shepherd,Ira,81,1993-01-08,Pandemonium,redimida
4327,Patricia Gibson,Lujuria,77,1857-09-08,Sector 7G,en proceso de tortura
4328,Ashley Walker,Lujuria,33,1903-11-27,Abismo,redimida
4329,Benjamin Romero,Envidia,12,2017-01-03,Abismo,redimida
4330,Melissa Gross,Soberbia,22,1953-09-09,Abismo,en proceso de tortura
4331,Melissa Jordan,Pereza,13,1838-10-20,Limbo,activa
4332,Shane Bell,Ira,27,1866-08-29,Limbo,en proceso de tortura
4333,Tonya Daniels,Pereza,91,1979-02-19,Inframundo,redimida
4334,Karen Adams,Ira,37,1842-07-11,Tierra,en proceso de tortura
4335,Gregory Jackson,Avaricia,36,1998-07-06,Limbo,activa
4336,Gregory Montgomery,Ira,67,1873-06-15,Abismo,activa
4337,Michael Wallace,Ira,19,1859-04-29,Pandemonium,en proceso de tortura
4338,Jonathan Gomez,Ira,78,1975-09-29,Tierra,redimida
4339,Rachael Liu,Envidia,41,1982-01-23,Pandemonium,redimida
4340,Lauren Smith,Avaricia,18,1826-07-18,Tierra,activa
4341,Joshua Lane,Gula,1,1890-03-07,Limbo,activa
4342,Michelle Klein,Ira,24,1989-05-23,Pandemonium,en proceso de tortura
4343,Darlene Santana,Avaricia,40,1880-07-01,Inframundo,redimida
4344,Kelsey Perez,Envidia,50,1915-05-04,Pandemonium,en proceso de tortura
4345,Sarah Kim,Lujuria,46,1860-08-30,Limbo,redimida
4346,Carrie Williams,Ira,1,1967-01-25,Pandemonium,activa
4347,Kyle Frank,Avaricia,30,2025-07-26,Sector 7G,redimida
4348,Craig Gross,Envidia,92,1864-04-09,Inframundo,activa
4349,Katherine Douglas,Pereza,80,1938-04-25,Pandemonium,activa
4350,Brittany Davis,Pereza,58,1999-08-17,Abismo,en proceso de tortura
4351,Adam Meyer,Pereza,75,2006-07-04,Limbo,en proceso de tortura
4352,Cory Martinez,Pereza,71,1952-06-17,Pandemonium,redimida
4353,Kyle Wright,Envidia,46,1926-07-01,Tierra,activa
4354,Shane Calderon,Ira,44,1863-07-16,Limbo,en proceso de tortura
4355,Joseph Larson,Gula,78,1889-07-12,Tierra,activa
4356,Chelsea Stanley,Gula,9,2003-12-28,Abismo,en proceso de tortura
4357,Jacob Hicks,Envidia,66,2000-08-14,Limbo,activa
4358,Daniel Costa,Pereza,37,1977-10-02,Abismo,redimida
4359,Andrew Brooks DVM,Pereza,43,1980-12-19,Inframundo,activa
4360,Cynthia Dillon,Gula,43,2009-12-31,Abismo,activa
4361,Gail Miller,Avaricia,40,1914-10-08,Abismo,redimida
4362,Amy Smith,Envidia,90,1887-10-14,Inframundo,activa
4363,Cassandra Crawford,Gula,66,1891-03-03,Abismo,en proceso de tortura
4364,Elizabeth Odonnell,Ira,50,1928-03-19,Sector 7G,activa
4365,Ann Miller,Lujuria,13,1860-03-25,Tierra,en proceso de tortura
4366,Debbie Jefferson,Soberbia,12,1962-07-30,Tierra,en proceso de tortura
4367,Aaron Williams,Soberbia,32,1863-03-09,Inframundo,en proceso de tortura
4368,William Long,Pereza,16,1987-06-25,Limbo,activa
4369,Dawn Jones,Pereza,54,1939-04-15,Inframundo,redimida
4370,Stephen Wright,Lujuria,52,1845-10-18,Abismo,redimida
4371,James Carrillo,Pereza,70,1845-02-23,Tierra,activa
4372,Jose Davis,Pereza,77,1891-07-22,Inframundo,activa
4373,Stephanie Jackson,Pereza,45,1999-02-06,Abismo,activa
4374,Monica Davila,Pereza,31,1831-05-17,Pandemonium,activa
4375,Tiffany Olson,Lujuria,81,1845-07-21,Inframundo,en proceso de tortura
4376,Nichole Roberts,Lujuria,91,1943-06-08,Limbo,activa
4377,Todd Pitts,Pereza,63,1999-01-24,Pandemonium,en proceso de tortura
4378,Carrie Mayo,Lujuria,94,1847-08-09,Abismo,en proceso de tortura
4379,Rebecca Martin,Gula,99,1945-08-23,Pandemonium,en proceso de tortura
4380,Vicki Shelton,Pereza,62,1972-03-22,Abismo,en proceso de tortura
4381,Philip Lynch,Soberbia,73,2000-12-04,Pandemonium,activa
4382,Savannah Ramirez,Soberbia,12,1832-02-08,Sector 7G,activa
4383,Stephanie Rios,Lujuria,89,1833-11-07,Abismo,en proceso de tortura
4384,Dana Chavez,Avaricia,44,1910-08-03,Inframundo,activa
4385,Michael Alvarez,Soberbia,46,1941-03-27,Sector 7G,redimida
4386,Robyn Lawrence,Lujuria,50,1922-06-07,Tierra,activa
4387,Lisa Barrett,Gula,38,1975-03-15,Sector 7G,activa
4388,Ernest Castro,Envidia,13,1827-04-02,Sector 7G,activa
4389,Susan Thomas,Gula,14,1909-11-11,Tierra,redimida
4390,Felicia Thomas,Pereza,49,1831-01-31,Tierra,redimida
4391,Judith Carey,Lujuria,47,1947-10-30,Pandemonium,activa
4392,Eric Reynolds,Gula,91,1871-02-20,Limbo,activa
4393,Luke Hale,Lujuria,48,1983-01-14,Limbo,redimida
4394,Nicole Savage,Avaricia,1,2006-07-08,Pandemonium,redimida
4395,Paul Case,Envidia,23,2003-12-28,Pandemonium,redimida
4396,Jennifer Jackson,Envidia,46,1921-01-02,Limbo,en proceso de tortura
4397,Barbara Campbell,Soberbia,60,1969-01-20,Limbo,redimida
4398,Lisa Bishop,Pereza,95,1912-10-30,Limbo,redimida
4399,Andrew Schultz,Lujuria,64,1924-09-13,Tierra,en proceso de tortura
4400,Terry Willis,Soberbia,24,1946-05-25,Sector 7G,activa
4401,James Herrera,Gula,4,1984-06-20,Sector 7G,activa
4402,Robert Garcia,Envidia,46,1946-09-22,Abismo,redimida
4403,Matthew Reyes,Envidia,18,1885-06-07,Abismo,en proceso de tortura
4404,Elizabeth Parker,Lujuria,7,2020-06-17,Inframundo,redimida
4405,Robert Hogan,Pereza,91,1906-12-10,Inframundo,en proceso de tortura
4406,Donna Lewis,Avaricia,66,2019-01-15,Pandemonium,redimida
4407,Samantha Webb,Soberbia,93,1997-03-11,Abismo,en proceso de tortura
4408,Kristina Meyers,Ira,40,1990-01-16,Tierra,en proceso de tortura
4409,Raymond Short,Ira,37,1980-08-29,Limbo,en proceso de tortura
4410,Andre Tucker,Soberbia,11,1889-07-14,Tierra,activa
4411,Adam Taylor,Lujuria,50,1843-04-25,Pandemonium,en proceso de tortura
4412,Lori Williams,Soberbia,16,1900-10-31,Limbo,redimida
4413,Joshua Collins,Avaricia,33,1957-07-08,Abismo,redimida
4414,Clifford Gonzalez,Soberbia,85,1919-03-26,Sector 7G,en proceso de tortura
4415,Gloria Garcia,Lujuria,58,1958-12-11,Limbo,en proceso de tortura
4416,Lisa Ford,Envidia,31,1839-04-18,Limbo,en proceso de tortura
4417,Sheila Leonard,Pereza,56,1964-02-26,Inframundo,activa
4418,Kimberly Barker,Pereza,82,1866-12-17,Limbo,redimida
4419,Michael Casey,Envidia,51,2003-12-28,Sector 7G,activa
4420,Collin Frederick,Pereza,75,1967-06-11,Pandemonium,redimida
4421,Karl Hansen,Gula,28,1936-08-28,Limbo,en proceso de tortura
4422,Colleen Wood,Pereza,14,1914-01-15,Limbo,activa
4423,Andre Wilcox,Ira,91,1959-11-12,Limbo,redimida
4424,Dr. Matthew Murphy,Ira,28,1962-05-10,Inframundo,activa
4425,Timothy Lane,Avaricia,77,1993-05-12,Pandemonium,redimida
4426,Virginia Simon,Envidia,54,1993-04-01,Limbo,redimida
4427,Nicole Yates,Soberbia,13,1967-06-08,Pandemonium,redimida
4428,Jennifer Walker,Envidia,79,2023-02-28,Pandemonium,redimida
4429,Mary Smith,Soberbia,47,1914-06-18,Pandemonium,en proceso de tortura
4430,Kimberly Phillips,Avaricia,42,1870-07-04,Inframundo,en proceso de tortura
4431,Emily Mason,Pereza,85,1898-11-01,Abismo,activa
4432,Richard Gordon,Envidia,80,1887-06-26,Tierra,en proceso de tortura
4433,Sarah Contreras,Envidia,99,1864-10-11,Pandemonium,en proceso de tortura
4434,Jeremy Burton,Soberbia,1,1836-02-21,Inframundo,en proceso de tortura
4435,Gregory Hodges,Avaricia,28,2008-05-01,Limbo,en proceso de tortura
4436,Tara Nelson,Pereza,61,1914-01-15,Abismo,redimida
4437,Lauren Robbins,Ira,33,1951-11-14,Tierra,redimida
4438,Joseph Coleman,Ira,24,1882-11-04,Abismo,redimida
4439,Karen Herman,Pereza,72,1839-01-21,Tierra,en proceso de tortura
4440,Miranda Koch,Gula,61,1925-11-28,Abismo,activa
4441,Jessica Woodward,Lujuria,92,1991-03-11,Inframundo,en proceso de tortura
4442,Sean Curry,Soberbia,12,1940-10-20,Abismo,activa
4443,Jennifer Anderson,Envidia,42,1934-05-15,Tierra,en proceso de tortura
4444,Stephen Morris,Soberbia,92,1894-10-11,Sector 7G,redimida
4445,Eric Smith,Gula,8,1850-02-10,Abismo,redimida
4446,Beth Casey,Pereza,44,1829-05-24,Limbo,activa
4447,Toni Clark,Envidia,54,2009-02-14,Abismo,redimida
4448,Jacqueline Davis,Ira,51,1916-07-15,Pandemonium,activa
4449,Stacy Austin,Gula,55,1946-10-18,Abismo,activa
4450,Ashley Jones MD,Envidia,34,1868-07-11,Sector 7G,redimida
4451,Andrew Fuller,Lujuria,79,1848-08-18,Abismo,redimida
4452,Joseph Levine,Gula,49,1873-01-11,Pandemonium,activa
4453,John Jenkins MD,Avaricia,24,1860-02-13,Sector 7G,en proceso de tortura
4454,Stephen Smith,Lujuria,79,1935-12-30,Abismo,en proceso de tortura
4455,Kevin Adams,Ira,57,1942-06-23,Pandemonium,en proceso de tortura
4456,Joshua Middleton,Soberbia,55,1828-10-07,Inframundo,activa
4457,Kayla Williams,Envidia,11,1898-08-05,Abismo,activa
4458,Ms. Angelica Thomas,Avaricia,65,1958-08-26,Inframundo,en proceso de tortura
4459,Mike Hoffman,Envidia,86,1966-11-21,Sector 7G,en proceso de tortura
4460,Heather Smith,Ira,62,1941-10-24,Sector 7G,activa
4461,Heather Lloyd,Soberbia,59,1839-05-04,Sector 7G,activa
4462,Kara Smith,Soberbia,74,1949-02-23,Limbo,activa
4463,Nicholas Johnson,Soberbia,63,1981-08-17,Inframundo,activa
4464,Jeremy Harris,Ira,13,1873-03-11,Abismo,redimida
4465,William Ramirez,Pereza,33,1939-10-10,Abismo,en proceso de tortura
4466,Jared Bradley,Gula,53,1918-03-17,Pandemonium,en proceso de tortura
4467,Natasha Porter,Ira,76,1989-08-22,Limbo,en proceso de tortura
4468,Antonio Baker,Gula,40,1951-02-04,Tierra,en proceso de tortura
4469,Nicole Wright,Lujuria,6,1942-02-23,Tierra,activa
4470,Laura Stone,Envidia,97,1944-02-12,Limbo,redimida
4471,Daryl Wood,Ira,6,1838-10-20,Tierra,redimida
4472,Thomas Stevens,Soberbia,62,2018-11-04,Limbo,activa
4473,Karen Hodges,Envidia,50,1874-04-03,Inframundo,en proceso de tortura
4474,Frank Marsh,Soberbia,18,1887-08-28,Pandemonium,redimida
4475,Dr. Carl Klein DVM,Envidia,36,1872-01-17,Sector 7G,activa
4476,Tina Henry,Avaricia,50,1875-05-18,Pandemonium,en proceso de tortura
4477,Michael Tucker,Envidia,54,1866-03-11,Sector 7G,redimida
4478,Robin Herring,Soberbia,51,1908-05-07,Inframundo,redimida
4479,Hayley Pollard,Ira,50,1951-04-01,Sector 7G,redimida
4480,Samuel Morgan,Soberbia,32,1899-04-25,Sector 7G,activa
4481,Douglas Roberson,Soberbia,3,2015-09-10,Tierra,activa
4482,Dr. Brad Meyer,Envidia,42,2019-12-04,Sector 7G,en proceso de tortura
4483,Stacey Finley,Envidia,37,2024-11-21,Tierra,activa
4484,Alexandra Silva,Ira,50,1923-11-03,Inframundo,en proceso de tortura
4485,Crystal Mitchell,Pereza,35,2003-09-07,Limbo,redimida
4486,Charles Cannon,Ira,97,1880-06-06,Sector 7G,en proceso de tortura
4487,Gary Buck,Lujuria,31,1950-08-11,Sector 7G,activa
4488,Gilbert Johnson,Ira,11,1997-09-02,Tierra,activa
4489,Robert Potter,Soberbia,54,1926-08-18,Abismo,redimida
4490,Alexandria Roberts,Gula,74,1978-10-24,Limbo,activa
4491,Jesse Clark,Avaricia,6,2018-10-23,Abismo,redimida
4492,Andrew Young,Envidia,48,2003-12-28,Tierra,activa
4493,Jeffrey Coleman,Gula,77,1865-01-02,Sector 7G,en proceso de tortura
4494,Lisa Holt,Avaricia,31,1954-12-24,Sector 7G,activa
4495,John Moore,Gula,41,1890-10-04,Sector 7G,activa
4496,Corey Davis,Envidia,74,1980-03-23,Pandemonium,redimida
4497,Brandon Anderson,Pereza,34,1997-01-21,Sector 7G,redimida
4498,Kerry Newman,Ira,4,2003-12-28,Abismo,activa
4499,Deborah Richmond,Gula,20,1999-01-03,Pandemonium,activa
4500,Jason Reyes,Lujuria,16,1991-08-04,Pandemonium,activa
4501,Kelly Brown,Envidia,92,1865-09-09,Pandemonium,redimida
4502,Ryan Lambert,Lujuria,4,1851-07-17,Sector 7G,redimida
4503,Shannon Castaneda,Ira,50,1910-11-20,Abismo,activa
4504,William Sims,Lujuria,54,1865-12-21,Limbo,activa
4505,Terri Wood,Gula,61,1889-09-06,Abismo,en proceso de tortura
4506,Sharon Matthews,Ira,78,1835-10-04,Sector 7G,redimida
4507,Melissa Fox,Soberbia,7,1868-11-13,Limbo,en proceso de tortura
4508,Donna Miller,Avaricia,75,1860-08-01,Tierra,activa
4509,Hayley Hudson,Avaricia,40,1842-01-20,Tierra,activa
4510,David Jackson,Pereza,71,1965-05-28,Sector 7G,redimida
4511,Jamie Mcknight,Lujuria,34,1839-10-29,Limbo,redimida
4512,Heather Davis,Pereza,74,1854-12-13,Limbo,redimida
4513,Andres Rose,Soberbia,38,1864-10-13,Tierra,en proceso de tortura
4514,Justin Gordon,Avaricia,60,2003-12-28,Pandemonium,activa
4515,Alyssa Williams,Envidia,55,1970-12-17,Inframundo,redimida
4516,David Gonzalez,Soberbia,16,1892-12-10,Abismo,redimida
4517,Alexander King,Lujuria,72,1870-07-26,Tierra,redimida
4518,Bryan Ali,Lujuria,59,1960-10-07,Sector 7G,en proceso de tortura
4519,Kimberly Ramsey,Gula,21,1894-03-14,Sector 7G,activa
4520,Robert Reid,Soberbia,0,2010-06-25,Sector 7G,en proceso de tortura
4521,Heather Miller,Lujuria,14,1890-01-23,Limbo,activa
4522,Cameron Smith,Ira,18,1856-10-22,Tierra,activa
4523,Jason Stewart,Envidia,39,1917-02-12,Inframundo,activa
4524,Alicia Williams,Avaricia,43,1998-03-28,Pandemonium,activa
4525,Patrick Hunt,Avaricia,25,1898-12-12,Sector 7G,activa
4526,Gregory Estrada,Envidia,22,1983-06-27,Pandemonium,activa
4527,David Rose,Gula,96,1996-02-29,Sector 7G,redimida
4528,Julia Le,Gula,49,1978-03-28,Tierra,en proceso de tortura
4529,Dylan Jones,Envidia,2,1848-06-16,Sector 7G,redimida
4530,Christopher Murray,Envidia,64,1948-08-30,Abismo,redimida
4531,Tyler Smith,Ira,22,1832-03-15,Limbo,activa
4532,Sandra Boyd,Envidia,86,1892-11-23,Abismo,activa
4533,Julia Kline,Gula,11,1954-08-30,Limbo,activa
4534,Sarah Reed,Lujuria,50,2014-07-29,Pandemonium,redimida
4535,Cathy Stanley,Ira,19,1951-06-28,Limbo,activa
4536,Jennifer Henderson,Avaricia,89,2007-09-02,Limbo,redimida
4537,Kathy Mitchell,Gula,31,1959-08-09,Sector 7G,activa
4538,Justin Smith,Gula,85,1871-01-26,Pandemonium,en proceso de tortura
4539,Clinton Torres,Gula,89,1835-09-03,Abismo,en proceso de tortura
4540,Cassandra Day,Envidia,6,1984-06-06,Tierra,activa
4541,Todd Jenkins,Soberbia,95,1927-08-21,Limbo,activa
4542,Kristin Cook,Pereza,13,1931-12-11,Pandemonium,en proceso de tortura
4543,Benjamin Palmer,Soberbia,2,1957-03-24,Limbo,activa
4544,Reginald Smith,Lujuria,17,1926-08-27,Sector 7G,activa
4545,Kimberly Wright,Pereza,69,1852-09-21,Sector 7G,en proceso de tortura
4546,Patrick Brown,Ira,10,1858-10-25,Limbo,redimida
4547,Charles Dudley,Lujuria,54,1922-04-07,Limbo,redimida
4548,Rhonda Burns,Avaricia,48,1988-11-17,Abismo,redimida
4549,Jaime Bradley,Avaricia,9,1841-07-20,Tierra,en proceso de tortura
4550,Jorge Johnson,Envidia,54,1834-08-22,Limbo,redimida
4551,Shannon Payne,Avaricia,70,1872-10-18,Limbo,en proceso de tortura
4552,Jeffrey Parker,Ira,95,1908-10-03,Abismo,activa
4553,James Shaw,Ira,26,1872-06-10,Limbo,en proceso de tortura
4554,Mr. Martin Sherman,Soberbia,11,1908-10-16,Limbo,activa
4555,Alexis Guzman,Envidia,69,1957-05-21,Tierra,redimida
4556,Andrea Dyer,Lujuria,6,1994-02-15,Tierra,en proceso de tortura
4557,Mark Taylor,Soberbia,16,1921-10-10,Tierra,en proceso de tortura
4558,Melissa Jones,Avaricia,33,2007-04-12,Tierra,activa
4559,Carrie Freeman,Lujuria,75,1826-07-12,Sector 7G,activa
4560,Nicolas Cline,Ira,3,1981-03-05,Limbo,en proceso de tortura
4561,Charles Miller,Lujuria,74,1881-08-21,Limbo,redimida
4562,Mary Beard,Ira,23,1923-10-05,Tierra,activa
4563,Michael Martinez,Ira,20,1826-04-23,Tierra,en proceso de tortura
4564,Kathleen Baird,Gula,65,1971-11-09,Inframundo,en proceso de tortura
4565,Amber Garza,Pereza,13,1888-01-01,Tierra,activa
4566,Randy Hughes,Envidia,85,1879-05-08,Sector 7G,redimida
4567,Mindy Rice,Soberbia,63,1859-07-04,Inframundo,en proceso de tortura
4568,Samantha Smith,Avaricia,100,1939-11-02,Inframundo,redimida
4569,Danielle Moore,Soberbia,50,1916-06-01,Abismo,activa
4570,Robert Gibbs,Pereza,74,2003-12-28,Pandemonium,en proceso de tortura
4571,Ashley Gomez,Gula,96,1860-12-05,Sector 7G,en proceso de tortura
4572,Sandra Davis,Pereza,37,1861-07-09,Sector 7G,redimida
4573,Eric Nicholson,Pereza,24,1965-01-16,Abismo,redimida
4574,Catherine Green,Ira,9,2003-12-17,Abismo,redimida
4575,Marcus Bush,Soberbia,26,1991-08-18,Sector 7G,redimida
4576,Christopher Sparks,Envidia,2,1917-09-22,Pandemonium,redimida
4577,Laura Ramirez,Soberbia,82,2000-08-27,Tierra,redimida
4578,Jackie Harrington,Gula,16,2003-12-28,Sector 7G,en proceso de tortura
4579,Donna Turner,Envidia,21,1951-11-30,Tierra,en proceso de tortura
4580,John Walters,Soberbia,67,1830-03-27,Pandemonium,activa
4581,Sean Hamilton,Ira,13,1826-09-14,Limbo,en proceso de tortura
4582,Bianca Spencer,Gula,56,2003-12-28,Pandemonium,activa
4583,Andrew Mills,Ira,52,1876-07-07,Limbo,activa
4584,John Houston,Gula,58,2003-12-28,Inframundo,activa
4585,Lisa Montgomery,Pereza,97,1868-03-19,Limbo,activa
4586,Sheena Williams,Soberbia,40,1835-08-17,Inframundo,en proceso de tortura
4587,Leah Williams,Envidia,33,1896-12-19,Sector 7G,activa
4588,Paul Hill,Lujuria,66,1916-01-30,Inframundo,en proceso de tortura
4589,Eric Johnson,Gula,40,1970-08-03,Pandemonium,en proceso de tortura
4590,Robert Walter,Lujuria,31,2010-07-26,Sector 7G,en proceso de tortura
4591,Lawrence Thompson,Lujuria,76,1898-04-22,Inframundo,redimida
4592,Angel Ford,Soberbia,92,1974-10-15,Pandemonium,activa
4593,Jeremy Marshall,Soberbia,1,1898-11-26,Sector 7G,activa
4594,Miguel Tucker,Gula,7,1995-04-18,Abismo,redimida
4595,Elizabeth Marquez,Gula,15,2004-08-19,Sector 7G,redimida
4596,Bobby Ramirez,Soberbia,87,1932-05-10,Pandemonium,en proceso de tortura
4597,Robin Stone,Avaricia,3,2015-07-15,Tierra,redimida
4598,Victor Roberts,Lujuria,95,1875-07-05,Pandemonium,activa
4599,Manuel Jackson,Lujuria,40,1846-06-20,Abismo,redimida
4600,Jessica Taylor,Avaricia,59,2022-04-21,Pandemonium,redimida
4601,Taylor Ellis,Ira,47,1868-09-25,Abismo,redimida
4602,Aaron Rodriguez,Soberbia,13,1923-03-19,Pandemonium,redimida
4603,William Molina,Soberbia,50,1867-10-30,Abismo,redimida
4604,Christopher Matthews,Gula,63,2008-02-16,Inframundo,en proceso de tortura
4605,Mr. Larry Horton DDS,Pereza,30,2019-06-16,Inframundo,redimida
4606,Kathryn Ross,Avaricia,65,2017-09-06,Pandemonium,activa
4607,John Luna MD,Lujuria,6,1863-02-14,Pandemonium,activa
4608,Daniel Long,Avaricia,10,1950-07-08,Tierra,en proceso de tortura
4609,Phillip Davis,Soberbia,59,1952-11-18,Abismo,activa
4610,Mary Fitzgerald,Pereza,47,1856-01-06,Pandemonium,redimida
4611,Angel Green,Ira,51,1943-10-14,Sector 7G,activa
4612,Mary Chambers,Avaricia,64,1919-08-03,Tierra,activa
4613,Nicholas Nichols,Lujuria,35,1934-05-09,Sector 7G,activa
4614,Katie Thompson,Pereza,60,1845-12-24,Abismo,redimida
4615,Patrick Arellano,Pereza,77,1905-11-11,Abismo,en proceso de tortura
4616,John Jarvis,Envidia,97,2023-02-28,Pandemonium,en proceso de tortura
4617,Joseph Jimenez,Pereza,100,1981-02-20,Abismo,activa
4618,Thomas King,Gula,3,1997-05-06,Tierra,redimida
4619,Joseph Hopkins,Envidia,65,1969-11-28,Tierra,redimida
4620,Tiffany Vega,Ira,36,1844-02-26,Sector 7G,en proceso de tortura
4621,Regina Cruz,Pereza,15,1848-11-05,Abismo,en proceso de tortura
4622,Katelyn Rodriguez,Soberbia,0,2005-06-08,Sector 7G,en proceso de tortura
4623,Kristina Hughes,Soberbia,51,1904-05-13,Pandemonium,activa
4624,Linda Gonzalez,Envidia,42,1921-04-22,Sector 7G,activa
4625,Susan Carter,Avaricia,38,1930-02-03,Abismo,redimida
4626,Sara Torres,Ira,71,1827-08-11,Pandemonium,redimida
4627,Brittany Reese,Soberbia,55,1954-07-30,Limbo,en proceso de tortura
4628,Charles Decker,Envidia,1,1841-12-27,Inframundo,redimida
4629,Christopher Mendoza,Envidia,72,1970-02-17,Abismo,redimida
4630,Zachary Jones,Envidia,33,1863-10-06,Limbo,activa
4631,Christina Zimmerman,Lujuria,37,1946-06-02,Tierra,en proceso de tortura
4632,Theodore Schmidt,Pereza,46,1912-08-25,Inframundo,activa
4633,Breanna Hudson,Lujuria,80,1921-10-18,Limbo,activa
4634,Matthew Olson,Avaricia,83,1917-11-01,Inframundo,redimida
4635,Meghan Obrien,Soberbia,14,1886-06-25,Inframundo,en proceso de tortura
4636,Jason Herrera,Pereza,44,1968-02-11,Limbo,redimida
4637,Courtney Watson,Envidia,51,1939-11-09,Tierra,en proceso de tortura
4638,Kimberly King,Ira,80,1866-12-24,Pandemonium,activa
4639,Christopher Herman,Gula,63,1974-02-05,Abismo,redimida
4640,Tammy Silva,Gula,9,2007-09-15,Inframundo,redimida
4641,Christopher Young,Ira,56,2003-12-28,Abismo,activa
4642,Jeffrey Valencia,Lujuria,43,1959-08-17,Abismo,activa
4643,Rhonda Powers DVM,Soberbia,74,1972-02-27,Inframundo,activa
4644,Larry Evans,Gula,1,1848-10-15,Inframundo,activa
4645,Kelly Parker,Pereza,78,1991-02-07,Inframundo,en proceso de tortura
4646,Greg Smith,Pereza,86,1984-02-27,Sector 7G,activa
4647,Paul Gibson,Envidia,47,1826-10-14,Tierra,activa
4648,Morgan Wheeler,Ira,89,2018-04-12,Pandemonium,redimida
4649,Stephen Martin,Ira,17,1855-01-24,Abismo,activa
4650,Dr. Daniel Aguilar,Lujuria,72,2003-12-28,Tierra,redimida
4651,Ashley Abbott,Pereza,1,1906-09-11,Tierra,redimida
4652,Daniel Mason,Gula,15,1948-08-08,Abismo,en proceso de tortura
4653,Dr. Stephanie Avila DVM,Soberbia,12,1925-07-28,Limbo,en proceso de tortura
4654,Susan Schmidt,Pereza,13,2017-08-03,Sector 7G,redimida
4655,Makayla Carrillo,Pereza,16,1932-09-04,Pandemonium,en proceso de tortura
4656,Tyler Johnson,Pereza,28,1921-03-07,Sector 7G,en proceso de tortura
4657,Thomas Acevedo,Avaricia,0,1870-12-21,Limbo,redimida
4658,Mary Douglas,Gula,92,1871-10-07,Tierra,redimida
4659,Stephen Bonilla,Soberbia,67,1991-04-16,Pandemonium,en proceso de tortura
4660,Richard Ryan,Avaricia,45,1917-07-22,Pandemonium,activa
4661,Todd Ellis,Gula,3,2010-11-06,Sector 7G,activa
4662,Darrell Johnson,Envidia,30,2003-01-11,Sector 7G,activa
4663,Heather Cruz,Envidia,75,2003-12-28,Sector 7G,redimida
4664,Kim Jones,Pereza,74,1937-09-27,Sector 7G,redimida
4665,Natalie Johnson,Avaricia,42,1958-09-25,Limbo,activa
4666,Katherine Henry,Envidia,48,1992-09-11,Limbo,activa
4667,Martha Smith,Avaricia,100,1846-02-21,Sector 7G,activa
4668,Dennis Valencia,Soberbia,97,1906-10-19,Tierra,activa
4669,Brittany Mcdonald,Soberbia,8,1846-09-13,Inframundo,activa
4670,Jeffrey Lewis,Envidia,50,2023-02-28,Tierra,en proceso de tortura
4671,Amy Reed,Lujuria,22,1959-06-09,Tierra,activa
4672,Christopher Parks,Gula,57,1989-01-07,Sector 7G,en proceso de tortura
4673,Tina Nelson,Soberbia,78,1911-06-06,Tierra,redimida
4674,Aaron Ross,Lujuria,33,2009-06-02,Tierra,activa
4675,Jo Campbell,Pereza,39,2007-05-22,Sector 7G,en proceso de tortura
4676,Dorothy Castillo,Ira,85,1879-09-21,Tierra,redimida
4677,Tammy Villa,Ira,38,1963-03-24,Limbo,en proceso de tortura
4678,Kylie Bowman,Gula,42,1914-05-10,Abismo,en proceso de tortura
4679,Patricia Thomas,Envidia,41,1845-09-15,Abismo,en proceso de tortura
4680,Chelsea Fritz,Gula,62,1898-07-21,Inframundo,activa
4681,Allison Phelps,Lujuria,50,1853-07-06,Inframundo,redimida
4682,Elizabeth Hudson,Gula,20,1868-08-24,Sector 7G,activa
4683,Justin Lee,Avaricia,19,1993-10-07,Tierra,redimida
4684,Anthony Perkins,Soberbia,18,1988-04-07,Limbo,redimida
4685,Christopher Huynh,Pereza,85,2025-05-23,Limbo,redimida
4686,Stephanie Vega,Lujuria,67,1858-04-21,Tierra,en proceso de tortura
4687,Amy Roy,Soberbia,18,1950-07-15,Pandemonium,en proceso de tortura
4688,Robert Taylor,Pereza,41,1963-05-27,Tierra,activa
4689,Thomas Smith,Lujuria,28,1923-02-17,Pandemonium,redimida
4690,Richard Ford,Avaricia,5,1945-04-03,Sector 7G,activa
4691,Patricia Cardenas,Gula,18,1835-09-30,Abismo,en proceso de tortura
4692,Ronald Boyd,Soberbia,98,1872-03-17,Sector 7G,en proceso de tortura
4693,Timothy Gill,Ira,7,2019-01-25,Pandemonium,activa
4694,Amy Murphy,Pereza,45,1875-08-06,Inframundo,activa
4695,Carla Ramos,Ira,80,2023-08-31,Tierra,en proceso de tortura
4696,Brenda Thornton,Ira,47,1825-11-26,Inframundo,activa
4697,Edward Moore,Avaricia,61,1841-07-01,Inframundo,en proceso de tortura
4698,Chelsea Armstrong,Soberbia,2,1843-04-14,Tierra,en proceso de tortura
4699,Betty Smith,Envidia,34,1913-11-09,Inframundo,activa
4700,Rebecca Silva,Gula,24,1916-11-21,Abismo,activa
4701,Brenda Lester,Avaricia,17,1861-12-31,Pandemonium,activa
4702,Robert Morales,Envidia,38,2010-03-24,Limbo,redimida
4703,Walter Moore,Ira,100,1993-03-13,Tierra,en proceso de tortura
4704,Matthew Campbell,Soberbia,65,1852-02-08,Tierra,en proceso de tortura
4705,Christian Flores,Lujuria,31,1974-09-16,Inframundo,activa
4706,Dr. Jason Moore,Gula,55,1939-02-12,Abismo,activa
4707,Micheal Cabrera,Envidia,60,1969-09-08,Abismo,activa
4708,Patrick Lewis,Avaricia,3,2025-01-13,Abismo,redimida
4709,Shannon Davis,Soberbia,45,1938-02-04,Abismo,activa
4710,Deanna Holmes,Soberbia,1,1922-12-27,Sector 7G,en proceso de tortura
4711,Randall Luna,Envidia,77,1897-02-27,Abismo,activa
4712,David Olsen,Lujuria,10,2007-08-13,Inframundo,redimida
4713,Ronald Smith,Gula,20,1896-11-27,Tierra,en proceso de tortura
4714,Sheila Ho,Ira,3,1890-05-31,Tierra,redimida
4715,Adam Oliver,Envidia,32,1892-10-19,Pandemonium,en proceso de tortura
4716,Christopher Freeman,Envidia,11,1950-06-04,Tierra,en proceso de tortura
4717,Danielle Savage,Envidia,36,2003-12-28,Limbo,activa
4718,Anthony Smith IV,Lujuria,55,1978-03-25,Pandemonium,en proceso de tortura
4719,Samuel Petty,Gula,99,1895-06-16,Pandemonium,en proceso de tortura
4720,Michael Lane,Lujuria,71,1944-01-01,Inframundo,redimida
4721,Kevin Simmons,Pereza,85,1830-01-19,Inframundo,redimida
4722,Anne Ortiz,Pereza,53,1889-06-29,Inframundo,redimida
4723,Jennifer Poole,Soberbia,68,1919-09-07,Sector 7G,redimida
4724,Deborah Peters,Soberbia,10,1969-06-19,Limbo,activa
4725,Matthew Sharp,Gula,15,1880-11-07,Pandemonium,activa
4726,Alexander Cunningham,Envidia,78,1869-06-12,Tierra,en proceso de tortura
4727,Brenda Conway,Lujuria,46,2003-12-28,Sector 7G,activa
4728,Brandi Morris,Envidia,12,1945-03-24,Abismo,en proceso de tortura
4729,Renee Ruiz,Lujuria,54,1985-11-29,Limbo,redimida
4730,Joseph Kelley,Lujuria,53,1945-06-20,Abismo,redimida
4731,Gina Garcia,Envidia,40,1895-07-06,Limbo,en proceso de tortura
4732,George Wilson,Lujuria,81,1848-02-20,Tierra,activa
4733,Sara Kidd,Avaricia,81,1865-10-20,Pandemonium,en proceso de tortura
4734,Donald Owens,Soberbia,68,1899-11-02,Pandemonium,redimida
4735,Dennis Klein,Gula,48,2000-03-26,Abismo,redimida
4736,Alexis Myers,Gula,80,1952-03-22,Abismo,redimida
4737,Jeffrey Davis,Avaricia,38,1933-08-18,Sector 7G,en proceso de tortura
4738,Melinda Lloyd,Envidia,72,1867-06-28,Inframundo,en proceso de tortura
4739,Amy Montes,Soberbia,3,1945-02-08,Pandemonium,en proceso de tortura
4740,Wayne Wilson,Soberbia,91,1889-02-09,Tierra,redimida
4741,James Smith,Ira,71,1851-02-26,Pandemonium,en proceso de tortura
4742,David Wilson,Pereza,99,1898-03-24,Pandemonium,activa
4743,Amber Nguyen,Pereza,31,1937-10-21,Pandemonium,en proceso de tortura
4744,Daniel Riley,Lujuria,25,1972-11-28,Limbo,redimida
4745,Teresa Garcia,Gula,30,1880-06-10,Abismo,en proceso de tortura
4746,Eric Maxwell,Lujuria,63,1952-12-19,Pandemonium,en proceso de tortura
4747,Bradley Lara,Ira,24,1921-09-17,Pandemonium,en proceso de tortura
4748,Anthony Shaw,Lujuria,67,1985-05-05,Inframundo,activa
4749,Carl Adams,Envidia,61,2020-01-31,Tierra,en proceso de tortura
4750,Alexandra Mcguire MD,Gula,16,1981-10-29,Pandemonium,redimida
4751,Jason Evans,Soberbia,50,1924-06-16,Pandemonium,activa
4752,Patricia Torres,Pereza,2,2017-02-05,Abismo,en proceso de tortura
4753,Anthony Barker,Envidia,50,1983-11-16,Pandemonium,redimida
4754,William Cruz,Gula,86,1843-10-19,Pandemonium,redimida
4755,Benjamin Chapman,Gula,20,1848-04-01,Sector 7G,redimida
4756,Tiffany Stokes,Ira,45,1968-02-19,Limbo,en proceso de tortura
4757,Joshua Frazier,Ira,57,1885-09-09,Limbo,en proceso de tortura
4758,Samuel Johnson,Envidia,61,1986-05-20,Abismo,activa
4759,Mrs. Monica Thompson DDS,Pereza,57,1965-04-14,Abismo,redimida
4760,Amy Jones,Pereza,10,1991-01-10,Limbo,activa
4761,Kevin Harris,Avaricia,90,1884-11-22,Limbo,activa
4762,Susan Jones,Gula,67,1972-12-15,Abismo,redimida
4763,Jason Horton,Soberbia,90,2013-10-05,Abismo,en proceso de tortura
4764,Nicole Decker,Avaricia,97,2015-05-04,Pandemonium,en proceso de tortura
4765,Joanne Castillo,Ira,78,1894-11-12,Limbo,redimida
4766,Wayne Wells,Soberbia,6,1866-09-18,Abismo,en proceso de tortura
4767,Elizabeth Ramos,Lujuria,14,1952-06-13,Abismo,en proceso de tortura
4768,Samuel Baker,Soberbia,68,1995-01-30,Sector 7G,redimida
4769,Donna Mayo,Gula,23,2000-11-16,Limbo,activa
4770,Crystal Lee,Pereza,3,1956-04-15,Tierra,activa
4771,Natalie Lewis,Gula,56,1865-07-13,Limbo,activa
4772,Mark Carpenter,Envidia,98,1893-12-10,Abismo,en proceso de tortura
4773,Mrs. Gina Price,Envidia,30,1926-03-03,Pandemonium,activa
4774,Sarah Williams,Ira,50,1841-11-25,Limbo,redimida
4775,Alexander Hall,Soberbia,93,1840-09-07,Tierra,en proceso de tortura
4776,Tina Pacheco,Envidia,54,1898-03-05,Limbo,en proceso de tortura
4777,Sandra White,Avaricia,96,1962-05-27,Tierra,redimida
4778,Stephanie Smith,Soberbia,89,2013-02-12,Tierra,redimida
4779,Nancy Webb,Lujuria,81,1875-01-30,Inframundo,activa
4780,Glen Roberts,Avaricia,0,1916-06-24,Abismo,redimida
4781,Jeffrey Savage,Gula,11,1975-07-01,Pandemonium,activa
4782,Dean Riley,Ira,44,1980-09-13,Tierra,redimida
4783,Jeffrey Walters,Envidia,90,1857-10-29,Inframundo,en proceso de tortura
4784,Alyssa Miller,Ira,53,1902-05-12,Abismo,activa
4785,Jason Cunningham,Pereza,98,1928-03-10,Pandemonium,activa
4786,Julie Black,Gula,96,1932-09-02,Tierra,activa
4787,Sean Watkins,Pereza,17,1845-10-26,Sector 7G,redimida
4788,Becky Torres,Envidia,95,1932-06-28,Limbo,activa
4789,Bradley Wheeler,Avaricia,20,1971-07-22,Inframundo,en proceso de tortura
4790,Eric Huber,Gula,88,1899-03-28,Tierra,redimida
4791,Leah Krueger,Envidia,69,2023-08-07,Inframundo,redimida
4792,Daniel Fischer,Avaricia,30,1952-02-23,Inframundo,activa
4793,Ann Thompson,Envidia,24,1946-09-19,Tierra,redimida
4794,Keith King,Ira,89,1984-12-29,Limbo,en proceso de tortura
4795,Matthew Kirby,Ira,50,1846-10-23,Pandemonium,activa
4796,Elizabeth Davis,Ira,35,2013-09-17,Abismo,redimida
4797,Lauren Perez,Lujuria,72,1856-06-23,Abismo,en proceso de tortura
4798,Carmen Rogers,Soberbia,8,1872-12-19,Abismo,activa
4799,Jacob Moore,Avaricia,50,1909-07-25,Inframundo,redimida
4800,Deborah Jones,Gula,79,2013-06-17,Limbo,redimida
4801,Sabrina Michael,Gula,91,1957-07-20,Abismo,activa
4802,Dakota Oneal,Gula,94,1955-07-05,Tierra,redimida
4803,Randy Garcia,Pereza,33,1971-10-26,Pandemonium,en proceso de tortura
4804,Paul Ballard,Soberbia,56,1961-05-05,Abismo,en proceso de tortura
4805,Martin Kerr MD,Avaricia,50,1886-09-13,Tierra,activa
4806,Jacob Phelps,Soberbia,18,1967-12-27,Sector 7G,activa
4807,Glenda Vance,Soberbia,25,2014-04-02,Pandemonium,redimida
4808,Theresa Harmon,Ira,71,1843-12-29,Sector 7G,en proceso de tortura
4809,Jordan Murphy,Avaricia,79,1840-02-15,Limbo,activa
4810,Rebecca Campbell,Envidia,4,1835-11-07,Sector 7G,activa
4811,Patricia Johnson,Gula,71,1985-04-13,Inframundo,en proceso de tortura
4812,David Taylor,Lujuria,84,1930-07-11,Tierra,activa
4813,Steven Morris,Pereza,2,1863-10-16,Tierra,redimida
4814,Bradley Reese,Ira,94,2007-05-11,Tierra,activa
4815,Arthur Brooks,Lujuria,61,1980-12-21,Pandemonium,en proceso de tortura
4816,Kyle Mitchell,Envidia,87,2005-04-13,Sector 7G,activa
4817,Dennis Obrien,Lujuria,89,2020-08-02,Tierra,en proceso de tortura
4818,Lisa Mata,Soberbia,47,1883-09-30,Pandemonium,en proceso de tortura
4819,Alicia Ortiz,Ira,36,1996-02-10,Abismo,en proceso de tortura
4820,Jason Carter,Ira,52,1991-12-27,Pandemonium,redimida
4821,Jocelyn Love,Gula,73,2017-02-02,Inframundo,activa
4822,Jose Ryan,Ira,100,1915-09-06,Inframundo,en proceso de tortura
4823,Marcus Simpson,Ira,58,1980-06-17,Limbo,activa
4824,Nicholas Fisher,Gula,50,1975-08-18,Tierra,en proceso de tortura
4825,Amber Anthony,Avaricia,84,1857-05-02,Inframundo,activa
4826,Ashley King,Lujuria,19,1881-08-11,Sector 7G,en proceso de tortura
4827,Sarah Medina,Gula,4,1876-01-25,Limbo,redimida
4828,Christopher Parker,Pereza,85,1942-09-03,Tierra,redimida
4829,Daisy Clark,Avaricia,1,1992-06-26,Inframundo,en proceso de tortura
4830,Jennifer Moore,Soberbia,0,1890-03-24,Abismo,redimida
4831,Jennifer Murray,Soberbia,92,1907-03-03,Inframundo,activa
4832,Billy Lee,Ira,26,1990-06-18,Pandemonium,en proceso de tortura
4833,John Fischer,Lujuria,72,1909-01-24,Pandemonium,en proceso de tortura
4834,Lawrence Boone,Avaricia,7,1910-07-10,Limbo,redimida
4835,Tracy Garcia,Lujuria,4,1853-06-26,Abismo,activa
4836,Sabrina Bass,Lujuria,38,2018-09-07,Tierra,redimida
4837,Caleb Wheeler,Envidia,44,1857-04-11,Abismo,redimida
4838,Joseph Jones,Avaricia,43,1995-12-19,Pandemonium,en proceso de tortura
4839,Doris Aguilar,Avaricia,91,1973-02-06,Sector 7G,en proceso de tortura
4840,Julie Washington,Pereza,70,1967-09-04,Inframundo,redimida
4841,James Cook,Soberbia,85,1875-02-23,Abismo,activa
4842,Katie Clarke,Envidia,100,1880-11-01,Inframundo,redimida
4843,Gabrielle Lewis,Ira,94,1959-02-15,Abismo,redimida
4844,Matthew Lee,Envidia,10,1863-08-14,Tierra,en proceso de tortura
4845,Benjamin Cox,Pereza,86,1948-09-01,Tierra,en proceso de tortura
4846,Holly Munoz,Envidia,86,1851-11-29,Sector 7G,redimida
4847,Joseph Richardson,Soberbia,99,1926-11-11,Inframundo,activa
4848,Derek Park,Avaricia,18,1913-03-28,Inframundo,en proceso de tortura
4849,Brittany Hopkins,Envidia,13,1906-03-21,Inframundo,en proceso de tortura
4850,Bryan Flores,Avaricia,22,1988-05-01,Abismo,redimida
4851,Shannon Dougherty,Lujuria,23,1921-09-15,Inframundo,redimida
4852,Dean Hughes,Gula,76,1953-11-04,Abismo,en proceso de tortura
4853,John Morales,Ira,69,1858-01-09,Tierra,activa
4854,Sergio Malone,Lujuria,86,1901-08-29,Inframundo,redimida
4855,Mrs. Alyssa Thompson DDS,Gula,18,1970-08-01,Limbo,activa
4856,Pamela Collins,Envidia,91,2003-12-28,Sector 7G,activa
4857,Adam Alvarez,Soberbia,15,1856-06-07,Pandemonium,activa
4858,Carmen Brown,Lujuria,6,1934-08-02,Limbo,redimida
4859,Ashley Smith,Avaricia,90,1916-05-06,Inframundo,activa
4860,Daniel Gibson,Ira,15,1906-10-09,Tierra,en proceso de tortura
4861,Robert Campbell,Lujuria,47,1982-04-13,Abismo,activa
4862,Taylor Mendoza,Soberbia,51,1961-12-11,Limbo,activa
4863,Leslie Kelly,Gula,42,1931-02-26,Limbo,redimida
4864,Mandy Phillips,Lujuria,8,2003-12-28,Inframundo,en proceso de tortura
4865,Paul Morales,Gula,41,1896-11-02,Limbo,en proceso de tortura
4866,Christina Hurst,Soberbia,82,1943-09-07,Tierra,activa
4867,Catherine Miller,Gula,35,1993-08-24,Inframundo,activa
4868,Shaun Hobbs,Gula,15,1873-03-04,Limbo,en proceso de tortura
4869,Jacob Yang,Gula,40,2007-08-29,Sector 7G,redimida
4870,James Warren,Gula,1,1959-10-14,Tierra,activa
4871,Amy Harris,Gula,82,2006-07-28,Inframundo,en proceso de tortura
4872,Jennifer Thomas,Gula,9,2017-05-01,Limbo,activa
4873,Jamie Hernandez,Gula,38,1874-01-14,Tierra,en proceso de tortura
4874,Amber Weaver,Soberbia,13,1848-09-12,Limbo,activa
4875,Derek Russell,Soberbia,1,1835-04-22,Sector 7G,en proceso de tortura
4876,Karen Reynolds,Pereza,1,1888-11-14,Abismo,activa
4877,Brian Hardin,Pereza,16,1958-04-19,Abismo,en proceso de tortura
4878,Brandi Hernandez,Avaricia,19,1885-01-31,Abismo,redimida
4879,James Walker,Envidia,40,1996-10-01,Tierra,activa
4880,Heidi Perry MD,Gula,74,1949-10-25,Tierra,redimida
4881,Danielle Burke,Ira,90,2019-12-23,Pandemonium,activa
4882,Wayne Hammond,Ira,99,1880-05-03,Pandemonium,redimida
4883,Ruben Johnson,Lujuria,28,1839-05-04,Limbo,activa
4884,Laurie Nelson,Soberbia,98,1858-06-30,Abismo,activa
4885,Michael Clark,Lujuria,18,1990-12-05,Tierra,redimida
4886,Lynn Smith,Gula,17,1991-10-21,Pandemonium,en proceso de tortura
4887,Kristy Quinn,Ira,30,1894-06-04,Limbo,en proceso de tortura
4888,Mr. Kevin Castro,Avaricia,24,2005-04-16,Tierra,activa
4889,Erin Camacho,Ira,84,1965-06-24,Limbo,en proceso de tortura
4890,Tiffany Huerta,Pereza,22,1998-10-11,Tierra,en proceso de tortura
4891,Aaron Cooper,Soberbia,14,1904-04-27,Tierra,en proceso de tortura
4892,Erika Rangel,Pereza,95,1988-12-25,Sector 7G,activa
4893,Gregory Silva,Ira,70,1829-02-19,Pandemonium,redimida
4894,Megan Shelton,Envidia,60,1923-10-16,Abismo,activa
4895,Kathleen Dunn,Pereza,56,1913-06-14,Tierra,activa
4896,Luis Kaufman,Pereza,51,1967-12-28,Tierra,en proceso de tortura
4897,Donald Smith,Avaricia,78,1872-03-22,Inframundo,redimida
4898,Jamie Simpson,Pereza,92,1918-01-15,Sector 7G,activa
4899,Cheryl Kelly,Envidia,7,1902-06-12,Sector 7G,en proceso de tortura
4900,Robert Black,Ira,63,1873-10-17,Abismo,activa
4901,Luis Riddle,Lujuria,38,1928-02-26,Pandemonium,redimida
4902,Norma Lawrence,Pereza,90,1941-08-23,Inframundo,activa
4903,Elaine Torres,Soberbia,34,1930-04-02,Limbo,en proceso de tortura
4904,Rachel Scott,Ira,33,1945-03-08,Abismo,redimida
4905,Tonya Higgins,Pereza,39,1912-08-02,Sector 7G,redimida
4906,Anthony Snyder,Soberbia,96,1831-01-21,Pandemonium,activa
4907,James Pierce,Envidia,57,1838-02-17,Abismo,en proceso de tortura
4908,Brett Miller,Soberbia,57,1859-12-18,Limbo,redimida
4909,Sherry Russell,Gula,5,1825-11-11,Inframundo,en proceso de tortura
4910,Joy Bond,Envidia,83,1938-04-28,Tierra,redimida
4911,Jacob Ellis,Lujuria,66,2018-09-24,Limbo,redimida
4912,Patrick Gray,Ira,31,1880-09-01,Limbo,en proceso de tortura
4913,Isabel Long,Gula,13,1842-01-23,Pandemonium,redimida
4914,Theresa Jensen,Gula,38,1954-10-08,Sector 7G,en proceso de tortura
4915,Cynthia Lee,Soberbia,93,1892-05-24,Pandemonium,en proceso de tortura
4916,Andrew Richardson,Pereza,97,2003-12-28,Pandemonium,en proceso de tortura
4917,Anthony Baker,Ira,55,1982-09-06,Sector 7G,redimida
4918,Justin Edwards,Gula,54,1929-08-12,Pandemonium,en proceso de tortura
4919,Roger Bradshaw,Pereza,71,1958-12-04,Sector 7G,activa
4920,James Jackson,Envidia,64,2017-11-22,Sector 7G,redimida
4921,Marc Holden,Pereza,62,1985-03-22,Tierra,redimida
4922,Brenda Michael,Envidia,21,1840-05-21,Limbo,redimida
4923,Nicholas Perry,Avaricia,31,1841-08-25,Tierra,en proceso de tortura
4924,Cynthia Shaw,Pereza,21,1863-03-12,Inframundo,activa
4925,Alyssa Ward,Gula,36,1861-04-21,Inframundo,activa
4926,Frank Porter,Gula,42,1852-09-30,Inframundo,activa
4927,Jeffery Reed MD,Gula,30,1923-09-25,Limbo,redimida
4928,Nicole Hensley,Soberbia,20,1840-10-25,Pandemonium,activa
4929,Anna Garrett,Pereza,67,2003-04-04,Tierra,redimida
4930,Tracy Carlson,Envidia,94,2003-12-28,Inframundo,activa
4931,Thomas Harris,Soberbia,54,1944-09-01,Tierra,redimida
4932,Sharon Fischer,Gula,63,1851-02-24,Tierra,redimida
4933,Kenneth Perez,Gula,93,1904-03-01,Inframundo,redimida
4934,Jonathan Bradshaw,Lujuria,95,2021-07-08,Limbo,redimida
4935,Stephanie Zhang,Pereza,37,2012-06-09,Abismo,activa
4936,Jean Hopkins,Soberbia,81,1925-12-13,Limbo,en proceso de tortura
4937,April Brown,Ira,84,2014-11-23,Limbo,en proceso de tortura
4938,Gary Hopkins,Ira,14,1969-10-25,Tierra,en proceso de tortura
4939,Cassandra Stewart,Soberbia,8,2004-06-25,Limbo,activa
4940,Sharon Walton,Gula,49,1898-11-21,Pandemonium,redimida
4941,Brian Bautista,Avaricia,92,1897-05-19,Inframundo,en proceso de tortura
4942,Mitchell Ibarra,Envidia,76,1959-09-29,Pandemonium,activa
4943,Christopher Miller,Envidia,90,1845-11-09,Sector 7G,redimida
4944,Alexander Harrison,Ira,80,1888-02-24,Limbo,en proceso de tortura
4945,Renee Booth,Envidia,79,1844-10-19,Pandemonium,redimida
4946,Patricia Smith,Avaricia,12,1914-03-31,Tierra,en proceso de tortura
4947,Brandon Blackburn,Ira,55,2002-03-14,Abismo,en proceso de tortura
4948,Rachel Glenn,Lujuria,75,1982-10-04,Inframundo,en proceso de tortura
4949,Mr. William Walker,Soberbia,90,2016-12-14,Tierra,en proceso de tortura
4950,Michelle Jones,Lujuria,79,1874-11-25,Abismo,redimida
4951,Daniel David,Avaricia,30,1983-07-14,Tierra,activa
4952,Robert Clark,Pereza,3,1972-12-04,Abismo,en proceso de tortura
4953,Megan Harrison,Soberbia,66,2010-01-13,Pandemonium,activa
4954,Sean Lucas,Envidia,94,1898-07-18,Inframundo,en proceso de tortura
4955,James George,Envidia,44,1977-09-25,Abismo,en proceso de tortura
4956,Joshua Lewis,Gula,62,1827-03-12,Inframundo,activa
4957,Tracey Miller,Ira,48,1888-08-28,Sector 7G,activa
4958,Wayne Fletcher,Ira,72,1992-09-29,Abismo,activa
4959,Janet Johnson,Pereza,29,1856-07-21,Limbo,redimida
4960,Jennifer Boyd,Gula,72,1861-02-15,Inframundo,activa
4961,Mrs. Jane Nelson,Soberbia,100,1913-05-22,Tierra,en proceso de tortura
4962,Sylvia Garcia,Lujuria,65,1925-01-14,Sector 7G,activa
4963,Jessica Ramirez,Pereza,18,1981-06-22,Tierra,activa
4964,Katherine Foster,Ira,50,2003-12-28,Pandemonium,redimida
4965,Angela Stewart,Soberbia,58,1919-11-04,Limbo,en proceso de tortura
4966,Angela Gray,Soberbia,54,1889-11-13,Pandemonium,redimida
4967,Cory Brown,Avaricia,20,1957-01-18,Limbo,en proceso de tortura
4968,Gabriel Martin,Lujuria,47,1987-12-30,Limbo,redimida
4969,Vincent Martin,Lujuria,64,2006-06-25,Sector 7G,activa
4970,Logan Cole,Envidia,94,1915-05-27,Abismo,redimida
4971,William Sparks,Pereza,77,1918-11-17,Tierra,activa
4972,Michelle Anderson,Avaricia,26,1964-02-18,Pandemonium,redimida
4973,Joy Sanchez,Pereza,88,1939-09-20,Limbo,redimida
4974,Shannon Smith,Avaricia,90,1943-11-30,Abismo,en proceso de tortura
4975,Kyle Moore,Pereza,34,1836-08-23,Abismo,activa
4976,Kathy Collins,Soberbia,51,1974-08-31,Tierra,redimida
4977,Donna Powell,Avaricia,45,1837-07-06,Inframundo,activa
4978,Marisa Hopkins,Envidia,84,1935-01-03,Pandemonium,redimida
4979,Troy Williams,Ira,5,2025-05-07,Sector 7G,en proceso de tortura
4980,Ruth Crawford,Soberbia,2,2004-09-03,Abismo,redimida
4981,Scott Kim,Lujuria,88,1841-02-01,Pandemonium,redimida
4982,Gregory Benson,Avaricia,95,1920-05-22,Pandemonium,en proceso de tortura
4983,Logan Turner,Envidia,9,2024-03-18,Inframundo,en proceso de tortura
4984,Lisa Steele,Envidia,99,1833-07-02,Tierra,en proceso de tortura
4985,James Palmer,Avaricia,28,1915-07-24,Limbo,en proceso de tortura
4986,Tonya Vang,Lujuria,37,1938-09-19,Abismo,redimida
4987,Sherry Hamilton,Avaricia,47,1892-01-23,Inframundo,en proceso de tortura
4988,Christopher Armstrong,Pereza,16,1935-10-14,Pandemonium,activa
4989,Angel Wade,Gula,40,1896-02-22,Abismo,redimida
4990,Tina Lopez,Ira,83,1895-06-18,Inframundo,redimida
4991,Michael May,Envidia,26,1908-07-29,Inframundo,redimida
4992,William Hampton,Pereza,24,1991-11-16,Abismo,en proceso de tortura
4993,David Carrillo,Gula,30,1927-04-01,Pandemonium,activa
4994,Gloria Davis,Soberbia,57,1826-02-16,Abismo,redimida
4995,Renee Baker,Soberbia,8,1984-06-21,Sector 7G,en proceso de tortura
4996,Joseph Collins,Pereza,95,2000-06-07,Limbo,en proceso de tortura
4997,Dr. Rebecca Williams,Avaricia,43,1903-05-05,Abismo,redimida
4998,Ashley Roman,Avaricia,69,1992-04-19,Pandemonium,redimida
4999,Ashley Schneider,Envidia,35,1900-08-14,Sector 7G,activa
5000,Robert Roberts,Envidia,83,2001-01-28,Inframundo,activa
5001,Brianna Gonzalez,Soberbia,48,1905-06-17,Limbo,activa
5002,John Hernandez,Ira,68,1926-01-31,Pandemonium,redimida
5003,Miguel Cooper,Pereza,79,1884-03-21,Limbo,en proceso de tortura
5004,Margaret Fleming,Avaricia,80,1931-08-17,Tierra,activa
5005,Ricardo Wong,Soberbia,62,1979-02-11,Abismo,en proceso de tortura
5006,Angela Swanson,Soberbia,55,2010-10-12,Tierra,redimida
5007,Timothy Proctor,Envidia,58,1872-12-19,Tierra,en proceso de tortura
5008,Angela Wright,Gula,38,1829-12-12,Sector 7G,redimida
5009,Troy Rhodes,Soberbia,4,1921-07-24,Abismo,activa
5010,Earl Gonzales,Gula,2,1989-08-17,Limbo,en proceso de tortura
5011,Hannah Braun,Ira,60,2003-12-28,Pandemonium,activa
5012,Justin Best,Avaricia,54,1910-10-08,Limbo,activa
5013,Evan Day,Lujuria,22,2003-12-28,Inframundo,en proceso de tortura
5014,Jo Nelson,Ira,33,1827-10-28,Tierra,en proceso de tortura
5015,Renee Morrow,Soberbia,90,1831-08-31,Tierra,en proceso de tortura
5016,Austin Scott,Lujuria,0,1960-02-28,Limbo,redimida
5017,Kenneth Jones,Avaricia,28,1905-05-26,Sector 7G,redimida
5018,Julie Roberts,Gula,29,1892-08-19,Sector 7G,activa
5019,Melissa Harrison,Soberbia,61,2024-12-01,Limbo,activa
5020,Judy Price,Soberbia,70,2009-01-24,Limbo,redimida
5021,Cindy Acosta,Ira,33,1970-08-18,Tierra,activa
5022,Richard Bennett,Ira,67,2011-04-22,Abismo,activa
5023,Mrs. Stacy Brown,Pereza,63,1906-11-21,Pandemonium,en proceso de tortura
5024,Christopher Palmer,Lujuria,19,2009-11-02,Abismo,redimida
5025,Albert Miller,Gula,86,1888-07-16,Inframundo,activa
5026,Michael Ibarra,Pereza,32,2014-11-21,Limbo,redimida
5027,Brent Lindsey,Ira,6,1894-03-12,Tierra,en proceso de tortura
5028,Ryan Ryan,Ira,11,2025-05-13,Tierra,activa
5029,Zachary Carr,Envidia,70,1930-02-19,Tierra,redimida
5030,Jill Bonilla,Avaricia,60,1971-05-23,Inframundo,en proceso de tortura
5031,John Martinez,Avaricia,39,1925-10-16,Pandemonium,redimida
5032,Eileen Hill,Soberbia,75,1898-07-16,Abismo,activa
5033,Mary Crane,Envidia,36,1897-03-28,Inframundo,redimida
5034,Vanessa Rodriguez,Avaricia,63,1979-01-26,Pandemonium,redimida
5035,Alexis Lopez,Avaricia,83,1949-02-06,Abismo,redimida
5036,Gloria Miller,Pereza,70,1899-08-17,Pandemonium,en proceso de tortura
5037,Lee Peterson,Gula,73,1975-02-25,Pandemonium,en proceso de tortura
5038,Kristina Johnson,Soberbia,27,1888-05-12,Pandemonium,en proceso de tortura
5039,Shawn Taylor,Soberbia,32,1888-10-17,Inframundo,en proceso de tortura
5040,Adam Washington,Avaricia,80,1938-07-25,Tierra,redimida
5041,Kenneth Spears,Lujuria,86,2014-07-26,Tierra,en proceso de tortura
5042,Kenneth Munoz,Envidia,88,1999-04-04,Pandemonium,redimida
5043,Matthew Hall,Gula,38,1962-12-30,Abismo,redimida
5044,Tonya Ortiz,Pereza,82,2019-06-29,Pandemonium,redimida
5045,Christopher Romero,Soberbia,98,1964-10-13,Tierra,redimida
5046,Ernest Patrick,Avaricia,1,1944-02-21,Tierra,en proceso de tortura
5047,Matthew Cochran,Ira,64,1856-07-24,Inframundo,activa
5048,Andrea Harper,Soberbia,94,1897-03-03,Limbo,en proceso de tortura
5049,Sara Schaefer,Pereza,7,2002-11-03,Inframundo,activa
5050,Jennifer Byrd,Pereza,4,2008-09-02,Inframundo,activa
5051,Steven Williams,Lujuria,3,1932-12-20,Abismo,en proceso de tortura
5052,Anthony White,Lujuria,84,1942-04-03,Limbo,redimida
5053,Sean Bishop,Envidia,9,1971-10-22,Limbo,en proceso de tortura
5054,Michael Adams,Gula,79,1878-01-22,Inframundo,redimida
5055,Jimmy Stuart,Envidia,89,2014-11-28,Pandemonium,activa
5056,Molly Duncan,Gula,19,1848-08-20,Abismo,en proceso de tortura
5057,Jerry Bell,Soberbia,7,2000-08-03,Tierra,activa
5058,Jack Stewart,Gula,1,1929-08-02,Tierra,en proceso de tortura
5059,Ricky Taylor,Lujuria,99,2017-09-18,Pandemonium,redimida
5060,Amanda Lewis,Lujuria,41,1837-12-10,Limbo,redimida
5061,Jake Nelson,Avaricia,50,1993-10-25,Inframundo,redimida
5062,Meredith Matthews,Soberbia,21,1915-04-10,Inframundo,en proceso de tortura
5063,Rhonda Phelps,Pereza,17,1867-12-16,Tierra,activa
5064,Mr. Thomas Garza,Avaricia,22,1863-02-22,Abismo,en proceso de tortura
5065,Eric Thompson,Avaricia,9,1858-05-06,Tierra,en proceso de tortura
5066,Eugene Brown,Avaricia,91,1855-01-02,Tierra,activa
5067,Chad Stephens,Ira,100,1968-09-23,Limbo,en proceso de tortura
5068,Terry Duncan,Lujuria,48,1918-08-21,Inframundo,activa
5069,Jesse Gibson,Lujuria,42,1860-08-14,Inframundo,en proceso de tortura
5070,Amanda Jones,Envidia,24,1915-07-15,Abismo,redimida
5071,Eric Morgan,Ira,19,1879-01-15,Abismo,redimida
5072,Michelle Johnson,Ira,90,1961-02-14,Pandemonium,redimida
5073,Rachel Vega,Ira,21,1959-01-07,Tierra,en proceso de tortura
5074,Nicole Brown,Avaricia,100,1987-08-29,Tierra,en proceso de tortura
5075,Mr. Jesus Guerrero MD,Lujuria,16,1843-05-05,Tierra,redimida
5076,Kyle Walker,Lujuria,73,1909-10-30,Pandemonium,redimida
5077,Christian Kerr,Soberbia,96,1855-07-06,Abismo,activa
5078,Cynthia May,Lujuria,85,1869-03-11,Abismo,activa
5079,Lisa Young,Ira,81,1998-12-28,Limbo,redimida
5080,Jennifer Crane,Soberbia,11,1922-02-04,Pandemonium,activa
5081,Keith Rodriguez,Ira,50,1914-07-11,Tierra,en proceso de tortura
5082,Zachary Hernandez,Gula,93,1856-06-27,Tierra,redimida
5083,Patrick Wallace,Pereza,75,1909-04-08,Sector 7G,activa
5084,Richard Andrews,Lujuria,19,1979-12-21,Tierra,redimida
5085,Kathryn Edwards,Gula,87,1953-01-02,Sector 7G,activa
5086,Lindsay Kim,Lujuria,96,1905-08-12,Inframundo,en proceso de tortura
5087,Tina Owens,Envidia,97,1857-06-17,Inframundo,activa
5088,Nathan Stewart,Lujuria,92,1887-09-22,Pandemonium,activa
5089,Richard Collier,Pereza,64,1883-03-29,Pandemonium,redimida
5090,Cynthia Ellis,Avaricia,13,1993-01-29,Limbo,activa
5091,Jillian Graham,Soberbia,95,2016-01-08,Sector 7G,activa
5092,Kyle Hodges,Ira,65,1974-06-09,Inframundo,redimida
5093,Mark Santos,Ira,28,1831-10-31,Tierra,redimida
5094,Scott Santos,Ira,91,2006-05-22,Tierra,activa
5095,Keith Williams,Lujuria,98,1842-04-02,Tierra,en proceso de tortura
5096,Samantha Gonzalez,Avaricia,84,1962-02-23,Limbo,redimida
5097,Matthew Martin,Soberbia,79,1852-04-19,Abismo,redimida
5098,Elaine Black,Soberbia,47,1845-10-20,Limbo,en proceso de tortura
5099,Trevor Glover,Ira,57,1881-12-21,Sector 7G,redimida
5100,Joseph Martinez,Gula,39,1931-11-14,Limbo,en proceso de tortura
5101,Steven Washington,Pereza,93,1879-10-14,Pandemonium,activa
5102,Christine Moore,Envidia,75,2014-02-05,Tierra,redimida
5103,Brittney Norman,Pereza,62,2003-12-28,Sector 7G,redimida
5104,Christine Lee,Gula,10,1886-12-11,Inframundo,redimida
5105,Dominique Moore,Pereza,82,1910-09-30,Inframundo,activa
5106,Jorge Robles,Lujuria,59,1952-04-25,Tierra,redimida
5107,Walter Thomas,Pereza,56,1922-12-19,Tierra,redimida
5108,Joy Mayo,Envidia,32,1978-06-28,Sector 7G,activa
5109,Norman Martinez,Ira,27,1865-02-07,Sector 7G,en proceso de tortura
5110,Kaylee Bentley,Envidia,24,2014-12-08,Limbo,redimida
5111,Johnny Hebert,Avaricia,72,1857-05-09,Abismo,redimida
5112,Lisa Harmon,Pereza,74,1855-10-26,Tierra,en proceso de tortura
5113,Scott Olsen,Avaricia,22,1826-11-20,Tierra,activa
5114,Jacob Thompson,Ira,28,1850-04-16,Sector 7G,activa
5115,Sarah Sanchez,Soberbia,87,1978-05-08,Limbo,redimida
5116,Ralph Castro,Envidia,50,1864-07-07,Pandemonium,activa
5117,Stephanie Rosario,Avaricia,23,1888-03-13,Tierra,en proceso de tortura
5118,Kristine Garza,Pereza,33,1970-12-27,Tierra,en proceso de tortura
5119,James Rice,Ira,18,1985-03-21,Tierra,redimida
5120,Madeline Blair,Gula,80,2003-12-28,Abismo,activa
5121,David Ray,Avaricia,25,1902-06-15,Sector 7G,activa
5122,Charles Rowe,Gula,32,1886-05-09,Sector 7G,activa
5123,Jessica Adams,Ira,49,1992-02-09,Tierra,activa
5124,Nicole Carey,Avaricia,66,1876-07-27,Sector 7G,en proceso de tortura
5125,Alicia Smith DDS,Avaricia,18,1888-10-01,Pandemonium,en proceso de tortura
5126,Matthew Ortiz,Pereza,37,1947-10-21,Limbo,en proceso de tortura
5127,Shawn Taylor,Lujuria,66,2018-08-05,Tierra,activa
5128,Colleen Carr,Gula,59,1896-11-03,Abismo,activa
5129,April Hayes,Avaricia,17,1960-10-26,Tierra,redimida
5130,Cody Salazar,Gula,89,1976-07-01,Tierra,en proceso de tortura
5131,Andrew Schultz,Gula,42,1889-08-16,Sector 7G,activa
5132,Anthony Jennings,Avaricia,40,1850-04-21,Abismo,redimida
5133,Christopher Hopkins,Soberbia,100,1828-03-09,Abismo,redimida
5134,Yvette Stewart,Envidia,40,1878-02-23,Inframundo,redimida
5135,Cameron Mueller,Avaricia,33,1846-06-04,Pandemonium,redimida
5136,Chelsea Harris,Soberbia,60,1889-08-20,Abismo,activa
5137,Ann Goodman,Gula,89,1917-01-17,Tierra,redimida
5138,Damon Spencer,Gula,68,2023-02-28,Sector 7G,en proceso de tortura
5139,Stephanie Coleman,Avaricia,76,2001-07-29,Sector 7G,en proceso de tortura
5140,Duane Bennett,Pereza,12,1868-11-26,Sector 7G,activa
5141,Ryan Gonzalez,Envidia,68,1955-09-22,Inframundo,en proceso de tortura
5142,Frederick Miller,Pereza,17,1966-04-08,Limbo,en proceso de tortura
5143,Phillip Carr,Envidia,19,1904-11-09,Abismo,en proceso de tortura
5144,Nathan Nelson,Ira,93,1890-12-10,Limbo,en proceso de tortura
5145,Pamela Solomon,Pereza,78,1918-02-10,Pandemonium,activa
5146,Jason Nguyen,Soberbia,34,1890-12-27,Abismo,activa
5147,Billy Sims,Lujuria,27,2009-12-18,Inframundo,activa
5148,Jason Andrade,Gula,64,1901-05-09,Limbo,redimida
5149,Gregory Duran,Avaricia,69,1976-05-19,Inframundo,en proceso de tortura
5150,Ashley Brooks,Avaricia,35,1846-01-27,Inframundo,en proceso de tortura
5151,Lori Wiley,Envidia,100,1869-07-26,Inframundo,redimida
5152,Michelle Beltran,Ira,59,1957-11-27,Inframundo,activa
5153,Mr. Steven Mccormick,Soberbia,92,1985-06-24,Abismo,en proceso de tortura
5154,Danielle Branch,Soberbia,58,1887-10-11,Abismo,en proceso de tortura
5155,Shelly Ball,Pereza,97,1959-08-21,Sector 7G,activa
5156,Derek Wright,Pereza,45,1923-06-08,Limbo,redimida
5157,James Alexander,Ira,91,1942-07-26,Inframundo,en proceso de tortura
5158,Edward Spencer,Lujuria,48,1830-10-21,Abismo,redimida
5159,Karl Butler,Gula,11,1927-07-12,Tierra,redimida
5160,Jose Soto,Gula,25,1973-02-03,Limbo,activa
5161,Jeffery Bond,Gula,19,1986-07-12,Sector 7G,activa
5162,Becky Martin,Envidia,82,2000-09-17,Sector 7G,en proceso de tortura
5163,Rebecca Molina,Pereza,97,2014-05-31,Inframundo,en proceso de tortura
5164,Evan Silva,Envidia,49,1866-09-10,Limbo,redimida
5165,Steven Berry,Avaricia,52,1981-02-16,Tierra,redimida
5166,Angela Dunn,Pereza,89,2018-10-23,Pandemonium,redimida
5167,Lacey Bray,Envidia,61,1915-05-01,Tierra,en proceso de tortura
5168,Robert Espinoza,Lujuria,7,2024-08-06,Tierra,en proceso de tortura
5169,Richard Williams,Envidia,87,2012-04-03,Sector 7G,en proceso de tortura
5170,Sarah Jones,Soberbia,84,1980-03-19,Abismo,redimida
5171,Joanna Hale,Envidia,10,1859-03-22,Abismo,activa
5172,Mrs. Sarah Baird,Gula,27,1944-07-21,Pandemonium,en proceso de tortura
5173,Crystal Young,Ira,32,1916-01-08,Abismo,activa
5174,Justin Bell,Gula,35,1900-05-05,Tierra,activa
5175,Sara Parker,Ira,8,1927-11-20,Limbo,en proceso de tortura
5176,David Yang,Lujuria,11,1879-09-28,Sector 7G,redimida
5177,Sonia Maxwell,Pereza,2,1857-12-11,Abismo,redimida
5178,Jennifer Lewis,Soberbia,66,1881-06-22,Tierra,activa
5179,Lisa Lara,Envidia,39,1940-03-19,Inframundo,en proceso de tortura
5180,John Brown,Avaricia,69,1832-05-24,Pandemonium,en proceso de tortura
5181,Michelle Brown,Soberbia,96,2007-04-11,Abismo,activa
5182,Kelly Miller,Lujuria,47,1999-12-27,Limbo,redimida
5183,Tiffany Davis,Ira,11,1850-05-13,Inframundo,en proceso de tortura
5184,Diane Allison,Avaricia,49,1941-01-23,Abismo,en proceso de tortura
5185,Taylor Valencia,Lujuria,65,1839-03-02,Sector 7G,redimida
5186,Jessica Smith,Lujuria,95,1969-10-25,Pandemonium,en proceso de tortura
5187,Audrey Hopkins,Soberbia,54,1905-10-15,Abismo,activa
5188,Rachael Cortez,Envidia,7,1842-03-11,Tierra,en proceso de tortura
5189,Thomas Trujillo,Lujuria,7,1882-09-09,Sector 7G,activa
5190,Daniel Barnett,Soberbia,19,1871-10-21,Tierra,activa
5191,Jason Woods,Soberbia,69,2016-02-02,Inframundo,en proceso de tortura
5192,Julian Carr,Avaricia,27,1991-11-08,Tierra,en proceso de tortura
5193,Ellen Andrews,Pereza,30,1937-02-04,Sector 7G,activa
5194,Linda Romero,Lujuria,46,1992-07-16,Limbo,activa
5195,Casey Gill,Avaricia,16,1940-08-05,Sector 7G,activa
5196,Stephen Moore,Lujuria,36,1936-05-27,Abismo,activa
5197,Matthew Johnson,Lujuria,88,1998-08-26,Limbo,redimida
5198,Rachel Lin,Avaricia,5,1926-08-08,Pandemonium,activa
5199,Michael Oneill,Pereza,11,1928-11-19,Pandemonium,redimida
5200,Jennifer Williams,Gula,35,1850-10-01,Inframundo,redimida
5201,Joshua Griffin,Lujuria,69,1890-02-17,Limbo,activa
5202,Jerry Wilson,Gula,5,1947-05-28,Sector 7G,redimida
5203,Sheri Miller,Pereza,43,1960-10-16,Sector 7G,activa
5204,James Robinson,Soberbia,27,1919-08-02,Tierra,activa
5205,John Arias,Pereza,55,2016-03-21,Abismo,en proceso de tortura
5206,Sarah Kaiser,Pereza,47,1978-05-24,Abismo,redimida
5207,Dustin Watson,Lujuria,57,1883-11-17,Limbo,redimida
5208,Taylor Moore,Avaricia,35,1919-03-28,Limbo,redimida
5209,Thomas Martinez,Ira,33,2011-12-09,Sector 7G,en proceso de tortura
5210,Timothy Jones,Ira,68,1931-03-16,Limbo,en proceso de tortura
5211,James Shepherd,Avaricia,2,1901-01-04,Sector 7G,activa
5212,Caroline Short,Envidia,86,2022-12-29,Tierra,redimida
5213,Katherine Gregory,Pereza,0,1857-04-10,Abismo,activa
5214,Frank Sanford,Soberbia,27,1883-09-09,Limbo,activa
5215,Leah Shaw,Soberbia,19,1927-06-12,Inframundo,redimida
5216,Kimberly Heath,Ira,52,1870-06-11,Sector 7G,en proceso de tortura
5217,Kelsey Bell,Pereza,0,1874-11-06,Abismo,activa
5218,Eric Morgan,Lujuria,58,2003-12-28,Sector 7G,en proceso de tortura
5219,Donald Hernandez,Avaricia,35,1928-04-12,Abismo,en proceso de tortura
5220,Christopher Neal,Lujuria,74,1990-06-12,Inframundo,activa
5221,Ariel Buchanan,Soberbia,44,1829-05-09,Inframundo,activa
5222,Joshua Robinson,Lujuria,45,1896-06-21,Pandemonium,en proceso de tortura
5223,Lauren Carroll,Pereza,65,1981-11-19,Abismo,activa
5224,Elizabeth Kim,Envidia,71,1830-03-20,Limbo,activa
5225,Emily Nichols,Ira,17,1835-02-12,Sector 7G,en proceso de tortura
5226,Devin Leon,Ira,3,1914-02-27,Abismo,activa
5227,Brian Terrell,Avaricia,63,2025-04-14,Pandemonium,activa
5228,David Jackson,Envidia,30,1927-08-30,Sector 7G,redimida
5229,Megan Dunn,Envidia,100,1942-06-26,Tierra,activa
5230,Logan Hoffman,Lujuria,42,2000-10-02,Inframundo,en proceso de tortura
5231,Jennifer Hansen,Avaricia,64,1997-01-09,Pandemonium,redimida
5232,Christopher Harris,Lujuria,26,1993-10-28,Inframundo,en proceso de tortura
5233,Tyler Turner,Soberbia,20,1982-11-11,Inframundo,en proceso de tortura
5234,Jamie Allen,Soberbia,83,1937-06-20,Pandemonium,redimida
5235,Kenneth Kelly,Gula,50,1967-04-18,Abismo,en proceso de tortura
5236,Douglas Torres,Envidia,33,1929-06-10,Abismo,en proceso de tortura
5237,Megan French,Pereza,79,2006-08-14,Pandemonium,activa
5238,Jonathan Mills,Avaricia,21,1890-12-17,Pandemonium,en proceso de tortura
5239,Valerie Mathis,Pereza,24,1923-10-31,Tierra,en proceso de tortura
5240,Cameron Gibbs,Avaricia,59,1896-03-03,Tierra,en proceso de tortura
5241,Stacy Moore,Envidia,85,1938-05-10,Inframundo,redimida
5242,Micheal Russo,Avaricia,7,2009-10-11,Inframundo,activa
5243,Kyle Owens,Envidia,4,1951-05-19,Abismo,activa
5244,Erin Nichols,Envidia,45,1901-11-28,Pandemonium,en proceso de tortura
5245,Dennis Simmons,Envidia,47,1898-05-12,Abismo,activa
5246,Jennifer Powers,Avaricia,50,2003-12-28,Inframundo,redimida
5247,Matthew Mccoy,Soberbia,61,1996-10-06,Inframundo,en proceso de tortura
5248,Judy Dean,Avaricia,4,1979-06-12,Inframundo,en proceso de tortura
5249,Scott Myers,Envidia,90,1942-06-22,Pandemonium,activa
5250,Caitlyn Campos,Envidia,48,1945-04-07,Pandemonium,redimida
5251,Tracy Rodriguez,Avaricia,62,1926-12-11,Inframundo,activa
5252,Nathan Long,Soberbia,66,1842-02-11,Tierra,redimida
5253,Natasha Taylor,Ira,63,2000-12-23,Tierra,activa
5254,John Sanchez,Soberbia,80,1860-07-15,Pandemonium,redimida
5255,Thomas Jackson,Soberbia,11,1887-07-21,Abismo,activa
5256,Hunter Nguyen,Gula,95,1849-12-11,Limbo,redimida
5257,Michael Collins,Envidia,14,1893-05-08,Inframundo,redimida
5258,Jorge Brown,Gula,37,1882-10-13,Pandemonium,en proceso de tortura
5259,Brittany Robertson,Pereza,19,1911-07-11,Abismo,redimida
5260,Michael Miller,Pereza,36,1991-03-11,Pandemonium,redimida
5261,Jordan Lawrence DDS,Lujuria,15,1828-10-17,Inframundo,redimida
5262,Jeffrey Romero,Gula,60,1925-04-23,Inframundo,activa
5263,Daniel Lee,Lujuria,69,2012-11-11,Pandemonium,en proceso de tortura
5264,Chad Wolf,Pereza,44,2015-02-24,Limbo,en proceso de tortura
5265,Jeff Williams,Ira,19,1900-12-05,Pandemonium,redimida
5266,Jesse Beltran,Lujuria,73,1905-02-02,Abismo,redimida
5267,Terri Hall,Lujuria,32,2009-09-05,Tierra,activa
5268,Marcia Elliott,Pereza,86,1832-05-22,Pandemonium,en proceso de tortura
5269,Anne Wilson,Pereza,44,2006-08-02,Abismo,redimida
5270,Mark Macias,Ira,50,1858-02-25,Inframundo,redimida
5271,Richard Bell,Soberbia,4,1884-09-26,Inframundo,activa
5272,Jennifer Allen,Lujuria,69,1867-07-08,Abismo,en proceso de tortura
5273,Emily Martinez,Avaricia,10,1989-09-18,Pandemonium,en proceso de tortura
5274,Larry Cantu,Envidia,99,2003-12-28,Inframundo,activa
5275,Jeff Walker,Lujuria,12,2003-12-28,Sector 7G,redimida
5276,Jennifer Berry,Avaricia,14,1906-12-08,Pandemonium,redimida
5277,Thomas Li,Ira,13,1918-04-20,Pandemonium,en proceso de tortura
5278,Brandon Ellis,Soberbia,3,1877-09-30,Tierra,redimida
5279,Joshua Davis,Gula,30,1959-03-11,Sector 7G,activa
5280,Alicia Miller,Soberbia,88,2012-05-17,Inframundo,activa
5281,Paul Hughes,Soberbia,78,1952-04-06,Limbo,redimida
5282,Nathaniel Baker,Gula,42,1888-05-17,Inframundo,activa
5283,Cody Lutz,Pereza,56,1934-11-09,Tierra,activa
5284,Alice Fields,Avaricia,52,1981-06-10,Limbo,redimida
5285,Lauren Guerrero,Ira,50,1924-04-13,Tierra,activa
5286,Corey Weeks,Pereza,33,1867-09-29,Pandemonium,en proceso de tortura
5287,Kathryn Edwards,Soberbia,10,2023-03-13,Limbo,activa
5288,Aaron Morgan,Soberbia,50,1930-11-17,Sector 7G,redimida
5289,William Bullock,Envidia,70,1956-08-08,Tierra,en proceso de tortura
5290,Michael Briggs,Gula,54,1883-12-24,Pandemonium,activa
5291,Mr. Clayton Hamilton,Envidia,74,1966-07-23,Pandemonium,en proceso de tortura
5292,Devin Wilson,Soberbia,47,1826-03-11,Tierra,redimida
5293,Robert Yates,Soberbia,71,2011-05-29,Tierra,redimida
5294,Penny Ford,Avaricia,19,1854-10-01,Inframundo,activa
5295,Jose Walter,Gula,78,2013-01-08,Pandemonium,activa
5296,Mrs. Cheryl Mitchell,Gula,81,2019-12-04,Abismo,activa
5297,Michelle Jimenez,Soberbia,59,1955-04-01,Pandemonium,activa
5298,Kelly Patterson,Ira,10,1947-08-01,Inframundo,activa
5299,Zachary Anderson,Avaricia,51,1889-09-09,Sector 7G,redimida
5300,Ethan Johnson,Avaricia,42,1864-11-08,Abismo,redimida
5301,Trevor Knapp,Pereza,38,1864-01-20,Tierra,activa
5302,Linda Hill,Ira,42,1944-04-11,Inframundo,activa
5303,Danielle Bolton,Ira,54,2014-07-16,Inframundo,en proceso de tortura
5304,Paula Hicks,Ira,9,1950-05-17,Limbo,redimida
5305,Jamie Wallace,Ira,99,1839-12-21,Inframundo,redimida
5306,Taylor Young,Avaricia,65,1879-04-17,Tierra,en proceso de tortura
5307,Sharon Butler,Envidia,63,1879-03-13,Sector 7G,activa
5308,Charles Garrison,Soberbia,26,1978-10-18,Pandemonium,redimida
5309,Patricia Allen,Gula,74,1930-08-23,Limbo,en proceso de tortura
5310,Melissa Padilla,Lujuria,5,1874-02-11,Abismo,en proceso de tortura
5311,Eddie Moyer,Soberbia,50,1854-04-03,Inframundo,en proceso de tortura
5312,Jorge Franco,Soberbia,28,2022-01-24,Inframundo,activa
5313,Sierra Cruz,Pereza,91,1959-12-27,Abismo,redimida
5314,Charles Morales,Pereza,38,2000-04-16,Tierra,en proceso de tortura
5315,Jennifer Cole,Soberbia,0,2003-12-28,Limbo,en proceso de tortura
5316,Mrs. Karen Silva,Ira,53,1911-10-08,Abismo,activa
5317,Heather Ramirez,Gula,75,1880-03-18,Limbo,en proceso de tortura
5318,Kristen Jenkins,Avaricia,3,1970-11-07,Sector 7G,activa
5319,Michael Luna Jr.,Avaricia,18,2013-09-29,Inframundo,redimida
5320,Trevor Smith,Gula,97,1974-09-01,Abismo,activa
5321,Joseph Boone,Gula,6,1872-10-21,Tierra,redimida
5322,Peter Mason,Soberbia,25,1898-06-30,Tierra,redimida
5323,Tyler Lee,Soberbia,8,2004-08-13,Inframundo,redimida
5324,Stephanie Silva,Gula,47,2019-08-22,Limbo,redimida
5325,Phillip Ford,Avaricia,76,2010-08-10,Sector 7G,activa
5326,Jason Allen,Ira,93,1952-05-15,Sector 7G,redimida
5327,Kenneth Joseph,Soberbia,4,1980-03-26,Limbo,redimida
5328,Andrew Diaz,Ira,25,1854-07-27,Pandemonium,en proceso de tortura
5329,Casey Reynolds,Ira,39,1911-06-13,Pandemonium,activa
5330,Linda Lowe,Pereza,52,1904-04-21,Inframundo,redimida
5331,Tiffany Joseph,Envidia,44,2007-07-29,Sector 7G,redimida
5332,Sean Nguyen,Avaricia,8,1918-02-08,Tierra,activa
5333,Austin Mitchell,Gula,23,1864-04-23,Tierra,en proceso de tortura
5334,Jennifer Hunt,Gula,30,1995-06-07,Limbo,activa
5335,Michael Silva,Pereza,92,2004-05-29,Inframundo,redimida
5336,Isaac Smith,Avaricia,0,1860-11-27,Limbo,activa
5337,Steven Thompson,Lujuria,82,1869-11-18,Tierra,activa
5338,Brady Larson,Pereza,87,1868-09-14,Tierra,activa
5339,Andrew Davis,Ira,62,1835-08-01,Abismo,activa
5340,William Thomas,Pereza,91,1922-05-18,Limbo,en proceso de tortura
5341,Amy Thomas,Gula,88,1939-07-26,Inframundo,en proceso de tortura
5342,Jonathan Pace,Envidia,55,2004-11-03,Sector 7G,redimida
5343,Christopher Roberts,Pereza,87,1932-01-01,Sector 7G,redimida
5344,Carrie Thompson,Gula,84,1878-10-15,Sector 7G,redimida
5345,Sherry Harper,Envidia,8,1960-04-22,Pandemonium,activa
5346,Richard Bell,Avaricia,8,2005-04-23,Sector 7G,activa
5347,Ashley Murphy,Gula,39,1953-12-18,Tierra,en proceso de tortura
5348,Cory Noble,Soberbia,61,2024-01-25,Sector 7G,activa
5349,April Peck,Avaricia,55,1853-05-28,Abismo,activa
5350,Nancy Russell,Soberbia,69,1843-02-21,Sector 7G,activa
5351,Lance King,Envidia,12,1935-01-28,Limbo,redimida
5352,Shane Ray,Avaricia,9,1943-07-15,Inframundo,redimida
5353,Henry Ware,Soberbia,34,2012-02-27,Pandemonium,redimida
5354,Joshua Atkinson,Lujuria,63,1826-04-04,Abismo,redimida
5355,Andrew Woods,Soberbia,61,1917-10-30,Inframundo,activa
5356,Christina Martinez,Ira,89,1949-02-23,Limbo,activa
5357,Sean Vasquez MD,Soberbia,74,1962-05-15,Inframundo,en proceso de tortura
5358,Jared Mata,Pereza,87,1903-12-14,Sector 7G,activa
5359,Kristina Tran,Pereza,25,2010-07-08,Inframundo,activa
5360,Sonya Walsh,Pereza,50,2004-03-10,Abismo,en proceso de tortura
5361,John Harris,Lujuria,6,1920-10-31,Inframundo,redimida
5362,Barbara Wilson,Envidia,6,1973-06-09,Tierra,redimida
5363,Jack Paul,Ira,94,1966-02-26,Limbo,activa
5364,Teresa Hall,Envidia,15,1928-09-26,Pandemonium,redimida
5365,Anthony Garcia,Ira,39,1916-12-03,Abismo,activa
5366,Karen Odom,Soberbia,93,1829-08-25,Tierra,activa
5367,Timothy Jones,Lujuria,65,1984-02-02,Tierra,en proceso de tortura
5368,Ralph Barry,Avaricia,57,1934-03-25,Inframundo,en proceso de tortura
5369,Matthew Benson,Pereza,73,1908-02-27,Sector 7G,activa
5370,Allison Briggs,Gula,50,1908-08-18,Tierra,redimida
5371,Kenneth Mcneil,Envidia,67,2001-05-09,Abismo,redimida
5372,Barbara Shaffer,Lujuria,84,1862-08-14,Limbo,redimida
5373,Joseph Cooper,Pereza,73,1866-07-10,Limbo,activa
5374,Angel Melton,Pereza,61,1835-11-22,Sector 7G,activa
5375,Antonio Guzman,Lujuria,50,1955-01-12,Sector 7G,en proceso de tortura
5376,Richard Wilkins,Pereza,33,1888-08-03,Inframundo,activa
5377,Heather Fox,Ira,98,1908-02-18,Tierra,redimida
5378,Paul Odonnell,Envidia,9,1900-12-07,Abismo,en proceso de tortura
5379,Jennifer Dickerson,Soberbia,23,1988-06-24,Tierra,redimida
5380,Bridget Peters,Soberbia,29,1835-06-04,Sector 7G,redimida
5381,Andrew Black,Gula,60,1862-04-16,Limbo,activa
5382,Austin Drake,Pereza,20,1990-09-05,Pandemonium,redimida
5383,Alexis Figueroa,Lujuria,32,1835-07-16,Limbo,activa
5384,Michael Bowers,Pereza,71,1896-12-17,Pandemonium,en proceso de tortura
5385,Tony Edwards,Ira,56,1847-02-13,Sector 7G,redimida
5386,Angela Mathis,Avaricia,100,1919-05-11,Limbo,redimida
5387,Debra Briggs,Gula,46,1999-02-08,Limbo,en proceso de tortura
5388,Yolanda Combs,Lujuria,55,1827-02-04,Sector 7G,redimida
5389,Anthony Smith,Envidia,50,1988-05-31,Sector 7G,en proceso de tortura
5390,Laura Long,Pereza,78,1863-08-28,Abismo,activa
5391,Lisa Mcpherson,Ira,69,1944-01-14,Limbo,activa
5392,Ronald Fletcher,Envidia,27,1992-12-05,Pandemonium,en proceso de tortura
5393,Holly James,Pereza,82,1907-02-13,Sector 7G,en proceso de tortura
5394,Whitney Smith,Gula,81,1925-11-24,Tierra,en proceso de tortura
5395,Mary Walker,Soberbia,24,1942-11-03,Tierra,redimida
5396,John Soto,Envidia,19,1836-02-29,Tierra,en proceso de tortura
5397,Joseph Bowman,Pereza,59,1986-03-03,Pandemonium,en proceso de tortura
5398,Jason Cole,Lujuria,33,1954-02-06,Pandemonium,en proceso de tortura
5399,Amanda Trujillo,Soberbia,41,1873-04-23,Abismo,redimida
5400,Alexander White,Envidia,71,1931-07-05,Tierra,en proceso de tortura
5401,Cody Rivas,Pereza,79,1857-02-01,Limbo,en proceso de tortura
5402,Jessica Williams,Pereza,57,1899-05-21,Abismo,redimida
5403,Elizabeth Rodriguez,Ira,8,1999-12-07,Limbo,activa
5404,Nicole Day,Gula,27,1907-04-05,Abismo,activa
5405,Michael Montes,Soberbia,78,1851-11-17,Tierra,redimida
5406,Peter Savage,Pereza,11,2018-11-22,Pandemonium,activa
5407,Nicole Griffin,Lujuria,15,1993-12-03,Pandemonium,redimida
5408,William Tate,Gula,66,2002-09-01,Limbo,activa
5409,Tina Reid,Gula,8,1921-06-02,Limbo,en proceso de tortura
5410,Russell Thompson,Envidia,11,1855-06-18,Inframundo,en proceso de tortura
5411,Crystal Patel,Soberbia,38,1878-11-28,Inframundo,redimida
5412,Michelle Higgins,Avaricia,42,1908-06-23,Tierra,en proceso de tortura
5413,Ms. Danielle Floyd,Avaricia,86,1924-05-21,Inframundo,activa
5414,Heather Anderson,Ira,52,1963-05-09,Limbo,en proceso de tortura
5415,Catherine Page,Lujuria,4,1910-04-23,Inframundo,activa
5416,Sydney Gates,Envidia,70,1902-12-24,Inframundo,redimida
5417,Jessica Johnson,Pereza,80,1862-05-18,Inframundo,redimida
5418,Mr. Eugene Morris,Lujuria,40,1914-09-29,Tierra,redimida
5419,Tina Hanson,Gula,19,1965-07-26,Limbo,activa
5420,Janice Hill,Soberbia,91,1941-06-01,Limbo,redimida
5421,Allison Cobb,Pereza,45,1998-03-04,Pandemonium,redimida
5422,Thomas Kirk,Pereza,14,2001-11-17,Pandemonium,redimida
5423,Sarah King,Envidia,86,1931-09-12,Inframundo,redimida
5424,Patrick Chapman,Soberbia,64,1984-07-27,Sector 7G,redimida
5425,Stephanie Valentine,Lujuria,34,2024-11-24,Pandemonium,redimida
5426,Patricia Campbell,Ira,49,1866-03-12,Inframundo,activa
5427,Jessica Gray,Pereza,27,1952-12-03,Tierra,en proceso de tortura
5428,Brittany Wood,Envidia,45,1864-08-02,Sector 7G,activa
5429,Amanda Flores,Lujuria,21,1861-11-08,Pandemonium,en proceso de tortura
5430,Stacy Bryant,Lujuria,31,1987-03-21,Tierra,en proceso de tortura
5431,Tyler Smith,Soberbia,3,1962-01-10,Limbo,activa
5432,Kyle Morton,Envidia,62,1995-03-16,Tierra,redimida
5433,Edward Paul,Avaricia,30,1839-10-17,Inframundo,activa
5434,Brent Russell,Gula,45,1912-01-08,Abismo,en proceso de tortura
5435,Dr. Marilyn Salinas,Ira,89,1846-11-29,Limbo,redimida
5436,Caitlin Hall,Avaricia,27,1997-09-23,Sector 7G,activa
5437,Matthew Baker,Avaricia,25,1918-12-12,Limbo,en proceso de tortura
5438,Eric Wells,Envidia,47,1883-10-10,Tierra,activa
5439,Jeremy Fuller,Ira,6,2012-12-07,Limbo,redimida
5440,Amber Hensley,Avaricia,8,1834-01-22,Tierra,en proceso de tortura
5441,Joseph Wright,Soberbia,40,1859-10-27,Limbo,en proceso de tortura
5442,Jennifer Lewis,Avaricia,50,1910-09-11,Abismo,en proceso de tortura
5443,Joseph Brown,Pereza,30,1982-09-10,Limbo,activa
5444,Marcus Turner,Lujuria,1,1901-08-23,Pandemonium,activa
5445,Michelle Johnson,Avaricia,26,1982-11-06,Tierra,redimida
5446,Jason Jenkins,Envidia,13,1978-01-17,Pandemonium,en proceso de tortura
5447,Morgan Holden,Lujuria,37,1900-05-09,Inframundo,en proceso de tortura
5448,Curtis Archer,Lujuria,7,1998-12-14,Tierra,en proceso de tortura
5449,Tracy Welch,Ira,41,1931-02-20,Pandemonium,en proceso de tortura
5450,Karen Jenkins,Envidia,22,1927-04-18,Sector 7G,en proceso de tortura
5451,Dr. Kristin Tran,Envidia,32,1865-02-15,Tierra,activa
5452,Kenneth Fernandez,Gula,27,1983-12-02,Sector 7G,redimida
5453,Ryan Burnett,Avaricia,36,2011-11-24,Limbo,redimida
5454,Dwayne Hurley,Pereza,86,1875-08-26,Limbo,en proceso de tortura
5455,Timothy Taylor,Ira,35,1887-08-04,Limbo,en proceso de tortura
5456,Julie Soto,Envidia,18,1999-11-19,Limbo,en proceso de tortura
5457,Misty Ho,Avaricia,78,1991-05-08,Inframundo,en proceso de tortura
5458,Katherine James,Gula,84,1867-05-15,Pandemonium,activa
5459,Christine Stewart,Pereza,94,2003-12-28,Tierra,en proceso de tortura
5460,Jillian Mitchell,Ira,33,1961-10-04,Tierra,activa
5461,Kathleen Smith,Gula,23,1852-10-26,Tierra,en proceso de tortura
5462,Robert Kent,Avaricia,39,1970-03-27,Tierra,redimida
5463,Joshua Deleon,Soberbia,74,1965-09-20,Inframundo,activa
5464,Brooke Henry,Gula,98,1844-05-03,Limbo,activa
5465,Abigail Chavez,Avaricia,60,2001-10-07,Abismo,activa
5466,John Stevens,Soberbia,68,2025-07-15,Sector 7G,redimida
5467,Susan Jackson,Pereza,93,1908-08-16,Sector 7G,en proceso de tortura
5468,Nicole Johnson,Lujuria,69,1889-05-14,Tierra,activa
5469,Michael Powell,Ira,68,1850-02-05,Limbo,redimida
5470,Jacob Hernandez,Gula,5,1826-09-05,Sector 7G,en proceso de tortura
5471,Ricardo Miller,Envidia,1,1947-02-17,Tierra,redimida
5472,Alexis Oconnor,Ira,87,1966-10-07,Limbo,redimida
5473,Luis Reed,Avaricia,12,2003-11-17,Limbo,activa
5474,Jessica Richards,Envidia,13,2014-08-17,Pandemonium,activa
5475,Matthew Rangel,Lujuria,50,1948-02-21,Inframundo,en proceso de tortura
5476,Amber Mendez,Ira,28,1959-04-13,Sector 7G,redimida
5477,Laura Berry,Avaricia,92,2002-10-22,Tierra,activa
5478,Rebecca Gonzalez,Gula,28,1913-02-06,Tierra,redimida
5479,Ryan Houston,Envidia,43,1967-11-08,Sector 7G,en proceso de tortura
5480,Denise Mccoy,Pereza,1,1854-09-25,Tierra,redimida
5481,Thomas Taylor,Envidia,74,1965-12-13,Tierra,redimida
5482,Laurie Garcia,Avaricia,75,1831-02-03,Limbo,activa
5483,Patricia Rogers,Envidia,41,1884-04-30,Pandemonium,en proceso de tortura
5484,Kimberly Powell DDS,Envidia,45,1994-05-23,Limbo,activa
5485,Linda Henderson,Lujuria,0,1930-09-28,Sector 7G,activa
5486,Anthony Guerrero,Avaricia,64,2008-11-18,Pandemonium,en proceso de tortura
5487,Seth Grant,Avaricia,21,1965-07-12,Inframundo,activa
5488,Carla Hogan,Gula,54,1840-08-14,Limbo,activa
5489,Jessica Moore,Gula,58,2019-08-25,Tierra,redimida
5490,Kenneth Torres,Avaricia,0,1896-10-25,Abismo,activa
5491,Stephen Vance,Soberbia,34,1901-11-25,Inframundo,en proceso de tortura
5492,Christopher Jones,Envidia,87,1962-08-11,Abismo,activa
5493,Carmen Lang,Avaricia,15,1966-09-14,Inframundo,redimida
5494,Nicholas Miller,Soberbia,32,1831-04-16,Inframundo,redimida
5495,Beth Burns,Soberbia,14,1970-01-15,Sector 7G,redimida
5496,Leslie Taylor,Ira,74,2017-01-03,Limbo,en proceso de tortura
5497,Kelly Elliott,Lujuria,61,1884-10-04,Tierra,activa
5498,Todd Kennedy,Pereza,33,1840-11-24,Limbo,activa
5499,Holly Smith,Ira,50,1886-07-19,Limbo,en proceso de tortura
5500,Thomas Khan,Ira,75,1828-12-20,Sector 7G,redimida
5501,Karina Campbell,Gula,35,1956-10-20,Inframundo,redimida
5502,Margaret Patterson,Envidia,7,1965-09-04,Sector 7G,redimida
5503,Matthew Perez,Gula,1,1900-09-13,Tierra,en proceso de tortura
5504,Martin Holmes,Ira,76,1867-07-09,Tierra,en proceso de tortura
5505,Jon Mata,Gula,98,1907-04-20,Abismo,activa
5506,Janice Kemp,Avaricia,71,1956-03-07,Pandemonium,redimida
5507,Timothy Wyatt,Ira,20,1881-06-12,Abismo,activa
5508,Tammy Clark,Envidia,13,1931-04-17,Tierra,activa
5509,Jenna Padilla,Pereza,74,1881-11-26,Sector 7G,activa
5510,Jessica Norton,Gula,11,1950-03-26,Sector 7G,activa
5511,Chad Mitchell,Soberbia,28,2020-08-18,Sector 7G,en proceso de tortura
5512,Tony Baker,Soberbia,44,1979-10-28,Pandemonium,redimida
5513,Ashley Stevens,Soberbia,100,1947-03-18,Abismo,en proceso de tortura
5514,Nancy Miller,Soberbia,9,1845-08-29,Abismo,activa
5515,Sarah Thomas,Soberbia,3,1861-11-29,Limbo,redimida
5516,Kristopher Wood,Envidia,6,1841-05-14,Abismo,activa
5517,Amber Brown,Gula,47,1853-11-07,Tierra,redimida
5518,Jessica Johnson,Lujuria,88,1975-07-11,Limbo,activa
5519,Jesse George,Ira,22,1993-06-29,Pandemonium,redimida
5520,Justin Price,Soberbia,39,1899-11-24,Tierra,en proceso de tortura
5521,Heather Williams,Envidia,11,1881-04-03,Pandemonium,redimida
5522,Mackenzie Ward,Gula,60,1952-04-23,Inframundo,redimida
5523,Kimberly Nelson,Soberbia,13,1917-02-05,Pandemonium,activa
5524,James Ford,Gula,19,1871-01-22,Pandemonium,redimida
5525,Melody Reynolds,Pereza,20,1943-09-06,Abismo,redimida
5526,Sylvia Hill,Lujuria,47,1880-11-17,Tierra,redimida
5527,Mr. David Williams,Envidia,64,1935-10-31,Limbo,activa
5528,Heather Wallace,Soberbia,99,1996-10-08,Limbo,activa
5529,Benjamin Rodriguez,Ira,2,1945-12-24,Pandemonium,en proceso de tortura
5530,Julia Jarvis,Pereza,25,1880-07-14,Abismo,activa
5531,Robert Warren,Avaricia,28,2010-11-20,Tierra,en proceso de tortura
5532,Ernest Shelton,Lujuria,79,1933-04-02,Limbo,activa
5533,Beth Lopez,Pereza,87,1855-08-14,Inframundo,redimida
5534,Robert Wilson,Soberbia,87,1842-01-23,Pandemonium,redimida
5535,Gina Turner,Ira,25,1831-07-09,Pandemonium,en proceso de tortura
5536,Katelyn Robinson,Soberbia,22,1910-05-26,Tierra,redimida
5537,Kevin Carter,Envidia,6,1972-03-10,Inframundo,activa
5538,David Dean,Envidia,80,2015-06-27,Pandemonium,activa
5539,Abigail Martin,Soberbia,74,1845-07-27,Inframundo,en proceso de tortura
5540,Michael Acevedo,Pereza,44,1833-03-25,Pandemonium,activa
5541,David Berg,Pereza,49,1835-08-23,Tierra,redimida
5542,Michael Collins,Avaricia,9,1986-09-05,Tierra,en proceso de tortura
5543,Haley Brown,Avaricia,60,1919-10-25,Pandemonium,en proceso de tortura
5544,Lori Williamson MD,Lujuria,15,1846-07-22,Sector 7G,activa
5545,Randall Thompson,Lujuria,2,1976-02-18,Tierra,en proceso de tortura
5546,Guy Thompson,Ira,69,1875-02-24,Inframundo,en proceso de tortura
5547,Nicole Cooper,Soberbia,99,1877-11-29,Limbo,activa
5548,Charles Mullins,Lujuria,17,1844-02-03,Tierra,activa
5549,Shelly Rangel,Lujuria,83,1914-06-14,Sector 7G,redimida
5550,Helen Moran,Envidia,7,1980-08-27,Inframundo,en proceso de tortura
5551,Robert Moore,Lujuria,25,1851-09-02,Pandemonium,activa
5552,Jonathan Watson,Pereza,44,1843-03-18,Sector 7G,en proceso de tortura
5553,Norma Alvarado,Gula,44,1962-10-27,Pandemonium,activa
5554,Donna Mueller,Envidia,57,1998-07-13,Sector 7G,redimida
5555,Brian Moran,Avaricia,51,1836-03-09,Inframundo,redimida
5556,Colton Banks,Ira,38,2002-10-19,Inframundo,redimida
5557,Brandon Green,Avaricia,31,1846-05-17,Abismo,en proceso de tortura
5558,Scott Beck,Soberbia,54,1841-01-16,Tierra,en proceso de tortura
5559,Wesley Williams,Lujuria,8,2004-10-22,Limbo,en proceso de tortura
5560,Kristin Johnson,Soberbia,53,1897-07-01,Sector 7G,activa
5561,Diane Williams,Ira,51,1883-05-31,Inframundo,en proceso de tortura
5562,Tracy Norris,Gula,13,1836-08-24,Limbo,en proceso de tortura
5563,Vicki Mercer,Lujuria,37,1828-01-04,Tierra,activa
5564,Kevin Clarke,Pereza,1,1869-07-21,Sector 7G,redimida
5565,Christopher Golden,Pereza,34,1973-05-04,Tierra,redimida
5566,David Martin,Avaricia,0,1874-04-04,Limbo,redimida
5567,Teresa Roberts,Pereza,90,1902-04-14,Pandemonium,redimida
5568,Cindy Reed,Ira,1,1973-01-30,Sector 7G,en proceso de tortura
5569,Karen Washington,Pereza,2,1917-10-27,Sector 7G,en proceso de tortura
5570,Kimberly Sanders,Lujuria,12,1973-11-20,Abismo,en proceso de tortura
5571,Madison Jones,Ira,100,2003-12-28,Limbo,en proceso de tortura
5572,Collin Bradley,Avaricia,84,1949-09-17,Pandemonium,activa
5573,Russell Perez,Pereza,68,1986-03-30,Sector 7G,redimida
5574,Thomas Adams,Ira,59,1885-01-09,Abismo,redimida
5575,David Douglas,Ira,5,1988-02-24,Limbo,redimida
5576,Shawn Donaldson,Pereza,5,1899-02-16,Inframundo,activa
5577,Richard Brown,Lujuria,26,1865-11-22,Inframundo,en proceso de tortura
5578,Michele Barker,Pereza,100,1972-03-20,Inframundo,redimida
5579,Karen Munoz,Ira,52,2022-08-06,Sector 7G,activa
5580,Tamara Perry,Soberbia,15,1989-01-01,Inframundo,activa
5581,Micheal Johns,Ira,32,2016-12-09,Sector 7G,redimida
5582,Patrick Jones,Envidia,20,1967-05-11,Inframundo,en proceso de tortura
5583,Michelle Grant,Avaricia,65,1934-08-29,Abismo,en proceso de tortura
5584,Jenna Kennedy,Envidia,19,1845-04-15,Tierra,redimida
5585,Russell Holt,Ira,31,1887-02-28,Sector 7G,en proceso de tortura
5586,Wesley Ford,Lujuria,38,1954-04-03,Tierra,activa
5587,Sharon Escobar,Pereza,85,1995-01-27,Tierra,redimida
5588,Jennifer Stein DVM,Pereza,32,1903-08-17,Limbo,redimida
5589,Jesus Phillips,Gula,95,1854-10-21,Inframundo,activa
5590,Patricia Foster,Pereza,79,1879-11-15,Inframundo,en proceso de tortura
5591,Mrs. Morgan Fox,Avaricia,50,1946-11-26,Pandemonium,en proceso de tortura
5592,Heather Becker,Soberbia,10,1928-04-28,Pandemonium,redimida
5593,Nicholas Rasmussen,Ira,24,1977-12-31,Inframundo,activa
5594,Alexander Dunn,Ira,11,1921-03-06,Limbo,en proceso de tortura
5595,Stephanie Brown,Lujuria,9,2005-09-23,Abismo,redimida
5596,Meghan Taylor,Pereza,87,2006-10-15,Sector 7G,activa
5597,Paul Wood,Avaricia,39,1908-11-19,Inframundo,redimida
5598,Justin Shepherd,Gula,2,1961-04-01,Tierra,activa
5599,Jose Howard,Envidia,21,1984-08-11,Sector 7G,en proceso de tortura
5600,Brittany Fisher,Soberbia,30,1912-01-24,Limbo,redimida
5601,Sean Singleton,Envidia,71,1983-03-16,Tierra,redimida
5602,Amy Farmer,Lujuria,14,1894-01-07,Sector 7G,en proceso de tortura
5603,Jessica Nelson,Envidia,84,1878-12-13,Abismo,redimida
5604,Jennifer Mercado,Avaricia,98,1951-08-19,Sector 7G,activa
5605,Amanda Banks,Pereza,79,1907-08-18,Inframundo,activa
5606,Kimberly Horton,Pereza,62,1836-01-22,Pandemonium,en proceso de tortura
5607,Pamela Miller,Lujuria,65,1952-06-25,Abismo,activa
5608,Jasmine Jones,Avaricia,42,1862-06-18,Pandemonium,en proceso de tortura
5609,Dana Taylor,Soberbia,68,1955-10-26,Pandemonium,en proceso de tortura
5610,Robin Fisher,Soberbia,76,1844-06-15,Sector 7G,en proceso de tortura
5611,Terry Terry,Ira,0,1944-08-09,Pandemonium,activa
5612,Mary Ortiz,Envidia,10,1964-09-17,Limbo,redimida
5613,Jason Gates,Gula,74,1866-12-26,Sector 7G,en proceso de tortura
5614,Molly Jones,Envidia,10,1935-08-22,Sector 7G,activa
5615,Carlos Harris,Lujuria,44,1983-01-12,Limbo,redimida
5616,Brian Cook,Avaricia,12,1909-08-14,Sector 7G,en proceso de tortura
5617,Thomas Pham,Lujuria,58,2015-04-11,Sector 7G,en proceso de tortura
5618,Samuel Patrick,Ira,73,2014-02-10,Abismo,redimida
5619,Lawrence Palmer,Soberbia,81,2010-11-23,Tierra,en proceso de tortura
5620,Kristine Smith,Lujuria,32,2017-09-15,Abismo,en proceso de tortura
5621,Kathryn Brown,Gula,34,1907-06-30,Sector 7G,en proceso de tortura
5622,Rickey Smith,Ira,26,2011-10-30,Pandemonium,redimida
5623,Sarah Ward,Pereza,66,1899-05-07,Abismo,en proceso de tortura
5624,Chad Melton,Pereza,91,1893-09-20,Sector 7G,en proceso de tortura
5625,Jordan Molina,Ira,59,2019-07-07,Pandemonium,redimida
5626,Samantha Ramirez,Lujuria,98,2003-12-28,Tierra,activa
5627,Bonnie Sanchez,Ira,21,2001-12-07,Limbo,en proceso de tortura
5628,Randy Baker,Lujuria,84,1900-05-26,Inframundo,activa
5629,Evelyn Walters,Pereza,53,1827-08-24,Tierra,redimida
5630,Mark Savage,Soberbia,28,1879-10-19,Inframundo,redimida
5631,Miranda Stuart,Ira,92,1990-04-24,Limbo,redimida
5632,Rachael Chase,Envidia,40,1982-06-01,Limbo,redimida
5633,Juan Davis,Gula,4,1959-12-08,Tierra,redimida
5634,Chad Murphy,Avaricia,60,1896-10-23,Tierra,activa
5635,Jennifer Galloway,Gula,32,1979-03-24,Tierra,en proceso de tortura
5636,Mr. Shawn Brown,Pereza,31,2017-04-26,Sector 7G,activa
5637,Roberto Farrell,Pereza,60,1943-10-16,Tierra,redimida
5638,Victoria Wright,Envidia,50,1872-02-13,Tierra,en proceso de tortura
5639,Calvin Clarke,Ira,41,2003-12-28,Tierra,redimida
5640,Sandra Alexander,Pereza,0,1898-06-17,Pandemonium,redimida
5641,Jeffrey Underwood,Avaricia,55,1928-10-10,Limbo,activa
5642,Anthony Bauer,Pereza,75,1958-05-18,Abismo,en proceso de tortura
5643,Vanessa Miller,Avaricia,49,1998-07-28,Limbo,activa
5644,John Sharp,Lujuria,80,1833-11-22,Pandemonium,en proceso de tortura
5645,Steven Short,Gula,33,1925-07-09,Abismo,redimida
5646,Nicholas Arnold,Soberbia,60,1872-09-16,Limbo,en proceso de tortura
5647,Jeremy Johnson,Ira,16,1989-09-13,Pandemonium,en proceso de tortura
5648,Hector Mitchell,Gula,28,1984-07-27,Sector 7G,redimida
5649,Charles Shaw,Soberbia,23,1978-04-20,Inframundo,activa
5650,David Kemp,Gula,3,1959-04-05,Abismo,redimida
5651,Elizabeth Gonzalez,Envidia,59,1905-08-31,Tierra,en proceso de tortura
5652,Rachel Gibson,Gula,95,1985-04-01,Inframundo,activa
5653,Steven Peterson,Soberbia,1,1870-01-27,Abismo,activa
5654,Andrew Cooper,Soberbia,35,1853-12-24,Abismo,redimida
5655,Melissa Sexton,Pereza,39,1967-11-24,Sector 7G,redimida
5656,Megan Ibarra,Pereza,99,1957-05-14,Pandemonium,activa
5657,Jacob Jackson,Envidia,52,2007-12-25,Tierra,redimida
5658,Leah Sanders,Pereza,73,2003-12-28,Pandemonium,activa
5659,Kimberly Zuniga,Avaricia,84,1908-08-21,Abismo,en proceso de tortura
5660,Rebecca Curtis,Soberbia,7,1842-05-10,Abismo,redimida
5661,Tyler Moore,Gula,36,1924-04-29,Inframundo,activa
5662,Ronald Fox,Lujuria,57,1962-07-02,Inframundo,en proceso de tortura
5663,Theresa Smith,Pereza,96,1974-11-03,Tierra,en proceso de tortura
5664,Mark Butler,Soberbia,47,1908-10-22,Sector 7G,activa
5665,David Sullivan,Soberbia,68,1839-11-18,Inframundo,activa
5666,Marie Brown,Envidia,5,1902-11-13,Tierra,activa
5667,Gina Haas,Ira,46,1992-08-09,Inframundo,activa
5668,Gregory Castillo,Pereza,50,2003-12-28,Tierra,activa
5669,Patrick Evans,Avaricia,42,1892-08-18,Sector 7G,redimida
5670,Wendy Lopez,Ira,87,1978-10-23,Inframundo,activa
5671,Christopher Martinez,Lujuria,45,1879-11-03,Pandemonium,activa
5672,Ashley Raymond,Gula,67,2024-01-11,Sector 7G,activa
5673,Laura Gardner,Ira,26,1898-09-10,Inframundo,en proceso de tortura
5674,Sarah Padilla,Avaricia,87,1972-09-04,Limbo,redimida
5675,Scott White,Gula,56,1896-10-12,Sector 7G,en proceso de tortura
5676,Hannah Martinez,Avaricia,59,1985-02-22,Pandemonium,redimida
5677,David Jackson,Soberbia,85,1924-08-30,Sector 7G,redimida
5678,Xavier Jones,Gula,99,1860-02-24,Pandemonium,redimida
5679,Joe Brooks,Envidia,95,1834-11-17,Limbo,en proceso de tortura
5680,Hunter Boyd,Lujuria,40,1915-03-18,Limbo,redimida
5681,Ethan Peterson,Lujuria,38,2025-10-22,Sector 7G,en proceso de tortura
5682,Kathleen Walker,Soberbia,67,1934-11-21,Limbo,activa
5683,Jeremy Robinson,Soberbia,42,1978-11-18,Sector 7G,en proceso de tortura
5684,Alisha Thompson,Avaricia,91,1994-05-12,Inframundo,activa
5685,Tammy Callahan,Gula,16,1898-07-20,Tierra,en proceso de tortura
5686,Brett Campbell,Envidia,62,1998-08-09,Sector 7G,activa
5687,Nancy Valentine,Ira,35,1872-05-30,Sector 7G,activa
5688,Mrs. Michelle Arias,Lujuria,61,1873-01-06,Abismo,activa
5689,Billy Oconnell,Gula,29,1984-03-20,Pandemonium,activa
5690,Samuel Hall,Avaricia,74,1967-10-09,Sector 7G,activa
5691,Richard Pierce,Soberbia,33,1881-12-04,Tierra,activa
5692,Dylan Hurley,Avaricia,76,1901-12-11,Tierra,en proceso de tortura
5693,Spencer Allen,Ira,68,1986-05-24,Tierra,redimida
5694,Christopher White,Pereza,59,1891-10-31,Tierra,redimida
5695,Angel Jenkins,Ira,50,1929-03-07,Inframundo,activa
5696,Mr. Anthony Duarte,Envidia,91,1855-06-24,Limbo,en proceso de tortura
5697,Renee Smith,Lujuria,59,1858-12-10,Abismo,en proceso de tortura
5698,Rachael Lopez,Lujuria,99,1904-04-29,Sector 7G,activa
5699,Susan Davis,Lujuria,85,1907-08-21,Limbo,redimida
5700,Curtis Peters,Pereza,75,2002-12-30,Abismo,redimida
5701,Linda Mckinney,Envidia,72,1961-07-31,Limbo,en proceso de tortura
5702,Andrew Wilson,Avaricia,60,1994-05-26,Sector 7G,redimida
5703,Jared Phillips,Avaricia,5,1961-10-08,Inframundo,redimida
5704,Katelyn Turner,Ira,46,1858-11-12,Limbo,redimida
5705,Jose Morrow,Ira,14,1874-09-24,Limbo,redimida
5706,Dominique Frye DDS,Lujuria,53,2003-07-27,Abismo,activa
5707,Kendra Stevenson,Pereza,88,1997-02-22,Inframundo,redimida
5708,Heather Barber,Avaricia,22,1959-01-16,Sector 7G,redimida
5709,Katie Shields,Pereza,22,1859-03-01,Tierra,en proceso de tortura
5710,Jessica Jones,Avaricia,37,1829-04-08,Limbo,en proceso de tortura
5711,Cody Hall,Soberbia,92,1857-06-06,Limbo,activa
5712,Alexis David,Pereza,32,1981-11-15,Abismo,activa
5713,Brandon Hayden,Gula,15,1964-03-17,Pandemonium,activa
5714,Joshua Best,Avaricia,75,2003-12-28,Tierra,redimida
5715,Sarah Weber,Soberbia,72,2008-09-16,Sector 7G,en proceso de tortura
5716,Lisa Pratt,Gula,3,1992-05-13,Abismo,en proceso de tortura
5717,Colleen West,Gula,81,1963-03-21,Inframundo,en proceso de tortura
5718,Traci Torres,Avaricia,6,1911-02-10,Pandemonium,en proceso de tortura
5719,Nicole Gonzalez,Lujuria,38,1903-06-03,Abismo,en proceso de tortura
5720,Carolyn Klein,Lujuria,20,1913-09-21,Limbo,redimida
5721,Tamara George,Soberbia,57,1922-07-23,Sector 7G,en proceso de tortura
5722,Eric Higgins,Soberbia,20,1906-02-20,Tierra,en proceso de tortura
5723,Brittany Walker,Soberbia,33,1983-01-28,Limbo,en proceso de tortura
5724,Chad Powell,Ira,28,1838-09-26,Inframundo,en proceso de tortura
5725,Kaitlyn Dean,Pereza,28,1846-10-27,Pandemonium,activa
5726,Christopher Scott,Envidia,22,1860-05-21,Sector 7G,redimida
5727,Kelly Anderson,Gula,19,1973-02-01,Inframundo,en proceso de tortura
5728,Andrea Hunter,Pereza,61,2024-08-07,Sector 7G,activa
5729,William Lewis,Ira,14,2024-03-12,Tierra,en proceso de tortura
5730,Catherine Whitehead,Avaricia,74,1902-07-04,Sector 7G,en proceso de tortura
5731,Scott Taylor,Soberbia,27,1950-08-18,Pandemonium,en proceso de tortura
5732,Paul Morgan,Gula,86,1963-09-13,Inframundo,activa
5733,Yvette Carter,Lujuria,35,2001-09-18,Sector 7G,en proceso de tortura
5734,Edward Morrison,Envidia,36,1955-10-24,Tierra,redimida
5735,Amber Snow,Ira,80,2003-12-28,Inframundo,redimida
5736,David Mccann,Soberbia,61,1925-08-20,Pandemonium,activa
5737,Elizabeth Norris,Envidia,82,2022-12-04,Abismo,redimida
5738,Donna Thornton,Gula,77,1906-11-25,Limbo,activa
5739,Sandra Marquez,Gula,27,1893-01-21,Inframundo,en proceso de tortura
5740,Frank Shaw,Gula,27,1947-11-29,Tierra,activa
5741,Jennifer Smith,Soberbia,38,1966-05-20,Tierra,en proceso de tortura
5742,Dr. Shawn Hicks,Envidia,79,1826-03-08,Inframundo,redimida
5743,Mark Hill,Pereza,86,2000-03-16,Limbo,en proceso de tortura
5744,Danielle Anderson,Envidia,83,1937-10-29,Abismo,en proceso de tortura
5745,Dr. Hunter Reed,Soberbia,7,2020-09-30,Pandemonium,en proceso de tortura
5746,Ruth Ferguson,Gula,0,1855-09-06,Pandemonium,redimida
5747,Charles Gamble,Lujuria,52,1939-01-04,Inframundo,en proceso de tortura
5748,Jane Cooley,Gula,22,1850-11-08,Tierra,en proceso de tortura
5749,Carrie Velez,Soberbia,26,2014-11-07,Limbo,activa
5750,Amy Miller,Lujuria,27,1968-05-10,Inframundo,en proceso de tortura
5751,Shawn Drake,Pereza,18,2011-09-16,Abismo,redimida
5752,Michelle Potts,Ira,50,1961-01-29,Sector 7G,activa
5753,Bryan Stafford,Envidia,54,1862-01-11,Tierra,en proceso de tortura
5754,Sarah Harris,Envidia,14,2006-08-11,Inframundo,activa
5755,Lindsey Adams,Envidia,5,1861-06-10,Inframundo,en proceso de tortura
5756,Raymond Cunningham,Soberbia,57,1846-01-26,Tierra,activa
5757,Tracy Chapman,Ira,16,1830-09-27,Pandemonium,activa
5758,David Jenkins,Ira,50,1982-01-22,Inframundo,activa
5759,Mallory Brock,Lujuria,19,2003-05-18,Tierra,redimida
5760,Nicole Thompson,Lujuria,56,1869-03-21,Sector 7G,en proceso de tortura
5761,Robert Kim,Soberbia,50,1913-04-18,Pandemonium,en proceso de tortura
5762,David Banks,Lujuria,45,1950-07-03,Sector 7G,activa
5763,Lisa Hall,Pereza,56,1847-09-16,Pandemonium,en proceso de tortura
5764,Laurie Franklin,Gula,27,1831-04-07,Abismo,redimida
5765,Joseph Giles,Lujuria,8,1900-05-11,Limbo,activa
5766,John Bridges,Lujuria,7,1977-10-07,Inframundo,activa
5767,Brian Ellis,Gula,32,1884-08-31,Inframundo,redimida
5768,Denise Brock DDS,Lujuria,58,1937-07-30,Inframundo,en proceso de tortura
5769,Christopher Glass,Pereza,97,1851-12-09,Pandemonium,activa
5770,Ricky Baker,Envidia,64,2003-12-10,Inframundo,en proceso de tortura
5771,Kathryn Kennedy,Soberbia,90,2001-08-30,Limbo,redimida
5772,Christopher Johnson,Avaricia,18,1882-11-20,Sector 7G,activa
5773,Kayla Moore,Gula,38,1829-03-08,Sector 7G,redimida
5774,Michelle Williams,Pereza,96,1987-10-09,Pandemonium,redimida
5775,Kevin Howard,Ira,18,1940-02-24,Tierra,redimida
5776,Dr. Jesse Bass,Soberbia,91,2005-06-12,Tierra,activa
5777,Amanda Tate,Lujuria,92,1985-12-13,Abismo,activa
5778,Danny Wilkins,Avaricia,76,1993-09-23,Pandemonium,redimida
5779,James Suarez,Envidia,17,1925-02-21,Pandemonium,en proceso de tortura
5780,Pamela Taylor,Avaricia,75,1831-08-25,Inframundo,activa
5781,Angela Roberts,Lujuria,54,1836-03-25,Pandemonium,en proceso de tortura
5782,Jose Ruiz,Gula,86,1876-10-06,Sector 7G,redimida
5783,Zachary Thornton,Avaricia,18,1873-10-12,Inframundo,redimida
5784,James Aguilar,Lujuria,48,1870-11-03,Inframundo,activa
5785,Brandy Yoder,Lujuria,6,1853-02-06,Inframundo,en proceso de tortura
5786,Mark Warren,Gula,52,1929-08-25,Abismo,redimida
5787,Cynthia Simmons,Pereza,52,2022-08-04,Sector 7G,redimida
5788,Hannah Parker,Avaricia,48,1883-11-01,Tierra,en proceso de tortura
5789,David Anderson,Avaricia,5,2003-12-28,Inframundo,activa
5790,Adam Harris,Envidia,85,2008-08-27,Abismo,activa
5791,Steven Vazquez,Envidia,41,1945-01-12,Tierra,activa
5792,Katherine Francis,Soberbia,7,1849-07-06,Sector 7G,redimida
5793,Thomas Cain,Avaricia,77,1970-07-09,Tierra,redimida
5794,Sharon Allen DDS,Lujuria,67,1850-06-03,Inframundo,en proceso de tortura
5795,Jessica Stark,Soberbia,2,1933-12-25,Limbo,redimida
5796,Martha Hernandez,Lujuria,51,1899-08-30,Inframundo,en proceso de tortura
5797,Erica Oliver,Lujuria,71,1932-02-19,Inframundo,redimida
5798,Jennifer Bishop,Lujuria,35,1889-05-09,Abismo,redimida
5799,Chris Romero,Avaricia,37,2004-12-12,Inframundo,en proceso de tortura
5800,Matthew Shaffer,Envidia,62,1916-08-18,Inframundo,redimida
5801,Yvonne Mccoy,Pereza,33,2002-10-04,Sector 7G,activa
5802,Ashley Ingram,Lujuria,75,1844-10-17,Abismo,redimida
5803,Christopher Cook,Avaricia,96,1887-06-30,Inframundo,redimida
5804,Jennifer Wilson,Gula,58,2003-12-28,Pandemonium,activa
5805,Jacob Avery,Pereza,3,1921-06-17,Inframundo,redimida
5806,Jonathan Hicks,Pereza,64,1965-08-28,Limbo,activa
5807,Benjamin Klein,Envidia,68,1869-03-17,Tierra,activa
5808,James Reyes,Ira,33,1845-03-01,Sector 7G,redimida
5809,Michael Gray,Pereza,97,2000-01-28,Tierra,redimida
5810,Kimberly Li,Soberbia,50,1909-06-20,Abismo,activa
5811,Lisa Reyes,Pereza,88,1999-03-21,Limbo,activa
5812,David Odonnell,Soberbia,72,2008-11-20,Sector 7G,en proceso de tortura
5813,Shannon Jones,Lujuria,36,1931-05-01,Sector 7G,redimida
5814,Kelly Bishop,Ira,33,1952-03-02,Pandemonium,redimida
5815,Luis Martinez,Lujuria,81,1992-05-13,Pandemonium,activa
5816,Carrie Mccullough,Gula,20,1898-01-17,Abismo,activa
5817,Kimberly Carr,Envidia,97,1976-12-19,Sector 7G,en proceso de tortura
5818,Courtney Logan,Soberbia,93,1887-10-19,Sector 7G,activa
5819,Jaime Hunt,Pereza,3,1935-07-17,Abismo,activa
5820,Heather Shaw,Avaricia,40,1857-03-30,Inframundo,redimida
5821,Kathryn Carpenter,Lujuria,83,1849-05-28,Inframundo,redimida
5822,Raymond Howard,Lujuria,80,1956-02-13,Pandemonium,en proceso de tortura
5823,Tracy Lee,Soberbia,30,1964-08-07,Tierra,redimida
5824,Sandra Stark,Ira,85,1850-12-19,Pandemonium,activa
5825,Kimberly Wolf,Envidia,90,1922-12-22,Pandemonium,en proceso de tortura
5826,Hunter Hernandez,Pereza,97,1984-09-29,Abismo,redimida
5827,Jordan Arnold,Soberbia,51,1829-02-08,Inframundo,en proceso de tortura
5828,Jackie Hanna,Ira,84,1833-09-15,Tierra,redimida
5829,Brandon Dunlap MD,Ira,86,1938-12-12,Inframundo,redimida
5830,Stacy Williams,Ira,50,1903-04-07,Inframundo,en proceso de tortura
5831,Louis Williams,Gula,88,1864-10-04,Abismo,redimida
5832,Lauren Booth,Soberbia,33,1891-03-06,Pandemonium,activa
5833,Olivia Matthews,Soberbia,50,1887-02-04,Inframundo,en proceso de tortura
5834,Kaylee Martin,Lujuria,91,1936-10-07,Inframundo,activa
5835,Sara Hernandez,Pereza,25,1889-08-05,Limbo,activa
5836,Carol Benson,Envidia,78,1913-06-19,Pandemonium,activa
5837,Jennifer Johnson,Lujuria,8,1837-12-16,Sector 7G,redimida
5838,Rachel Berry,Envidia,43,2007-01-14,Pandemonium,en proceso de tortura
5839,Tyler Tran,Envidia,44,1841-02-20,Tierra,en proceso de tortura
5840,Keith English,Lujuria,71,1835-06-15,Sector 7G,activa
5841,Jennifer Hartman,Gula,61,1935-04-03,Abismo,redimida
5842,Dawn Stewart,Gula,42,1977-05-08,Sector 7G,activa
5843,Christopher Morgan,Gula,22,1960-06-23,Abismo,en proceso de tortura
5844,Stephen Ellis,Soberbia,33,2004-10-18,Limbo,activa
5845,Samantha Cole,Pereza,96,1885-04-12,Abismo,en proceso de tortura
5846,Audrey Tucker,Soberbia,7,1879-09-19,Inframundo,activa
5847,Lisa Snyder,Envidia,9,1871-05-18,Limbo,en proceso de tortura
5848,Caitlyn Clarke,Gula,92,1907-07-17,Limbo,activa
5849,Jose Lawrence,Envidia,43,2020-10-18,Inframundo,activa
5850,Erin Wong,Soberbia,40,1851-12-09,Pandemonium,redimida
5851,Travis Gonzalez,Avaricia,59,1984-03-25,Abismo,redimida
5852,Larry Vaughan,Pereza,98,1884-08-25,Abismo,activa
5853,Timothy Hatfield,Soberbia,0,1877-09-25,Abismo,redimida
5854,Angelica Larsen,Envidia,26,1833-10-12,Inframundo,redimida
5855,Ann Reeves,Ira,50,1910-04-25,Pandemonium,activa
5856,Joshua Proctor,Envidia,61,1893-05-23,Sector 7G,activa
5857,James Pugh,Soberbia,99,1829-07-29,Inframundo,en proceso de tortura
5858,Richard Lewis,Pereza,40,1874-11-20,Limbo,activa
5859,Alexander Sampson,Soberbia,29,1849-04-14,Tierra,redimida
5860,Aaron Matthews,Pereza,98,2016-06-04,Inframundo,activa
5861,Robert Jimenez MD,Avaricia,24,1903-01-09,Sector 7G,en proceso de tortura
5862,Christopher James,Gula,40,1963-03-05,Tierra,en proceso de tortura
5863,Amanda Nelson,Pereza,25,1967-05-10,Inframundo,en proceso de tortura
5864,Linda Werner,Ira,92,2014-12-01,Sector 7G,activa
5865,Autumn Glass,Gula,61,1973-07-27,Pandemonium,redimida
5866,Kayla Mercer,Lujuria,88,1891-11-03,Limbo,redimida
5867,Alvin Perez,Soberbia,42,1946-12-24,Inframundo,activa
5868,Patrick Davies,Pereza,12,1851-03-31,Limbo,redimida
5869,Rachel Howard,Pereza,59,1996-12-08,Tierra,redimida
5870,Desiree Lee,Gula,68,2011-06-03,Sector 7G,redimida
5871,Dominique Hernandez,Soberbia,71,1996-10-09,Inframundo,activa
5872,David Bennett,Soberbia,79,1843-03-29,Tierra,activa
5873,Mark Davis,Ira,34,1996-09-28,Pandemonium,en proceso de tortura
5874,Hannah Carson,Gula,23,2015-11-21,Pandemonium,activa
5875,Evan Johnson,Soberbia,35,1907-10-18,Sector 7G,activa
5876,Holly Williams,Soberbia,58,1836-06-07,Tierra,redimida
5877,Kyle Ward,Lujuria,43,2002-11-21,Pandemonium,en proceso de tortura
5878,Melissa Gray,Avaricia,74,2006-10-23,Sector 7G,redimida
5879,Jennifer Walker,Avaricia,91,1946-08-27,Abismo,en proceso de tortura
5880,Michael King PhD,Soberbia,26,1906-05-07,Tierra,en proceso de tortura
5881,Juan Holland,Lujuria,59,1928-09-13,Inframundo,en proceso de tortura
5882,Robert Powell,Soberbia,96,1957-12-15,Abismo,en proceso de tortura
5883,Nicole Goodman,Soberbia,71,1861-02-18,Pandemonium,redimida
5884,Martha Reyes,Gula,14,1944-12-19,Inframundo,en proceso de tortura
5885,David Vega,Avaricia,4,1877-10-25,Pandemonium,activa
5886,Melissa Lutz,Envidia,3,1949-06-13,Sector 7G,en proceso de tortura
5887,Leslie Butler,Envidia,84,2021-10-14,Abismo,en proceso de tortura
5888,Christopher Bell,Pereza,61,2004-02-27,Limbo,activa
5889,Michael Jones,Lujuria,17,1856-01-17,Limbo,activa
5890,Thomas Willis,Envidia,81,2011-11-08,Sector 7G,en proceso de tortura
5891,David Robertson,Avaricia,39,1973-06-03,Abismo,en proceso de tortura
5892,Randy Woods,Avaricia,68,1844-12-08,Pandemonium,redimida
5893,Mary Richardson,Soberbia,61,2002-03-06,Pandemonium,en proceso de tortura
5894,Michelle Williams,Gula,46,1982-04-05,Sector 7G,redimida
5895,Lisa Allen,Envidia,50,1860-05-02,Pandemonium,en proceso de tortura
5896,Mary Glover,Avaricia,30,1871-07-09,Sector 7G,activa
5897,Lindsay Parrish,Avaricia,3,1967-08-29,Sector 7G,redimida
5898,Nicole Thomas,Pereza,39,1897-10-23,Limbo,activa
5899,Gerald Kennedy,Ira,62,1860-12-01,Inframundo,activa
5900,Diane Clark,Soberbia,11,1992-12-12,Sector 7G,redimida
5901,David Ayala,Ira,47,1903-01-25,Sector 7G,activa
5902,Keith Ballard,Soberbia,55,1883-03-28,Pandemonium,en proceso de tortura
5903,Emily Holland,Soberbia,93,1995-05-21,Pandemonium,en proceso de tortura
5904,Stephen Hale,Avaricia,53,1826-05-31,Limbo,redimida
5905,Jerry Harris,Ira,10,1966-10-23,Sector 7G,redimida
5906,Jessica Gilbert,Lujuria,44,1892-04-16,Inframundo,en proceso de tortura
5907,Wendy Mills,Ira,68,1886-05-24,Sector 7G,activa
5908,Lisa Ray,Gula,49,1872-11-08,Tierra,activa
5909,Randy Guzman,Ira,34,1918-04-15,Inframundo,en proceso de tortura
5910,Lisa Myers,Pereza,41,1876-10-24,Limbo,en proceso de tortura
5911,Joseph Strickland,Soberbia,65,1925-10-12,Inframundo,en proceso de tortura
5912,James Bryant,Soberbia,5,1832-02-07,Tierra,activa
5913,Ashley Perez,Ira,41,1935-10-28,Tierra,redimida
5914,Heather Harding,Envidia,72,1974-01-31,Abismo,en proceso de tortura
5915,Patricia Reeves,Gula,99,2020-10-02,Sector 7G,en proceso de tortura
5916,Kristin Miller,Soberbia,41,1973-12-18,Limbo,redimida
5917,Julia Arnold,Avaricia,91,1863-06-28,Pandemonium,en proceso de tortura
5918,Loretta Gonzales,Envidia,75,2020-02-03,Tierra,en proceso de tortura
5919,Nicole Spencer,Ira,19,1888-07-13,Pandemonium,activa
5920,Seth Mitchell,Pereza,31,1902-03-26,Abismo,en proceso de tortura
5921,Brandon Keller,Lujuria,67,1835-12-25,Inframundo,activa
5922,Kevin Wood,Avaricia,10,2021-03-09,Abismo,en proceso de tortura
5923,Jennifer Fletcher,Soberbia,58,1861-09-17,Pandemonium,activa
5924,Virginia Freeman,Envidia,61,2012-12-30,Pandemonium,activa
5925,Adam Chapman,Envidia,48,1900-01-14,Tierra,en proceso de tortura
5926,Christian Lopez,Soberbia,77,2003-12-28,Pandemonium,activa
5927,Whitney Martin,Soberbia,6,1876-02-19,Limbo,en proceso de tortura
5928,Mark Collins,Avaricia,28,1897-01-11,Inframundo,redimida
5929,Julie Alvarado,Pereza,81,1964-03-25,Tierra,redimida
5930,Laura Briggs,Envidia,15,1915-05-22,Abismo,en proceso de tortura
5931,Kristi Rose,Pereza,50,1919-11-12,Pandemonium,activa
5932,Diana Williams,Pereza,18,1965-07-09,Pandemonium,redimida
5933,Michele Sullivan,Avaricia,17,1836-08-03,Pandemonium,en proceso de tortura
5934,Michael Powers,Envidia,24,1986-02-14,Inframundo,redimida
5935,John Knight,Ira,19,1868-06-01,Inframundo,activa
5936,Wesley Newman,Soberbia,73,1975-08-27,Limbo,activa
5937,Mark Williams,Pereza,3,1832-05-01,Abismo,en proceso de tortura
5938,Shannon Fuentes,Soberbia,81,1925-10-17,Abismo,activa
5939,Chelsea Rush,Ira,96,1838-09-24,Sector 7G,en proceso de tortura
5940,Catherine Jones,Gula,36,1840-01-28,Pandemonium,redimida
5941,Eric Hunt,Lujuria,52,2003-07-14,Limbo,redimida
5942,David Blankenship,Pereza,73,1957-08-23,Abismo,redimida
5943,Angela Gray,Envidia,37,1989-08-25,Tierra,activa
5944,Dr. Mary Arellano,Envidia,22,1993-04-07,Inframundo,en proceso de tortura
5945,Shelby Gordon,Gula,20,1969-10-27,Tierra,en proceso de tortura
5946,Robert Williams,Avaricia,51,1836-11-03,Inframundo,activa
5947,Suzanne Johnson,Soberbia,51,1864-02-21,Sector 7G,activa
5948,Parker Stone,Avaricia,81,1895-03-22,Sector 7G,redimida
5949,Brenda Perry,Gula,45,1874-04-07,Sector 7G,en proceso de tortura
5950,Meghan Pena,Pereza,10,1976-02-28,Tierra,redimida
5951,Brian Beck,Envidia,5,1982-11-07,Sector 7G,activa
5952,Adam Villa,Lujuria,93,1938-01-18,Tierra,en proceso de tortura
5953,William Barnes,Ira,42,2003-12-28,Abismo,activa
5954,Andrea Ellis,Lujuria,30,1849-12-01,Inframundo,redimida
5955,Jeffrey Moreno,Avaricia,79,1842-07-28,Abismo,activa
5956,Brian Wyatt,Gula,76,1842-07-21,Inframundo,activa
5957,Thomas Prince,Envidia,3,1985-03-01,Sector 7G,redimida
5958,Ryan Lewis,Lujuria,72,1918-06-24,Tierra,en proceso de tortura
5959,Justin Wolfe,Avaricia,9,1860-06-03,Sector 7G,redimida
5960,Elizabeth Miller,Ira,96,1986-11-29,Abismo,redimida
5961,Jean Robinson,Soberbia,50,1886-07-31,Pandemonium,redimida
5962,Stephanie Davis,Ira,16,1919-04-01,Pandemonium,en proceso de tortura
5963,Guy Mason,Ira,2,1988-07-19,Sector 7G,activa
5964,Dylan Powers,Avaricia,3,2024-03-27,Pandemonium,en proceso de tortura
5965,Marcia Thomas,Ira,26,1874-06-08,Abismo,activa
5966,William Williams,Envidia,60,1926-11-02,Pandemonium,redimida
5967,Alexandra Gallegos,Ira,57,2008-09-28,Abismo,activa
5968,Makayla Clark,Soberbia,0,1995-01-14,Tierra,en proceso de tortura
5969,James Moore,Lujuria,19,1839-02-20,Tierra,en proceso de tortura
5970,Alexis Thomas,Ira,64,1929-06-10,Abismo,en proceso de tortura
5971,Jane Gallegos,Avaricia,46,1903-03-15,Sector 7G,en proceso de tortura
5972,Kevin Lam,Avaricia,18,1922-06-16,Inframundo,redimida
5973,Abigail Frost,Envidia,63,1873-06-19,Inframundo,redimida
5974,Michael Williams,Pereza,50,1870-12-28,Abismo,activa
5975,Monica Adams,Avaricia,88,2023-12-14,Inframundo,redimida
5976,Daniel Carter,Pereza,17,1983-11-18,Pandemonium,en proceso de tortura
5977,Katie Pitts,Pereza,36,1951-06-21,Sector 7G,activa
5978,Tammy Huynh,Ira,8,1851-03-29,Tierra,activa
5979,Dr. Michelle Gordon,Soberbia,18,1948-06-14,Pandemonium,en proceso de tortura
5980,Shannon Hurley,Ira,56,1903-01-15,Tierra,en proceso de tortura
5981,Kendra Chan,Gula,59,1886-02-15,Pandemonium,activa
5982,Ellen Harris,Gula,10,1890-01-21,Inframundo,redimida
5983,Richard Smith,Pereza,35,1916-09-14,Abismo,activa
5984,Kelly York,Lujuria,62,1937-06-13,Limbo,activa
5985,Melissa Brown,Pereza,8,1834-06-23,Abismo,redimida
5986,David Avery,Avaricia,53,1863-04-09,Tierra,activa
5987,Antonio Arroyo DDS,Lujuria,89,2021-05-30,Abismo,activa
5988,Brian Cruz,Soberbia,55,2023-02-28,Inframundo,activa
5989,Amy Turner,Pereza,76,1906-10-12,Limbo,activa
5990,Heather Orr,Soberbia,61,1886-12-31,Abismo,en proceso de tortura
5991,Mark Smith,Envidia,96,1913-09-17,Pandemonium,redimida
5992,Jody Bauer,Envidia,31,2002-09-03,Sector 7G,en proceso de tortura
5993,Martin Brooks,Envidia,34,1985-08-23,Sector 7G,en proceso de tortura
5994,Mr. Matthew Robinson,Pereza,95,1988-10-30,Pandemonium,redimida
5995,Jerry Grant,Pereza,99,1969-08-12,Limbo,activa
5996,Victoria Sanford,Lujuria,12,1961-01-18,Sector 7G,activa
5997,Richard Lucas,Gula,99,1910-04-04,Abismo,redimida
5998,Angela Cook,Lujuria,32,2023-02-28,Pandemonium,redimida
5999,Grant Tapia,Avaricia,94,1858-04-17,Pandemonium,activa
6000,Daniel Bailey,Pereza,11,1856-05-29,Pandemonium,redimida
6001,Yolanda Reeves,Envidia,14,1888-03-31,Sector 7G,en proceso de tortura
6002,Albert Walker,Avaricia,62,1950-02-23,Abismo,en proceso de tortura
6003,Austin Delacruz,Envidia,2,2000-08-07,Limbo,redimida
6004,Margaret Wilson,Soberbia,39,1962-06-03,Sector 7G,en proceso de tortura
6005,Justin Crane,Avaricia,69,1949-11-26,Inframundo,en proceso de tortura
6006,Peter Jackson,Lujuria,5,1966-09-06,Abismo,redimida
6007,John Arias,Lujuria,61,1881-10-15,Tierra,activa
6008,Calvin Hughes,Ira,17,1995-01-22,Limbo,activa
6009,Megan Vance DVM,Soberbia,28,1907-07-19,Pandemonium,en proceso de tortura
6010,Curtis Clayton,Gula,77,1967-09-15,Pandemonium,en proceso de tortura
6011,Matthew Morales,Avaricia,100,1859-01-19,Tierra,activa
6012,Anna Nelson,Ira,88,1940-05-30,Tierra,activa
6013,Thomas Bell,Lujuria,58,1920-01-31,Abismo,en proceso de tortura
6014,Richard Brown,Ira,37,1912-12-26,Sector 7G,en proceso de tortura
6015,Shannon Taylor,Envidia,83,1988-11-16,Abismo,en proceso de tortura
6016,Tyrone Hart,Ira,4,1870-09-18,Inframundo,redimida
6017,David Cox,Envidia,43,1913-03-06,Tierra,en proceso de tortura
6018,Brenda White,Lujuria,79,1979-03-02,Pandemonium,redimida
6019,Jared Tucker,Soberbia,78,1848-12-27,Limbo,redimida
6020,Colleen Thompson,Envidia,68,1854-01-15,Limbo,en proceso de tortura
6021,Lisa Franco,Lujuria,13,2015-10-28,Tierra,redimida
6022,Justin Turner,Pereza,4,1855-09-11,Tierra,activa
6023,Manuel Henry,Lujuria,73,1948-03-30,Pandemonium,en proceso de tortura
6024,Matthew Hall,Envidia,64,1965-04-25,Inframundo,activa
6025,Jill Roberts,Ira,9,1851-11-05,Pandemonium,redimida
6026,Angelica Juarez,Lujuria,70,2020-09-29,Inframundo,activa
6027,Kimberly Weber,Envidia,58,1938-10-27,Abismo,activa
6028,Renee Edwards,Soberbia,80,1911-06-24,Tierra,en proceso de tortura
6029,Elizabeth Rodriguez,Envidia,62,1848-02-16,Sector 7G,redimida
6030,Mitchell Hopkins,Ira,42,1996-05-18,Tierra,redimida
6031,Patricia Acosta,Envidia,79,1846-07-03,Pandemonium,en proceso de tortura
6032,Brittany Rodriguez DDS,Envidia,55,1861-08-08,Tierra,en proceso de tortura
6033,Jennifer Cooper,Gula,65,1887-03-15,Pandemonium,redimida
6034,Robert Neal,Envidia,81,1858-06-13,Limbo,redimida
6035,Anne Hendricks,Envidia,54,2009-11-29,Abismo,redimida
6036,Robert Merritt,Gula,65,1963-06-17,Pandemonium,activa
6037,Brandon Gardner,Soberbia,47,1919-02-15,Inframundo,en proceso de tortura
6038,Alexis Pena,Soberbia,72,1967-09-22,Tierra,redimida
6039,Joel Vincent,Ira,50,1957-08-27,Abismo,activa
6040,Michelle Parsons,Pereza,65,2015-08-17,Sector 7G,en proceso de tortura
6041,Emily Herrera,Gula,46,1832-02-24,Limbo,redimida
6042,Alexander Gonzales,Avaricia,46,1927-10-30,Limbo,redimida
6043,Daisy Horn,Envidia,49,1961-06-22,Limbo,activa
6044,Hannah Copeland,Avaricia,50,2005-10-08,Tierra,en proceso de tortura
6045,Omar Craig,Envidia,52,1841-12-31,Abismo,en proceso de tortura
6046,Michael Hunt,Pereza,31,1835-10-03,Abismo,en proceso de tortura
6047,Christina Gray,Ira,63,2012-12-27,Inframundo,activa
6048,Matthew Dillon,Lujuria,49,1994-10-06,Pandemonium,redimida
6049,Carolyn Kane,Avaricia,47,1826-06-14,Abismo,en proceso de tortura
6050,John Carter,Soberbia,87,1903-10-02,Limbo,activa
6051,Brenda Dunn,Gula,34,1855-09-10,Inframundo,redimida
6052,Charles Bullock,Envidia,87,1883-06-07,Tierra,en proceso de tortura
6053,Dale Barnes,Soberbia,5,1958-05-07,Sector 7G,redimida
6054,Carol Williams,Pereza,34,1990-11-28,Limbo,redimida
6055,Albert White,Envidia,68,1998-02-01,Abismo,activa
6056,Kimberly Snyder,Ira,14,1902-05-10,Pandemonium,redimida
6057,Luis Dawson,Avaricia,4,1920-11-28,Pandemonium,activa
6058,Joshua Murphy,Envidia,79,1885-05-21,Pandemonium,en proceso de tortura
6059,Crystal Garcia,Pereza,54,1951-03-14,Pandemonium,redimida
6060,Anthony Wall,Pereza,51,2013-12-02,Pandemonium,activa
6061,Cynthia Obrien,Avaricia,72,1993-09-06,Inframundo,activa
6062,Michelle Scott,Lujuria,93,1920-10-23,Pandemonium,redimida
6063,Brenda Martinez,Gula,54,1954-02-02,Pandemonium,activa
6064,Sandra Dennis,Envidia,11,1888-05-25,Tierra,activa
6065,John Gross,Envidia,18,2019-03-18,Pandemonium,en proceso de tortura
6066,Kristy Sharp,Lujuria,24,1881-02-03,Tierra,activa
6067,Brittany Edwards,Avaricia,60,1878-05-04,Limbo,redimida
6068,Allen Russo,Lujuria,6,1890-06-01,Inframundo,activa
6069,Michael Fleming,Soberbia,3,2021-04-15,Tierra,redimida
6070,Richard Johnson,Envidia,78,1991-05-26,Pandemonium,redimida
6071,Nathan White,Soberbia,67,2003-05-23,Pandemonium,redimida
6072,Michelle Pruitt,Lujuria,8,1848-02-23,Limbo,activa
6073,Diana Keith,Pereza,28,1898-09-09,Limbo,en proceso de tortura
6074,Jessica Alexander,Envidia,12,1949-10-09,Tierra,activa
6075,Kenneth Cox,Envidia,91,1860-07-01,Pandemonium,en proceso de tortura
6076,Jamie Johnson,Avaricia,33,1853-10-31,Tierra,activa
6077,Karla Smith,Gula,29,1910-11-06,Pandemonium,activa
6078,Nicholas Thomas,Pereza,97,1878-09-05,Tierra,en proceso de tortura
6079,Lauren Harris,Soberbia,85,1926-02-24,Inframundo,activa
6080,John Fox,Pereza,49,1908-02-19,Pandemonium,activa
6081,Seth Benjamin,Avaricia,55,1901-10-04,Limbo,en proceso de tortura
6082,Christian Chang,Gula,83,1975-09-07,Sector 7G,en proceso de tortura
6083,William Stewart,Avaricia,1,1982-04-04,Abismo,redimida
6084,Nathaniel Carter,Avaricia,62,1900-06-20,Abismo,redimida
6085,Aaron Suarez,Avaricia,96,2013-02-09,Limbo,redimida
6086,Destiny Wallace,Soberbia,45,1914-10-31,Limbo,activa
6087,Leslie Hernandez,Gula,18,1897-11-03,Tierra,en proceso de tortura
6088,Joe Delgado,Gula,69,1892-11-23,Inframundo,en proceso de tortura
6089,Gloria Young,Gula,92,1912-04-16,Sector 7G,activa
6090,Christopher Waller,Envidia,74,2020-03-31,Tierra,redimida
6091,William Huynh,Ira,2,1991-03-05,Inframundo,en proceso de tortura
6092,Sharon Reed,Avaricia,47,1912-07-20,Tierra,redimida
6093,Kevin Porter,Avaricia,7,1882-05-24,Limbo,en proceso de tortura
6094,Pam Thompson,Envidia,37,1955-07-28,Pandemonium,en proceso de tortura
6095,Thomas Houston,Envidia,84,1856-06-06,Sector 7G,redimida
6096,Brenda Compton,Lujuria,34,1931-03-21,Sector 7G,en proceso de tortura
6097,Jerry Warren,Envidia,67,1891-09-29,Limbo,en proceso de tortura
6098,Jillian Williams,Gula,68,1847-06-02,Abismo,en proceso de tortura
6099,Charles Riley,Envidia,78,1997-05-09,Abismo,activa
6100,Kelsey Stanley,Ira,81,2015-05-22,Inframundo,activa
6101,Tiffany Dennis,Soberbia,62,1947-04-21,Tierra,en proceso de tortura
6102,Diana Silva,Ira,94,1865-09-19,Pandemonium,activa
6103,Kathleen Lewis,Ira,93,1997-01-10,Pandemonium,redimida
6104,Kenneth Ortiz,Lujuria,52,1915-08-27,Sector 7G,activa
6105,Thomas Moreno,Lujuria,64,1999-06-02,Inframundo,redimida
6106,Kristen Swanson,Soberbia,78,1946-04-19,Limbo,activa
6107,Jerry Silva,Avaricia,4,1961-05-23,Inframundo,en proceso de tortura
6108,Kristen Scott,Avaricia,60,1948-11-04,Tierra,en proceso de tortura
6109,Michael Martin,Soberbia,94,1891-02-22,Tierra,activa
6110,Jill Cantrell,Lujuria,67,1974-11-02,Sector 7G,activa
6111,Amanda Wall,Ira,65,1958-08-29,Abismo,redimida
6112,Adam Finley,Gula,84,1924-08-30,Limbo,activa
6113,Timothy Sullivan,Lujuria,71,1868-11-07,Inframundo,redimida
6114,Alexander Marshall,Envidia,24,2025-10-20,Sector 7G,en proceso de tortura
6115,Francis Douglas,Gula,36,1881-11-09,Sector 7G,redimida
6116,Manuel Cline,Avaricia,94,2015-06-27,Tierra,en proceso de tortura
6117,Cassandra Smith,Lujuria,81,1846-04-23,Sector 7G,activa
6118,Jennifer Hunt MD,Lujuria,27,1859-07-23,Tierra,en proceso de tortura
6119,Curtis Powell,Soberbia,74,1945-12-17,Sector 7G,en proceso de tortura
6120,Christopher Bailey,Lujuria,19,2002-08-01,Pandemonium,en proceso de tortura
6121,Elizabeth Turner,Lujuria,65,1923-05-31,Inframundo,en proceso de tortura
6122,Matthew Hogan,Lujuria,66,1832-12-15,Limbo,en proceso de tortura
6123,Anthony Wilson,Soberbia,51,1910-08-24,Abismo,activa
6124,Sean Hicks,Avaricia,83,1868-02-27,Limbo,redimida
6125,Thomas Morrison,Gula,34,1995-01-09,Pandemonium,en proceso de tortura
6126,Mitchell Petty,Envidia,95,1853-04-25,Abismo,redimida
6127,Michele Wagner,Gula,13,1953-04-29,Pandemonium,en proceso de tortura
6128,Jordan Thomas,Avaricia,50,1937-04-26,Tierra,en proceso de tortura
6129,Michael Benton,Lujuria,80,1849-09-23,Inframundo,activa
6130,Jon Wilson,Soberbia,74,1838-12-16,Pandemonium,redimida
6131,Michael Hanson,Avaricia,95,1999-09-05,Inframundo,activa
6132,Jordan Thornton,Ira,45,1927-11-06,Limbo,en proceso de tortura
6133,Derek Fields,Lujuria,3,1886-04-10,Limbo,redimida
6134,Laura Thomas,Ira,9,1986-11-28,Abismo,en proceso de tortura
6135,Craig Griffin,Avaricia,20,1923-09-02,Sector 7G,en proceso de tortura
6136,Jacob Miller,Lujuria,50,1939-08-31,Inframundo,activa
6137,Michael Aguilar,Envidia,79,1882-04-09,Tierra,activa
6138,Andrea Maynard,Pereza,80,1919-02-10,Pandemonium,en proceso de tortura
6139,Stephen Cain,Ira,99,1882-08-19,Inframundo,en proceso de tortura
6140,Carl Davis,Lujuria,37,1828-07-17,Inframundo,activa
6141,Daniel Obrien,Ira,95,1878-06-22,Limbo,redimida
6142,Anna Salas,Avaricia,15,1878-05-15,Inframundo,activa
6143,Randall Reyes,Ira,33,2025-09-04,Pandemonium,activa
6144,George Davis,Ira,8,1836-06-09,Pandemonium,en proceso de tortura
6145,Daniel Green,Ira,74,1839-05-12,Inframundo,redimida
6146,Mary Morrison,Lujuria,88,1987-04-12,Abismo,en proceso de tortura
6147,Andrew Daniel,Avaricia,59,1947-08-30,Pandemonium,en proceso de tortura
6148,Jessica Summers,Avaricia,15,1941-01-10,Pandemonium,redimida
6149,Ashley Friedman,Pereza,12,1961-12-15,Limbo,activa
6150,Catherine West,Envidia,79,1924-07-28,Abismo,en proceso de tortura
6151,Shelby Howard DDS,Gula,53,1939-08-28,Inframundo,redimida
6152,Jesse Lynch,Ira,4,1843-05-16,Limbo,redimida
6153,Jason Johnson,Avaricia,17,1879-05-26,Sector 7G,activa
6154,Rachel Bruce,Gula,98,1892-05-12,Tierra,redimida
6155,Maureen Moore,Lujuria,78,2012-11-12,Inframundo,en proceso de tortura
6156,Clayton Costa,Pereza,69,1866-03-14,Limbo,en proceso de tortura
6157,John Cummings,Pereza,70,2005-09-19,Abismo,redimida
6158,Donald Rogers,Soberbia,19,1845-09-25,Inframundo,redimida
6159,Christine Prince,Lujuria,25,1922-01-12,Pandemonium,activa
6160,Melissa Anderson,Pereza,3,1850-09-30,Abismo,en proceso de tortura
6161,Steven King,Gula,100,1902-05-05,Inframundo,redimida
6162,Jean Lawrence,Ira,34,2003-12-28,Limbo,activa
6163,Courtney Hill,Soberbia,23,1863-09-18,Inframundo,en proceso de tortura
6164,Christopher Delgado,Ira,35,2021-11-28,Abismo,redimida
6165,Jillian Rivera,Gula,88,1846-01-05,Inframundo,activa
6166,Adrienne Jones,Pereza,29,1947-03-31,Sector 7G,en proceso de tortura
6167,Ashley White,Ira,83,1922-09-30,Tierra,redimida
6168,Douglas Brown,Soberbia,0,1984-06-13,Abismo,redimida
6169,Chelsey Gentry,Envidia,61,1851-10-21,Tierra,activa
6170,Melinda Moran,Envidia,44,1845-09-29,Limbo,redimida
6171,George Harris,Avaricia,43,2018-12-17,Tierra,activa
6172,Laura Collins,Soberbia,58,1949-04-27,Inframundo,redimida
6173,Gary Cook,Ira,99,1889-12-23,Tierra,en proceso de tortura
6174,Charlotte Lyons,Envidia,98,1889-12-17,Limbo,en proceso de tortura
6175,Eric Hill,Soberbia,92,2003-12-28,Pandemonium,redimida
6176,Dennis Adams,Lujuria,100,1883-01-01,Sector 7G,redimida
6177,Arthur Livingston,Ira,34,2025-02-24,Tierra,en proceso de tortura
6178,Megan Ellis,Ira,38,1842-03-29,Pandemonium,en proceso de tortura
6179,Luis Reynolds,Lujuria,38,1903-07-22,Sector 7G,en proceso de tortura
6180,Jeffrey Brown,Soberbia,0,1963-12-25,Inframundo,activa
6181,Leslie Rivera,Pereza,6,1836-07-12,Abismo,redimida
6182,Rachel Smith,Soberbia,40,1959-05-03,Limbo,en proceso de tortura
6183,Shannon Conner,Envidia,97,1833-07-09,Tierra,activa
6184,Jennifer Gill,Soberbia,16,1887-07-27,Pandemonium,activa
6185,Ronald Davidson,Pereza,0,1848-12-17,Inframundo,en proceso de tortura
6186,Amanda Morris,Envidia,23,1906-07-02,Abismo,en proceso de tortura
6187,Angela Young,Gula,23,2014-08-05,Tierra,redimida
6188,Danny Dougherty,Avaricia,65,1883-10-22,Inframundo,en proceso de tortura
6189,Dr. Nathaniel Mckenzie III,Avaricia,96,1974-10-27,Limbo,activa
6190,Jennifer Hughes,Lujuria,39,1896-08-29,Pandemonium,en proceso de tortura
6191,Lisa Thompson,Pereza,82,1922-08-28,Limbo,en proceso de tortura
6192,Wesley George,Gula,7,1982-08-24,Inframundo,redimida
6193,Joseph Zamora,Lujuria,33,1902-05-13,Sector 7G,redimida
6194,Dawn Dean,Envidia,54,1973-01-18,Limbo,activa
6195,Austin Hamilton,Envidia,41,2003-12-28,Pandemonium,en proceso de tortura
6196,Katrina Khan,Soberbia,12,1843-03-13,Inframundo,en proceso de tortura
6197,Stephen Simpson,Envidia,30,1937-12-20,Pandemonium,activa
6198,Vanessa Vasquez,Pereza,3,1983-05-02,Tierra,redimida
6199,Timothy Reed,Gula,13,1841-10-07,Sector 7G,redimida
6200,Eric Nash,Lujuria,74,1870-01-11,Inframundo,redimida
6201,Sharon Jacobs,Gula,37,1970-06-14,Abismo,en proceso de tortura
6202,Monique Ramos,Lujuria,85,1965-07-18,Inframundo,en proceso de tortura
6203,Ronnie Lee,Envidia,16,1979-10-03,Inframundo,redimida
6204,Michaela Scott,Avaricia,29,1948-06-28,Pandemonium,activa
6205,Maurice Reid,Pereza,80,1833-03-01,Tierra,activa
6206,Brenda Scott,Pereza,25,1891-11-02,Abismo,en proceso de tortura
6207,Todd Salinas,Envidia,96,1878-07-29,Inframundo,en proceso de tortura
6208,Sharon Lopez,Pereza,36,1890-07-18,Inframundo,redimida
6209,Brenda Alexander,Ira,2,1889-11-01,Pandemonium,activa
6210,Debra Hoffman,Ira,12,1893-11-30,Abismo,redimida
6211,Ronald Taylor,Ira,51,1949-12-12,Tierra,activa
6212,Brittany Clarke,Avaricia,21,2017-12-21,Inframundo,activa
6213,Jennifer Wilkins,Soberbia,81,1987-08-23,Abismo,en proceso de tortura
6214,Kenneth Mcclain,Envidia,30,1837-06-26,Pandemonium,redimida
6215,Richard Hayes,Soberbia,75,1873-03-06,Sector 7G,en proceso de tortura
6216,Gary Castillo,Ira,37,1974-09-27,Abismo,activa
6217,Lauren Garcia,Lujuria,22,1993-05-03,Limbo,en proceso de tortura
6218,Kelsey Jones,Ira,26,1972-11-25,Sector 7G,activa
6219,Emma Mccarty,Ira,62,1831-03-23,Inframundo,redimida
6220,Kelly Jordan,Ira,22,1933-03-29,Tierra,redimida
6221,Scott Sheppard,Ira,30,1879-04-30,Limbo,redimida
6222,Jesse Ferrell,Ira,16,2011-12-13,Tierra,activa
6223,Vanessa Miller,Ira,82,1879-12-23,Sector 7G,en proceso de tortura
6224,Desiree Drake,Pereza,2,2000-01-01,Sector 7G,activa
6225,Felicia Rhodes,Avaricia,82,1942-12-09,Pandemonium,activa
6226,Katherine Ayala,Gula,59,1904-10-28,Tierra,redimida
6227,Jodi Gonzalez,Avaricia,66,1951-11-09,Abismo,redimida
6228,Stacey Salazar,Envidia,18,1981-03-26,Inframundo,en proceso de tortura
6229,Chad Butler,Envidia,70,1899-08-15,Abismo,en proceso de tortura
6230,Travis Brock,Ira,19,1998-01-11,Inframundo,en proceso de tortura
6231,Evan Alexander,Avaricia,17,1941-09-30,Limbo,en proceso de tortura
6232,Ashley Martinez,Lujuria,46,1899-02-24,Tierra,en proceso de tortura
6233,Benjamin Villarreal,Pereza,3,1932-10-19,Tierra,en proceso de tortura
6234,Autumn Chan,Pereza,99,2003-12-28,Limbo,en proceso de tortura
6235,Angela Brown DVM,Lujuria,14,1970-03-18,Pandemonium,activa
6236,Deanna Parker,Pereza,38,1931-03-22,Pandemonium,redimida
6237,Kelly Robinson,Envidia,94,1858-02-05,Pandemonium,activa
6238,Jennifer Payne,Pereza,54,1929-07-08,Pandemonium,activa
6239,Sarah Carson,Pereza,66,1922-04-27,Pandemonium,redimida
6240,Gary Davidson,Envidia,44,1873-10-08,Pandemonium,redimida
6241,Eric Hicks Jr.,Ira,66,1847-08-21,Sector 7G,redimida
6242,Barbara Sparks DDS,Avaricia,92,2000-07-21,Sector 7G,en proceso de tortura
6243,Carol Fry,Pereza,99,1855-03-20,Sector 7G,redimida
6244,Catherine Dudley,Ira,36,1968-11-25,Inframundo,activa
6245,Robert James,Pereza,68,1932-05-21,Tierra,activa
6246,Timothy Blair,Avaricia,99,2014-06-15,Pandemonium,en proceso de tortura
6247,Linda Tanner,Lujuria,13,1848-07-07,Inframundo,en proceso de tortura
6248,Renee Mack,Avaricia,71,2008-03-07,Abismo,redimida
6249,Benjamin Bowers,Envidia,28,2008-11-11,Limbo,redimida
6250,Amanda Robertson,Soberbia,99,1951-10-01,Sector 7G,en proceso de tortura
6251,Melanie Johnson,Soberbia,91,1971-12-09,Sector 7G,en proceso de tortura
6252,Chloe Riley,Envidia,14,1981-01-10,Abismo,en proceso de tortura
6253,Samantha Brown,Lujuria,41,1931-05-12,Sector 7G,redimida
6254,Melissa Horton,Soberbia,47,2000-03-16,Tierra,redimida
6255,Keith Martin,Soberbia,28,1990-09-06,Sector 7G,en proceso de tortura
6256,Sabrina Watson,Soberbia,50,1924-05-03,Pandemonium,activa
6257,John Hansen,Avaricia,17,1922-03-23,Pandemonium,en proceso de tortura
6258,Brenda Carr,Envidia,97,1911-12-14,Abismo,activa
6259,Gabrielle Rodriguez,Lujuria,1,1984-12-10,Sector 7G,redimida
6260,Joseph Walker,Lujuria,38,1943-06-07,Sector 7G,redimida
6261,Andrew James,Lujuria,70,1846-03-31,Abismo,en proceso de tortura
6262,Michael Campbell,Pereza,40,1949-04-25,Pandemonium,redimida
6263,Margaret Roth,Soberbia,41,1837-02-26,Abismo,en proceso de tortura
6264,Ariana Riddle,Envidia,50,1834-05-06,Abismo,activa
6265,Sherry Wall,Lujuria,71,1912-07-21,Abismo,en proceso de tortura
6266,Tiffany Allen,Soberbia,0,2011-01-26,Abismo,en proceso de tortura
6267,Cheryl Griffin,Gula,47,1921-11-30,Pandemonium,en proceso de tortura
6268,Brittany Duke,Soberbia,44,1925-02-17,Pandemonium,en proceso de tortura
6269,William Floyd Jr.,Envidia,55,1832-07-17,Limbo,en proceso de tortura
6270,Lisa Ingram,Pereza,8,1872-02-26,Abismo,activa
6271,Lisa Evans,Avaricia,35,1826-07-17,Tierra,en proceso de tortura
6272,Anthony Harrington,Pereza,70,1908-08-13,Inframundo,activa
6273,Austin Davis,Pereza,49,1903-12-21,Abismo,redimida
6274,Maurice Howard,Lujuria,89,1982-05-17,Inframundo,redimida
6275,Danielle Robinson,Ira,57,1860-12-04,Abismo,activa
6276,Kristen Steele,Gula,33,1891-06-24,Abismo,en proceso de tortura
6277,Henry Golden,Gula,48,1867-08-29,Sector 7G,activa
6278,James Woods,Ira,86,1977-08-21,Limbo,redimida
6279,Brent Davidson,Ira,83,1954-05-27,Pandemonium,redimida
6280,Angela Jackson,Ira,85,1854-02-01,Limbo,activa
6281,Katelyn Mccarty,Soberbia,67,1948-09-13,Limbo,en proceso de tortura
6282,Anthony Merritt,Envidia,98,1992-08-09,Abismo,redimida
6283,Justin Hanson,Ira,38,1861-01-01,Sector 7G,activa
6284,Rose Payne,Lujuria,96,1881-06-23,Limbo,en proceso de tortura
6285,Renee Smith,Avaricia,27,1960-09-09,Inframundo,en proceso de tortura
6286,Debbie Phillips,Avaricia,58,1878-04-23,Inframundo,en proceso de tortura
6287,Anna Matthews,Gula,91,1926-10-31,Inframundo,redimida
6288,Deanna Fox,Soberbia,15,1943-06-01,Tierra,redimida
6289,Jamie Bryan,Gula,47,1897-08-23,Sector 7G,activa
6290,Kimberly Ramirez,Soberbia,29,1944-08-31,Tierra,en proceso de tortura
6291,William Miles,Lujuria,4,1978-06-09,Inframundo,activa
6292,Mark Kane,Ira,5,1965-01-07,Inframundo,activa
6293,Jennifer Martin,Avaricia,89,1980-07-22,Inframundo,redimida
6294,Kevin Miranda,Pereza,62,1982-10-27,Sector 7G,redimida
6295,Amanda Lee,Soberbia,35,1905-02-08,Inframundo,activa
6296,Carmen Murphy,Envidia,67,1930-06-24,Abismo,en proceso de tortura
6297,Margaret Kelley,Soberbia,98,1891-02-14,Limbo,en proceso de tortura
6298,Megan Johnson,Soberbia,21,1964-07-10,Limbo,en proceso de tortura
6299,Wesley Franco,Pereza,13,1921-11-17,Sector 7G,en proceso de tortura
6300,Dr. Ronald Sherman,Ira,40,1968-07-22,Inframundo,activa
6301,April Murray,Ira,99,2010-04-24,Abismo,redimida
6302,Cassandra Johnson,Ira,17,1933-05-01,Limbo,redimida
6303,Carly Gray,Avaricia,95,1949-08-29,Abismo,redimida
6304,Megan Willis,Envidia,55,1903-07-09,Sector 7G,activa
6305,John Gutierrez,Ira,95,2007-11-13,Tierra,redimida
6306,Lindsey Mccoy,Envidia,50,1973-04-10,Limbo,redimida
6307,Anne Scott,Ira,10,1872-12-09,Sector 7G,redimida
6308,Chad Hale,Lujuria,21,1828-06-19,Abismo,redimida
6309,Jake Daniels,Gula,68,1994-03-28,Tierra,activa
6310,Mike Phillips,Envidia,45,1985-07-28,Limbo,en proceso de tortura
6311,Kelly Hartman,Pereza,99,1836-07-24,Sector 7G,redimida
6312,Amy Mendez,Soberbia,70,1837-01-20,Abismo,redimida
6313,Erin Smith,Ira,24,2023-02-28,Pandemonium,en proceso de tortura
6314,Claudia Villanueva,Ira,85,1853-03-21,Tierra,redimida
6315,David Chen,Lujuria,71,1871-01-03,Sector 7G,redimida
6316,Kristin Carter,Pereza,62,1853-02-16,Pandemonium,redimida
6317,Daniel Woods,Envidia,95,1892-09-10,Inframundo,redimida
6318,Kimberly Mcguire,Gula,48,1837-12-31,Abismo,activa
6319,William Barnes,Ira,92,1947-06-15,Inframundo,en proceso de tortura
6320,Levi Weaver,Pereza,16,1973-06-25,Abismo,en proceso de tortura
6321,Katelyn Colon,Gula,69,2003-12-28,Pandemonium,en proceso de tortura
6322,Stephanie Reynolds,Lujuria,60,1901-07-18,Limbo,en proceso de tortura
6323,Catherine Yang,Gula,57,1889-12-22,Limbo,activa
6324,Susan Le,Envidia,64,2023-10-27,Limbo,activa
6325,Kayla Spencer,Envidia,66,1840-12-06,Limbo,redimida
6326,Charles Taylor,Avaricia,41,1994-01-10,Inframundo,redimida
6327,Bryan Allen,Avaricia,42,1896-11-26,Inframundo,redimida
6328,Jimmy Mullins,Soberbia,50,2014-10-02,Limbo,activa
6329,Sarah Reid,Pereza,62,1972-05-24,Inframundo,redimida
6330,Chad Morgan,Soberbia,71,1830-10-16,Sector 7G,en proceso de tortura
6331,Meagan Stewart,Avaricia,41,1889-09-27,Sector 7G,en proceso de tortura
6332,Daniel Arellano,Avaricia,45,1881-04-23,Sector 7G,en proceso de tortura
6333,Eric Miller,Pereza,97,1937-03-02,Abismo,redimida
6334,Alexandra Ingram,Ira,54,1901-01-18,Sector 7G,en proceso de tortura
6335,Ronald Rich,Lujuria,87,1850-11-11,Limbo,activa
6336,Tiffany Golden,Lujuria,4,1846-04-12,Tierra,redimida
6337,Taylor Irwin,Gula,11,1909-06-30,Sector 7G,redimida
6338,Christopher Butler,Pereza,8,1984-07-11,Pandemonium,activa
6339,Scott Eaton,Envidia,81,1994-04-25,Sector 7G,en proceso de tortura
6340,Aaron Bell,Lujuria,69,2007-10-28,Inframundo,en proceso de tortura
6341,Seth Crawford,Soberbia,61,1910-09-12,Sector 7G,activa
6342,Justin Wilson,Ira,23,1854-09-07,Abismo,activa
6343,Patrick Watson,Pereza,71,1840-09-12,Inframundo,en proceso de tortura
6344,Lindsay Johnson,Gula,37,1875-09-13,Limbo,redimida
6345,Anthony Hernandez,Lujuria,88,1988-09-18,Sector 7G,en proceso de tortura
6346,Trevor Ellison,Soberbia,11,2015-08-23,Pandemonium,activa
6347,Kenneth Stephens,Envidia,77,1885-05-11,Inframundo,activa
6348,Amber Allen,Soberbia,47,2003-12-28,Pandemonium,activa
6349,Mr. Benjamin Clarke,Gula,31,1954-05-30,Sector 7G,activa
6350,Christopher Horton,Lujuria,57,1985-05-21,Abismo,en proceso de tortura
6351,Danielle Merritt,Lujuria,100,1919-11-30,Limbo,en proceso de tortura
6352,Douglas Garcia,Pereza,93,1910-02-04,Sector 7G,activa
6353,Austin Hunt,Avaricia,4,1953-02-05,Pandemonium,en proceso de tortura
6354,Joshua Walters,Ira,23,1930-06-10,Tierra,activa
6355,Randy Kemp,Pereza,28,1986-07-27,Abismo,redimida
6356,William Durham,Soberbia,6,2011-07-13,Inframundo,activa
6357,Jenna Smith,Soberbia,27,1934-02-26,Inframundo,redimida
6358,Melissa Farley,Envidia,20,1955-05-07,Limbo,redimida
6359,Dr. William Crawford,Soberbia,56,1833-01-11,Pandemonium,redimida
6360,Carrie Williams,Avaricia,60,1838-01-22,Inframundo,activa
6361,Mary Morrow,Gula,60,1961-02-21,Inframundo,en proceso de tortura
6362,Hannah Chapman,Gula,68,1849-12-06,Tierra,redimida
6363,Nathan Bowen,Envidia,38,1880-04-18,Limbo,en proceso de tortura
6364,Amber Walters,Pereza,74,2019-04-18,Sector 7G,en proceso de tortura
6365,Jason Rodriguez,Lujuria,54,1970-05-10,Limbo,redimida
6366,Courtney Wood,Avaricia,3,1843-06-04,Sector 7G,redimida
6367,Marcus Jensen,Gula,7,1937-06-11,Pandemonium,en proceso de tortura
6368,Taylor Brown,Pereza,50,1949-04-26,Inframundo,redimida
6369,Nicole Grant,Lujuria,90,1901-05-28,Inframundo,redimida
6370,Sara Collins,Avaricia,31,1882-01-11,Tierra,activa
6371,Krystal Morales,Gula,63,1947-09-16,Sector 7G,activa
6372,Christine Snow,Pereza,43,1965-05-08,Sector 7G,redimida
6373,Barbara Jones,Pereza,48,1826-05-19,Limbo,activa
6374,Lindsay Sanders,Envidia,26,1900-12-27,Sector 7G,en proceso de tortura
6375,Chad Mason MD,Soberbia,47,1992-01-10,Pandemonium,redimida
6376,Holly Savage,Pereza,18,1916-07-22,Tierra,en proceso de tortura
6377,Anthony Morrow,Soberbia,20,1921-04-02,Inframundo,en proceso de tortura
6378,Sarah Byrd,Avaricia,25,2010-09-18,Limbo,en proceso de tortura
6379,Tamara Wilson,Avaricia,97,1849-06-12,Abismo,en proceso de tortura
6380,Jennifer Oliver MD,Soberbia,86,1978-03-15,Abismo,redimida
6381,Lisa Mendez,Gula,89,1852-08-01,Tierra,redimida
6382,Regina Morgan,Envidia,46,1961-12-15,Inframundo,activa
6383,Amanda Allen,Pereza,37,1833-07-20,Pandemonium,redimida
6384,Joshua Cordova,Avaricia,15,1831-01-15,Sector 7G,en proceso de tortura
6385,Jason Meyer,Lujuria,69,1895-12-21,Tierra,en proceso de tortura
6386,Joshua Gonzalez,Soberbia,99,1846-03-10,Abismo,redimida
6387,Andrew Blevins,Envidia,87,1896-06-11,Inframundo,redimida
6388,Nicholas Bowen,Envidia,10,1990-12-22,Inframundo,redimida
6389,Joshua Peterson,Envidia,51,1951-12-12,Inframundo,en proceso de tortura
6390,Paige Russell,Gula,50,2022-11-30,Abismo,en proceso de tortura
6391,Mary Nguyen,Envidia,18,1875-07-28,Sector 7G,activa
6392,Jennifer Armstrong,Lujuria,100,1845-10-27,Abismo,activa
6393,Veronica Bush,Soberbia,50,1856-12-04,Abismo,redimida
6394,Diane Avila,Pereza,67,1977-01-23,Inframundo,activa
6395,Brandon Hart,Soberbia,53,1830-08-10,Sector 7G,en proceso de tortura
6396,Donald Park,Ira,82,2025-08-12,Sector 7G,activa
6397,Dawn Richards,Lujuria,65,2020-08-01,Pandemonium,en proceso de tortura
6398,David Tucker,Envidia,32,1956-02-12,Pandemonium,redimida
6399,Shannon Gonzales,Soberbia,50,1853-03-21,Abismo,en proceso de tortura
6400,Toni Morgan,Ira,85,1825-12-13,Tierra,en proceso de tortura
6401,Rebecca Marks,Pereza,14,1877-01-25,Abismo,en proceso de tortura
6402,David Jenkins,Lujuria,7,1868-03-01,Inframundo,redimida
6403,Charles Hernandez,Ira,45,1929-08-18,Sector 7G,redimida
6404,Olivia Hayes,Envidia,29,1938-03-08,Sector 7G,redimida
6405,Lori Norris,Lujuria,76,1866-10-03,Abismo,activa
6406,Brittany Weeks,Lujuria,23,1887-01-31,Sector 7G,activa
6407,Ashley Williams,Avaricia,2,1827-06-23,Sector 7G,redimida
6408,Ann Castillo,Soberbia,50,1835-04-23,Limbo,activa
6409,Kathryn Simmons,Ira,85,2025-07-09,Limbo,redimida
6410,Donald Cannon,Envidia,50,1948-12-22,Pandemonium,activa
6411,Kathy Lopez,Envidia,19,1970-01-27,Inframundo,activa
6412,Anthony Stokes,Gula,36,1949-09-07,Limbo,activa
6413,Justin Gamble,Soberbia,33,1969-05-08,Abismo,activa
6414,Harry Salazar MD,Gula,6,1874-01-18,Abismo,en proceso de tortura
6415,Amy Clayton,Avaricia,72,1889-03-17,Sector 7G,activa
6416,Craig Evans,Soberbia,19,1901-04-25,Sector 7G,en proceso de tortura
6417,Justin Evans,Pereza,44,1856-07-17,Pandemonium,en proceso de tortura
6418,Jeanne Roach,Pereza,30,1922-04-09,Sector 7G,redimida
6419,Patricia Weber,Lujuria,72,1971-01-19,Pandemonium,en proceso de tortura
6420,Linda Andrews,Soberbia,91,1952-12-12,Sector 7G,redimida
6421,Dorothy Carter,Gula,32,1938-05-30,Limbo,redimida
6422,Jason Brown,Pereza,85,1970-01-22,Pandemonium,en proceso de tortura
6423,Michael Pearson,Lujuria,90,1893-07-29,Tierra,activa
6424,Chad Willis,Lujuria,48,1960-03-22,Sector 7G,activa
6425,Richard Decker,Pereza,71,1906-03-08,Tierra,redimida
6426,Sheila Nelson,Ira,35,1855-02-22,Pandemonium,en proceso de tortura
6427,Vickie Peterson,Soberbia,53,1957-12-30,Limbo,activa
6428,Jared Moore,Avaricia,73,1851-12-24,Sector 7G,en proceso de tortura
6429,Laurie Rosales,Ira,37,1828-04-06,Tierra,en proceso de tortura
6430,Jessica Chandler,Gula,50,1848-09-21,Inframundo,activa
6431,Danielle Smith,Avaricia,55,1945-09-15,Limbo,activa
6432,Shelley Wade,Lujuria,50,1917-10-11,Inframundo,redimida
6433,Debra Carter,Envidia,84,1938-06-06,Limbo,redimida
6434,Jamie Henson,Avaricia,55,1975-04-09,Sector 7G,redimida
6435,Dustin Bowman,Lujuria,19,1863-09-30,Limbo,redimida
6436,Douglas Dominguez,Gula,78,1969-08-28,Pandemonium,en proceso de tortura
6437,Raymond Sanchez,Avaricia,23,1843-02-21,Tierra,redimida
6438,Mr. James Delgado,Lujuria,91,1842-10-02,Inframundo,activa
6439,James Smith,Pereza,97,2001-12-20,Tierra,activa
6440,Paul Pena,Pereza,91,1926-06-10,Pandemonium,activa
6441,Scott Allen,Avaricia,51,1869-04-19,Sector 7G,redimida
6442,James Peterson,Soberbia,31,1867-01-30,Sector 7G,redimida
6443,James Rush,Gula,64,1977-02-07,Sector 7G,activa
6444,Julie Price,Soberbia,50,1861-08-26,Pandemonium,en proceso de tortura
6445,David Phillips,Gula,33,1971-03-07,Sector 7G,activa
6446,Raymond Hunter,Soberbia,44,1840-06-28,Pandemonium,activa
6447,Jessica Norris,Envidia,60,1995-08-22,Abismo,redimida
6448,Charles Lambert,Pereza,43,1840-07-06,Limbo,en proceso de tortura
6449,Patrick Sanders,Lujuria,74,1847-02-19,Pandemonium,en proceso de tortura
6450,Ryan Johnson,Lujuria,2,1846-08-07,Pandemonium,en proceso de tortura
6451,Michael Brown,Gula,97,2013-07-21,Inframundo,en proceso de tortura
6452,Carolyn Romero,Avaricia,94,1979-02-25,Pandemonium,en proceso de tortura
6453,David Sullivan,Ira,37,2008-09-11,Abismo,activa
6454,Robert Whitney,Ira,75,1912-09-01,Abismo,redimida
6455,Ashley Wilson,Envidia,39,1973-08-22,Sector 7G,redimida
6456,Angela Perez,Gula,38,1913-07-14,Abismo,en proceso de tortura
6457,Theresa Clark,Ira,60,1949-09-22,Limbo,activa
6458,Jody Cooper,Envidia,84,2025-08-15,Pandemonium,redimida
6459,Daniel Williams,Avaricia,15,1975-09-12,Limbo,redimida
6460,Parker Hayes,Lujuria,62,1960-11-12,Inframundo,activa
6461,Chelsea Bell,Lujuria,57,1881-02-23,Inframundo,redimida
6462,Christopher Fitzgerald,Avaricia,29,1921-05-09,Abismo,redimida
6463,Dr. Kathy Kelly,Avaricia,88,2017-06-13,Sector 7G,redimida
6464,Daniel Cunningham DDS,Soberbia,1,1894-03-12,Limbo,activa
6465,Johnny Mathews,Pereza,13,1956-05-31,Tierra,redimida
6466,Linda Barron,Ira,65,1853-07-16,Tierra,activa
6467,Deanna Watson,Avaricia,54,1979-06-30,Sector 7G,en proceso de tortura
6468,Kim Alvarado,Envidia,16,1828-04-13,Tierra,activa
6469,Cory Phillips,Gula,91,1887-02-05,Limbo,en proceso de tortura
6470,Mr. Jeffrey Maynard,Avaricia,84,1963-11-20,Sector 7G,redimida
6471,Patrick Haynes,Pereza,47,1929-08-16,Pandemonium,redimida
6472,Andres Mccullough,Avaricia,73,1973-04-29,Inframundo,activa
6473,James Vance,Soberbia,11,1991-12-20,Tierra,en proceso de tortura
6474,Mary Summers,Lujuria,23,1874-08-29,Abismo,activa
6475,Stephanie Allen,Pereza,4,1952-06-19,Pandemonium,en proceso de tortura
6476,Thomas Moore,Ira,69,1940-08-02,Tierra,activa
6477,Ernest Tate,Pereza,100,1977-09-19,Sector 7G,en proceso de tortura
6478,Anna Galloway,Envidia,47,1940-02-08,Inframundo,en proceso de tortura
6479,Charles Garza,Ira,42,1836-08-12,Sector 7G,en proceso de tortura
6480,William Jensen,Envidia,1,1878-08-14,Sector 7G,redimida
6481,Carolyn Levine,Lujuria,97,1884-07-10,Sector 7G,redimida
6482,Madison Smith,Soberbia,50,1970-04-05,Abismo,en proceso de tortura
6483,Patricia Diaz,Pereza,32,1952-12-29,Sector 7G,redimida
6484,Hannah Richardson,Gula,23,1960-02-29,Abismo,activa
6485,Christopher Lowe,Gula,37,2019-09-16,Tierra,activa
6486,Michele Parker,Lujuria,22,1995-05-21,Tierra,activa
6487,Kristi Lee,Pereza,92,1835-10-29,Abismo,redimida
6488,Bianca Gutierrez,Pereza,56,1839-06-22,Inframundo,activa
6489,Richard Burns,Pereza,84,1943-11-29,Pandemonium,en proceso de tortura
6490,Brenda Green,Gula,69,1982-11-04,Pandemonium,redimida
6491,Pedro Brown,Pereza,90,1979-01-07,Tierra,activa
6492,Ryan Marsh,Envidia,49,1996-03-05,Limbo,en proceso de tortura
6493,Derek Odonnell,Envidia,45,2000-05-29,Sector 7G,redimida
6494,Misty Collins,Soberbia,29,2023-02-28,Abismo,activa
6495,Julie Brady,Gula,50,1992-05-27,Tierra,redimida
6496,Paul Shepherd,Gula,9,1855-07-18,Pandemonium,activa
6497,Angela Jefferson,Pereza,59,2009-04-16,Inframundo,activa
6498,Theodore Proctor,Soberbia,71,1838-03-30,Tierra,redimida
6499,Christopher Mccarty,Envidia,88,1983-01-29,Abismo,activa
6500,Patricia Tran,Pereza,60,1859-12-16,Abismo,redimida
6501,Thomas Franklin,Avaricia,90,1928-05-14,Tierra,activa
6502,Sandra Wilson,Soberbia,92,1844-04-26,Sector 7G,activa
6503,Sarah Velasquez,Lujuria,26,1972-04-24,Sector 7G,en proceso de tortura
6504,Robert Davenport,Ira,27,2003-12-28,Pandemonium,activa
6505,Sheila Chan,Lujuria,10,1993-12-18,Tierra,activa
6506,John Perez,Gula,56,1922-02-12,Tierra,redimida
6507,Vincent Mays,Envidia,11,1868-07-09,Inframundo,redimida
6508,Nicole Nelson,Lujuria,63,1956-10-31,Inframundo,redimida
6509,Thomas White,Avaricia,0,1988-05-23,Tierra,en proceso de tortura
6510,Bobby Thompson,Lujuria,66,1919-03-25,Pandemonium,activa
6511,Jimmy Johnson,Avaricia,85,1948-03-01,Abismo,redimida
6512,Michael Williams,Ira,92,1905-03-30,Tierra,activa
6513,Christopher White,Ira,85,1993-07-16,Abismo,redimida
6514,Samantha Garza,Lujuria,74,2013-03-04,Tierra,en proceso de tortura
6515,Matthew Wu,Pereza,97,1866-05-15,Tierra,activa
6516,Stephanie Medina,Avaricia,55,2025-08-06,Tierra,redimida
6517,Ms. Tricia Arnold MD,Lujuria,13,1831-09-27,Abismo,en proceso de tortura
6518,Tyrone Zavala,Avaricia,20,1867-10-08,Pandemonium,redimida
6519,Kristin Rodriguez,Envidia,88,1888-04-22,Sector 7G,en proceso de tortura
6520,Caitlyn Cook,Avaricia,83,1868-03-18,Abismo,en proceso de tortura
6521,Leslie Weiss,Lujuria,96,1880-04-06,Abismo,activa
6522,Michelle Caldwell,Envidia,5,1985-11-09,Limbo,redimida
6523,Thomas Taylor,Lujuria,100,1950-08-11,Sector 7G,en proceso de tortura
6524,Jeff Morris,Ira,78,1828-01-08,Inframundo,activa
6525,Maria Anderson,Pereza,91,1995-03-07,Pandemonium,redimida
6526,David Jordan,Gula,26,1865-05-31,Sector 7G,en proceso de tortura
6527,Anne Lucas,Pereza,51,1910-12-02,Sector 7G,redimida
6528,Robyn Chavez,Envidia,15,1853-02-13,Sector 7G,redimida
6529,Laurie Silva,Pereza,8,1859-02-07,Pandemonium,en proceso de tortura
6530,Joshua Bates,Ira,98,1883-04-14,Pandemonium,activa
6531,Jon Smith,Avaricia,6,1858-02-19,Abismo,en proceso de tortura
6532,Teresa Russell,Pereza,76,1935-01-02,Tierra,activa
6533,Bethany Hutchinson,Pereza,8,1852-10-20,Pandemonium,redimida
6534,Michael Ford,Pereza,17,1945-04-18,Sector 7G,redimida
6535,Johnny Reynolds,Pereza,55,1957-10-03,Limbo,en proceso de tortura
6536,Julie Goodwin,Pereza,47,1826-01-29,Abismo,en proceso de tortura
6537,Victoria Steele,Lujuria,78,1912-06-04,Sector 7G,redimida
6538,Joshua Foley,Avaricia,66,1963-10-10,Inframundo,redimida
6539,James Jones,Soberbia,21,1945-03-18,Limbo,en proceso de tortura
6540,Jeremy Lee Jr.,Avaricia,87,1925-09-27,Inframundo,redimida
6541,Timothy Hudson,Lujuria,50,1830-05-09,Inframundo,activa
6542,Brian Salazar,Envidia,53,1852-09-03,Tierra,en proceso de tortura
6543,Timothy Weber,Pereza,34,1951-10-01,Pandemonium,en proceso de tortura
6544,Jennifer Kidd,Lujuria,46,1967-11-04,Limbo,redimida
6545,Justin Curtis,Pereza,73,1958-03-18,Sector 7G,en proceso de tortura
6546,Sara Scott,Gula,85,1905-11-18,Inframundo,activa
6547,George Charles,Envidia,96,2007-10-01,Abismo,activa
6548,Charles Mills,Avaricia,45,1916-10-29,Limbo,activa
6549,Mr. Steven Smith MD,Lujuria,74,1956-12-23,Sector 7G,redimida
6550,Amy Thomas,Pereza,96,1880-08-05,Inframundo,en proceso de tortura
6551,Timothy Hernandez,Pereza,81,1885-03-19,Pandemonium,activa
6552,Christopher Andersen,Avaricia,50,1903-08-24,Sector 7G,activa
6553,Lisa Rosales,Envidia,100,1828-07-20,Tierra,en proceso de tortura
6554,Melissa Alexander,Lujuria,100,2017-07-24,Tierra,en proceso de tortura
6555,Christopher Taylor,Ira,21,1963-02-10,Limbo,en proceso de tortura
6556,Robert Lucas,Avaricia,45,1945-04-12,Tierra,redimida
6557,David Martin,Ira,84,1841-03-27,Sector 7G,activa
6558,Mr. Frank James,Gula,47,1839-03-20,Pandemonium,en proceso de tortura
6559,David Barton,Gula,34,1830-01-15,Abismo,activa
6560,Christina Blake,Envidia,2,1903-08-27,Abismo,redimida
6561,Jeanette Patterson,Envidia,90,1895-03-13,Pandemonium,activa
6562,Lauren Morris,Lujuria,43,1915-09-25,Sector 7G,redimida
6563,Grace Patton,Ira,22,1884-11-19,Tierra,redimida
6564,Shawn Blake,Avaricia,17,2012-02-06,Limbo,en proceso de tortura
6565,Carrie Crawford,Gula,24,1888-11-09,Sector 7G,activa
6566,James Johnson,Envidia,93,1918-09-05,Inframundo,en proceso de tortura
6567,Shawn Waller,Pereza,60,1914-04-02,Pandemonium,redimida
6568,Devin Johnson,Gula,11,1877-11-24,Tierra,redimida
6569,Melanie Brown,Avaricia,5,1978-06-27,Inframundo,activa
6570,Mary Smith,Soberbia,63,1884-07-03,Pandemonium,activa
6571,Jennifer Spencer,Envidia,66,1849-06-05,Pandemonium,activa
6572,Sydney Brooks,Lujuria,0,1868-11-10,Sector 7G,redimida
6573,Jonathan Bright,Soberbia,27,1880-11-23,Abismo,redimida
6574,Madeline Clark,Soberbia,76,1993-03-15,Sector 7G,activa
6575,Ralph Keith,Lujuria,73,1970-10-27,Pandemonium,activa
6576,David Martin,Soberbia,83,1958-08-25,Inframundo,en proceso de tortura
6577,David Gonzalez,Soberbia,45,2003-11-28,Sector 7G,redimida
6578,Denise Smith,Pereza,72,1991-12-13,Inframundo,activa
6579,Susan Heath,Envidia,30,1922-12-22,Inframundo,activa
6580,Mark Glover,Soberbia,4,1833-05-01,Pandemonium,redimida
6581,Megan Lane,Gula,53,1847-03-07,Tierra,en proceso de tortura
6582,Thomas Brown,Ira,12,2005-02-12,Inframundo,redimida
6583,David Rivers,Pereza,50,1958-10-07,Tierra,en proceso de tortura
6584,Leslie Reyes,Lujuria,3,1992-04-27,Pandemonium,redimida
6585,Stephanie Barber,Gula,44,1852-03-21,Inframundo,activa
6586,Mrs. Sara Serrano MD,Ira,85,1941-07-01,Inframundo,en proceso de tortura
6587,Joy Galvan,Gula,47,1947-05-02,Pandemonium,redimida
6588,Melanie Jones,Avaricia,48,2011-05-10,Pandemonium,activa
6589,Jonathan Waller,Envidia,100,1980-08-10,Abismo,redimida
6590,Denise Evans,Soberbia,87,1859-07-05,Tierra,redimida
6591,David Taylor,Envidia,33,1864-11-01,Tierra,en proceso de tortura
6592,Martha Ponce,Ira,34,1831-04-20,Pandemonium,redimida
6593,Deborah Vega,Soberbia,24,1846-05-26,Limbo,activa
6594,Scott Hicks,Avaricia,92,1929-04-29,Abismo,en proceso de tortura
6595,Thomas Lee,Envidia,14,1861-10-29,Sector 7G,en proceso de tortura
6596,William Huang,Pereza,17,2002-10-27,Inframundo,redimida
6597,Kelly Nichols,Lujuria,86,1851-02-24,Sector 7G,en proceso de tortura
6598,David Nash,Lujuria,37,1977-09-17,Abismo,en proceso de tortura
6599,Holly Beard,Soberbia,32,1913-06-20,Abismo,activa
6600,Wanda Savage,Avaricia,26,1936-08-10,Inframundo,activa
6601,Casey Stewart,Ira,21,2012-10-16,Inframundo,redimida
6602,Scott Murphy,Lujuria,41,1976-05-01,Pandemonium,en proceso de tortura
6603,James Sutton,Pereza,86,2011-07-19,Abismo,activa
6604,Mark English,Envidia,8,1896-03-05,Pandemonium,redimida
6605,Vickie Swanson,Gula,89,1920-05-05,Tierra,redimida
6606,Alisha Alvarez,Lujuria,96,2003-12-28,Tierra,activa
6607,Mr. Raymond Taylor,Avaricia,43,1876-08-19,Abismo,redimida
6608,Michael Wilcox,Avaricia,16,1943-01-13,Abismo,en proceso de tortura
6609,Adam Noble,Soberbia,35,1867-11-27,Abismo,en proceso de tortura
6610,Stacy Charles,Ira,99,1888-05-09,Inframundo,activa
6611,Stephanie Evans,Gula,69,1918-07-19,Tierra,activa
6612,Kimberly Lynch,Ira,61,1941-02-25,Sector 7G,en proceso de tortura
6613,Jeffrey Torres,Avaricia,41,2006-04-09,Limbo,en proceso de tortura
6614,Jenna Williams,Ira,87,1991-06-28,Limbo,activa
6615,Breanna Payne,Avaricia,42,1862-10-09,Tierra,redimida
6616,William Rice,Lujuria,15,2003-12-28,Pandemonium,en proceso de tortura
6617,Craig Davis,Pereza,50,1973-02-06,Limbo,en proceso de tortura
6618,Brian Reese,Ira,58,1859-04-12,Limbo,activa
6619,Eric Bryan,Gula,41,2009-04-07,Tierra,activa
6620,Lisa Grimes,Pereza,17,1929-09-12,Limbo,redimida
6621,Anthony Adams,Ira,85,1862-05-23,Abismo,activa
6622,Mrs. Sonya Norris PhD,Envidia,41,1949-02-08,Inframundo,activa
6623,Jamie Robinson,Soberbia,87,1904-04-22,Sector 7G,redimida
6624,Ashley Evans,Gula,66,1876-11-30,Pandemonium,en proceso de tortura
6625,John Perry,Envidia,86,1945-09-22,Tierra,redimida
6626,Robert Richardson,Gula,11,1832-03-20,Sector 7G,en proceso de tortura
6627,Rodney Patterson,Pereza,74,1859-08-25,Pandemonium,activa
6628,Natalie Hernandez,Pereza,34,1934-12-25,Tierra,redimida
6629,Erin Miller,Ira,18,1902-08-08,Tierra,redimida
6630,Claudia Chandler,Lujuria,14,1953-09-30,Abismo,en proceso de tortura
6631,Jermaine Hale,Ira,49,1977-11-10,Pandemonium,redimida
6632,Krystal Smith,Pereza,45,1989-11-25,Sector 7G,activa
6633,Michael Russell,Lujuria,34,1940-07-06,Pandemonium,redimida
6634,Paula Davis,Avaricia,36,1884-02-10,Abismo,activa
6635,David Davis,Soberbia,90,1928-08-29,Tierra,redimida
6636,Riley Harris,Avaricia,98,2009-09-23,Inframundo,en proceso de tortura
6637,Keith Maxwell,Lujuria,87,1916-02-06,Pandemonium,activa
6638,Ryan Roman,Pereza,2,1833-03-15,Pandemonium,activa
6639,Melissa Nunez,Pereza,14,1957-12-07,Pandemonium,activa
6640,Anna Price,Soberbia,7,1892-01-13,Abismo,activa
6641,David Bates,Pereza,25,1927-06-30,Pandemonium,redimida
6642,Katrina Edwards,Lujuria,59,1891-10-02,Tierra,en proceso de tortura
6643,Thomas Hunter,Soberbia,27,1859-10-26,Inframundo,redimida
6644,Jill Williams,Avaricia,73,1941-10-28,Abismo,activa
6645,Anthony Cardenas,Soberbia,48,1992-08-02,Limbo,en proceso de tortura
6646,Edward Gallagher,Lujuria,1,1968-06-26,Tierra,activa
6647,Adam Williams,Gula,50,1914-02-09,Limbo,redimida
6648,Kathryn Phillips,Pereza,81,1933-08-10,Sector 7G,en proceso de tortura
6649,Chad Booth,Ira,59,1897-06-06,Tierra,en proceso de tortura
6650,Lisa Bradshaw,Ira,80,1879-04-10,Abismo,activa
6651,Michael Reid,Ira,82,1936-10-22,Sector 7G,en proceso de tortura
6652,Marcus Bauer,Envidia,83,1914-10-21,Limbo,redimida
6653,James Davis,Ira,12,1942-09-12,Inframundo,redimida
6654,Jason Mckinney,Ira,86,1874-12-16,Sector 7G,activa
6655,Bradley Hamilton,Lujuria,100,1845-03-10,Limbo,activa
6656,Megan Cameron,Lujuria,79,1885-04-15,Tierra,en proceso de tortura
6657,Joshua Smith,Pereza,74,1923-10-08,Abismo,en proceso de tortura
6658,Monica Kramer,Avaricia,85,1833-01-15,Inframundo,redimida
6659,Alicia Wilson,Envidia,53,1996-01-28,Limbo,en proceso de tortura
6660,Stacey Pugh,Avaricia,55,1868-06-24,Limbo,redimida
6661,James Rush,Soberbia,38,1907-06-04,Limbo,redimida
6662,Jennifer Ferguson,Lujuria,33,1872-09-10,Limbo,en proceso de tortura
6663,John Johnson,Lujuria,88,2013-10-30,Inframundo,activa
6664,Mary Johnston,Avaricia,96,2025-09-16,Abismo,redimida
6665,Kimberly Brady MD,Gula,58,1855-12-19,Inframundo,activa
6666,Stephanie Thompson,Envidia,34,1859-01-26,Limbo,redimida
6667,Leslie Johnson,Lujuria,99,1927-12-15,Inframundo,activa
6668,Nicholas Gibbs,Ira,91,1884-08-21,Abismo,redimida
6669,Vanessa Rhodes,Pereza,79,1905-11-19,Tierra,redimida
6670,Chelsea Johnson,Pereza,84,1845-12-31,Abismo,redimida
6671,Lisa Gibson,Pereza,93,1954-01-12,Pandemonium,activa
6672,Cynthia Rogers,Pereza,77,2018-03-21,Limbo,redimida
6673,Brian Cabrera,Envidia,43,1893-05-14,Abismo,activa
6674,Thomas Robinson,Envidia,52,1886-02-19,Abismo,activa
6675,Christopher Brown,Envidia,84,1924-11-15,Sector 7G,en proceso de tortura
6676,David Clark,Lujuria,56,1826-03-07,Pandemonium,en proceso de tortura
6677,Bryan Martin,Lujuria,54,1988-08-09,Abismo,redimida
6678,Kathleen Walker,Lujuria,97,1983-10-14,Inframundo,activa
6679,Heather Davis,Pereza,14,1845-10-14,Pandemonium,activa
6680,Richard Harrell,Lujuria,53,1830-08-21,Pandemonium,redimida
6681,Megan Harrison,Ira,7,1926-06-28,Sector 7G,redimida
6682,Ashley Bowman,Gula,61,1900-07-25,Sector 7G,redimida
6683,Jennifer Williams,Gula,18,1991-10-08,Tierra,redimida
6684,Calvin Valencia,Avaricia,74,1955-10-25,Abismo,activa
6685,Jessica Velasquez,Gula,49,1865-08-06,Pandemonium,redimida
6686,Kenneth Lowe,Lujuria,0,2005-05-23,Tierra,redimida
6687,Stephanie Stewart,Pereza,41,1954-03-26,Sector 7G,en proceso de tortura
6688,Amy Oneal,Pereza,70,1927-03-05,Tierra,activa
6689,Bethany Pacheco,Lujuria,3,1881-09-29,Sector 7G,redimida
6690,Timothy Rhodes,Gula,75,1940-02-12,Limbo,activa
6691,Danny Smith,Pereza,39,1916-06-05,Sector 7G,redimida
6692,Richard Williams,Envidia,85,1968-02-11,Limbo,redimida
6693,Jacob Knapp,Gula,59,1847-09-08,Sector 7G,redimida
6694,Robert Meadows,Pereza,9,2022-02-17,Abismo,en proceso de tortura
6695,Jimmy Walton,Ira,33,1886-07-04,Limbo,redimida
6696,Michael Blankenship,Lujuria,5,1832-10-08,Tierra,en proceso de tortura
6697,Caleb Tucker,Pereza,43,1865-01-26,Inframundo,redimida
6698,Denise Hernandez,Envidia,17,1995-09-12,Inframundo,en proceso de tortura
6699,Heather Carey,Lujuria,29,1937-09-24,Limbo,en proceso de tortura
6700,Kathleen Escobar,Avaricia,70,1830-02-26,Pandemonium,activa
6701,Timothy Sullivan,Ira,97,1919-03-15,Inframundo,redimida
6702,Haley Perry,Pereza,92,2018-02-09,Sector 7G,redimida
6703,Carolyn Finley,Gula,75,1931-02-26,Inframundo,redimida
6704,Gloria Cohen,Ira,53,1947-01-22,Inframundo,activa
6705,Stephanie Marshall,Ira,86,1841-02-17,Pandemonium,en proceso de tortura
6706,Amy Andrews,Soberbia,46,1921-11-10,Abismo,en proceso de tortura
6707,Jeffrey Rangel,Lujuria,44,1826-05-06,Tierra,activa
6708,Joseph Stewart,Avaricia,91,1962-06-09,Sector 7G,activa
6709,Jennifer Schwartz,Gula,16,1939-05-25,Abismo,en proceso de tortura
6710,Russell Bennett,Ira,4,1983-07-05,Sector 7G,activa
6711,Christine Barnes,Lujuria,36,2007-11-08,Pandemonium,en proceso de tortura
6712,Thomas Roman,Soberbia,12,1987-10-03,Pandemonium,redimida
6713,Mrs. Brittany Hall,Envidia,78,1891-09-16,Sector 7G,redimida
6714,Philip Lamb,Gula,26,1931-03-26,Tierra,redimida
6715,Marcus Kim,Gula,27,1907-09-19,Abismo,redimida
6716,Anthony Spence,Avaricia,1,1989-03-19,Limbo,redimida
6717,Jay Rhodes,Lujuria,5,1976-02-02,Sector 7G,en proceso de tortura
6718,Beverly Mendez,Soberbia,23,2003-12-28,Limbo,activa
6719,Benjamin Patel,Soberbia,22,2024-12-26,Inframundo,activa
6720,Brian Mcdonald,Pereza,45,2009-03-29,Pandemonium,en proceso de tortura
6721,Michael Garcia,Envidia,49,2003-05-15,Sector 7G,en proceso de tortura
6722,Emily Ortega,Gula,17,1982-07-31,Sector 7G,activa
6723,Brian Savage,Pereza,20,1910-11-28,Pandemonium,redimida
6724,Sean Huynh,Envidia,64,1854-11-17,Pandemonium,activa
6725,Cindy Williams,Avaricia,29,2011-01-04,Limbo,redimida
6726,Stephen Howard,Ira,54,1857-10-15,Limbo,en proceso de tortura
6727,Jennifer Poole,Pereza,9,1978-05-22,Pandemonium,redimida
6728,Paul Patterson,Envidia,64,1963-05-28,Limbo,redimida
6729,Richard Rios,Soberbia,93,1865-12-09,Sector 7G,en proceso de tortura
6730,Nicholas Harrison,Soberbia,12,2018-11-16,Pandemonium,en proceso de tortura
6731,Karen King,Ira,10,1882-04-27,Abismo,activa
6732,Chloe Tucker,Lujuria,60,1856-06-15,Inframundo,activa
6733,Michael Walters,Lujuria,7,1892-10-07,Pandemonium,activa
6734,Joseph Schneider,Gula,98,1985-10-15,Sector 7G,activa
6735,John Gonzalez,Envidia,88,1900-05-26,Limbo,activa
6736,Margaret Warren,Soberbia,12,2018-10-11,Tierra,en proceso de tortura
6737,Kevin Moore,Ira,13,1876-08-06,Pandemonium,en proceso de tortura
6738,Denise Roberts,Soberbia,1,1881-05-15,Sector 7G,activa
6739,Daniel White,Pereza,25,1893-08-05,Abismo,activa
6740,Elizabeth Morrow,Pereza,80,1959-11-21,Inframundo,en proceso de tortura
6741,Jennifer Hill,Avaricia,66,1834-06-23,Abismo,en proceso de tortura
6742,Michael Webster,Gula,27,1949-11-13,Abismo,redimida
6743,Melissa Moore,Envidia,41,1919-09-09,Sector 7G,activa
6744,Kelsey Clements MD,Gula,32,1916-09-22,Sector 7G,en proceso de tortura
6745,Brandi Williamson,Gula,40,1989-08-17,Tierra,activa
6746,Eric Castaneda,Avaricia,54,1995-10-08,Abismo,redimida
6747,Stacey Hughes,Pereza,74,1960-02-02,Limbo,activa
6748,Kathy Perkins,Gula,56,1994-06-27,Sector 7G,redimida
6749,Erik Lewis,Lujuria,21,1843-09-07,Pandemonium,activa
6750,Jack Perry,Pereza,2,1841-10-21,Abismo,redimida
6751,Ashley Callahan,Soberbia,60,1949-12-11,Sector 7G,activa
6752,David Gutierrez,Lujuria,50,1867-02-28,Sector 7G,redimida
6753,Jack Barton,Ira,51,1897-02-17,Limbo,activa
6754,Becky Valencia,Avaricia,42,2025-06-02,Tierra,en proceso de tortura
6755,Thomas Davis,Avaricia,51,1844-10-17,Sector 7G,en proceso de tortura
6756,Erin Hebert,Gula,16,2003-12-28,Limbo,redimida
6757,Teresa Owens,Pereza,29,1831-08-04,Tierra,en proceso de tortura
6758,Jennifer Ellis,Lujuria,58,1934-10-19,Tierra,redimida
6759,Susan Rodriguez,Ira,7,2004-12-12,Limbo,redimida
6760,Stacey Pham,Avaricia,63,1887-01-03,Pandemonium,en proceso de tortura
6761,Jaime Acosta,Ira,79,2015-01-25,Tierra,redimida
6762,Shawn Davidson,Ira,50,1839-12-25,Limbo,redimida
6763,Dustin Sawyer,Envidia,82,1998-11-27,Tierra,redimida
6764,Michael Cantu,Lujuria,4,1935-06-16,Pandemonium,activa
6765,Lori Haney,Avaricia,94,1898-03-08,Inframundo,redimida
6766,Julie Giles,Avaricia,74,1848-04-10,Sector 7G,en proceso de tortura
6767,Theresa Dominguez,Envidia,27,1932-06-26,Abismo,redimida
6768,John Acosta,Avaricia,97,1964-01-19,Sector 7G,activa
6769,Jennifer Cain,Pereza,76,2016-02-05,Inframundo,activa
6770,Matthew Benson,Avaricia,80,1930-10-25,Sector 7G,redimida
6771,William Rhodes,Gula,24,1987-08-06,Tierra,en proceso de tortura
6772,Connor Davis,Soberbia,77,1912-03-20,Limbo,activa
6773,Tracy Martin,Envidia,49,1830-06-20,Inframundo,redimida
6774,Erin Taylor,Ira,31,1987-11-23,Sector 7G,activa
6775,Tyler Blackwell,Ira,35,1858-02-23,Abismo,activa
6776,Nancy Thornton,Soberbia,63,1833-05-15,Abismo,redimida
6777,Rhonda Soto DVM,Gula,40,1948-02-22,Abismo,activa
6778,Brent Coleman,Pereza,22,1932-02-03,Pandemonium,activa
6779,Michael Lopez,Envidia,50,1851-03-11,Pandemonium,activa
6780,William Murillo,Gula,97,1945-02-13,Abismo,activa
6781,Mr. Michael Randall,Soberbia,29,2003-05-16,Tierra,en proceso de tortura
6782,Nancy Taylor,Avaricia,66,1970-12-09,Sector 7G,redimida
6783,Terri Chandler,Ira,51,1990-03-08,Tierra,activa
6784,Casey Sims,Envidia,34,1910-10-15,Pandemonium,redimida
6785,Vincent Ortiz,Gula,40,1880-05-24,Inframundo,activa
6786,Joe Davis,Ira,11,1971-07-11,Pandemonium,activa
6787,Sue Brown,Gula,79,1975-11-20,Limbo,activa
6788,Michael Caldwell,Avaricia,93,1971-10-07,Sector 7G,en proceso de tortura
6789,Kyle Welch,Soberbia,0,1836-02-11,Limbo,activa
6790,Charles Martin,Lujuria,51,1996-12-10,Sector 7G,activa
6791,Robert White,Lujuria,66,1857-05-12,Tierra,en proceso de tortura
6792,Rick Kennedy,Envidia,12,2011-07-16,Sector 7G,en proceso de tortura
6793,Jeffrey Hampton,Ira,87,1923-05-29,Limbo,en proceso de tortura
6794,Katherine Nelson,Soberbia,96,2008-08-07,Limbo,en proceso de tortura
6795,Sara Stark,Lujuria,67,1868-11-17,Limbo,activa
6796,Robert Bauer,Avaricia,11,1919-04-07,Limbo,redimida
6797,Jessica Myers,Soberbia,40,1964-11-03,Sector 7G,en proceso de tortura
6798,James Huang,Lujuria,79,1894-12-02,Sector 7G,en proceso de tortura
6799,Donna Nicholson,Soberbia,67,1830-02-16,Sector 7G,activa
6800,Johnny Brooks,Avaricia,16,2003-12-28,Sector 7G,en proceso de tortura
6801,Angela Marshall,Envidia,77,1982-10-25,Sector 7G,redimida
6802,Christopher Ibarra,Avaricia,81,1995-04-07,Sector 7G,redimida
6803,Albert Ferrell,Soberbia,65,1960-11-18,Sector 7G,redimida
6804,William Tran,Lujuria,63,1924-01-07,Inframundo,en proceso de tortura
6805,Rachel Skinner,Avaricia,30,1832-01-08,Limbo,en proceso de tortura
6806,Becky Walker,Ira,99,1985-09-28,Abismo,en proceso de tortura
6807,Brian Odonnell,Lujuria,99,1857-06-24,Inframundo,activa
6808,Jennifer Anderson,Avaricia,31,2020-04-07,Limbo,redimida
6809,Tammy Yu,Lujuria,43,1978-12-10,Inframundo,activa
6810,Christy Rodriguez,Ira,83,1910-11-07,Abismo,activa
6811,Aimee Watkins,Pereza,94,1960-06-20,Pandemonium,en proceso de tortura
6812,Christine Johnson,Ira,82,1867-11-20,Sector 7G,activa
6813,Brian Hays,Gula,20,1863-11-13,Inframundo,en proceso de tortura
6814,Marie Brooks,Envidia,24,1957-01-17,Limbo,en proceso de tortura
6815,David Johnson,Envidia,7,1971-08-22,Tierra,en proceso de tortura
6816,Daniel Friedman,Soberbia,5,1856-06-01,Abismo,redimida
6817,Martin Harris,Ira,14,1862-12-07,Inframundo,activa
6818,Michael Wu II,Soberbia,39,1911-05-27,Pandemonium,en proceso de tortura
6819,Daniel Moore,Envidia,88,1880-03-06,Tierra,redimida
6820,Margaret Glover MD,Gula,12,1841-05-07,Inframundo,redimida
6821,James Jackson,Avaricia,11,2002-11-17,Pandemonium,activa
6822,Dana Potter,Ira,30,1829-11-20,Limbo,en proceso de tortura
6823,Roger Johnson,Soberbia,36,1963-09-29,Sector 7G,activa
6824,Omar Jordan,Ira,64,1904-06-15,Limbo,activa
6825,Christopher Butler,Envidia,24,1982-02-25,Inframundo,activa
6826,Margaret Thomas,Pereza,30,1865-04-28,Pandemonium,activa
6827,Mary Smith,Pereza,52,1829-11-22,Pandemonium,en proceso de tortura
6828,Troy Collins,Ira,29,2020-03-08,Sector 7G,en proceso de tortura
6829,Jacob Miller,Gula,6,1835-09-04,Inframundo,redimida
6830,Sean Salazar,Soberbia,13,1880-01-14,Limbo,redimida
6831,Harold Wilkinson,Gula,98,1976-11-11,Pandemonium,activa
6832,Samantha Warren,Avaricia,79,1847-02-12,Sector 7G,redimida
6833,Lee Lopez,Pereza,89,1828-12-13,Pandemonium,en proceso de tortura
6834,Shaun Lambert,Envidia,75,1921-08-11,Tierra,activa
6835,Patrick Mckenzie,Lujuria,20,1902-09-11,Tierra,en proceso de tortura
6836,Jennifer Harvey,Soberbia,57,1920-07-27,Limbo,activa
6837,Alexandria Collins,Pereza,28,1833-03-02,Limbo,activa
6838,Matthew Rogers,Envidia,25,1899-06-26,Pandemonium,en proceso de tortura
6839,Michael Meza,Lujuria,4,1863-01-19,Sector 7G,activa
6840,Michael Hamilton,Envidia,26,1974-10-17,Tierra,activa
6841,Justin Jones,Gula,30,1894-02-24,Pandemonium,en proceso de tortura
6842,Lisa Robinson,Lujuria,97,1954-01-11,Inframundo,activa
6843,Paul Mcdonald,Soberbia,24,1850-06-11,Abismo,en proceso de tortura
6844,Mary Smith DVM,Pereza,53,1953-07-06,Sector 7G,redimida
6845,Luis Wiggins,Gula,18,1925-09-11,Inframundo,en proceso de tortura
6846,David Baker,Lujuria,51,1825-11-12,Pandemonium,redimida
6847,Sandra Campbell,Avaricia,72,2003-12-28,Sector 7G,redimida
6848,Justin Abbott,Avaricia,50,1855-06-29,Limbo,redimida
6849,Rachel Doyle,Gula,48,1909-07-02,Pandemonium,activa
6850,Ashley Adams,Gula,67,1944-05-09,Tierra,en proceso de tortura
6851,David Crawford,Gula,40,1879-10-09,Limbo,en proceso de tortura
6852,Donna Wood,Soberbia,17,1941-08-11,Sector 7G,activa
6853,Gabriel Burnett,Avaricia,52,1835-04-02,Limbo,redimida
6854,Leah Gillespie,Avaricia,93,1938-03-27,Sector 7G,activa
6855,Lisa Parker,Pereza,77,2000-05-14,Pandemonium,redimida
6856,Peter Holt,Avaricia,94,1907-08-15,Tierra,activa
6857,Emily Olson,Lujuria,88,1982-06-26,Sector 7G,activa
6858,Steven Mckinney,Gula,59,1834-12-07,Limbo,en proceso de tortura
6859,William Mueller,Pereza,36,2003-12-28,Limbo,redimida
6860,Jimmy Powell,Lujuria,77,2012-09-10,Tierra,redimida
6861,Dennis Hill,Lujuria,52,1942-10-21,Tierra,redimida
6862,Brittany Smith,Lujuria,41,1934-01-28,Limbo,activa
6863,Michael Ortiz,Avaricia,66,1979-05-20,Sector 7G,redimida
6864,Craig Gonzalez,Ira,29,1922-03-01,Limbo,en proceso de tortura
6865,Scott Walker,Lujuria,80,1897-11-03,Tierra,en proceso de tortura
6866,Michael Moore,Avaricia,50,1920-02-12,Tierra,redimida
6867,Taylor Shea,Avaricia,88,1933-09-23,Limbo,activa
6868,Katherine Hamilton,Envidia,72,2023-06-30,Pandemonium,activa
6869,Joann Mcbride,Pereza,91,1987-03-17,Limbo,redimida
6870,Angela Green,Soberbia,80,1826-04-24,Abismo,en proceso de tortura
6871,Samantha Suarez,Ira,44,2000-05-05,Pandemonium,redimida
6872,Joseph Ferguson,Gula,89,1888-06-17,Abismo,activa
6873,Jane Martinez,Gula,77,1899-06-22,Pandemonium,activa
6874,Joshua Swanson,Pereza,18,1833-09-01,Sector 7G,en proceso de tortura
6875,Eric Gibson,Gula,11,2015-01-04,Tierra,en proceso de tortura
6876,Tommy Schroeder,Avaricia,68,1991-06-12,Pandemonium,activa
6877,Donald Young,Ira,49,1868-01-24,Pandemonium,activa
6878,Dustin Lee,Gula,79,1828-02-08,Tierra,activa
6879,Casey Jones,Avaricia,4,1994-01-25,Abismo,activa
6880,David Cortez,Gula,38,1986-08-29,Tierra,redimida
6881,Keith Harris,Pereza,50,1925-06-07,Abismo,en proceso de tortura
6882,Angela Espinoza,Soberbia,99,1853-12-10,Sector 7G,en proceso de tortura
6883,Brandon Taylor,Lujuria,81,1927-08-05,Inframundo,activa
6884,William Reid,Avaricia,16,1868-09-09,Limbo,redimida
6885,Kristopher Atkinson,Avaricia,32,1895-01-26,Inframundo,redimida
6886,Mark Lewis,Pereza,74,1856-07-08,Pandemonium,redimida
6887,Daniel Schultz,Avaricia,50,1841-03-07,Abismo,activa
6888,Bernard Davis,Pereza,45,1952-03-18,Pandemonium,activa
6889,Patricia Beck,Ira,100,1910-11-29,Abismo,redimida
6890,Michelle Reese MD,Pereza,57,1930-11-22,Sector 7G,redimida
6891,Stephen Lee,Envidia,54,1927-06-09,Tierra,redimida
6892,Kim Powers,Lujuria,88,1979-02-01,Pandemonium,en proceso de tortura
6893,William Mays,Gula,35,1864-11-08,Inframundo,activa
6894,Amy Garrett,Soberbia,43,1985-11-11,Tierra,activa
6895,Jasmine Conway,Lujuria,38,1957-11-20,Sector 7G,redimida
6896,Heather Brown,Soberbia,2,1986-06-21,Abismo,redimida
6897,Tracy Johnson,Ira,25,1963-10-18,Limbo,redimida
6898,Jesse Johnson,Ira,7,1875-02-24,Sector 7G,activa
6899,James Jefferson,Lujuria,98,1916-11-06,Limbo,activa
6900,Richard Neal Jr.,Lujuria,22,1863-12-02,Inframundo,en proceso de tortura
6901,Melvin White,Pereza,9,1972-04-01,Limbo,activa
6902,Jennifer Glenn,Envidia,82,1859-07-27,Sector 7G,redimida
6903,Brian Montgomery,Pereza,70,1943-11-17,Limbo,redimida
6904,Anthony Liu,Ira,68,1848-09-11,Abismo,activa
6905,Justin Ayers,Gula,52,1888-11-08,Inframundo,activa
6906,Pamela Snyder MD,Avaricia,36,1849-04-20,Abismo,activa
6907,Catherine Martinez,Soberbia,26,1831-08-24,Inframundo,activa
6908,Russell Hendricks,Lujuria,94,1983-06-07,Inframundo,redimida
6909,Patricia Boyer,Ira,19,1904-12-21,Inframundo,redimida
6910,David Hanson,Lujuria,73,1944-12-16,Abismo,activa
6911,Mia Combs,Pereza,97,1916-07-14,Tierra,activa
6912,Joseph Estrada,Pereza,4,1987-04-06,Limbo,activa
6913,Tonya Tran,Lujuria,22,1876-04-26,Abismo,redimida
6914,Marie Ortiz,Pereza,74,1853-01-10,Inframundo,activa
6915,Martin Morton,Pereza,60,1919-09-30,Inframundo,activa
6916,Lindsey Cooper,Lujuria,6,1836-10-13,Limbo,activa
6917,Elizabeth Lin,Lujuria,25,2003-12-28,Pandemonium,activa
6918,Maria Hudson,Soberbia,8,1835-02-16,Abismo,redimida
6919,Alexander Sanders,Envidia,5,1861-08-05,Tierra,redimida
6920,John Richardson,Avaricia,63,1892-11-26,Limbo,redimida
6921,Jonathan Moore,Envidia,36,2019-03-27,Limbo,activa
6922,Joshua Smith,Lujuria,46,1857-05-28,Abismo,activa
6923,Cody Higgins,Pereza,93,1922-12-19,Pandemonium,en proceso de tortura
6924,Cory Oliver,Envidia,44,1994-04-04,Abismo,en proceso de tortura
6925,Anna Brown,Pereza,58,1956-05-05,Tierra,activa
6926,Gilbert Carson,Pereza,45,1839-07-22,Sector 7G,redimida
6927,Jessica Rivera,Ira,87,1936-07-23,Sector 7G,redimida
6928,Patricia Rodriguez,Soberbia,90,1967-03-08,Sector 7G,en proceso de tortura
6929,Larry Brown,Soberbia,65,1990-06-11,Sector 7G,activa
6930,Matthew Cook,Lujuria,21,1900-03-19,Tierra,en proceso de tortura
6931,Jorge Graham,Lujuria,0,1986-08-12,Abismo,en proceso de tortura
6932,Darryl Russo,Pereza,42,1981-09-25,Inframundo,redimida
6933,Chris Lucas,Gula,75,1921-01-22,Pandemonium,activa
6934,Kimberly Donovan,Lujuria,95,2025-10-06,Limbo,en proceso de tortura
6935,Keith Powell,Gula,13,1976-03-03,Tierra,en proceso de tortura
6936,Valerie Mcmahon,Soberbia,24,1911-04-26,Sector 7G,activa
6937,Christine Wu,Gula,2,1970-04-22,Limbo,activa
6938,Mark Bowen,Ira,75,1832-12-29,Limbo,activa
6939,Sandra Mccoy DDS,Envidia,90,2024-07-13,Tierra,activa
6940,Jack Smith,Soberbia,73,1991-08-08,Pandemonium,activa
6941,James Petersen,Pereza,87,1851-08-15,Sector 7G,activa
6942,Jill Vincent,Lujuria,38,1863-06-23,Abismo,redimida
6943,James Lara,Envidia,49,1909-05-06,Inframundo,en proceso de tortura
6944,Sara Lopez,Lujuria,10,1907-06-21,Inframundo,en proceso de tortura
6945,Pamela Miller,Pereza,7,1828-02-25,Inframundo,redimida
6946,Nathaniel Mendez,Pereza,3,1856-05-01,Pandemonium,activa
6947,Bethany Rodriguez,Soberbia,0,1840-09-04,Pandemonium,activa
6948,Stephen Terrell,Pereza,7,1924-02-20,Inframundo,en proceso de tortura
6949,Mr. Derrick Stephens,Avaricia,59,1935-10-07,Limbo,activa
6950,William Mcgee,Envidia,24,1953-10-12,Abismo,activa
6951,Rebecca Simpson,Ira,92,1996-07-18,Pandemonium,activa
6952,Courtney Valdez,Avaricia,26,1833-07-10,Limbo,redimida
6953,Todd Rich,Pereza,40,1859-06-12,Pandemonium,en proceso de tortura
6954,Joseph Ashley,Soberbia,37,1953-06-30,Sector 7G,activa
6955,Erik Cortez,Lujuria,9,1920-09-30,Limbo,redimida
6956,Jennifer Miller,Lujuria,59,1915-05-15,Limbo,activa
6957,Paul Barton,Pereza,36,1829-02-11,Inframundo,activa
6958,Heather Wells,Lujuria,48,2004-06-09,Abismo,activa
6959,Mrs. Marie Baker,Soberbia,26,1830-04-12,Pandemonium,activa
6960,Jasmine Saunders,Soberbia,56,2013-03-27,Tierra,redimida
6961,Randy Hansen,Avaricia,16,1892-07-14,Sector 7G,activa
6962,Dana Ward,Gula,33,1886-02-04,Abismo,redimida
6963,Jamie Marsh,Pereza,44,1973-08-08,Pandemonium,en proceso de tortura
6964,Michael Nguyen,Gula,38,1942-05-04,Pandemonium,en proceso de tortura
6965,James Rice,Avaricia,54,1845-03-01,Limbo,redimida
6966,Craig Dunn,Ira,99,1853-07-24,Abismo,redimida
6967,Robert Rodriguez,Gula,82,2025-04-11,Tierra,redimida
6968,Dr. Austin Turner,Avaricia,44,1895-09-22,Abismo,redimida
6969,Kristin Clayton,Lujuria,0,1860-04-30,Sector 7G,activa
6970,Teresa Wilson,Soberbia,20,1929-02-25,Abismo,activa
6971,Mary Moyer,Envidia,76,1992-05-28,Tierra,en proceso de tortura
6972,Tammy Diaz,Gula,94,1903-06-28,Sector 7G,activa
6973,Mrs. Jessica Long MD,Gula,8,1923-09-18,Limbo,en proceso de tortura
6974,Matthew Kelly,Pereza,50,1908-04-05,Tierra,en proceso de tortura
6975,Gary Hansen,Lujuria,95,2021-08-24,Pandemonium,activa
6976,Maria Garcia,Avaricia,15,1968-06-08,Sector 7G,activa
6977,Paul Clark,Envidia,58,1915-10-18,Pandemonium,redimida
6978,Amber Porter,Pereza,66,1938-06-24,Inframundo,en proceso de tortura
6979,Mr. Drew Estrada,Gula,3,1932-03-05,Tierra,redimida
6980,Daniel Durham,Soberbia,54,2003-12-28,Tierra,en proceso de tortura
6981,Mark Thompson,Soberbia,16,1972-02-13,Abismo,activa
6982,Frances Schwartz,Avaricia,86,1983-08-11,Tierra,en proceso de tortura
6983,Anna Love,Pereza,76,1846-08-01,Sector 7G,activa
6984,Amy Gonzales,Gula,74,1981-02-11,Sector 7G,redimida
6985,Cory Reese,Soberbia,48,1993-04-09,Abismo,redimida
6986,Mary Nelson,Pereza,82,2018-12-01,Pandemonium,en proceso de tortura
6987,Daniel Carpenter,Gula,49,1909-01-04,Tierra,redimida
6988,Danny Buchanan,Lujuria,5,1931-10-21,Sector 7G,redimida
6989,Corey Frank,Lujuria,33,1996-11-10,Tierra,activa
6990,Russell Young,Avaricia,97,2009-05-11,Sector 7G,en proceso de tortura
6991,Jonathan Harper,Soberbia,48,2022-10-20,Pandemonium,en proceso de tortura
6992,Michelle Hughes,Gula,50,1886-07-06,Sector 7G,activa
6993,Melanie Floyd,Ira,9,1987-03-06,Limbo,en proceso de tortura
6994,Megan Fuller,Ira,65,1960-10-12,Tierra,redimida
6995,Tina Norman,Soberbia,54,1957-10-08,Abismo,activa
6996,Megan Smith,Pereza,12,1883-03-11,Abismo,en proceso de tortura
6997,Nicole Rogers,Soberbia,47,2002-12-29,Inframundo,activa
6998,Mary Jones,Ira,34,1839-02-18,Pandemonium,en proceso de tortura
6999,William Prince,Ira,50,1980-09-12,Abismo,redimida
7000,Kimberly Logan,Lujuria,13,1902-06-23,Inframundo,en proceso de tortura
7001,Jasmine Singleton,Lujuria,5,1917-05-07,Pandemonium,en proceso de tortura
7002,Donald Roy,Envidia,10,1999-04-16,Sector 7G,en proceso de tortura
7003,Sarah Garcia,Envidia,17,1870-04-29,Limbo,activa
7004,James Jackson,Gula,69,1877-06-12,Limbo,en proceso de tortura
7005,Jeffrey Lewis,Soberbia,6,1887-03-21,Sector 7G,activa
7006,Riley Abbott,Gula,62,1922-04-17,Limbo,redimida
7007,Lisa Smith,Ira,49,1963-06-02,Inframundo,redimida
7008,Abigail Ramirez,Pereza,52,1938-08-11,Pandemonium,activa
7009,Brittany Lewis,Avaricia,31,1989-01-14,Limbo,activa
7010,Ryan Yates,Gula,51,1977-10-26,Abismo,en proceso de tortura
7011,Julie Thomas,Gula,56,1885-02-08,Pandemonium,activa
7012,Dwayne Wright,Ira,25,1828-06-02,Abismo,redimida
7013,Carol Lewis,Gula,43,2009-11-14,Tierra,redimida
7014,Albert Aguilar,Lujuria,4,1968-03-05,Inframundo,en proceso de tortura
7015,Michelle Avery,Gula,93,1875-02-11,Abismo,redimida
7016,Barbara Harrison,Pereza,83,1880-05-05,Inframundo,en proceso de tortura
7017,Rebecca Klein,Avaricia,40,1947-10-03,Limbo,en proceso de tortura
7018,Courtney Ellison,Lujuria,80,2006-09-24,Sector 7G,redimida
7019,Emily Fletcher,Envidia,48,1921-07-22,Inframundo,activa
7020,Richard Olson,Ira,57,1976-04-22,Inframundo,redimida
7021,Sonya Robertson,Pereza,63,1953-06-05,Inframundo,en proceso de tortura
7022,Amanda Gomez,Avaricia,60,2012-02-27,Inframundo,redimida
7023,David Peters,Envidia,22,1963-10-24,Sector 7G,redimida
7024,Kevin Richards,Avaricia,58,1878-04-29,Sector 7G,redimida
7025,Ronald Gordon,Lujuria,16,1825-11-21,Tierra,redimida
7026,John Floyd,Ira,15,1860-03-29,Sector 7G,redimida
7027,Rhonda Hill,Soberbia,92,1929-07-24,Pandemonium,redimida
7028,Kyle Ferguson,Gula,64,1874-12-14,Limbo,redimida
7029,Adrian Garcia,Avaricia,41,2001-01-24,Inframundo,redimida
7030,Peggy Green,Envidia,58,1998-01-06,Tierra,redimida
7031,Brenda Harris,Ira,83,1867-09-23,Sector 7G,redimida
7032,Briana Paul,Ira,30,1827-05-04,Abismo,redimida
7033,Jaime Dodson,Soberbia,95,1887-03-02,Abismo,activa
7034,Julie Madden,Gula,67,1893-12-09,Pandemonium,activa
7035,Alison Gordon,Soberbia,31,1990-09-06,Abismo,redimida
7036,Tammy Henry,Lujuria,1,1968-01-12,Abismo,redimida
7037,Whitney Melton,Ira,45,1933-06-21,Limbo,en proceso de tortura
7038,Michael George,Pereza,99,1972-10-13,Sector 7G,activa
7039,Jill Hendricks,Pereza,6,1930-12-22,Sector 7G,redimida
7040,Michael Hampton,Soberbia,49,1969-01-26,Tierra,activa
7041,Joseph Wilson,Envidia,60,1963-05-22,Pandemonium,activa
7042,Sandra Sanchez,Gula,81,1831-04-29,Tierra,activa
7043,Isaac Richards,Pereza,50,1898-07-14,Limbo,redimida
7044,Carolyn Lambert,Avaricia,7,1942-09-12,Sector 7G,redimida
7045,Mark Meyer,Avaricia,75,1900-10-25,Inframundo,redimida
7046,Sandra Henson,Soberbia,10,1936-01-30,Tierra,redimida
7047,Madison Arroyo,Pereza,94,1993-01-12,Limbo,en proceso de tortura
7048,Paul Davis,Soberbia,100,1964-03-03,Tierra,redimida
7049,Tiffany Gray,Envidia,47,1881-06-06,Tierra,activa
7050,Timothy Brown,Gula,84,1853-06-06,Tierra,en proceso de tortura
7051,Renee Schneider,Soberbia,42,2000-11-25,Sector 7G,redimida
7052,Jessica Morrison,Ira,92,2003-12-28,Tierra,redimida
7053,Tasha Richardson,Gula,65,2020-12-26,Tierra,en proceso de tortura
7054,Patrick Gonzalez,Gula,18,1906-12-01,Limbo,en proceso de tortura
7055,Judy Barnes,Avaricia,56,1893-02-05,Sector 7G,redimida
7056,Lisa Shepard,Soberbia,50,1911-10-05,Inframundo,activa
7057,Shawn Walker,Pereza,88,1939-05-06,Sector 7G,redimida
7058,Whitney Navarro,Pereza,7,1976-02-25,Inframundo,redimida
7059,Michael Strong,Ira,60,1840-08-10,Sector 7G,en proceso de tortura
7060,Daniel Garza,Soberbia,77,1901-03-12,Limbo,activa
7061,Linda Bowen,Envidia,20,1879-02-27,Sector 7G,en proceso de tortura
7062,Michelle Lewis,Soberbia,61,2013-08-25,Sector 7G,redimida
7063,Amanda Scott,Soberbia,59,1923-12-22,Inframundo,en proceso de tortura
7064,Miranda Shelton,Ira,92,2015-06-07,Inframundo,redimida
7065,Michael Fitzgerald,Ira,85,1999-03-06,Sector 7G,redimida
7066,Alexander Stevens,Envidia,9,2008-05-25,Sector 7G,redimida
7067,Donald Clark,Ira,29,2017-12-22,Sector 7G,redimida
7068,Aaron Taylor,Avaricia,54,1862-06-03,Inframundo,activa
7069,Angela Li,Lujuria,92,1881-05-13,Limbo,en proceso de tortura
7070,Bryan Smith,Avaricia,99,1890-04-30,Pandemonium,redimida
7071,Joseph Perez,Ira,77,1994-05-04,Tierra,activa
7072,Adam Higgins,Lujuria,38,1912-06-11,Limbo,redimida
7073,Joseph Rose,Ira,32,1932-10-01,Limbo,activa
7074,Cynthia Gibson,Soberbia,80,1992-12-19,Sector 7G,redimida
7075,Dennis Reese,Pereza,36,1886-05-27,Inframundo,en proceso de tortura
7076,Samuel Greene,Lujuria,32,1840-09-26,Pandemonium,en proceso de tortura
7077,Derrick Delgado,Avaricia,28,1954-07-21,Inframundo,activa
7078,Shelly Golden,Lujuria,12,1974-07-15,Limbo,activa
7079,Robin Ortega,Lujuria,40,1881-07-21,Pandemonium,activa
7080,Melissa Turner,Avaricia,9,2001-02-10,Sector 7G,en proceso de tortura
7081,Jillian Chase,Pereza,17,1838-09-23,Inframundo,en proceso de tortura
7082,Ashley Martin,Lujuria,77,1858-07-30,Abismo,en proceso de tortura
7083,Joseph Morales,Avaricia,6,1902-06-22,Sector 7G,en proceso de tortura
7084,Tina Conrad,Soberbia,83,1994-10-11,Abismo,en proceso de tortura
7085,Kevin Walker,Soberbia,61,1925-09-17,Pandemonium,en proceso de tortura
7086,Melissa Harrison,Pereza,20,1870-04-26,Limbo,activa
7087,Christopher Roberson,Avaricia,94,1910-07-14,Pandemonium,activa
7088,Karen Ray,Envidia,55,1961-11-02,Abismo,activa
7089,James Lyons,Lujuria,12,1990-02-09,Pandemonium,activa
7090,Katherine Torres,Envidia,3,1838-03-28,Limbo,redimida
7091,Kelly Rodriguez,Pereza,99,1863-01-18,Inframundo,redimida
7092,Joshua Conway,Avaricia,1,1828-03-11,Limbo,redimida
7093,Keith Callahan,Soberbia,38,1932-11-24,Limbo,en proceso de tortura
7094,Gabriella Weeks,Ira,46,2003-12-28,Abismo,redimida
7095,Lisa Rodriguez,Gula,0,1911-02-23,Sector 7G,en proceso de tortura
7096,Aaron Robinson,Pereza,51,1826-01-12,Pandemonium,activa
7097,Ms. Michelle Taylor,Soberbia,40,1834-06-13,Inframundo,activa
7098,Patrick Chang,Soberbia,39,2022-10-22,Sector 7G,redimida
7099,Shelly Bryant,Avaricia,76,1942-06-15,Abismo,redimida
7100,Michael Terry,Envidia,8,1947-04-30,Pandemonium,activa
7101,Lucas Rodriguez,Ira,46,1927-09-28,Abismo,activa
7102,Joshua Lewis,Envidia,75,1920-05-21,Pandemonium,redimida
7103,Holly Thompson,Pereza,22,1943-06-18,Abismo,en proceso de tortura
7104,Tamara Hays,Soberbia,32,1953-02-23,Sector 7G,en proceso de tortura
7105,Gerald Myers,Soberbia,52,2025-08-25,Limbo,en proceso de tortura
7106,Michael Harrison,Lujuria,98,1869-02-26,Pandemonium,en proceso de tortura
7107,Amber Johnson,Soberbia,21,1968-07-27,Sector 7G,activa
7108,Katie Matthews,Ira,74,2023-02-28,Sector 7G,redimida
7109,Kendra Lin,Pereza,80,1855-02-07,Limbo,en proceso de tortura
7110,Dr. Craig Lane,Ira,49,1866-08-18,Sector 7G,activa
7111,Allen Mcintosh,Ira,37,1895-04-22,Sector 7G,en proceso de tortura
7112,Kristi Arnold,Ira,100,1876-07-23,Sector 7G,activa
7113,Carolyn Gentry,Ira,43,1971-03-09,Sector 7G,en proceso de tortura
7114,Carrie Callahan,Soberbia,41,1833-08-21,Tierra,redimida
7115,Paul Price,Avaricia,2,1884-04-08,Pandemonium,en proceso de tortura
7116,Sharon Scott,Avaricia,50,1861-09-18,Sector 7G,activa
7117,Frank Thompson PhD,Soberbia,14,2015-04-18,Pandemonium,activa
7118,Catherine Sanchez,Soberbia,5,2003-12-28,Abismo,activa
7119,Adam Cunningham,Envidia,88,1973-12-15,Abismo,en proceso de tortura
7120,Joseph Smith,Avaricia,26,2002-01-21,Limbo,en proceso de tortura
7121,Krystal Woods,Envidia,37,1835-10-23,Pandemonium,en proceso de tortura
7122,Wendy Jensen,Gula,3,1854-10-22,Inframundo,activa
7123,Jack Montoya,Ira,38,2017-05-27,Sector 7G,activa
7124,Mackenzie Gomez,Ira,65,2004-01-31,Tierra,activa
7125,Jason Beck,Ira,56,1877-08-13,Tierra,redimida
7126,Keith Grant,Pereza,10,1898-05-05,Sector 7G,en proceso de tortura
7127,Nicole Brown,Avaricia,1,1872-08-11,Sector 7G,redimida
7128,Christopher Gillespie,Pereza,75,1932-12-01,Tierra,en proceso de tortura
7129,Carolyn Farrell,Pereza,20,1947-01-18,Tierra,en proceso de tortura
7130,Cathy Rubio,Pereza,65,1846-11-03,Tierra,en proceso de tortura
7131,Billy Miller,Avaricia,68,1975-08-28,Tierra,activa
7132,Miranda Ryan,Gula,96,1930-03-11,Limbo,activa
7133,Mark Young,Soberbia,78,2006-02-15,Abismo,redimida
7134,William Nguyen,Envidia,16,2000-10-30,Limbo,redimida
7135,Jessica Wu,Avaricia,75,1991-04-14,Tierra,en proceso de tortura
7136,Lisa Trujillo,Gula,0,1847-02-04,Tierra,activa
7137,Rebecca Cox,Avaricia,58,1989-05-30,Inframundo,activa
7138,Paul King,Pereza,17,1954-03-19,Sector 7G,redimida
7139,Christine Wilkinson,Pereza,72,1902-09-17,Sector 7G,activa
7140,Jeffrey Munoz,Lujuria,30,1881-09-13,Inframundo,en proceso de tortura
7141,Jason Costa,Ira,82,1920-04-25,Limbo,redimida
7142,Mark Shepherd,Ira,71,2016-07-27,Inframundo,redimida
7143,Joseph Williams,Avaricia,49,1883-05-08,Limbo,redimida
7144,Jennifer Cortez,Envidia,67,1858-10-27,Sector 7G,redimida
7145,Jonathan Myers,Soberbia,98,1876-11-24,Pandemonium,redimida
7146,Michael Martin,Soberbia,19,1865-12-18,Abismo,en proceso de tortura
7147,Daniel Perry,Soberbia,39,1898-06-20,Limbo,activa
7148,Katrina Lawson,Ira,71,1944-07-14,Abismo,en proceso de tortura
7149,Jennifer Dalton,Lujuria,40,1914-01-11,Sector 7G,activa
7150,Brandon Bush,Ira,14,1867-04-02,Limbo,activa
7151,Susan Campbell,Envidia,35,1830-04-08,Inframundo,en proceso de tortura
7152,Joshua Herrera,Avaricia,70,1974-02-26,Pandemonium,redimida
7153,Samuel Long,Gula,7,1953-03-19,Limbo,redimida
7154,Holly Mccullough,Lujuria,27,1976-12-07,Pandemonium,redimida
7155,Robert Galloway,Soberbia,61,1912-07-16,Tierra,activa
7156,Melinda Johnson,Envidia,83,1872-04-30,Limbo,en proceso de tortura
7157,Katherine Walters,Gula,19,1952-06-14,Pandemonium,redimida
7158,Brenda Jackson,Envidia,30,1884-01-29,Tierra,activa
7159,Michael Bennett,Gula,88,1891-04-09,Tierra,redimida
7160,Troy Hines,Pereza,28,1936-02-17,Limbo,activa
7161,Lisa Fernandez,Soberbia,19,1898-03-15,Tierra,redimida
7162,Christina Duke,Gula,90,1891-05-07,Pandemonium,activa
7163,Christopher Whitaker,Ira,90,1973-07-21,Abismo,redimida
7164,Micheal Newman,Soberbia,89,2004-07-17,Abismo,redimida
7165,Annette Stewart,Ira,96,1878-07-23,Pandemonium,redimida
7166,Matthew Conner,Avaricia,81,1996-06-11,Inframundo,activa
7167,Megan Solis,Soberbia,71,1961-02-17,Tierra,en proceso de tortura
7168,Gabriel Hodges,Avaricia,68,1978-02-15,Sector 7G,activa
7169,Rachel Riley,Avaricia,56,2003-12-28,Abismo,en proceso de tortura
7170,Thomas Ward,Avaricia,50,1991-12-22,Abismo,en proceso de tortura
7171,Ethan Rodriguez,Envidia,53,1887-04-06,Limbo,activa
7172,Thomas Sanchez,Soberbia,58,1982-01-13,Inframundo,activa
7173,Ronald Smith,Soberbia,9,2016-11-02,Limbo,redimida
7174,Holly West,Pereza,80,1941-04-21,Abismo,en proceso de tortura
7175,Anthony Bell,Lujuria,49,1826-02-13,Tierra,redimida
7176,Nicole Baker,Soberbia,59,1889-10-21,Sector 7G,redimida
7177,Dr. Peter Miller,Gula,50,1942-06-28,Abismo,activa
7178,Amy Thompson,Lujuria,46,1887-11-19,Limbo,redimida
7179,Thomas Vaughan,Avaricia,51,1974-12-31,Inframundo,en proceso de tortura
7180,Michael Phillips,Envidia,24,1964-04-13,Limbo,activa
7181,Noah Roberts,Envidia,69,1915-05-28,Tierra,activa
7182,Ashley Norman,Ira,16,1867-04-19,Pandemonium,activa
7183,Jennifer Davis,Envidia,10,1920-03-05,Abismo,en proceso de tortura
7184,Tamara Evans,Gula,26,1842-02-21,Sector 7G,activa
7185,John Young,Envidia,68,1858-12-20,Limbo,en proceso de tortura
7186,Kristen Newman,Soberbia,85,1981-11-23,Abismo,redimida
7187,Jason Jackson,Ira,41,1944-12-30,Limbo,activa
7188,Jennifer Walter,Avaricia,33,1992-09-03,Abismo,redimida
7189,Elizabeth Valenzuela,Gula,92,1926-09-19,Tierra,redimida
7190,Stephanie Hill,Envidia,34,2008-02-11,Abismo,en proceso de tortura
7191,David Cruz,Soberbia,21,1863-08-10,Pandemonium,redimida
7192,Linda Thompson,Lujuria,61,1964-08-03,Limbo,en proceso de tortura
7193,Lisa Mullins,Pereza,10,2003-12-28,Limbo,en proceso de tortura
7194,Matthew Silva,Gula,93,1863-07-20,Sector 7G,redimida
7195,Andrea Rodriguez,Ira,44,2007-10-31,Limbo,redimida
7196,Jennifer Olson,Envidia,28,1873-04-05,Limbo,redimida
7197,Michael Thompson,Ira,70,1970-02-03,Pandemonium,redimida
7198,Charles Smith,Soberbia,33,2025-04-23,Tierra,activa
7199,Andrew Armstrong,Envidia,96,1916-01-27,Limbo,en proceso de tortura
7200,John Lewis,Gula,35,1903-10-22,Pandemonium,en proceso de tortura
7201,David Foster,Envidia,30,1957-03-06,Inframundo,en proceso de tortura
7202,Steven Dodson,Soberbia,68,1856-09-29,Tierra,en proceso de tortura
7203,Peter Jones,Ira,37,1828-11-17,Limbo,activa
7204,David Nguyen,Avaricia,57,1879-09-09,Inframundo,redimida
7205,Jason Warner,Avaricia,100,1897-04-23,Inframundo,redimida
7206,Angela Duran,Pereza,98,1872-06-12,Inframundo,en proceso de tortura
7207,Brian Hernandez,Avaricia,14,1920-02-06,Inframundo,activa
7208,Gina Price,Ira,32,1950-06-23,Tierra,en proceso de tortura
7209,Jessica Brown,Pereza,9,1940-04-10,Limbo,redimida
7210,Amber Dickerson,Soberbia,52,2007-04-27,Sector 7G,redimida
7211,Anthony Owen,Soberbia,7,1864-09-23,Tierra,en proceso de tortura
7212,Brittany Wright,Ira,80,2023-10-25,Sector 7G,activa
7213,Mackenzie Brown MD,Lujuria,98,1935-09-30,Abismo,en proceso de tortura
7214,Robert Murphy,Gula,76,1948-10-15,Sector 7G,en proceso de tortura
7215,Matthew Hutchinson,Ira,100,1933-09-17,Abismo,en proceso de tortura
7216,Michelle Garner,Pereza,24,1893-12-23,Sector 7G,activa
7217,Andrew Collins,Ira,57,1827-07-07,Inframundo,redimida
7218,Allen Adams,Lujuria,29,1845-09-15,Abismo,redimida
7219,Gary Beck,Pereza,29,1946-07-01,Abismo,activa
7220,Drew Webb,Pereza,2,1941-10-02,Tierra,en proceso de tortura
7221,Sara Huerta,Pereza,39,1917-10-03,Limbo,en proceso de tortura
7222,Lori Lewis,Avaricia,33,1933-09-24,Sector 7G,activa
7223,Sarah Brewer,Pereza,26,1877-02-02,Abismo,activa
7224,Steven White,Pereza,18,1864-11-10,Pandemonium,activa
7225,Brandon Lang,Avaricia,94,1997-02-02,Sector 7G,activa
7226,Kirk Jenkins,Envidia,0,1927-12-04,Inframundo,redimida
7227,Collin Poole,Envidia,95,2018-01-20,Tierra,en proceso de tortura
7228,Darlene Taylor,Gula,70,1918-02-19,Sector 7G,en proceso de tortura
7229,Paul Jarvis,Ira,31,1973-04-19,Inframundo,activa
7230,Joseph Obrien,Pereza,29,2000-10-16,Limbo,activa
7231,Richard Howe,Avaricia,47,1932-02-15,Limbo,redimida
7232,Hannah Morris,Lujuria,55,2003-12-28,Tierra,redimida
7233,Bridget Washington,Gula,47,1883-05-22,Tierra,redimida
7234,Billy Smith,Gula,28,1990-02-19,Abismo,redimida
7235,Angela Jones,Gula,49,1864-09-26,Sector 7G,activa
7236,Tammy Watkins,Avaricia,94,1889-11-26,Pandemonium,activa
7237,Jennifer Hernandez,Avaricia,15,1921-11-19,Sector 7G,redimida
7238,Andrew Hoffman DDS,Gula,41,1849-09-26,Limbo,en proceso de tortura
7239,Brian Maxwell,Avaricia,0,1880-06-27,Sector 7G,activa
7240,Gregory Gould,Avaricia,94,1992-01-07,Tierra,en proceso de tortura
7241,Jonathan Cox Jr.,Ira,59,1840-02-10,Abismo,activa
7242,Michelle Brown,Gula,4,1964-07-22,Pandemonium,activa
7243,Leslie Rivera,Pereza,60,1879-04-27,Abismo,activa
7244,Lauren Martinez,Soberbia,54,1955-03-29,Tierra,activa
7245,Tanner Jackson,Envidia,63,1871-12-16,Abismo,activa
7246,Jonathan Martin,Avaricia,76,1958-03-11,Inframundo,redimida
7247,Michael Watts,Ira,78,1874-01-21,Sector 7G,en proceso de tortura
7248,Adam Hoffman,Gula,61,1892-01-25,Inframundo,en proceso de tortura
7249,Shannon Lee,Lujuria,77,1913-08-28,Sector 7G,redimida
7250,Maria Perez,Soberbia,100,1829-10-18,Tierra,redimida
7251,Ethan Atkinson,Avaricia,92,1918-05-03,Pandemonium,activa
7252,John Combs,Soberbia,39,1925-10-31,Tierra,redimida
7253,Joel Smith,Avaricia,50,1986-05-09,Inframundo,redimida
7254,Jessica Mann,Soberbia,18,1836-07-14,Inframundo,en proceso de tortura
7255,Tonya Davis,Ira,41,1924-03-11,Abismo,activa
7256,Christopher Bradford,Avaricia,36,1889-03-31,Inframundo,redimida
7257,Jennifer Johnston,Gula,79,1920-07-10,Limbo,activa
7258,Mr. Sean Hamilton,Ira,89,2001-04-12,Inframundo,en proceso de tortura
7259,Matthew Yoder,Avaricia,15,2003-12-28,Tierra,redimida
7260,Michael Green,Lujuria,53,1896-08-08,Inframundo,redimida
7261,Jeremy Haney,Envidia,18,1951-07-13,Sector 7G,redimida
7262,Dale Short,Envidia,9,1980-07-05,Abismo,redimida
7263,Harry Townsend,Gula,83,1833-08-15,Sector 7G,redimida
7264,Trevor Martin,Gula,68,1920-10-17,Sector 7G,en proceso de tortura
7265,Suzanne Smith,Envidia,12,1966-04-23,Inframundo,activa
7266,Jorge Boyd,Avaricia,46,1828-11-14,Pandemonium,activa
7267,George Kennedy,Lujuria,35,1982-06-14,Limbo,en proceso de tortura
7268,Mary Hancock,Gula,22,1870-08-30,Inframundo,activa
7269,Michael Moore,Gula,94,1951-10-26,Limbo,en proceso de tortura
7270,Scott Hooper,Gula,95,1899-11-03,Limbo,activa
7271,Samantha Young,Ira,88,1938-01-18,Tierra,en proceso de tortura
7272,Stephen Peters DVM,Envidia,46,1908-02-15,Pandemonium,activa
7273,Jillian Roberts,Avaricia,45,1967-11-08,Tierra,en proceso de tortura
7274,Eric Bowers,Ira,32,1844-10-18,Limbo,en proceso de tortura
7275,Barbara Newman,Lujuria,29,2002-05-13,Tierra,redimida
7276,Mathew Alexander,Envidia,70,1835-05-03,Limbo,en proceso de tortura
7277,Kelly Weaver,Pereza,92,1875-11-28,Inframundo,en proceso de tortura
7278,Gregory Jones,Gula,93,1826-07-25,Pandemonium,en proceso de tortura
7279,Ethan Beck,Ira,21,1868-05-08,Sector 7G,redimida
7280,Jacob Clark,Pereza,14,1846-10-10,Limbo,redimida
7281,Austin Frank,Avaricia,39,1863-08-01,Pandemonium,en proceso de tortura
7282,Douglas Walker,Soberbia,6,1919-07-18,Inframundo,redimida
7283,Stephen Rivers,Lujuria,76,1905-06-01,Sector 7G,redimida
7284,Jesus Le,Lujuria,11,1856-04-27,Pandemonium,en proceso de tortura
7285,Amanda Carter,Lujuria,5,1850-11-13,Sector 7G,en proceso de tortura
7286,Peter Olson,Lujuria,50,1917-10-20,Limbo,redimida
7287,Mitchell Hill,Lujuria,72,1922-05-31,Inframundo,activa
7288,Clinton Shaw,Pereza,2,1840-09-20,Pandemonium,en proceso de tortura
7289,Derek Moore,Pereza,68,1926-03-01,Pandemonium,redimida
7290,Kimberly Wilson,Ira,87,1936-05-01,Sector 7G,redimida
7291,Eric Gomez,Soberbia,36,2003-08-13,Inframundo,en proceso de tortura
7292,Emily Robinson,Gula,86,1964-12-11,Limbo,redimida
7293,Ann Levine,Lujuria,47,1969-10-09,Inframundo,activa
7294,Jason Cross,Soberbia,58,1868-12-28,Limbo,redimida
7295,Kevin Cordova,Avaricia,94,1867-08-19,Sector 7G,redimida
7296,Christopher Martin,Envidia,17,1889-01-15,Inframundo,activa
7297,Angela Harris,Pereza,28,1907-03-07,Tierra,en proceso de tortura
7298,Nathan Martinez,Lujuria,16,1962-12-02,Abismo,activa
7299,Bryan Walters,Pereza,70,1971-01-24,Pandemonium,redimida
7300,Debra Gardner,Envidia,50,1831-01-14,Pandemonium,en proceso de tortura
7301,Ryan Cherry,Pereza,50,1833-11-23,Tierra,redimida
7302,Shannon Stewart DDS,Pereza,55,1912-12-26,Limbo,en proceso de tortura
7303,Allison Murray,Avaricia,18,1945-01-30,Tierra,activa
7304,Denise Chavez,Pereza,33,1949-05-07,Tierra,redimida
7305,Brian Wright,Ira,25,1978-06-15,Limbo,en proceso de tortura
7306,Kristine Campbell,Pereza,35,1923-09-12,Limbo,activa
7307,Christopher Oliver,Pereza,97,1957-11-15,Inframundo,en proceso de tortura
7308,John May,Ira,32,1905-11-30,Sector 7G,en proceso de tortura
7309,William Cantu,Soberbia,14,1854-03-05,Pandemonium,en proceso de tortura
7310,Larry Mcgrath,Lujuria,35,1910-04-29,Sector 7G,en proceso de tortura
7311,Emily Coleman,Soberbia,45,1998-11-12,Abismo,en proceso de tortura
7312,Gavin Wagner,Avaricia,90,1968-09-14,Abismo,redimida
7313,Stephanie Thomas,Lujuria,53,1995-12-20,Tierra,activa
7314,Andrew Davila,Lujuria,14,1840-03-06,Inframundo,activa
7315,Brianna Wheeler,Soberbia,40,1963-01-17,Abismo,activa
7316,Jason Caldwell,Lujuria,6,2023-06-01,Abismo,redimida
7317,Sarah Vasquez,Envidia,49,1904-08-27,Abismo,activa
7318,Jamie Hamilton,Lujuria,66,1973-10-07,Abismo,en proceso de tortura
7319,Gary Richardson,Avaricia,51,1933-12-26,Abismo,activa
7320,Kevin Gonzalez,Pereza,38,2003-12-28,Limbo,redimida
7321,Robert Oliver,Soberbia,81,1977-04-25,Inframundo,redimida
7322,Jennifer Scott,Envidia,8,1859-09-14,Sector 7G,activa
7323,Lynn Anderson,Soberbia,59,1971-12-06,Pandemonium,redimida
7324,Brian Obrien,Soberbia,72,1866-11-13,Limbo,en proceso de tortura
7325,Eddie Dickson,Gula,19,1988-11-25,Abismo,redimida
7326,Phyllis Perez,Envidia,48,1991-08-17,Sector 7G,activa
7327,Melissa Thompson,Gula,46,2021-01-29,Sector 7G,redimida
7328,Robert Crawford,Ira,32,1959-06-05,Sector 7G,redimida
7329,Barry Williams,Ira,69,1946-08-27,Sector 7G,en proceso de tortura
7330,Christian Hughes,Avaricia,50,1841-09-04,Inframundo,activa
7331,William Graves,Lujuria,52,1854-06-06,Abismo,redimida
7332,Brian Cannon,Pereza,35,1847-06-19,Limbo,activa
7333,Holly Cantu,Soberbia,21,1834-08-15,Limbo,en proceso de tortura
7334,Mariah Crawford,Envidia,22,2000-04-23,Inframundo,redimida
7335,Jimmy Fisher,Avaricia,91,1999-10-07,Limbo,activa
7336,Brian Suarez,Envidia,53,1924-05-23,Sector 7G,en proceso de tortura
7337,Ryan Brown,Gula,75,1884-07-05,Inframundo,en proceso de tortura
7338,Clinton Huber,Pereza,31,1943-05-24,Sector 7G,redimida
7339,Michael Cooper,Pereza,44,1966-04-20,Sector 7G,en proceso de tortura
7340,Justin Perez,Lujuria,64,1871-05-16,Inframundo,activa
7341,Steven Perez,Pereza,80,1862-05-17,Sector 7G,en proceso de tortura
7342,Joshua Greene,Gula,33,1835-03-29,Abismo,activa
7343,Lucas Garrett,Gula,95,1899-08-14,Limbo,redimida
7344,Angelica Jones,Gula,2,1872-05-11,Abismo,activa
7345,Zachary Hernandez,Soberbia,0,1977-02-21,Sector 7G,activa
7346,Jessica Moody,Soberbia,48,1926-05-09,Abismo,redimida
7347,Nicole Murphy,Envidia,87,1961-05-02,Sector 7G,en proceso de tortura
7348,Shawn Conley,Gula,4,1924-01-06,Tierra,redimida
7349,Ashley Pratt,Lujuria,17,1964-02-08,Tierra,redimida
7350,Tiffany Brown,Lujuria,82,1842-02-27,Pandemonium,en proceso de tortura
7351,Christopher Rhodes,Pereza,89,1845-05-29,Limbo,activa
7352,Anna Ford,Pereza,69,2002-05-25,Sector 7G,en proceso de tortura
7353,Rick Martinez,Gula,91,1956-09-05,Limbo,en proceso de tortura
7354,Christopher Hamilton,Pereza,76,1871-10-21,Abismo,activa
7355,Carmen Bond,Gula,41,1940-01-25,Sector 7G,activa
7356,Thomas Ortega,Avaricia,81,1867-03-07,Sector 7G,redimida
7357,Thomas Crawford,Soberbia,44,1836-03-27,Sector 7G,activa
7358,Virginia Wright,Pereza,58,1929-02-05,Limbo,en proceso de tortura
7359,Patrick Lloyd,Lujuria,45,1957-08-10,Pandemonium,activa
7360,Kelly Morrison,Soberbia,56,1914-07-24,Pandemonium,activa
7361,Raymond Riley,Lujuria,78,1881-10-09,Inframundo,redimida
7362,Mary Miller,Avaricia,66,1937-02-07,Pandemonium,redimida
7363,Catherine Martinez,Pereza,71,1834-06-14,Sector 7G,redimida
7364,Christopher Thompson,Envidia,5,1948-08-30,Sector 7G,activa
7365,Gregory Smith,Avaricia,36,1829-01-09,Pandemonium,activa
7366,Susan Abbott,Pereza,45,1997-01-10,Inframundo,activa
7367,Timothy Ellison,Envidia,25,2007-06-19,Tierra,activa
7368,Jonathan Michael,Soberbia,41,1914-04-23,Tierra,redimida
7369,William Valdez,Ira,46,1999-09-24,Abismo,activa
7370,Curtis Lee,Pereza,86,1991-01-09,Tierra,redimida
7371,Heather Lynch,Lujuria,92,1889-02-25,Limbo,en proceso de tortura
7372,Hector Fitzpatrick,Ira,0,1937-02-13,Tierra,en proceso de tortura
7373,Travis Carr,Gula,99,1866-08-02,Tierra,activa
7374,Debra Stewart,Avaricia,75,1951-12-11,Limbo,activa
7375,Todd Garcia,Ira,84,1932-01-31,Pandemonium,activa
7376,Stephanie Taylor,Pereza,95,1951-05-21,Inframundo,en proceso de tortura
7377,Hector Lamb,Ira,32,1850-11-14,Sector 7G,en proceso de tortura
7378,Christopher Curtis,Ira,84,1858-10-26,Tierra,en proceso de tortura
7379,Jessica Rodriguez,Pereza,36,1973-04-11,Pandemonium,en proceso de tortura
7380,Laura Woods,Lujuria,64,1866-10-14,Abismo,redimida
7381,Benjamin Weeks Jr.,Lujuria,41,1867-12-17,Limbo,activa
7382,Brittany Miller,Envidia,46,1891-12-11,Tierra,redimida
7383,Carla King,Avaricia,40,1906-12-23,Limbo,en proceso de tortura
7384,James Lutz,Soberbia,80,1992-10-18,Abismo,activa
7385,Theodore Curtis,Gula,50,1974-07-16,Abismo,activa
7386,Brett Medina,Pereza,91,1964-03-23,Pandemonium,en proceso de tortura
7387,Margaret Russell,Pereza,7,2012-02-29,Limbo,en proceso de tortura
7388,Jacqueline Lewis,Lujuria,1,1874-03-04,Abismo,activa
7389,Jessica Watts,Ira,98,1960-10-28,Tierra,en proceso de tortura
7390,Jose Jones,Gula,42,1898-05-27,Sector 7G,redimida
7391,Connor Hill,Ira,12,1926-02-05,Sector 7G,en proceso de tortura
7392,Stephen Taylor,Envidia,36,1991-01-06,Pandemonium,redimida
7393,Brian Morales,Ira,3,1947-11-11,Tierra,en proceso de tortura
7394,Danielle Edwards,Pereza,24,2003-12-28,Sector 7G,en proceso de tortura
7395,Kathryn Sellers,Soberbia,91,2023-10-28,Abismo,en proceso de tortura
7396,George Baker,Ira,76,1849-09-25,Inframundo,en proceso de tortura
7397,Samantha Gomez,Pereza,24,1861-05-02,Inframundo,en proceso de tortura
7398,Wendy Graves,Pereza,45,1842-06-17,Limbo,activa
7399,Charles Larsen,Lujuria,85,2003-02-18,Abismo,activa
7400,Kenneth Simon,Pereza,55,1868-02-12,Sector 7G,activa
7401,Jackie Knight,Pereza,38,1983-02-26,Abismo,activa
7402,Douglas Hunt,Ira,59,1953-05-12,Abismo,activa
7403,Michelle Johnson,Avaricia,60,1925-12-11,Pandemonium,activa
7404,Jay Chase,Lujuria,78,1910-08-25,Sector 7G,redimida
7405,Stephanie Smith,Avaricia,27,2014-12-13,Pandemonium,redimida
7406,Miss Krista Wallace MD,Envidia,58,1840-06-12,Inframundo,en proceso de tortura
7407,Jane Johnson,Lujuria,58,1903-01-24,Limbo,activa
7408,James Bryan,Gula,39,1967-04-02,Abismo,redimida
7409,Vanessa Russell,Ira,93,1915-05-08,Limbo,redimida
7410,David Jackson,Envidia,18,1843-08-19,Abismo,en proceso de tortura
7411,Brian Barajas,Pereza,85,2008-05-15,Limbo,activa
7412,Jon Sanders,Avaricia,18,1926-11-24,Tierra,en proceso de tortura
7413,Michael Price,Lujuria,53,1867-08-29,Pandemonium,activa
7414,Justin Hartman,Pereza,70,1905-12-18,Abismo,activa
7415,Stephen Mendoza,Lujuria,63,2024-12-14,Inframundo,activa
7416,Mario Strickland,Envidia,93,1980-01-01,Sector 7G,en proceso de tortura
7417,Holly Roberts,Pereza,45,1915-02-12,Limbo,activa
7418,Daniel Parker,Avaricia,87,1882-06-28,Abismo,activa
7419,Adam Sanders,Avaricia,37,1872-10-13,Abismo,activa
7420,Ronnie Maldonado,Ira,18,1911-09-13,Pandemonium,activa
7421,Danielle Downs,Pereza,35,1903-04-29,Tierra,redimida
7422,Jeffrey Jones II,Avaricia,50,1857-10-16,Pandemonium,redimida
7423,Mark Brooks,Avaricia,26,1826-08-26,Pandemonium,redimida
7424,Christopher Gonzales,Avaricia,96,1989-01-15,Tierra,redimida
7425,Mark Burke,Envidia,68,1969-01-08,Inframundo,redimida
7426,Jennifer Christian,Gula,59,1982-08-15,Inframundo,activa
7427,Douglas Allen,Pereza,99,1976-11-29,Sector 7G,activa
7428,Jeremy Morales,Ira,88,1935-08-29,Pandemonium,en proceso de tortura
7429,Allen Love,Lujuria,91,1919-09-17,Inframundo,en proceso de tortura
7430,Craig Green,Soberbia,95,1949-12-16,Inframundo,activa
7431,Dawn Clark,Lujuria,100,1827-05-21,Limbo,redimida
7432,Ashley Brown,Pereza,33,1925-03-26,Pandemonium,en proceso de tortura
7433,Erin Williams,Avaricia,63,1935-03-17,Abismo,redimida
7434,Tracey Wright,Ira,17,2007-02-11,Pandemonium,redimida
7435,Brian Owens,Ira,86,1851-09-18,Inframundo,activa
7436,Sarah Johns,Soberbia,84,1877-10-14,Tierra,redimida
7437,Edward Davis,Pereza,47,1872-05-12,Abismo,en proceso de tortura
7438,Edward Burke,Soberbia,85,2002-04-19,Pandemonium,redimida
7439,Ashley Sharp,Pereza,53,1833-06-26,Abismo,en proceso de tortura
7440,Keith Crawford,Lujuria,27,1911-12-16,Pandemonium,redimida
7441,Ronald Baker,Envidia,70,1891-09-22,Inframundo,redimida
7442,Sandra Mccall,Pereza,23,2016-04-16,Inframundo,activa
7443,David Miller,Ira,45,1857-07-30,Limbo,redimida
7444,Barbara Cook,Lujuria,44,1961-03-19,Limbo,redimida
7445,Sarah Braun,Envidia,39,1896-01-20,Sector 7G,activa
7446,James Young,Gula,32,1869-12-04,Abismo,en proceso de tortura
7447,Frank Gonzalez,Envidia,57,1912-04-07,Sector 7G,activa
7448,Robert Peterson,Pereza,72,1907-07-23,Inframundo,en proceso de tortura
7449,Kristina Roberts,Pereza,49,1968-11-03,Inframundo,activa
7450,Jessica Salazar,Ira,15,1841-10-28,Limbo,activa
7451,Nicholas Vincent,Soberbia,96,1866-06-19,Tierra,redimida
7452,Holly Whitney,Lujuria,61,1879-01-02,Pandemonium,activa
7453,Leslie Williams,Pereza,89,1957-12-03,Tierra,redimida
7454,Laura Phillips,Ira,90,1846-05-21,Abismo,en proceso de tortura
7455,Jennifer Greene,Pereza,84,1962-03-09,Inframundo,redimida
7456,Amber Woodard,Gula,22,1857-06-10,Limbo,redimida
7457,Jennifer Johnson,Pereza,84,1903-06-14,Limbo,en proceso de tortura
7458,Sandra Moore,Gula,11,1974-09-12,Abismo,redimida
7459,Jesus Gomez,Lujuria,37,1976-03-03,Limbo,en proceso de tortura
7460,Molly Walls,Soberbia,61,1911-11-19,Pandemonium,activa
7461,Shirley Stewart,Lujuria,86,1902-07-30,Abismo,activa
7462,David Allen,Ira,14,1942-03-12,Inframundo,redimida
7463,Louis Bryant,Envidia,82,1833-09-19,Pandemonium,activa
7464,Christopher Fitzgerald,Ira,92,1939-07-21,Inframundo,redimida
7465,Meredith Tran,Ira,33,1831-11-29,Inframundo,activa
7466,Christopher Reyes,Ira,66,1832-06-22,Sector 7G,redimida
7467,Jacob Gomez,Envidia,99,2024-05-22,Sector 7G,en proceso de tortura
7468,Mary Shah,Pereza,6,2007-03-23,Pandemonium,redimida
7469,Matthew Pennington,Soberbia,100,1964-12-13,Inframundo,redimida
7470,Catherine Tyler,Gula,28,1970-09-26,Limbo,en proceso de tortura
7471,Zachary Wise,Pereza,87,1885-11-27,Inframundo,redimida
7472,Jodi Wright,Lujuria,69,1888-09-03,Tierra,en proceso de tortura
7473,Evan Parker,Envidia,34,1875-05-12,Pandemonium,en proceso de tortura
7474,Melissa Conley,Lujuria,61,1997-01-23,Sector 7G,en proceso de tortura
7475,David King,Avaricia,26,1904-05-09,Abismo,redimida
7476,Kevin Landry,Gula,46,1887-10-27,Tierra,activa
7477,William Bean,Gula,39,1893-10-29,Pandemonium,redimida
7478,Peter Jackson,Pereza,81,1830-09-19,Abismo,activa
7479,Drew Smith,Pereza,29,1910-12-21,Sector 7G,redimida
7480,Kenneth Vega,Pereza,58,1850-10-21,Pandemonium,activa
7481,Joseph Boyle,Envidia,14,1879-08-28,Abismo,activa
7482,Joseph Nichols,Gula,11,1879-02-14,Limbo,en proceso de tortura
7483,Mr. Jesse Lopez,Soberbia,65,1867-04-20,Sector 7G,en proceso de tortura
7484,Mary King,Envidia,99,1919-09-26,Inframundo,redimida
7485,Jennifer Taylor,Gula,93,1922-05-09,Sector 7G,en proceso de tortura
7486,Timothy Williams,Envidia,48,2020-06-27,Sector 7G,en proceso de tortura
7487,Megan Pennington,Avaricia,12,1895-12-21,Pandemonium,activa
7488,Reginald Walker,Soberbia,5,1967-09-16,Limbo,redimida
7489,Jason Becker,Lujuria,6,1994-08-25,Sector 7G,redimida
7490,Philip King,Avaricia,69,1910-12-12,Inframundo,activa
7491,Joseph Doyle Jr.,Pereza,88,1838-03-03,Tierra,en proceso de tortura
7492,Travis Ray,Envidia,34,2003-08-01,Inframundo,redimida
7493,Tiffany Knight,Soberbia,48,1900-11-05,Abismo,activa
7494,Alexander Fields,Lujuria,41,1854-10-08,Pandemonium,en proceso de tortura
7495,Andre Smith,Lujuria,53,2010-07-08,Limbo,redimida
7496,Andrea Weaver,Gula,54,1922-10-29,Limbo,activa
7497,Alison Atkins,Avaricia,80,1892-04-06,Sector 7G,redimida
7498,Lindsey Mueller,Ira,3,2016-12-21,Pandemonium,en proceso de tortura
7499,Todd Daugherty,Ira,95,2003-12-28,Abismo,en proceso de tortura
7500,Justin Cole,Lujuria,60,1933-02-06,Tierra,redimida
7501,Ashley Price,Avaricia,100,1979-07-05,Abismo,redimida
7502,Jeffrey Ortiz,Avaricia,89,2003-03-01,Inframundo,redimida
7503,Johnny Perry,Gula,2,2019-03-19,Limbo,activa
7504,Karen Rowe,Avaricia,55,2003-12-28,Limbo,redimida
7505,Laura Weaver,Pereza,73,1858-11-29,Limbo,en proceso de tortura
7506,Rebecca Boyd,Avaricia,68,1914-03-31,Tierra,redimida
7507,Lisa Bruce,Pereza,91,1865-08-12,Pandemonium,redimida
7508,Adam Thompson,Envidia,32,1981-06-28,Limbo,redimida
7509,Cynthia Obrien,Pereza,51,2003-12-28,Tierra,redimida
7510,Melissa Bailey,Pereza,84,1854-10-18,Abismo,en proceso de tortura
7511,Joel Baker,Pereza,91,1862-02-25,Abismo,redimida
7512,Ronald Savage,Lujuria,51,1857-06-26,Sector 7G,en proceso de tortura
7513,Richard Jimenez,Avaricia,7,1894-01-27,Tierra,activa
7514,Laura Brock,Envidia,5,1865-01-15,Inframundo,activa
7515,Samuel Ball,Pereza,59,2003-12-28,Tierra,activa
7516,Paul Smith,Avaricia,37,1917-12-08,Sector 7G,en proceso de tortura
7517,Ashley Villarreal,Lujuria,72,2006-06-01,Abismo,redimida
7518,Melissa Johnson,Soberbia,47,1857-09-08,Pandemonium,activa
7519,Linda Quinn,Lujuria,12,1945-06-26,Pandemonium,redimida
7520,Angela Valentine,Lujuria,92,1954-05-30,Abismo,redimida
7521,Sabrina Martin,Soberbia,35,1972-06-04,Inframundo,en proceso de tortura
7522,Dana Guzman,Gula,30,1993-03-28,Abismo,activa
7523,Michele Brooks,Soberbia,69,1937-10-31,Limbo,en proceso de tortura
7524,Amber Flynn,Soberbia,76,1980-12-04,Pandemonium,activa
7525,Jean Hart,Avaricia,94,1930-04-06,Limbo,en proceso de tortura
7526,Gabriella Vang,Gula,80,1925-04-09,Limbo,en proceso de tortura
7527,Jerry Webb,Envidia,35,1917-03-03,Pandemonium,en proceso de tortura
7528,Kelly Neal,Soberbia,66,2019-09-25,Pandemonium,redimida
7529,Adrian Grant,Ira,34,1826-09-30,Inframundo,en proceso de tortura
7530,Anthony Bowen,Avaricia,74,2025-03-07,Sector 7G,activa
7531,Kevin Bell,Pereza,46,2007-08-01,Sector 7G,en proceso de tortura
7532,Wendy Campbell,Lujuria,65,1923-06-15,Inframundo,redimida
7533,Crystal Wade,Lujuria,89,1832-12-12,Pandemonium,redimida
7534,Brian Wilkinson,Avaricia,80,2020-04-22,Tierra,redimida
7535,Mr. Bill Wells,Ira,12,1884-07-10,Tierra,activa
7536,Jason Stone,Lujuria,74,1956-10-13,Abismo,activa
7537,Allison Wu,Envidia,69,1984-04-03,Pandemonium,en proceso de tortura
7538,Dustin Gomez,Lujuria,81,1844-02-28,Sector 7G,activa
7539,Amy Moore,Lujuria,40,1840-04-25,Tierra,en proceso de tortura
7540,Karen Frederick,Envidia,83,1940-03-20,Sector 7G,en proceso de tortura
7541,Rodney Owen,Gula,59,2022-12-05,Tierra,activa
7542,Tricia Moran,Envidia,58,1861-12-31,Limbo,redimida
7543,Christian Riggs MD,Envidia,22,1873-09-16,Sector 7G,en proceso de tortura
7544,Dave Peters,Gula,81,1847-05-22,Sector 7G,en proceso de tortura
7545,Donna Fisher,Avaricia,83,1913-08-05,Limbo,en proceso de tortura
7546,Jimmy Brooks,Lujuria,88,1891-11-10,Abismo,activa
7547,Brandy Smith,Soberbia,13,1907-08-07,Tierra,en proceso de tortura
7548,Mr. Charles Hall,Lujuria,50,1914-06-16,Sector 7G,activa
7549,Corey Crawford,Lujuria,72,1832-01-17,Sector 7G,activa
7550,William Anderson,Pereza,21,1966-11-24,Abismo,activa
7551,Michelle Anderson,Envidia,6,1949-09-23,Tierra,en proceso de tortura
7552,Thomas Mitchell,Avaricia,54,1828-10-25,Tierra,en proceso de tortura
7553,Victoria Ward,Envidia,66,1853-05-19,Pandemonium,redimida
7554,Wesley Conner,Pereza,7,1914-01-05,Limbo,en proceso de tortura
7555,Frank Martin,Soberbia,91,2001-10-31,Sector 7G,en proceso de tortura
7556,Derrick Rodriguez,Soberbia,76,1976-07-21,Pandemonium,activa
7557,Grace Carter,Envidia,18,1842-10-22,Tierra,en proceso de tortura
7558,Michael Cannon DDS,Avaricia,51,1906-01-24,Inframundo,activa
7559,David Cortez,Ira,21,1832-07-03,Inframundo,en proceso de tortura
7560,Amber Goodwin,Soberbia,61,1991-07-09,Tierra,redimida
7561,Maxwell Farmer,Ira,21,1924-05-19,Tierra,en proceso de tortura
7562,Billy Lamb,Gula,16,1963-02-17,Sector 7G,redimida
7563,Jessica Ibarra,Avaricia,77,1846-08-04,Tierra,en proceso de tortura
7564,Amanda Anderson,Envidia,50,1953-02-10,Sector 7G,en proceso de tortura
7565,Brianna Lynn,Envidia,18,2010-05-29,Abismo,redimida
7566,William Maddox,Envidia,50,1908-08-08,Sector 7G,en proceso de tortura
7567,Joshua Davis,Gula,49,2003-12-28,Abismo,redimida
7568,Michelle Smith,Ira,34,1852-06-21,Sector 7G,redimida
7569,Colton Ward,Avaricia,20,1934-04-21,Limbo,redimida
7570,Eric Nelson,Envidia,20,1935-03-04,Limbo,activa
7571,Jennifer Molina,Avaricia,58,1836-04-18,Limbo,redimida
7572,Nicole Arnold,Gula,86,1922-03-21,Limbo,activa
7573,Sharon Blackburn,Lujuria,97,1930-06-15,Abismo,redimida
7574,Andrea White,Ira,36,1911-03-20,Inframundo,redimida
7575,Shirley Harvey,Gula,86,2009-05-01,Limbo,activa
7576,Katie Jones,Soberbia,53,1965-10-02,Inframundo,redimida
7577,Todd Webb,Avaricia,83,1939-05-15,Abismo,activa
7578,Julie Huff,Ira,69,1999-11-06,Inframundo,activa
7579,Christine Vasquez,Pereza,57,1852-10-15,Inframundo,redimida
7580,Jacqueline Erickson,Gula,83,1837-03-23,Abismo,redimida
7581,Sarah Huber,Gula,39,1857-06-11,Tierra,redimida
7582,James Reed,Soberbia,60,2003-12-28,Limbo,activa
7583,Michelle Davis,Gula,16,1948-06-27,Inframundo,redimida
7584,Seth Lee,Pereza,90,1837-06-28,Limbo,activa
7585,Randall Jacobson,Gula,83,1955-08-01,Sector 7G,activa
7586,Melissa Turner,Soberbia,29,1925-07-27,Limbo,en proceso de tortura
7587,Brandon Sutton,Lujuria,71,1840-09-05,Inframundo,activa
7588,Jade Meyer,Ira,89,1987-12-03,Tierra,redimida
7589,Jeremy Smith,Avaricia,86,2017-01-23,Inframundo,redimida
7590,Troy Dunn,Gula,33,1988-10-22,Abismo,en proceso de tortura
7591,Tony Hamilton,Ira,18,1877-09-03,Inframundo,activa
7592,Brittany Hampton,Lujuria,13,1846-02-10,Abismo,en proceso de tortura
7593,Bryan Murillo PhD,Pereza,7,1962-05-20,Tierra,en proceso de tortura
7594,Robert Williams,Ira,39,1885-05-28,Sector 7G,en proceso de tortura
7595,Elizabeth Blackburn,Lujuria,47,1913-02-16,Pandemonium,redimida
7596,Paul Boyd,Gula,45,1968-08-26,Sector 7G,activa
7597,Daniel Wells,Avaricia,92,2000-02-14,Abismo,redimida
7598,Elizabeth Mcdaniel,Pereza,86,1955-11-16,Sector 7G,en proceso de tortura
7599,Stephen Lynch,Lujuria,18,1927-05-11,Tierra,redimida
7600,Jared Brown,Envidia,8,1971-05-05,Abismo,activa
7601,Tonya Brown,Avaricia,99,1942-02-08,Sector 7G,activa
7602,John Baker,Ira,15,1842-10-29,Abismo,en proceso de tortura
7603,Jacqueline Jackson,Gula,6,2005-09-29,Inframundo,activa
7604,Kim Arnold,Gula,11,1881-01-24,Sector 7G,redimida
7605,Brian Woods,Pereza,81,1841-07-10,Pandemonium,activa
7606,Christina Lee,Soberbia,5,1839-01-04,Sector 7G,activa
7607,Mrs. Kimberly Wright MD,Pereza,91,1932-02-01,Sector 7G,en proceso de tortura
7608,Robert Turner,Ira,79,1841-10-06,Pandemonium,redimida
7609,Alexis Hodges,Avaricia,43,2016-08-12,Limbo,en proceso de tortura
7610,Thomas Leon,Ira,7,1835-01-05,Inframundo,en proceso de tortura
7611,John Mendez,Envidia,70,1936-07-05,Pandemonium,redimida
7612,Jeffrey Williams,Lujuria,100,1973-05-23,Tierra,en proceso de tortura
7613,Gregory Sanchez,Avaricia,54,2023-07-01,Pandemonium,redimida
7614,Debra Powers,Avaricia,48,1930-08-31,Pandemonium,en proceso de tortura
7615,Rebecca Barnes,Lujuria,15,1902-06-18,Limbo,activa
7616,Juan Bowen,Lujuria,13,1973-09-29,Abismo,activa
7617,Natalie Case,Avaricia,3,2009-01-24,Limbo,redimida
7618,Kenneth Mejia,Gula,76,1941-12-10,Pandemonium,redimida
7619,Lacey Moore,Soberbia,36,1913-10-06,Inframundo,activa
7620,Ruth Harris,Avaricia,53,1834-01-02,Inframundo,redimida
7621,Christina Weaver,Avaricia,87,2006-04-08,Abismo,redimida
7622,Joan Smith MD,Lujuria,100,1961-12-19,Limbo,redimida
7623,Michael Mann,Ira,11,1943-11-18,Pandemonium,redimida
7624,Robert Medina,Soberbia,12,1977-12-20,Tierra,en proceso de tortura
7625,David Garcia,Avaricia,31,1932-12-25,Limbo,activa
7626,Laura Henderson,Ira,21,2007-03-13,Abismo,en proceso de tortura
7627,Andrea Nguyen,Ira,70,2022-04-19,Tierra,activa
7628,Samuel Dean,Avaricia,30,1964-07-12,Inframundo,activa
7629,Maria Holt,Pereza,95,1904-07-23,Tierra,redimida
7630,Eric Moyer,Gula,24,2013-03-30,Abismo,redimida
7631,Brooke Hayes,Ira,39,1892-04-29,Limbo,en proceso de tortura
7632,Andrew Gomez,Pereza,79,1889-12-02,Pandemonium,en proceso de tortura
7633,Kevin Wang,Avaricia,51,2024-05-23,Sector 7G,en proceso de tortura
7634,Jasmine Sanders,Pereza,43,1863-01-25,Tierra,activa
7635,Matthew Herrera,Envidia,11,1855-06-05,Limbo,redimida
7636,Adam Alvarez,Soberbia,59,1992-02-08,Inframundo,activa
7637,Carol Garcia,Soberbia,29,1855-10-19,Pandemonium,redimida
7638,Elizabeth Henry,Avaricia,2,1940-02-03,Inframundo,en proceso de tortura
7639,Harold Lewis,Gula,50,2012-09-23,Sector 7G,en proceso de tortura
7640,Rhonda Wu,Lujuria,29,1943-08-29,Tierra,redimida
7641,Michael Jones,Ira,100,1894-05-05,Sector 7G,en proceso de tortura
7642,Gregory Meyer,Lujuria,25,1841-02-17,Limbo,activa
7643,Judy Schmidt,Soberbia,76,1872-10-01,Tierra,en proceso de tortura
7644,Billy Patton,Avaricia,72,1973-09-17,Tierra,redimida
7645,Tammy Richards,Soberbia,18,1864-08-18,Inframundo,redimida
7646,Victoria Hernandez,Avaricia,28,2024-04-19,Limbo,redimida
7647,Nicholas Hunt,Ira,23,1872-05-02,Abismo,activa
7648,Mary Guerra,Pereza,17,1856-11-10,Tierra,en proceso de tortura
7649,Jennifer Anderson,Envidia,70,1979-01-07,Sector 7G,redimida
7650,Michael Richards,Lujuria,0,1890-02-06,Sector 7G,activa
7651,Erin Vang,Gula,73,1943-08-06,Sector 7G,activa
7652,Taylor Cooper DDS,Envidia,49,1899-03-01,Sector 7G,redimida
7653,Lisa Kane,Envidia,29,1845-09-17,Inframundo,en proceso de tortura
7654,Julie Snyder,Pereza,59,1911-09-14,Inframundo,activa
7655,Tyler Simmons,Pereza,16,1982-05-05,Abismo,activa
7656,Tina Mathis,Avaricia,69,1998-11-05,Pandemonium,activa
7657,Michael Harris,Envidia,84,2008-06-22,Sector 7G,activa
7658,William Charles,Ira,83,1964-01-08,Pandemonium,redimida
7659,Paul Stanley,Gula,58,1885-02-14,Limbo,en proceso de tortura
7660,Juan Peterson,Lujuria,42,1874-08-31,Sector 7G,en proceso de tortura
7661,Emily Sparks,Pereza,64,1860-10-28,Abismo,redimida
7662,Cassandra Guerrero,Avaricia,5,1931-12-12,Limbo,redimida
7663,Kevin Clark Jr.,Lujuria,57,2018-07-17,Pandemonium,en proceso de tortura
7664,Samantha Mack,Pereza,38,1923-01-31,Sector 7G,redimida
7665,Tina Walker,Lujuria,6,1887-05-17,Limbo,activa
7666,Mr. Christopher Morris DDS,Ira,80,1887-09-11,Abismo,activa
7667,Julie Clarke,Soberbia,22,1904-03-09,Limbo,en proceso de tortura
7668,Victoria Meza,Pereza,63,1839-05-19,Limbo,activa
7669,Michael Gonzalez,Pereza,34,2012-12-05,Sector 7G,activa
7670,Timothy Smith,Gula,0,1883-04-19,Inframundo,en proceso de tortura
7671,Roger Payne,Envidia,44,2003-12-28,Tierra,en proceso de tortura
7672,Tanya Castillo,Pereza,67,2008-01-12,Sector 7G,en proceso de tortura
7673,Melissa Gonzalez,Gula,53,1831-10-22,Pandemonium,activa
7674,Darlene Wiggins,Ira,15,1923-12-14,Limbo,activa
7675,John Aguirre,Avaricia,85,2012-07-17,Inframundo,redimida
7676,Barry Harvey,Ira,84,1874-08-15,Sector 7G,redimida
7677,Kristen Smith,Soberbia,63,2016-12-18,Abismo,activa
7678,Philip Pierce,Soberbia,27,1995-05-17,Sector 7G,en proceso de tortura
7679,Courtney Cruz,Gula,49,1920-02-05,Sector 7G,redimida
7680,Rebecca Christian,Pereza,2,1920-07-12,Abismo,en proceso de tortura
7681,Sharon Ponce,Ira,16,1939-10-31,Pandemonium,activa
7682,Bradley Garcia,Soberbia,1,1992-03-31,Sector 7G,en proceso de tortura
7683,Sydney Camacho,Pereza,64,1856-02-24,Tierra,activa
7684,Elizabeth White,Envidia,39,1851-09-27,Sector 7G,activa
7685,Patrick Padilla,Soberbia,91,1854-09-21,Sector 7G,activa
7686,Beth Davis,Avaricia,76,1888-11-01,Pandemonium,activa
7687,Jose Collins,Soberbia,52,1905-10-21,Pandemonium,en proceso de tortura
7688,Shelley Gregory,Avaricia,52,1863-10-28,Limbo,redimida
7689,Courtney Sullivan,Envidia,47,1857-10-13,Limbo,activa
7690,Mrs. Autumn Terrell,Lujuria,85,1940-06-01,Limbo,activa
7691,Autumn Blanchard,Gula,78,1901-04-06,Inframundo,en proceso de tortura
7692,Tyler Flores,Gula,13,1888-03-19,Inframundo,activa
7693,Albert Todd,Soberbia,45,1906-04-25,Limbo,activa
7694,Charles Parker,Lujuria,19,1865-12-24,Tierra,redimida
7695,James Hart,Pereza,75,1891-07-14,Pandemonium,activa
7696,Christian Russell,Ira,35,1887-11-14,Inframundo,activa
7697,Darren White,Lujuria,63,1942-10-14,Limbo,en proceso de tortura
7698,Donald Roberts,Ira,15,1941-09-22,Abismo,en proceso de tortura
7699,Eric Valenzuela,Ira,99,1968-03-17,Inframundo,redimida
7700,Ana Wilson,Envidia,73,2018-05-26,Limbo,en proceso de tortura
7701,Mitchell Bowen,Soberbia,84,1847-08-19,Tierra,activa
7702,Clinton Thompson,Avaricia,62,2003-12-28,Inframundo,en proceso de tortura
7703,Matthew Mcmillan,Lujuria,86,1848-12-20,Inframundo,activa
7704,Allen Hill,Avaricia,50,1844-06-09,Inframundo,activa
7705,Wendy Young,Ira,2,2018-02-13,Limbo,redimida
7706,Thomas Hernandez,Lujuria,65,2025-10-01,Abismo,activa
7707,Brenda Boyd,Pereza,68,2021-10-11,Abismo,activa
7708,Michelle Castillo,Gula,11,1999-02-25,Pandemonium,activa
7709,Adam Johnson,Envidia,25,2003-12-28,Abismo,en proceso de tortura
7710,Jason Bentley,Envidia,10,1954-06-13,Inframundo,en proceso de tortura
7711,David Alvarado,Soberbia,69,1900-07-27,Limbo,activa
7712,Shawn Burgess,Soberbia,56,1896-03-08,Abismo,en proceso de tortura
7713,Katherine Coleman,Lujuria,63,1986-05-09,Inframundo,activa
7714,Jeffrey Chavez,Pereza,94,2001-10-24,Abismo,redimida
7715,Matthew Williams,Soberbia,1,1961-12-09,Abismo,en proceso de tortura
7716,Christopher Brown,Ira,93,2011-10-02,Limbo,activa
7717,Kelly Cherry,Lujuria,80,1924-06-08,Pandemonium,redimida
7718,James Ray,Avaricia,68,1915-04-17,Abismo,en proceso de tortura
7719,Emily Jarvis,Avaricia,54,1879-09-04,Limbo,activa
7720,Tonya Bell,Lujuria,4,1891-03-15,Sector 7G,en proceso de tortura
7721,Taylor Meyers,Pereza,43,1965-06-20,Limbo,en proceso de tortura
7722,Benjamin Williams,Gula,38,1852-07-13,Sector 7G,en proceso de tortura
7723,Hayley Jones,Pereza,8,1948-08-15,Sector 7G,redimida
7724,Sarah Baxter,Ira,42,1899-08-15,Pandemonium,redimida
7725,Frank Robertson,Lujuria,50,1908-04-23,Tierra,en proceso de tortura
7726,Sara Meyer,Lujuria,43,1995-07-11,Tierra,activa
7727,Michelle Sutton,Envidia,31,1885-02-15,Abismo,en proceso de tortura
7728,Kelly Rodriguez,Pereza,73,1910-03-23,Sector 7G,redimida
7729,Gregory Ramos,Avaricia,1,1997-03-22,Tierra,activa
7730,Michele Lewis,Gula,47,2003-12-28,Tierra,activa
7731,Andrew Warner,Avaricia,14,1844-08-26,Sector 7G,en proceso de tortura
7732,William Wolfe,Gula,95,1966-06-05,Abismo,en proceso de tortura
7733,Mike Stone,Ira,97,1898-07-23,Sector 7G,en proceso de tortura
7734,Cheryl Stephens,Avaricia,51,1855-02-22,Limbo,redimida
7735,Austin Brown,Pereza,82,1924-05-31,Sector 7G,en proceso de tortura
7736,Susan Olsen,Lujuria,63,1894-11-07,Sector 7G,en proceso de tortura
7737,Michelle Valentine,Avaricia,72,1959-07-04,Sector 7G,redimida
7738,Lisa Mason,Lujuria,9,1990-07-07,Abismo,redimida
7739,Betty Rose,Ira,16,2001-09-28,Limbo,en proceso de tortura
7740,Jamie Duran,Soberbia,33,2003-12-28,Sector 7G,en proceso de tortura
7741,Donald Simon,Ira,33,2003-01-22,Limbo,activa
7742,Benjamin Norris,Envidia,65,1937-11-30,Abismo,redimida
7743,Mr. Andrew Russell,Soberbia,67,1981-09-11,Sector 7G,en proceso de tortura
7744,Andrea Little,Gula,35,1919-06-16,Limbo,activa
7745,Christina Peterson,Envidia,82,1856-07-21,Limbo,activa
7746,Curtis Russell,Gula,30,1861-08-03,Pandemonium,activa
7747,Sophia Hernandez,Lujuria,26,1995-08-23,Sector 7G,redimida
7748,Francisco Jones,Ira,62,2018-06-13,Limbo,activa
7749,Gregory Collins,Avaricia,66,1954-08-08,Pandemonium,en proceso de tortura
7750,Roger Savage,Pereza,50,1946-10-21,Abismo,redimida
7751,Miss Jane Chambers MD,Soberbia,74,1924-10-15,Tierra,redimida
7752,Penny Vaughn,Envidia,23,1874-03-07,Sector 7G,activa
7753,Leslie Smith,Avaricia,29,1919-11-06,Limbo,en proceso de tortura
7754,Alexis Ortiz,Envidia,50,1903-01-05,Limbo,en proceso de tortura
7755,Darren Obrien,Gula,18,1969-03-17,Abismo,redimida
7756,Leslie Wilson,Ira,32,1970-09-04,Limbo,redimida
7757,Jessica Richard,Lujuria,77,2003-08-02,Tierra,en proceso de tortura
7758,Tony Acevedo,Lujuria,4,1975-11-24,Limbo,redimida
7759,Robert Dunn,Soberbia,48,1880-11-13,Limbo,en proceso de tortura
7760,Ryan Wilson,Pereza,96,1838-04-19,Limbo,redimida
7761,Bradley Rice,Envidia,94,1869-11-25,Limbo,redimida
7762,Timothy Morton,Soberbia,53,1951-08-22,Limbo,activa
7763,Nicole Smith,Pereza,54,1950-12-25,Abismo,activa
7764,Derek Thompson,Avaricia,59,1942-06-27,Abismo,activa
7765,Eric Chavez,Soberbia,4,1993-12-14,Pandemonium,redimida
7766,Daniel Reynolds,Envidia,93,1946-07-22,Tierra,en proceso de tortura
7767,William Smith,Avaricia,50,2001-11-28,Inframundo,en proceso de tortura
7768,Sandra Hodges,Ira,36,1845-12-27,Pandemonium,activa
7769,Aaron Kim,Gula,6,2011-02-17,Sector 7G,redimida
7770,Victor Kelly,Ira,51,1972-08-28,Limbo,en proceso de tortura
7771,Gavin Cruz,Envidia,20,1850-06-20,Abismo,en proceso de tortura
7772,Stacey Schneider,Ira,87,1856-01-11,Pandemonium,activa
7773,Justin Lyons,Soberbia,52,1899-07-31,Pandemonium,activa
7774,Jennifer Taylor,Lujuria,11,2003-12-28,Sector 7G,activa
7775,Kayla Edwards,Pereza,89,1865-05-07,Sector 7G,en proceso de tortura
7776,Jacob Savage,Envidia,48,1973-02-27,Inframundo,en proceso de tortura
7777,Ashley Bean,Envidia,66,1933-01-02,Sector 7G,redimida
7778,Sean Daniel,Gula,67,1847-07-31,Pandemonium,redimida
7779,Anthony Thompson,Lujuria,21,1916-07-24,Tierra,en proceso de tortura
7780,Derrick Freeman,Ira,97,1970-08-26,Abismo,activa
7781,Nicole Thompson,Ira,27,1893-10-30,Inframundo,en proceso de tortura
7782,Angela Compton,Soberbia,11,1890-04-10,Sector 7G,en proceso de tortura
7783,Jessica Wilson,Soberbia,41,1872-10-14,Abismo,activa
7784,Sally Mckenzie,Envidia,14,1830-06-28,Pandemonium,activa
7785,Sarah Harmon,Envidia,4,2003-12-28,Sector 7G,en proceso de tortura
7786,Karen Anderson,Pereza,79,1916-08-27,Abismo,en proceso de tortura
7787,James Gonzalez,Envidia,17,1839-08-30,Sector 7G,en proceso de tortura
7788,Ryan Murphy,Ira,89,1923-06-26,Limbo,en proceso de tortura
7789,Tina Johnson,Avaricia,82,1965-11-10,Tierra,redimida
7790,Brandy Chandler,Gula,74,1996-09-22,Sector 7G,activa
7791,Sarah Rose,Avaricia,72,1831-02-15,Sector 7G,en proceso de tortura
7792,Heather Baker,Gula,50,1848-12-27,Limbo,activa
7793,Sandra Miller,Envidia,36,2003-12-28,Limbo,activa
7794,Michael Norris,Ira,74,1943-03-29,Inframundo,redimida
7795,Tracy Romero,Envidia,32,2024-08-16,Limbo,en proceso de tortura
7796,Ryan Mcgrath,Envidia,73,1980-09-09,Limbo,activa
7797,Joseph Ayala,Soberbia,52,1948-12-03,Limbo,activa
7798,Mary Murphy,Pereza,21,2001-10-01,Pandemonium,activa
7799,Matthew Collier,Gula,5,1940-09-26,Abismo,en proceso de tortura
7800,Stephen Ray,Gula,13,2020-12-16,Pandemonium,redimida
7801,Brianna Avila,Avaricia,45,1916-01-16,Tierra,activa
7802,Jennifer York,Avaricia,34,1960-04-18,Tierra,en proceso de tortura
7803,Michael Sparks,Soberbia,3,1945-12-24,Inframundo,redimida
7804,Alan Carrillo,Lujuria,29,1842-12-01,Tierra,redimida
7805,Melanie Jones,Gula,89,1949-02-18,Inframundo,activa
7806,Michelle Wilson,Gula,41,2020-05-27,Limbo,redimida
7807,Richard Suarez,Lujuria,3,1867-03-09,Inframundo,activa
7808,Thomas Mays,Gula,8,1966-10-12,Sector 7G,activa
7809,Christopher Espinoza,Soberbia,29,1987-08-17,Pandemonium,redimida
7810,Brian Taylor,Pereza,31,1885-05-31,Abismo,activa
7811,Courtney Johnson,Soberbia,93,1844-12-09,Limbo,en proceso de tortura
7812,Edward Williams,Avaricia,50,1970-03-23,Tierra,activa
7813,Christina Carter,Avaricia,32,1997-12-11,Limbo,redimida
7814,Richard Hayes,Ira,68,1964-11-06,Sector 7G,redimida
7815,Christina Williams,Pereza,64,1985-06-16,Tierra,activa
7816,Sarah Ruiz,Soberbia,73,1920-11-06,Sector 7G,en proceso de tortura
7817,Theodore Wilson,Pereza,65,1955-09-12,Limbo,activa
7818,Joyce Ortega,Avaricia,60,1978-03-03,Abismo,activa
7819,Alexis Wallace,Avaricia,38,1864-11-02,Tierra,activa
7820,Randy Wilson,Avaricia,56,2011-02-08,Limbo,redimida
7821,David Stevens,Ira,40,1923-05-23,Sector 7G,activa
7822,Stephanie Brown,Avaricia,2,1916-03-29,Tierra,en proceso de tortura
7823,Cheryl Miller,Envidia,74,2011-02-15,Limbo,redimida
7824,Brittany Spence MD,Soberbia,19,1918-03-25,Sector 7G,en proceso de tortura
7825,David Schultz,Gula,68,1920-02-26,Abismo,en proceso de tortura
7826,Elizabeth Flores,Soberbia,44,1981-06-12,Sector 7G,redimida
7827,Jennifer Webb,Pereza,74,1890-12-29,Sector 7G,activa
7828,Sergio Lam,Gula,7,1862-03-22,Pandemonium,redimida
7829,Shannon Khan,Soberbia,32,2001-08-02,Inframundo,activa
7830,Brett Leonard,Ira,41,1831-06-18,Sector 7G,activa
7831,Paul Hawkins,Envidia,22,1852-08-29,Abismo,en proceso de tortura
7832,Tyler Hodges,Envidia,9,1850-01-15,Tierra,activa
7833,Melissa White,Ira,58,1893-11-29,Inframundo,activa
7834,Stephanie Ward,Lujuria,59,1935-05-04,Tierra,en proceso de tortura
7835,Robert Kerr,Lujuria,78,1953-04-01,Tierra,redimida
7836,Kimberly Michael,Soberbia,58,1979-07-18,Sector 7G,redimida
7837,Candice Davis,Ira,4,1884-10-09,Sector 7G,activa
7838,Kurt Hamilton,Ira,67,1880-02-07,Limbo,activa
7839,Justin Branch,Pereza,96,1881-11-27,Tierra,en proceso de tortura
7840,Cody Gilbert,Ira,83,1996-02-24,Pandemonium,activa
7841,Heidi White,Envidia,26,1939-11-26,Inframundo,redimida
7842,Ernest Flores,Ira,78,1887-02-04,Abismo,en proceso de tortura
7843,Nicholas Schroeder,Avaricia,43,1952-01-17,Inframundo,activa
7844,Shawn Morris,Lujuria,97,1958-09-06,Sector 7G,en proceso de tortura
7845,David Hill,Envidia,21,2001-12-20,Limbo,redimida
7846,Christopher Wilson,Gula,69,1912-02-20,Tierra,activa
7847,Brittany Keith,Lujuria,16,2004-06-01,Abismo,activa
7848,Tanya Lawrence,Avaricia,4,1967-03-31,Limbo,redimida
7849,Shelley Poole,Soberbia,27,1918-09-25,Inframundo,redimida
7850,Kimberly Goodman,Avaricia,32,1839-11-15,Sector 7G,redimida
7851,John Wright,Envidia,21,1992-12-12,Pandemonium,en proceso de tortura
7852,James Smith,Envidia,95,1915-05-04,Abismo,redimida
7853,Brenda King,Soberbia,71,1939-09-18,Limbo,redimida
7854,Matthew Wilson,Gula,99,1862-01-19,Abismo,activa
7855,Shawn Holmes,Pereza,8,1953-12-04,Inframundo,redimida
7856,Tracey James,Lujuria,53,1934-02-03,Tierra,activa
7857,Keith Leach,Pereza,82,1941-01-17,Tierra,en proceso de tortura
7858,Amy Padilla,Pereza,91,1980-01-19,Sector 7G,activa
7859,Sean Walker,Gula,68,1970-01-13,Tierra,activa
7860,Dr. Rebecca Harris,Ira,25,1989-09-01,Pandemonium,en proceso de tortura
7861,Stacy Moreno,Envidia,95,1839-11-08,Tierra,activa
7862,Courtney Jones,Avaricia,9,1919-11-18,Tierra,activa
7863,Steve Wells,Avaricia,15,1972-03-04,Abismo,redimida
7864,Rhonda Hoffman,Avaricia,75,1986-08-25,Limbo,activa
7865,Jeremy Jones,Ira,46,1931-04-10,Pandemonium,redimida
7866,David Collier,Gula,57,1911-10-21,Abismo,redimida
7867,Scott Davis,Gula,14,1866-06-26,Abismo,activa
7868,Carly Wilson,Envidia,65,2009-02-19,Abismo,activa
7869,William Thompson,Soberbia,8,1939-04-04,Abismo,redimida
7870,James Murphy,Soberbia,97,1958-12-05,Inframundo,activa
7871,Aaron Frey DDS,Gula,80,1897-01-06,Inframundo,en proceso de tortura
7872,Jessica Jones,Avaricia,41,1928-01-14,Pandemonium,en proceso de tortura
7873,Hannah Jordan,Pereza,39,1903-09-21,Sector 7G,redimida
7874,Aaron King,Soberbia,33,1912-02-04,Limbo,en proceso de tortura
7875,Harry Padilla,Avaricia,64,2014-11-30,Limbo,en proceso de tortura
7876,Ryan Knapp,Soberbia,62,1938-11-27,Limbo,redimida
7877,Christine Vasquez,Lujuria,82,2020-03-05,Pandemonium,en proceso de tortura
7878,Timothy Castillo,Gula,33,1984-06-19,Inframundo,activa
7879,Amanda Burke,Soberbia,74,1839-10-24,Inframundo,redimida
7880,Megan Long MD,Envidia,83,1920-06-14,Pandemonium,activa
7881,Wendy Vasquez,Soberbia,12,1940-05-03,Tierra,activa
7882,Megan Wood,Gula,56,1934-11-04,Limbo,redimida
7883,Laura Hardy,Soberbia,17,1884-04-28,Pandemonium,redimida
7884,Scott Cunningham,Soberbia,89,1867-04-13,Pandemonium,activa
7885,Mitchell Burnett,Lujuria,100,1936-07-23,Inframundo,activa
7886,Pam Howard,Avaricia,66,1857-10-15,Abismo,en proceso de tortura
7887,Kristi Saunders,Gula,0,1914-03-18,Abismo,en proceso de tortura
7888,Joshua Watson,Gula,94,1907-01-24,Sector 7G,activa
7889,Vanessa Gentry,Ira,68,1871-03-28,Pandemonium,activa
7890,Amanda Fletcher,Lujuria,18,1840-12-28,Sector 7G,activa
7891,Kimberly Lee,Pereza,52,1960-10-11,Pandemonium,activa
7892,Cheyenne Marsh,Envidia,30,1977-10-04,Abismo,redimida
7893,Walter Morgan,Soberbia,5,1867-10-11,Sector 7G,activa
7894,Kim Jimenez,Soberbia,59,1955-04-02,Tierra,activa
7895,Matthew Townsend,Envidia,22,1930-01-25,Abismo,redimida
7896,Brandon Parker,Pereza,89,1927-10-29,Tierra,redimida
7897,Melissa Figueroa,Pereza,6,1879-02-05,Abismo,redimida
7898,Melanie Watkins,Ira,58,1950-07-08,Pandemonium,activa
7899,Jeremiah Miller,Envidia,98,1843-04-24,Tierra,en proceso de tortura
7900,Christopher Lopez,Gula,50,1989-01-24,Abismo,en proceso de tortura
7901,Joseph Rodriguez,Envidia,63,2009-03-08,Inframundo,en proceso de tortura
7902,Todd Alexander,Pereza,76,2003-12-28,Sector 7G,activa
7903,Phillip Green,Avaricia,71,1963-05-17,Limbo,activa
7904,Andrew Powell,Pereza,28,1957-08-27,Inframundo,en proceso de tortura
7905,Benjamin Rodriguez,Lujuria,26,2008-10-17,Pandemonium,activa
7906,Steven Russell,Envidia,38,2017-07-28,Limbo,activa
7907,Brenda Barrera,Pereza,31,1904-07-19,Limbo,activa
7908,Daryl Trujillo,Soberbia,55,1852-11-13,Limbo,redimida
7909,Janet May,Lujuria,63,1884-01-31,Abismo,redimida
7910,Daniel Sanders,Soberbia,87,1857-10-16,Limbo,en proceso de tortura
7911,James Brown,Avaricia,39,1960-12-11,Sector 7G,en proceso de tortura
7912,Alyssa Elliott,Envidia,2,1885-08-25,Sector 7G,redimida
7913,Darius Larson,Lujuria,23,1962-07-11,Tierra,en proceso de tortura
7914,Jill Moore,Lujuria,39,1856-04-28,Inframundo,activa
7915,Brooke Roberts,Gula,90,1954-11-17,Abismo,activa
7916,Angela Brown,Ira,19,1925-12-31,Pandemonium,en proceso de tortura
7917,Christina Arnold,Pereza,15,1981-02-28,Sector 7G,activa
7918,Shawn Gregory,Envidia,74,2001-05-12,Limbo,en proceso de tortura
7919,Linda Guerra,Lujuria,70,1953-05-06,Tierra,en proceso de tortura
7920,Brian Simmons,Ira,100,1851-07-25,Limbo,activa
7921,Denise Paul,Soberbia,61,1912-07-23,Limbo,en proceso de tortura
7922,Timothy Stafford,Lujuria,12,1902-08-27,Tierra,activa
7923,Willie Mcknight Jr.,Ira,60,2006-06-03,Sector 7G,redimida
7924,Nicholas Stephens,Soberbia,28,1897-07-20,Tierra,activa
7925,Anne Wilkins,Pereza,10,1987-06-09,Abismo,redimida
7926,Karen Erickson,Soberbia,16,1843-11-07,Inframundo,activa
7927,John Adams,Lujuria,70,1885-09-15,Pandemonium,redimida
7928,Matthew White,Lujuria,87,1988-12-18,Tierra,redimida
7929,Samuel Mckenzie,Gula,47,1948-04-04,Limbo,activa
7930,Benjamin Logan,Pereza,59,1827-01-16,Tierra,activa
7931,Audrey Chapman,Pereza,96,1946-07-30,Sector 7G,activa
7932,Michele Andrews,Gula,15,1923-01-30,Inframundo,en proceso de tortura
7933,Andrea Patterson MD,Gula,10,1941-05-27,Inframundo,redimida
7934,Nicole Baird,Envidia,88,1978-04-26,Limbo,en proceso de tortura
7935,Kathleen Brown,Envidia,50,1882-03-13,Pandemonium,activa
7936,Roy Gibbs,Soberbia,55,1925-12-17,Inframundo,redimida
7937,David Shields,Lujuria,5,1858-07-23,Limbo,en proceso de tortura
7938,Robert Burns,Gula,2,1835-02-28,Pandemonium,redimida
7939,Kelsey Ferguson,Avaricia,35,2022-10-22,Sector 7G,activa
7940,Michael Taylor,Avaricia,55,1856-05-11,Limbo,activa
7941,Matthew Fletcher,Lujuria,8,1983-12-28,Sector 7G,en proceso de tortura
7942,Jeffrey Moore,Pereza,74,2002-06-21,Limbo,en proceso de tortura
7943,Mary Cooper,Gula,49,1879-07-21,Inframundo,activa
7944,Gwendolyn Bailey,Ira,68,1844-11-02,Pandemonium,en proceso de tortura
7945,Christine Wallace,Envidia,5,1937-11-10,Pandemonium,en proceso de tortura
7946,Nicole Guerrero,Soberbia,12,1996-11-29,Inframundo,activa
7947,Matthew Gordon,Pereza,56,1826-08-23,Abismo,en proceso de tortura
7948,Joshua Sanchez,Gula,24,1922-08-30,Tierra,en proceso de tortura
7949,Olivia Ross,Envidia,11,1830-03-05,Abismo,activa
7950,Sheila Bryant,Gula,78,2001-03-16,Limbo,activa
7951,Monica Johnston,Envidia,4,1887-03-14,Sector 7G,redimida
7952,Marcus Wood,Lujuria,1,1843-08-20,Limbo,activa
7953,Sandy Griffin,Lujuria,35,1876-01-31,Inframundo,activa
7954,Jennifer Hall,Envidia,48,2005-04-06,Limbo,redimida
7955,Scott Spencer,Avaricia,50,1964-03-15,Tierra,redimida
7956,John Cline,Ira,37,2012-12-01,Tierra,en proceso de tortura
7957,Linda Marks,Ira,45,1879-07-01,Abismo,redimida
7958,Jacqueline Moreno,Avaricia,21,1925-04-30,Inframundo,activa
7959,Max Myers,Soberbia,62,1834-03-20,Abismo,activa
7960,Frank Burgess,Lujuria,56,1910-08-27,Tierra,activa
7961,Elizabeth Shah,Soberbia,50,2015-10-19,Limbo,en proceso de tortura
7962,Dominique Reeves,Lujuria,11,1847-09-29,Tierra,redimida
7963,Troy Murillo,Soberbia,66,1934-10-22,Sector 7G,activa
7964,Matthew Moore,Soberbia,36,1835-09-02,Sector 7G,en proceso de tortura
7965,Austin Green,Soberbia,59,1905-07-11,Pandemonium,activa
7966,Mrs. Samantha Marks,Gula,31,2023-08-06,Limbo,redimida
7967,Kara Montoya,Ira,62,1837-10-18,Sector 7G,en proceso de tortura
7968,Juan Thomas,Gula,7,2012-09-09,Sector 7G,redimida
7969,Sean Fisher,Ira,78,1954-01-21,Inframundo,redimida
7970,Jimmy Young,Ira,59,1947-08-06,Abismo,redimida
7971,Kevin Townsend,Ira,50,1889-08-04,Abismo,redimida
7972,Eric Robinson,Envidia,22,1850-12-01,Inframundo,activa
7973,Larry Parks,Gula,35,1845-06-18,Limbo,en proceso de tortura
7974,Rachel Garcia,Ira,27,1963-12-14,Sector 7G,en proceso de tortura
7975,Robert Ramos,Gula,90,1927-09-16,Pandemonium,activa
7976,Jerry Johnson DVM,Pereza,63,1967-09-21,Tierra,en proceso de tortura
7977,Michael Reese,Envidia,21,1923-07-29,Sector 7G,redimida
7978,Amber Rose,Soberbia,94,1988-03-09,Abismo,redimida
7979,Robert Fleming,Pereza,28,1934-04-18,Abismo,activa
7980,David Cohen,Pereza,5,2017-09-07,Abismo,en proceso de tortura
7981,Pamela Cruz,Ira,22,1976-12-05,Inframundo,en proceso de tortura
7982,David Callahan,Envidia,51,1964-05-03,Sector 7G,redimida
7983,Michelle Ward,Ira,22,1882-07-22,Abismo,redimida
7984,Bianca Cooper,Soberbia,68,1951-11-13,Pandemonium,redimida
7985,Jerry Martinez,Ira,64,1999-04-20,Pandemonium,activa
7986,John Gamble,Avaricia,46,1858-10-02,Limbo,redimida
7987,Martha Ortega,Envidia,63,1829-02-26,Inframundo,en proceso de tortura
7988,David Powell,Soberbia,35,1869-01-12,Abismo,en proceso de tortura
7989,Mary Hutchinson,Soberbia,90,2013-06-11,Abismo,activa
7990,Tim Herman,Soberbia,67,1871-03-10,Abismo,activa
7991,Michael Brown,Gula,46,2003-12-28,Tierra,en proceso de tortura
7992,Robert Hartman DDS,Soberbia,33,1826-10-24,Pandemonium,activa
7993,Erika Adams,Gula,36,1882-06-27,Sector 7G,activa
7994,Manuel Morse,Soberbia,83,1882-08-22,Abismo,redimida
7995,Christine Reyes,Lujuria,17,1936-12-15,Abismo,redimida
7996,Chelsea Park,Pereza,49,1862-03-22,Sector 7G,redimida
7997,Ashley Chapman,Avaricia,12,1941-08-13,Inframundo,en proceso de tortura
7998,Cindy Medina,Lujuria,14,1829-04-22,Tierra,redimida
7999,Craig Hughes,Pereza,68,1849-04-30,Limbo,redimida
8000,Taylor Martinez,Pereza,65,1918-12-30,Inframundo,en proceso de tortura
8001,Richard Lewis,Avaricia,71,1876-04-09,Sector 7G,redimida
8002,Stephanie Harvey,Soberbia,24,2022-02-18,Inframundo,activa
8003,Frank Morris,Ira,89,1952-02-12,Abismo,redimida
8004,Wanda Stephens,Ira,95,1957-10-17,Limbo,en proceso de tortura
8005,Melissa Bauer,Pereza,20,1881-02-16,Sector 7G,en proceso de tortura
8006,Craig Lambert,Lujuria,1,1859-11-18,Tierra,redimida
8007,Jonathan Rivera,Ira,19,2005-08-02,Pandemonium,redimida
8008,Jessica Lee,Avaricia,51,1927-09-20,Sector 7G,activa
8009,James Reilly,Soberbia,80,1923-05-29,Tierra,activa
8010,Gabriela Hansen,Soberbia,1,1874-06-18,Pandemonium,en proceso de tortura
8011,David Buchanan,Ira,7,1861-12-31,Inframundo,en proceso de tortura
8012,Johnny Espinoza,Pereza,67,1887-09-03,Tierra,en proceso de tortura
8013,Gerald Ramos,Ira,80,1826-10-25,Limbo,activa
8014,Bradley Spencer,Pereza,67,1981-05-05,Pandemonium,redimida
8015,Charlotte Barker,Envidia,86,2021-06-18,Sector 7G,en proceso de tortura
8016,Kristy Green,Soberbia,24,1971-01-27,Inframundo,redimida
8017,Maria Blackwell,Avaricia,89,1883-10-23,Pandemonium,en proceso de tortura
8018,Mary Carson,Gula,71,2024-07-16,Sector 7G,activa
8019,Thomas Nelson,Ira,52,1992-12-22,Sector 7G,en proceso de tortura
8020,Brian Crawford,Ira,94,2003-12-28,Sector 7G,en proceso de tortura
8021,Tamara Franklin,Envidia,17,1997-02-04,Sector 7G,en proceso de tortura
8022,Evan Jensen,Gula,75,1892-02-16,Abismo,activa
8023,Vickie Ferguson,Avaricia,52,1884-12-16,Inframundo,activa
8024,Jonathan Stuart,Gula,0,1958-06-22,Pandemonium,activa
8025,Joseph Stevens,Lujuria,89,1965-12-24,Limbo,redimida
8026,David Reese,Envidia,68,1890-06-20,Pandemonium,en proceso de tortura
8027,Veronica Rios,Soberbia,38,2003-12-28,Limbo,en proceso de tortura
8028,Jessica Hodge,Pereza,21,1995-12-12,Sector 7G,redimida
8029,Tyler Henderson,Soberbia,87,1880-08-06,Inframundo,en proceso de tortura
8030,Mark Gibson,Gula,23,1979-07-01,Limbo,redimida
8031,Denise Cox,Avaricia,48,1952-01-10,Pandemonium,redimida
8032,Marcus Mathis,Pereza,70,1856-07-19,Pandemonium,activa
8033,Cynthia Todd,Ira,55,1916-07-01,Inframundo,en proceso de tortura
8034,Jennifer Branch,Ira,30,1844-11-08,Inframundo,redimida
8035,Michael Hart,Pereza,9,1960-06-18,Sector 7G,activa
8036,William Cummings,Lujuria,77,1967-03-19,Tierra,en proceso de tortura
8037,Ryan Thomas,Gula,21,1975-05-18,Tierra,redimida
8038,James Ward,Soberbia,67,1976-06-21,Abismo,en proceso de tortura
8039,James Cervantes,Pereza,97,1852-08-09,Inframundo,redimida
8040,Scott Reynolds,Envidia,67,1981-10-20,Sector 7G,redimida
8041,Michael Evans,Envidia,27,1973-03-04,Inframundo,activa
8042,Sandra Palmer,Gula,43,1848-08-26,Abismo,activa
8043,Peter Fitzgerald,Gula,20,2005-01-25,Sector 7G,en proceso de tortura
8044,Christine Blair,Ira,96,1902-03-09,Abismo,en proceso de tortura
8045,Tammy Ward,Soberbia,56,1983-02-12,Sector 7G,en proceso de tortura
8046,Heather Hoffman,Envidia,2,1943-08-25,Inframundo,activa
8047,Rebecca Reese,Gula,53,1932-02-14,Abismo,en proceso de tortura
8048,Rachel Harper,Avaricia,80,1870-04-21,Pandemonium,activa
8049,Paul Jackson,Ira,31,1923-04-12,Tierra,activa
8050,Jennifer Lowe,Soberbia,74,1922-11-30,Tierra,redimida
8051,Jonathan Gould,Ira,89,1961-05-31,Tierra,redimida
8052,Jose Perez,Pereza,15,1995-08-23,Inframundo,activa
8053,Teresa Marquez,Soberbia,6,1872-09-05,Pandemonium,activa
8054,Barbara Edwards,Gula,44,1975-04-08,Pandemonium,activa
8055,Kristen Berg,Gula,96,1877-12-17,Limbo,en proceso de tortura
8056,Allen Carney,Envidia,10,1911-06-30,Pandemonium,redimida
8057,Michelle Johnson,Soberbia,52,1924-12-13,Sector 7G,en proceso de tortura
8058,Max Rogers,Envidia,60,1845-04-08,Limbo,activa
8059,Michael Kidd,Ira,25,1933-05-02,Pandemonium,activa
8060,Kelly Spears,Pereza,89,1879-04-05,Tierra,activa
8061,Gabrielle Marsh,Ira,73,1857-01-27,Sector 7G,en proceso de tortura
8062,Andrea Montoya,Ira,95,1893-02-14,Sector 7G,redimida
8063,Christopher Scott,Envidia,48,1925-05-03,Limbo,en proceso de tortura
8064,Mrs. Elizabeth Adams,Lujuria,82,1916-08-23,Inframundo,redimida
8065,Julie Stephens,Avaricia,76,1892-12-22,Pandemonium,en proceso de tortura
8066,Nicholas Everett,Gula,46,1901-03-05,Sector 7G,activa
8067,Lindsey Norton,Avaricia,60,1923-12-04,Abismo,redimida
8068,Marilyn Scott,Lujuria,11,1886-02-18,Pandemonium,activa
8069,Kevin Anderson,Ira,38,1965-09-24,Inframundo,redimida
8070,Nicholas King Jr.,Avaricia,45,1892-10-23,Sector 7G,en proceso de tortura
8071,Ronald Thornton,Ira,4,1857-09-21,Sector 7G,redimida
8072,Kayla Smith,Gula,83,1984-12-18,Tierra,en proceso de tortura
8073,Courtney Davidson,Pereza,51,1840-05-16,Inframundo,en proceso de tortura
8074,Ray Price,Envidia,45,2005-03-09,Tierra,en proceso de tortura
8075,Frank Knight,Ira,91,2006-03-25,Abismo,activa
8076,Edward Kent,Ira,64,1937-12-10,Pandemonium,redimida
8077,Ricky Henry,Gula,83,1934-08-24,Limbo,activa
8078,Timothy Cole,Lujuria,19,1931-01-21,Pandemonium,activa
8079,Jasmine Rosales,Soberbia,33,1832-09-09,Inframundo,redimida
8080,Maria Clark,Envidia,76,2008-08-02,Abismo,redimida
8081,Shannon Hartman,Gula,19,1872-04-24,Pandemonium,en proceso de tortura
8082,Noah Wright MD,Soberbia,79,1895-05-26,Inframundo,activa
8083,Rebecca Roberts,Soberbia,1,1900-04-29,Abismo,en proceso de tortura
8084,Stephen Howard,Avaricia,12,1858-05-21,Inframundo,activa
8085,Jason Davis,Soberbia,53,1875-09-06,Limbo,activa
8086,Grace Bowman,Avaricia,36,1888-05-19,Pandemonium,activa
8087,Amy Woods,Envidia,9,1845-11-30,Inframundo,activa
8088,Terri Taylor,Gula,9,1974-07-28,Limbo,en proceso de tortura
8089,Daniel Chen,Lujuria,80,2015-03-12,Limbo,activa
8090,Martin Morris,Gula,0,1984-06-12,Sector 7G,en proceso de tortura
8091,Todd Trujillo,Gula,44,1854-02-25,Inframundo,redimida
8092,Russell Reeves,Gula,57,1857-11-10,Pandemonium,en proceso de tortura
8093,Joseph Peterson,Lujuria,42,1895-11-26,Inframundo,activa
8094,Logan Wong,Lujuria,61,1876-09-21,Sector 7G,en proceso de tortura
8095,Tonya Villanueva,Ira,30,1915-07-01,Sector 7G,redimida
8096,Dennis Lee,Pereza,1,1950-12-29,Sector 7G,en proceso de tortura
8097,Rodney Whitehead,Gula,3,1846-08-02,Sector 7G,activa
8098,George Stephenson,Envidia,3,2003-12-28,Inframundo,en proceso de tortura
8099,Chelsey Wiggins,Pereza,89,1928-12-28,Pandemonium,activa
8100,Jacob Mitchell,Avaricia,49,2003-12-28,Sector 7G,redimida
8101,Jacqueline Snyder,Avaricia,51,1845-12-11,Pandemonium,redimida
8102,Linda Garcia,Lujuria,97,1850-05-24,Tierra,activa
8103,Roger Wilson,Avaricia,36,1904-07-21,Inframundo,en proceso de tortura
8104,Timothy Jackson,Gula,93,1934-04-19,Limbo,en proceso de tortura
8105,Omar Bruce,Ira,71,2008-05-20,Pandemonium,activa
8106,Sharon Ellison,Pereza,29,1828-08-03,Inframundo,en proceso de tortura
8107,Daniel Sanders,Envidia,7,1894-03-23,Pandemonium,redimida
8108,Amanda Lewis,Pereza,24,1848-02-17,Sector 7G,en proceso de tortura
8109,Joseph Flores,Soberbia,20,1954-01-11,Abismo,redimida
8110,Wyatt Mckinney,Pereza,87,1937-10-23,Abismo,redimida
8111,Laurie Washington,Avaricia,18,1901-02-28,Inframundo,redimida
8112,Jody Gibson,Soberbia,39,1929-01-20,Abismo,activa
8113,Rebekah Fisher,Lujuria,17,1981-06-10,Pandemonium,activa
8114,Diane Valdez,Ira,0,1828-06-12,Limbo,redimida
8115,Brittney Gregory,Soberbia,57,1899-12-17,Sector 7G,en proceso de tortura
8116,Adam Lewis,Ira,38,2003-12-28,Tierra,redimida
8117,Virginia Tate,Pereza,58,2006-01-18,Tierra,activa
8118,Jacob Watson,Soberbia,19,1874-01-13,Limbo,redimida
8119,Lisa Lawson,Ira,43,1828-06-02,Abismo,en proceso de tortura
8120,Robert Banks,Envidia,83,1862-05-01,Pandemonium,en proceso de tortura
8121,Amber Wong,Gula,88,1952-09-28,Abismo,activa
8122,Brenda Pace,Pereza,41,1960-07-20,Tierra,en proceso de tortura
8123,Gregory Martin,Lujuria,88,1925-12-31,Pandemonium,en proceso de tortura
8124,Sarah White,Ira,66,2013-02-13,Abismo,redimida
8125,Frederick Gray,Avaricia,51,1923-04-01,Sector 7G,activa
8126,Michelle Lyons,Soberbia,3,1965-05-31,Inframundo,en proceso de tortura
8127,Larry Reeves,Envidia,19,1892-07-10,Inframundo,redimida
8128,Brandon Sanchez,Soberbia,34,1879-01-12,Inframundo,activa
8129,Kaitlyn Perez,Avaricia,35,1981-09-21,Inframundo,en proceso de tortura
8130,Pamela Zavala,Avaricia,50,1869-12-11,Limbo,activa
8131,Jonathan Mckee,Pereza,26,1937-05-05,Sector 7G,activa
8132,Aaron Ramirez,Gula,74,1926-08-11,Limbo,redimida
8133,Andrew Davis,Envidia,77,2003-02-17,Sector 7G,redimida
8134,Clayton Murray,Lujuria,92,1913-02-06,Pandemonium,activa
8135,Steven Johnson,Ira,34,1919-11-27,Pandemonium,activa
8136,Scott Curry,Gula,73,1943-10-01,Abismo,en proceso de tortura
8137,Christine Robinson,Lujuria,56,1942-10-02,Abismo,activa
8138,Kaitlin Reid,Avaricia,29,2003-08-03,Pandemonium,en proceso de tortura
8139,Keith Mccullough,Envidia,36,2006-04-06,Limbo,activa
8140,Christopher Mcneil,Avaricia,13,1847-10-18,Inframundo,activa
8141,Molly Rodriguez,Envidia,41,1919-05-01,Inframundo,activa
8142,Keith Wright,Pereza,62,1892-07-12,Tierra,redimida
8143,Kristine Li,Ira,55,1904-01-07,Pandemonium,redimida
8144,Kim Brown,Envidia,11,1842-01-23,Pandemonium,en proceso de tortura
8145,James Armstrong,Envidia,64,1828-04-04,Tierra,redimida
8146,Andrew White,Lujuria,74,1900-05-08,Sector 7G,activa
8147,Timothy Hernandez,Pereza,77,1885-07-24,Inframundo,en proceso de tortura
8148,Lauren Walker,Gula,83,1857-12-30,Inframundo,activa
8149,Joshua Rodriguez,Pereza,62,2006-03-04,Limbo,en proceso de tortura
8150,Margaret Mitchell,Gula,70,1842-01-10,Sector 7G,activa
8151,Tiffany Foster,Soberbia,98,1923-12-20,Limbo,redimida
8152,Frank Smith,Envidia,67,1965-12-23,Tierra,en proceso de tortura
8153,Lisa Silva,Soberbia,29,1925-02-28,Abismo,redimida
8154,William Randolph,Lujuria,5,1941-03-02,Limbo,redimida
8155,Oscar Fernandez,Soberbia,66,1967-12-16,Inframundo,activa
8156,Joshua Wilcox,Envidia,66,1844-03-21,Sector 7G,en proceso de tortura
8157,Tammy Tucker,Soberbia,57,1831-12-25,Inframundo,activa
8158,David Quinn,Envidia,79,2003-12-28,Inframundo,redimida
8159,Amanda Nielsen,Pereza,62,2010-09-19,Limbo,activa
8160,Jon Anderson,Pereza,19,2012-07-19,Inframundo,en proceso de tortura
8161,Vincent Morgan,Lujuria,14,1919-03-26,Pandemonium,en proceso de tortura
8162,Steven Case,Ira,7,1961-04-24,Abismo,activa
8163,Heather Armstrong,Gula,36,1889-09-07,Abismo,activa
8164,Debra Hale,Pereza,9,1862-03-22,Pandemonium,redimida
8165,Bill George,Gula,49,1992-06-15,Abismo,redimida
8166,Peter Butler,Envidia,64,1879-05-26,Inframundo,activa
8167,Jasmine Jackson,Pereza,60,1918-12-19,Abismo,activa
8168,Heather Bates,Gula,50,1895-03-06,Abismo,activa
8169,Joshua Reed,Soberbia,54,1844-04-04,Sector 7G,activa
8170,Debbie James,Soberbia,52,1878-01-02,Inframundo,en proceso de tortura
8171,Melvin Townsend,Avaricia,10,2004-04-15,Abismo,en proceso de tortura
8172,Jennifer Warner,Pereza,54,1847-05-05,Sector 7G,activa
8173,Ronald Perry,Pereza,7,1867-12-12,Limbo,en proceso de tortura
8174,Ashley Young,Gula,92,1845-01-29,Tierra,redimida
8175,Lindsey Gonzalez DDS,Lujuria,49,2011-10-14,Sector 7G,en proceso de tortura
8176,Ian Flynn,Envidia,7,2003-12-28,Abismo,activa
8177,Sharon Bailey,Soberbia,27,1970-07-08,Tierra,redimida
8178,John Wood,Gula,53,1826-05-29,Limbo,en proceso de tortura
8179,Lisa Aguilar,Ira,18,1983-05-13,Sector 7G,en proceso de tortura
8180,Jay Morris,Gula,58,1832-08-12,Limbo,activa
8181,Wesley Harrington,Lujuria,100,1884-11-06,Pandemonium,redimida
8182,Matthew Arnold,Pereza,17,1919-10-19,Abismo,en proceso de tortura
8183,Sierra Ryan,Avaricia,85,2006-05-13,Limbo,redimida
8184,Ashley Pittman,Avaricia,70,1924-09-04,Abismo,en proceso de tortura
8185,Amanda Everett,Gula,43,2018-09-01,Sector 7G,activa
8186,Allison Webb,Gula,29,1844-06-13,Abismo,en proceso de tortura
8187,Zachary Bradley,Lujuria,15,1924-08-18,Abismo,activa
8188,Lacey Campbell,Lujuria,5,1970-12-13,Sector 7G,en proceso de tortura
8189,Laura Ross,Ira,19,1917-10-04,Inframundo,en proceso de tortura
8190,Samantha Sanchez,Avaricia,59,1918-07-20,Abismo,redimida
8191,Michael Clay,Envidia,70,1974-03-03,Sector 7G,redimida
8192,Scott Anderson,Soberbia,54,1914-10-23,Sector 7G,en proceso de tortura
8193,Jeremy Murphy,Ira,91,1840-10-25,Inframundo,redimida
8194,Luis Le,Lujuria,99,1896-04-18,Inframundo,redimida
8195,Lisa Peters,Soberbia,50,1867-07-30,Limbo,en proceso de tortura
8196,Charles Smith,Ira,92,1830-08-27,Abismo,en proceso de tortura
8197,Elizabeth Chavez,Soberbia,37,1999-06-03,Sector 7G,en proceso de tortura
8198,Sonia Orr,Gula,88,2015-05-07,Sector 7G,en proceso de tortura
8199,Paul Anderson,Avaricia,78,2021-09-02,Tierra,en proceso de tortura
8200,Deborah Boyd,Lujuria,90,1924-05-11,Limbo,activa
8201,Zachary Robinson,Pereza,10,1883-05-15,Tierra,en proceso de tortura
8202,Corey Lopez,Lujuria,55,1912-12-25,Sector 7G,en proceso de tortura
8203,Diana Hall,Avaricia,2,1941-07-08,Tierra,activa
8204,Bryan Davis,Avaricia,27,1836-03-29,Abismo,activa
8205,Holly Lopez,Envidia,14,1991-05-18,Inframundo,activa
8206,Bradley Khan,Pereza,65,1909-03-05,Tierra,en proceso de tortura
8207,John Brown,Soberbia,28,1872-09-18,Abismo,activa
8208,Nicole Allen,Pereza,74,1846-08-21,Tierra,en proceso de tortura
8209,Joshua Vargas,Soberbia,79,1927-11-20,Inframundo,activa
8210,Johnathan Nichols,Envidia,80,1827-02-09,Sector 7G,en proceso de tortura
8211,Donna Lucas,Soberbia,25,1961-03-19,Inframundo,en proceso de tortura
8212,Cynthia Woods,Gula,99,1896-03-02,Sector 7G,activa
8213,Michael Brewer,Ira,53,1959-12-24,Tierra,activa
8214,Elizabeth Middleton,Pereza,59,1994-09-22,Sector 7G,activa
8215,Jennifer Contreras,Soberbia,52,1883-02-22,Tierra,redimida
8216,Tonya Rose,Gula,64,1888-04-06,Pandemonium,activa
8217,Dr. Christopher Hall,Ira,16,1963-12-03,Limbo,redimida
8218,Daniel White,Gula,99,1930-08-19,Inframundo,en proceso de tortura
8219,Lori Powell,Pereza,47,1957-10-16,Tierra,activa
8220,Mario Miller,Pereza,13,1854-07-01,Tierra,activa
8221,Mariah Martinez,Avaricia,89,1950-07-03,Limbo,en proceso de tortura
8222,Veronica Park,Pereza,38,1982-01-03,Limbo,redimida
8223,Steven Wood,Avaricia,98,2016-05-06,Limbo,en proceso de tortura
8224,Kim Hamilton,Avaricia,51,1915-04-13,Tierra,en proceso de tortura
8225,Gabriel Kim,Soberbia,88,1958-10-19,Pandemonium,redimida
8226,Steven Wilson,Soberbia,95,2012-09-08,Abismo,activa
8227,Joshua King,Soberbia,53,1830-09-13,Sector 7G,activa
8228,Erin Villarreal,Lujuria,75,1895-01-19,Pandemonium,activa
8229,Lisa Clark,Ira,67,2000-03-05,Limbo,en proceso de tortura
8230,Stephanie Morris,Soberbia,50,2009-12-06,Inframundo,redimida
8231,Philip Miller,Avaricia,56,1857-10-22,Pandemonium,activa
8232,Jackie Green,Soberbia,7,1828-05-22,Tierra,redimida
8233,Donald Charles Jr.,Avaricia,88,1945-11-15,Inframundo,activa
8234,Matthew Mcdonald,Envidia,93,1897-09-10,Abismo,activa
8235,Laura Smith,Avaricia,84,1916-02-23,Tierra,redimida
8236,Cynthia Jones,Soberbia,6,1989-04-02,Inframundo,activa
8237,John Molina,Soberbia,93,1934-06-30,Pandemonium,redimida
8238,Larry Thomas,Avaricia,59,1927-06-16,Inframundo,redimida
8239,Mario Rivera,Avaricia,99,1923-07-14,Abismo,redimida
8240,Andrea Barrera,Envidia,100,1889-03-14,Abismo,activa
8241,Kevin Middleton,Gula,86,1847-07-06,Tierra,en proceso de tortura
8242,Christopher Webb,Soberbia,37,1845-02-11,Pandemonium,en proceso de tortura
8243,Stephanie Hodge,Pereza,89,1964-07-15,Tierra,en proceso de tortura
8244,Leah Mosley,Gula,81,1940-08-18,Pandemonium,redimida
8245,Albert Snyder,Lujuria,60,1827-07-13,Inframundo,en proceso de tortura
8246,Jeff Moore,Pereza,50,1848-12-19,Inframundo,activa
8247,Richard Ryan,Ira,65,1971-08-25,Abismo,redimida
8248,Christina Morgan,Gula,59,2024-05-10,Abismo,en proceso de tortura
8249,Brandon Bishop,Ira,70,2006-06-29,Limbo,en proceso de tortura
8250,Jesus Smith DDS,Pereza,1,1886-05-15,Limbo,activa
8251,Russell Hurst,Ira,53,1960-01-17,Tierra,en proceso de tortura
8252,Todd Liu,Avaricia,83,1835-12-16,Limbo,activa
8253,John Diaz,Avaricia,86,1891-05-20,Sector 7G,activa
8254,Wesley Parker,Lujuria,14,1879-07-11,Limbo,redimida
8255,Mathew Horne,Lujuria,71,1950-11-21,Pandemonium,activa
8256,Andrew Nguyen,Pereza,6,1856-11-15,Inframundo,en proceso de tortura
8257,Marissa Blevins,Envidia,27,1949-02-08,Inframundo,en proceso de tortura
8258,Christian Harvey,Lujuria,25,1954-03-09,Tierra,redimida
8259,Derek Davis,Pereza,74,1890-03-28,Abismo,redimida
8260,Brian Bailey,Gula,64,2003-12-28,Limbo,activa
8261,James Lucero,Soberbia,25,1879-09-19,Limbo,en proceso de tortura
8262,Tracy Guerrero,Ira,74,1833-07-14,Sector 7G,activa
8263,Felicia Harris,Gula,40,2020-11-25,Limbo,activa
8264,Susan Golden,Envidia,15,1905-02-17,Tierra,en proceso de tortura
8265,David Garner,Soberbia,3,1966-01-15,Abismo,activa
8266,John Ewing,Ira,13,1917-12-19,Abismo,activa
8267,Gabriel Thompson,Pereza,43,1952-12-26,Inframundo,activa
8268,Fred Ochoa,Gula,6,1868-08-08,Abismo,activa
8269,Andrea Ramirez,Envidia,0,1882-07-22,Abismo,redimida
8270,Patrick Cervantes,Soberbia,91,2014-01-17,Abismo,redimida
8271,Brittney Brown,Pereza,94,1978-09-14,Abismo,en proceso de tortura
8272,Sherry Doyle,Envidia,81,1890-11-04,Limbo,activa
8273,Michael Hays,Ira,89,1865-11-14,Limbo,redimida
8274,Jose Sanders,Lujuria,12,1959-10-22,Sector 7G,en proceso de tortura
8275,Susan Ramos,Soberbia,58,1916-06-29,Abismo,activa
8276,Monica Lawson,Pereza,12,2017-08-04,Sector 7G,en proceso de tortura
8277,Kelly Romero,Avaricia,33,1868-03-11,Limbo,redimida
8278,Virginia Hayes,Gula,17,2017-04-02,Sector 7G,activa
8279,Holly Hayes,Envidia,55,1843-10-22,Tierra,redimida
8280,Kenneth Ortega,Soberbia,30,1900-04-09,Pandemonium,redimida
8281,Debra Martinez,Soberbia,3,1911-03-11,Inframundo,activa
8282,Amber Warren,Gula,71,1988-01-10,Pandemonium,en proceso de tortura
8283,Antonio Wolfe,Ira,50,1981-08-23,Inframundo,redimida
8284,Jordan Olsen,Pereza,22,1917-03-23,Limbo,en proceso de tortura
8285,Christine Watson,Gula,100,1871-01-04,Tierra,en proceso de tortura
8286,Ashley Cox,Avaricia,99,1895-09-10,Inframundo,activa
8287,Sarah Anderson,Lujuria,74,1959-10-31,Limbo,activa
8288,Brandon Morrison,Ira,38,1865-06-12,Pandemonium,en proceso de tortura
8289,Anne Lewis,Ira,8,1968-03-29,Tierra,redimida
8290,Corey Carpenter,Pereza,9,1881-01-18,Tierra,activa
8291,Rebecca Anderson,Lujuria,82,1977-01-09,Abismo,redimida
8292,Jill Young,Avaricia,70,1946-07-13,Pandemonium,redimida
8293,Eric Stewart,Ira,58,1989-04-06,Tierra,redimida
8294,Gabriel Knapp,Avaricia,50,1912-11-18,Tierra,redimida
8295,Jessica Gonzales,Soberbia,46,1866-10-31,Pandemonium,activa
8296,Justin Trujillo,Envidia,98,1963-04-03,Tierra,en proceso de tortura
8297,Krista Wright,Gula,85,1854-06-17,Limbo,en proceso de tortura
8298,Elizabeth Hooper,Gula,21,1969-03-02,Abismo,en proceso de tortura
8299,Daniel Cameron,Envidia,72,1854-05-04,Abismo,redimida
8300,Vanessa Gonzalez,Avaricia,38,1909-05-24,Pandemonium,en proceso de tortura
8301,Kari Walters,Soberbia,12,1829-12-13,Abismo,redimida
8302,Matthew Anderson,Gula,29,1862-09-30,Tierra,activa
8303,Courtney Thompson,Ira,71,1943-11-14,Pandemonium,activa
8304,Christopher Williams,Pereza,43,1986-04-20,Limbo,en proceso de tortura
8305,Lisa Mitchell,Lujuria,46,1988-08-29,Limbo,activa
8306,Barry Payne,Soberbia,78,1848-10-13,Limbo,redimida
8307,Richard Russo,Lujuria,33,1927-05-04,Tierra,activa
8308,Christopher Gardner,Ira,71,1863-03-03,Tierra,activa
8309,Stephen Brown,Lujuria,25,1937-07-23,Inframundo,en proceso de tortura
8310,Anita Knapp,Pereza,88,1965-06-13,Inframundo,en proceso de tortura
8311,Laura Smith,Avaricia,98,1988-07-07,Abismo,activa
8312,Adam Martin,Envidia,84,1912-12-06,Tierra,redimida
8313,Jason Esparza,Lujuria,45,1847-12-28,Pandemonium,activa
8314,Anthony Garza,Pereza,96,1872-11-27,Limbo,en proceso de tortura
8315,Mr. Christopher Wells,Soberbia,82,1972-04-22,Sector 7G,redimida
8316,Mary Figueroa,Gula,52,1970-01-22,Abismo,activa
8317,Mark Becker,Avaricia,47,1851-08-01,Tierra,activa
8318,Audrey Johnson,Soberbia,90,1850-03-22,Limbo,en proceso de tortura
8319,Barry Johnson,Pereza,78,1892-08-31,Sector 7G,en proceso de tortura
8320,Emily Kelly,Gula,79,1996-04-15,Abismo,redimida
8321,Robert Bartlett,Soberbia,50,1914-04-12,Tierra,redimida
8322,Dennis Bradley,Soberbia,58,1975-09-23,Inframundo,en proceso de tortura
8323,Diana Brown,Pereza,13,2011-10-23,Pandemonium,redimida
8324,Chelsea Klein,Lujuria,33,1911-09-14,Tierra,activa
8325,Mark Watson MD,Gula,98,1875-10-16,Tierra,en proceso de tortura
8326,Charles Freeman,Avaricia,99,1869-12-28,Pandemonium,activa
8327,Fernando Chavez,Pereza,17,1949-04-02,Sector 7G,activa
8328,James Woods,Avaricia,29,1906-04-25,Tierra,en proceso de tortura
8329,Christopher Morris,Ira,79,1892-09-16,Inframundo,en proceso de tortura
8330,Thomas Day,Soberbia,50,1992-07-06,Inframundo,activa
8331,Juan Harrington,Envidia,95,2003-06-08,Pandemonium,redimida
8332,Sheri Patton,Gula,85,1951-08-09,Inframundo,redimida
8333,Julia Graves,Lujuria,98,1942-08-04,Pandemonium,redimida
8334,Jennifer Graves,Soberbia,91,1884-06-03,Limbo,activa
8335,John Dillon,Envidia,85,1997-01-01,Pandemonium,activa
8336,Drew Hernandez,Avaricia,76,1828-07-11,Sector 7G,en proceso de tortura
8337,Lindsay Bishop,Lujuria,40,1899-06-24,Abismo,en proceso de tortura
8338,Michelle Johnson,Ira,77,2002-08-12,Pandemonium,en proceso de tortura
8339,Richard Campbell,Pereza,70,1950-10-16,Inframundo,redimida
8340,Adam Brooks,Envidia,82,1918-06-26,Abismo,en proceso de tortura
8341,Robert Jones,Avaricia,2,1959-05-25,Pandemonium,en proceso de tortura
8342,Andrew Foster,Pereza,32,1828-08-31,Limbo,en proceso de tortura
8343,Barry Elliott,Ira,37,1854-12-10,Pandemonium,redimida
8344,Linda Taylor,Envidia,59,1930-07-21,Abismo,redimida
8345,Pam Williams,Envidia,48,1885-10-12,Abismo,redimida
8346,John Carr,Ira,65,1975-03-19,Limbo,redimida
8347,Joseph Gomez,Soberbia,84,1897-07-13,Pandemonium,activa
8348,Sylvia Thompson,Ira,79,1846-03-21,Inframundo,en proceso de tortura
8349,Karla Sexton,Envidia,17,2003-12-28,Pandemonium,activa
8350,Daniel Perez,Envidia,14,1977-09-23,Abismo,redimida
8351,Bailey Holloway,Soberbia,79,1870-01-05,Inframundo,activa
8352,Kara Peterson,Avaricia,80,1907-05-23,Pandemonium,activa
8353,Valerie Soto,Pereza,14,1861-12-01,Limbo,en proceso de tortura
8354,Walter Chandler,Envidia,52,1952-06-11,Abismo,redimida
8355,Patricia Jackson,Lujuria,68,1998-07-28,Tierra,en proceso de tortura
8356,Kathleen Gomez,Soberbia,9,2002-06-26,Tierra,activa
8357,Amanda Gordon,Lujuria,100,1866-05-22,Limbo,redimida
8358,Tonya Cortez,Envidia,30,1912-11-19,Tierra,activa
8359,Zoe Gill,Avaricia,28,1962-05-22,Limbo,en proceso de tortura
8360,Mary Chavez,Soberbia,20,1969-04-16,Limbo,en proceso de tortura
8361,Eric Ross,Ira,92,1898-12-25,Abismo,en proceso de tortura
8362,Stephanie Kelly,Avaricia,59,1886-04-07,Tierra,redimida
8363,George Watson,Avaricia,38,1852-02-05,Pandemonium,activa
8364,Terry Gilbert,Soberbia,24,1965-07-12,Pandemonium,redimida
8365,Kevin Fowler,Avaricia,62,1943-04-19,Inframundo,en proceso de tortura
8366,David Lang,Gula,60,2007-12-11,Tierra,en proceso de tortura
8367,Stephanie Robinson,Gula,79,1914-01-21,Inframundo,en proceso de tortura
8368,Sarah Pena,Lujuria,71,1908-01-20,Tierra,activa
8369,Jeremy Miles,Pereza,81,2017-02-22,Inframundo,redimida
8370,Joshua Roberts,Gula,84,1863-12-26,Pandemonium,en proceso de tortura
8371,Lisa Hahn,Envidia,28,2018-06-19,Abismo,en proceso de tortura
8372,Henry Peterson,Soberbia,30,1826-01-05,Inframundo,activa
8373,Christopher Ray,Avaricia,38,1957-04-09,Sector 7G,redimida
8374,Pamela Wang,Avaricia,8,2015-10-31,Limbo,redimida
8375,Jennifer Lewis,Envidia,37,1968-07-09,Limbo,redimida
8376,Dalton Taylor,Avaricia,10,1923-09-02,Pandemonium,en proceso de tortura
8377,Shelly Greene,Ira,5,1956-06-12,Pandemonium,en proceso de tortura
8378,Victoria Cook,Ira,47,1846-01-25,Limbo,activa
8379,Antonio Johnson,Lujuria,11,1916-03-09,Inframundo,redimida
8380,Jill Alvarado,Gula,96,1871-01-09,Abismo,activa
8381,Heather Johnson,Pereza,32,1914-10-05,Limbo,en proceso de tortura
8382,Michael Sanchez,Avaricia,94,2023-06-19,Abismo,en proceso de tortura
8383,Craig Wilkins,Avaricia,84,1860-06-28,Sector 7G,activa
8384,Emily Bray,Avaricia,35,1992-09-05,Limbo,activa
8385,Devin Coleman,Lujuria,8,1876-09-27,Limbo,redimida
8386,Jennifer Serrano,Lujuria,90,1871-03-17,Tierra,en proceso de tortura
8387,Chase Parker,Gula,66,1936-05-24,Pandemonium,en proceso de tortura
8388,Haley Brown,Soberbia,91,1888-06-10,Inframundo,en proceso de tortura
8389,Jon Williams,Lujuria,5,1861-04-13,Sector 7G,activa
8390,Lori Anthony,Lujuria,91,2005-06-03,Limbo,redimida
8391,Jasmine Hernandez,Envidia,50,1951-02-26,Sector 7G,en proceso de tortura
8392,Sheri Cole,Soberbia,50,1892-02-01,Pandemonium,redimida
8393,Christie Simpson,Gula,91,1967-11-24,Inframundo,en proceso de tortura
8394,Tiffany Hampton,Avaricia,15,1957-10-04,Limbo,activa
8395,Carrie Rasmussen,Pereza,100,2014-11-10,Limbo,en proceso de tortura
8396,William Harrington,Envidia,50,2023-02-28,Tierra,en proceso de tortura
8397,Jeremy Hammond,Avaricia,49,1936-02-19,Inframundo,en proceso de tortura
8398,Hunter Moore,Soberbia,31,1955-10-16,Abismo,en proceso de tortura
8399,Mike Wong,Soberbia,30,1989-06-20,Abismo,en proceso de tortura
8400,Trevor Smith,Avaricia,30,1968-10-05,Sector 7G,redimida
8401,Michelle Flores,Gula,71,2003-12-28,Pandemonium,en proceso de tortura
8402,Jeffrey Smith,Soberbia,2,1921-07-17,Tierra,redimida
8403,Alexander Franklin,Avaricia,34,1926-07-14,Sector 7G,redimida
8404,Michael Simon,Soberbia,86,1942-01-08,Sector 7G,redimida
8405,David Griffin,Pereza,39,1897-12-26,Sector 7G,redimida
8406,Timothy Lopez,Lujuria,39,1885-12-02,Tierra,redimida
8407,Brian Espinoza,Soberbia,52,1849-08-31,Abismo,activa
8408,Madeline Stewart,Lujuria,98,1978-10-12,Pandemonium,activa
8409,Colin Lyons,Ira,7,1866-10-11,Abismo,activa
8410,Briana Caldwell,Pereza,48,1869-08-17,Tierra,activa
8411,Daniel Miller,Avaricia,85,1995-10-17,Pandemonium,activa
8412,Robert Sanchez,Avaricia,50,1987-01-22,Pandemonium,redimida
8413,Angela Howe,Soberbia,38,1909-09-09,Limbo,en proceso de tortura
8414,Joseph Butler,Ira,93,2021-08-13,Pandemonium,en proceso de tortura
8415,Ian Giles,Ira,0,1932-03-17,Inframundo,redimida
8416,Timothy Stephenson,Gula,75,1941-11-25,Limbo,en proceso de tortura
8417,Maria Marquez,Pereza,99,1920-06-04,Tierra,redimida
8418,Rachel Scott,Envidia,43,2006-06-20,Limbo,redimida
8419,Becky Perry,Soberbia,44,1930-09-30,Pandemonium,en proceso de tortura
8420,Michelle Martin,Ira,52,1827-06-18,Inframundo,en proceso de tortura
8421,Lorraine Moreno,Gula,53,1903-01-02,Pandemonium,en proceso de tortura
8422,Randy Fowler,Lujuria,51,1965-11-24,Sector 7G,en proceso de tortura
8423,Timothy Montgomery,Avaricia,10,2008-09-09,Pandemonium,redimida
8424,Laura Brown,Soberbia,12,1936-08-24,Sector 7G,en proceso de tortura
8425,Amy Johnson,Pereza,16,1857-03-07,Pandemonium,redimida
8426,John Jordan,Lujuria,27,1868-03-03,Sector 7G,redimida
8427,Susan Terry,Lujuria,98,1973-10-17,Limbo,redimida
8428,Calvin Farmer,Lujuria,77,1981-04-21,Inframundo,redimida
8429,Tyler Daniels,Pereza,78,2023-08-16,Tierra,activa
8430,Stephanie Garcia,Pereza,26,1870-09-28,Limbo,redimida
8431,Stephanie Gomez,Pereza,53,1982-10-28,Pandemonium,activa
8432,Nicole Vasquez,Ira,91,1882-09-17,Sector 7G,en proceso de tortura
8433,Heather Williams,Envidia,19,1845-12-24,Inframundo,en proceso de tortura
8434,Christina Austin,Avaricia,71,1931-05-04,Inframundo,activa
8435,Danielle Thompson,Lujuria,69,1829-09-02,Inframundo,activa
8436,John Daniel,Ira,52,1929-01-13,Abismo,en proceso de tortura
8437,Michael Palmer,Gula,52,1893-10-21,Inframundo,activa
8438,Sara Patel,Lujuria,61,1978-10-24,Abismo,en proceso de tortura
8439,Christine Lane,Ira,48,1894-10-29,Limbo,activa
8440,Joann Kline,Soberbia,0,2003-08-27,Tierra,en proceso de tortura
8441,Ashley Garcia,Avaricia,17,1903-04-29,Pandemonium,redimida
8442,Steven Barnes,Ira,35,1992-08-06,Abismo,activa
8443,Richard Guerrero,Ira,32,1996-07-03,Pandemonium,en proceso de tortura
8444,Johnny Barrett,Lujuria,97,1887-07-05,Pandemonium,en proceso de tortura
8445,Erika Boyd,Ira,53,1937-12-08,Limbo,activa
8446,Molly Young,Ira,79,1905-08-24,Limbo,activa
8447,Michael Morse,Soberbia,76,1965-06-24,Abismo,redimida
8448,Andrew Anthony,Ira,77,1844-09-12,Abismo,activa
8449,Jason Collins,Soberbia,98,1929-01-30,Abismo,activa
8450,Chelsea Garcia,Soberbia,85,1863-07-29,Tierra,activa
8451,Christopher Ross,Soberbia,42,1840-06-08,Limbo,redimida
8452,Douglas Anderson,Pereza,34,1967-04-04,Sector 7G,activa
8453,Jason Wilson,Avaricia,30,1844-12-13,Sector 7G,activa
8454,Andrea Montoya,Ira,69,1870-02-11,Inframundo,activa
8455,Eric Tucker,Pereza,79,1899-03-03,Sector 7G,activa
8456,Kathleen Morgan,Avaricia,28,1915-03-18,Sector 7G,activa
8457,Jason Norman,Gula,95,1922-09-10,Sector 7G,en proceso de tortura
8458,Peter Sellers,Gula,64,2017-04-19,Pandemonium,en proceso de tortura
8459,Jean Stout,Pereza,50,1885-01-16,Inframundo,redimida
8460,Paul Scott,Gula,58,1940-01-13,Limbo,redimida
8461,Tami Cook,Envidia,42,1832-12-26,Tierra,activa
8462,Monica Mcgee,Envidia,84,1841-01-22,Sector 7G,redimida
8463,Cindy Rhodes,Lujuria,80,2011-09-19,Limbo,activa
8464,Glenn Ramirez,Soberbia,36,1836-11-18,Limbo,redimida
8465,Shawn Bryant,Soberbia,77,2003-12-28,Limbo,activa
8466,William Walker,Avaricia,44,1976-12-13,Limbo,en proceso de tortura
8467,Andrea Gomez,Ira,74,1936-03-14,Inframundo,activa
8468,Paul Hicks,Soberbia,91,1942-07-29,Inframundo,redimida
8469,Brooke Smith,Lujuria,86,1867-10-20,Pandemonium,redimida
8470,Robin Dunn,Pereza,85,1920-04-15,Sector 7G,activa
8471,Christopher Jones,Gula,63,2013-07-09,Inframundo,redimida
8472,Juan Waters,Ira,23,1966-01-16,Sector 7G,redimida
8473,Victor Grant MD,Lujuria,66,1865-11-09,Tierra,redimida
8474,Terri Robles,Avaricia,48,1967-02-09,Limbo,activa
8475,Angel Howard,Lujuria,43,1859-03-17,Tierra,en proceso de tortura
8476,Tina Clark,Ira,63,1934-08-04,Abismo,redimida
8477,Alicia Reid,Ira,73,1915-03-20,Pandemonium,en proceso de tortura
8478,Janet Daugherty,Lujuria,13,1927-02-07,Inframundo,en proceso de tortura
8479,Matthew Harris,Soberbia,51,2009-12-20,Limbo,redimida
8480,Anita Estrada,Lujuria,12,1990-11-29,Tierra,activa
8481,Chase Richard,Gula,50,1841-06-12,Inframundo,en proceso de tortura
8482,Cody Lane,Pereza,97,2021-05-19,Abismo,redimida
8483,Allen Cooper,Envidia,82,1841-05-26,Pandemonium,en proceso de tortura
8484,Matthew Hicks,Pereza,38,1921-03-11,Limbo,redimida
8485,Michelle Thomas,Envidia,100,1867-10-17,Inframundo,en proceso de tortura
8486,Daniel Mcpherson,Soberbia,22,1841-05-17,Pandemonium,en proceso de tortura
8487,Travis Newman,Envidia,1,1879-10-07,Sector 7G,activa
8488,Robert Hobbs,Soberbia,53,1926-06-30,Tierra,en proceso de tortura
8489,Dana Duran,Ira,49,1856-03-05,Tierra,activa
8490,Kyle Carpenter,Lujuria,42,2020-10-28,Abismo,activa
8491,Angela Patterson,Gula,82,1983-09-19,Sector 7G,redimida
8492,Justin Parker,Soberbia,43,2008-07-14,Abismo,activa
8493,James Waters,Envidia,10,1874-10-10,Abismo,en proceso de tortura
8494,Carl Gomez,Avaricia,69,1983-03-19,Tierra,redimida
8495,Margaret Ortiz,Ira,0,1969-08-02,Limbo,en proceso de tortura
8496,Shannon Gutierrez,Pereza,17,1925-10-06,Limbo,activa
8497,Jennifer Brown,Lujuria,31,1930-08-21,Abismo,redimida
8498,Andrea Cruz,Ira,50,2003-12-28,Abismo,redimida
8499,Bailey Herring,Avaricia,48,1916-09-24,Limbo,en proceso de tortura
8500,Megan Wolf,Lujuria,68,1991-12-15,Limbo,en proceso de tortura
8501,Teresa Mcdonald,Ira,88,1907-08-02,Sector 7G,redimida
8502,Maria Smith DDS,Soberbia,44,1931-07-30,Abismo,activa
8503,Nicholas Mcmillan,Gula,55,1873-11-06,Limbo,redimida
8504,John Saunders,Avaricia,30,2000-04-27,Tierra,activa
8505,Aaron Sanchez,Ira,79,1964-01-30,Abismo,activa
8506,John Griffin,Lujuria,59,1911-11-21,Tierra,en proceso de tortura
8507,Michael Davis,Lujuria,59,1921-10-28,Tierra,activa
8508,Kurt Joseph,Lujuria,6,1848-04-10,Limbo,activa
8509,Joshua Lopez,Envidia,54,1839-05-05,Sector 7G,redimida
8510,Michael Campos,Soberbia,40,1853-06-21,Inframundo,redimida
8511,Jeffrey Martinez,Pereza,97,1925-05-12,Tierra,activa
8512,Jay Little,Pereza,30,1911-08-20,Limbo,activa
8513,Jenna Horton,Soberbia,22,1971-12-27,Abismo,redimida
8514,James Haynes,Avaricia,35,1936-11-26,Abismo,redimida
8515,David Johnson,Avaricia,62,2020-03-28,Inframundo,en proceso de tortura
8516,Tracy Shaffer,Soberbia,93,1831-06-10,Pandemonium,redimida
8517,Karen Davis,Envidia,43,1966-08-14,Pandemonium,activa
8518,Brandy Myers,Ira,6,2018-05-05,Sector 7G,redimida
8519,Jennifer Miranda,Pereza,53,1869-07-26,Tierra,activa
8520,Steven Hudson,Avaricia,29,1904-02-25,Abismo,redimida
8521,Laura Patrick,Lujuria,41,1986-06-24,Sector 7G,activa
8522,Susan Goodwin,Soberbia,36,1837-04-04,Limbo,en proceso de tortura
8523,Mary Taylor,Ira,14,1928-08-11,Tierra,en proceso de tortura
8524,Yolanda Taylor,Gula,64,1886-08-29,Inframundo,redimida
8525,Philip Conner,Avaricia,14,2019-04-03,Abismo,activa
8526,Tanya Castillo,Ira,82,2024-04-18,Limbo,activa
8527,Michael Moore,Gula,50,1970-11-09,Sector 7G,activa
8528,Alice Sparks,Pereza,100,1898-08-23,Abismo,activa
8529,Jennifer Reyes,Pereza,33,1831-03-09,Inframundo,activa
8530,John Cook,Soberbia,51,1876-09-01,Sector 7G,en proceso de tortura
8531,Steven Coleman,Pereza,77,2003-12-28,Inframundo,activa
8532,Marc Morris,Pereza,24,1967-09-17,Abismo,activa
8533,Deborah Wright,Pereza,50,1878-01-04,Limbo,en proceso de tortura
8534,George Bolton,Pereza,100,1998-09-18,Sector 7G,redimida
8535,Cheryl Williams,Envidia,80,2008-08-09,Pandemonium,activa
8536,Christopher Morgan,Lujuria,69,1956-01-14,Inframundo,activa
8537,Christine Thompson,Ira,70,1864-06-25,Sector 7G,redimida
8538,Thomas Simmons DVM,Lujuria,34,2018-06-05,Abismo,en proceso de tortura
8539,John Perkins,Avaricia,89,1832-09-07,Abismo,redimida
8540,Tim Blake,Pereza,47,1923-05-30,Inframundo,activa
8541,Cheyenne Jacobson,Lujuria,79,1949-03-24,Abismo,en proceso de tortura
8542,Isaiah Herrera,Soberbia,84,2011-10-26,Sector 7G,activa
8543,Jared Jones,Gula,0,1882-07-24,Abismo,activa
8544,Melissa Ramsey,Avaricia,49,1943-10-13,Limbo,en proceso de tortura
8545,Daniel Simpson,Envidia,4,2014-02-24,Tierra,redimida
8546,Jason Martinez,Envidia,4,2003-12-28,Pandemonium,redimida
8547,Catherine Willis,Lujuria,71,1826-03-25,Inframundo,en proceso de tortura
8548,Jacqueline Walls,Gula,64,1907-07-20,Inframundo,redimida
8549,Gregory Miller,Ira,25,1988-02-07,Pandemonium,activa
8550,Matthew Walters,Envidia,41,2010-07-27,Inframundo,en proceso de tortura
8551,Diane Jennings,Avaricia,95,1856-04-26,Sector 7G,redimida
8552,Sharon Leon,Ira,47,1980-01-25,Tierra,en proceso de tortura
8553,Natalie Lopez,Avaricia,74,1837-02-11,Tierra,redimida
8554,Heather Harper,Avaricia,56,1906-12-25,Pandemonium,redimida
8555,Gilbert Jackson,Soberbia,75,1955-07-26,Abismo,redimida
8556,Megan Brown,Gula,58,1916-08-30,Pandemonium,redimida
8557,Kevin Pham,Soberbia,24,1866-08-25,Abismo,redimida
8558,Diane Bush,Pereza,17,2008-04-10,Limbo,redimida
8559,Ryan Anderson,Envidia,98,1941-09-03,Limbo,activa
8560,Jeremy Baker,Lujuria,77,2009-05-22,Sector 7G,activa
8561,Amanda Moody,Soberbia,24,1957-02-05,Tierra,en proceso de tortura
8562,Becky Campbell,Pereza,89,1963-10-04,Sector 7G,en proceso de tortura
8563,Theresa Rose,Envidia,60,1935-06-15,Sector 7G,activa
8564,Miguel Shaw,Ira,45,1993-07-01,Pandemonium,activa
8565,William Campbell,Lujuria,28,1947-11-16,Pandemonium,en proceso de tortura
8566,Patricia Wilson,Envidia,67,1965-12-01,Pandemonium,redimida
8567,Eric Parks,Gula,9,1839-06-05,Tierra,redimida
8568,Maria Williams,Lujuria,50,1845-09-07,Tierra,en proceso de tortura
8569,Steven Patel,Avaricia,61,1951-07-15,Limbo,activa
8570,Joshua Williams,Gula,49,1914-07-25,Pandemonium,activa
8571,Vanessa Johnson,Gula,47,2004-01-14,Sector 7G,activa
8572,Ms. Tiffany Johnson,Ira,45,1856-03-27,Sector 7G,activa
8573,Jennifer Graham,Lujuria,56,1935-04-08,Sector 7G,en proceso de tortura
8574,James Franklin,Envidia,50,1915-05-06,Inframundo,activa
8575,Andrea Bowman,Soberbia,45,1997-04-24,Abismo,en proceso de tortura
8576,Jackson Greer,Gula,78,1897-08-09,Tierra,redimida
8577,Lauren Bartlett,Lujuria,68,1991-11-25,Pandemonium,activa
8578,Brandi Meyers,Envidia,78,1972-12-29,Tierra,activa
8579,Kristen Lee,Envidia,42,2005-10-24,Pandemonium,activa
8580,Melissa Fleming,Gula,66,1856-10-15,Inframundo,en proceso de tortura
8581,Louis Thornton,Soberbia,3,1862-08-24,Abismo,activa
8582,Shelby Hamilton,Envidia,38,2009-05-27,Pandemonium,activa
8583,Michael Wright,Ira,92,1891-05-14,Tierra,activa
8584,Victoria Dunn,Gula,83,1970-07-16,Pandemonium,activa
8585,Paul Torres,Soberbia,53,1878-05-16,Pandemonium,redimida
8586,Sandra Cooper,Pereza,33,1947-02-16,Limbo,activa
8587,Paula Hernandez,Ira,48,1882-01-17,Limbo,redimida
8588,Andrew Carrillo,Envidia,2,1860-10-22,Limbo,redimida
8589,Phillip Carney,Soberbia,14,1978-07-19,Sector 7G,en proceso de tortura
8590,Trevor Davis,Pereza,55,1875-08-12,Tierra,en proceso de tortura
8591,John Terrell,Envidia,75,2019-12-21,Pandemonium,redimida
8592,Lauren Walter,Gula,63,1926-11-25,Abismo,en proceso de tortura
8593,Gerald Mcgee,Pereza,28,1886-04-01,Pandemonium,redimida
8594,Cathy Meza,Pereza,9,1933-09-22,Limbo,en proceso de tortura
8595,Jamie Villarreal,Envidia,49,1885-09-26,Sector 7G,en proceso de tortura
8596,Megan Ward,Soberbia,50,1852-12-27,Abismo,en proceso de tortura
8597,Manuel Burns,Ira,21,1859-04-04,Pandemonium,activa
8598,Gwendolyn Ballard,Avaricia,17,1984-03-25,Tierra,en proceso de tortura
8599,Walter Goodman,Avaricia,41,1964-11-18,Limbo,activa
8600,Linda Dixon,Avaricia,50,1969-06-15,Pandemonium,redimida
8601,Sarah Martinez,Avaricia,20,1982-01-17,Inframundo,en proceso de tortura
8602,Jessica Norton,Pereza,7,1997-02-12,Tierra,redimida
8603,Andrew Greene,Soberbia,57,1925-03-16,Pandemonium,redimida
8604,David Parsons,Ira,50,1988-07-24,Limbo,en proceso de tortura
8605,Jasmine Lopez,Pereza,87,1918-03-06,Abismo,redimida
8606,Candace Garcia,Avaricia,90,1855-09-28,Inframundo,activa
8607,James Brewer,Pereza,80,1867-10-01,Tierra,redimida
8608,Lisa Wilcox,Avaricia,58,2017-12-02,Pandemonium,activa
8609,Amber Hall,Pereza,27,1863-05-04,Abismo,activa
8610,David Hunter,Soberbia,23,1994-05-20,Pandemonium,activa
8611,Brittany Sawyer,Ira,76,1857-09-01,Tierra,activa
8612,Brian Watson,Soberbia,10,2022-07-21,Pandemonium,redimida
8613,Miguel Kelly,Soberbia,64,1944-09-26,Sector 7G,en proceso de tortura
8614,Casey Alexander,Soberbia,67,1995-02-25,Tierra,redimida
8615,Jennifer Cunningham,Avaricia,36,1829-07-06,Pandemonium,en proceso de tortura
8616,Sharon Evans,Pereza,70,1918-12-19,Tierra,en proceso de tortura
8617,Brianna Lopez,Envidia,64,1848-01-19,Sector 7G,activa
8618,Jacqueline Wolfe,Envidia,19,1863-06-26,Limbo,en proceso de tortura
8619,Katherine Parrish,Pereza,54,2003-12-28,Tierra,redimida
8620,Travis Ellis,Gula,91,2013-07-22,Abismo,redimida
8621,Timothy Jordan,Lujuria,66,1831-11-21,Abismo,en proceso de tortura
8622,Jesus Cooper,Lujuria,74,2013-07-06,Pandemonium,en proceso de tortura
8623,John Higgins MD,Ira,55,1995-11-10,Tierra,activa
8624,Susan Dean,Avaricia,44,2024-08-21,Inframundo,redimida
8625,Justin Smith,Soberbia,88,1990-09-10,Abismo,en proceso de tortura
8626,Melissa Flores,Pereza,78,1911-04-14,Abismo,en proceso de tortura
8627,Justin Ware,Soberbia,58,1926-10-03,Inframundo,en proceso de tortura
8628,Matthew Morgan,Gula,16,1863-11-28,Sector 7G,en proceso de tortura
8629,David Mccarty,Soberbia,35,1838-06-16,Abismo,en proceso de tortura
8630,Audrey Moore,Lujuria,65,1860-02-13,Sector 7G,activa
8631,Dr. Kevin Kirby Jr.,Pereza,25,1880-07-21,Sector 7G,activa
8632,Catherine Wright,Pereza,61,1939-05-06,Inframundo,en proceso de tortura
8633,Lindsay Carr,Ira,73,1833-03-15,Abismo,en proceso de tortura
8634,Mikayla Washington,Lujuria,99,1948-04-10,Pandemonium,en proceso de tortura
8635,Kimberly Campbell,Gula,71,2013-10-25,Abismo,activa
8636,Jordan Nolan,Soberbia,25,1893-09-23,Sector 7G,activa
8637,Heather Meyer,Pereza,81,1985-07-05,Sector 7G,redimida
8638,Ryan Gibbs,Envidia,80,1948-02-04,Inframundo,en proceso de tortura
8639,Andrea Watson,Pereza,13,1866-01-14,Pandemonium,en proceso de tortura
8640,Sharon Garcia,Gula,82,2003-12-28,Inframundo,activa
8641,John Glover,Soberbia,9,1870-07-31,Sector 7G,redimida
8642,Michael Pacheco,Envidia,34,1926-08-30,Sector 7G,redimida
8643,Jessica Castro,Soberbia,53,1993-04-24,Abismo,en proceso de tortura
8644,Marilyn Phillips,Envidia,28,1962-09-05,Inframundo,activa
8645,Matthew Zimmerman,Lujuria,29,1857-04-20,Tierra,redimida
8646,Emily Chase,Lujuria,67,1861-11-29,Limbo,activa
8647,Mike Martinez,Gula,0,1898-02-20,Tierra,redimida
8648,Brandi Williams,Lujuria,50,1877-04-01,Limbo,redimida
8649,Cassandra Moon,Avaricia,77,2015-06-21,Limbo,redimida
8650,Jay Allen,Soberbia,39,1972-09-21,Limbo,redimida
8651,Marissa Kirby MD,Lujuria,62,1936-10-28,Tierra,redimida
8652,Mrs. Selena Davis,Gula,80,1965-09-02,Sector 7G,redimida
8653,Samuel King,Gula,7,1873-02-23,Sector 7G,en proceso de tortura
8654,Jason Jones,Soberbia,90,1987-06-10,Inframundo,activa
8655,Jonathon Foster,Envidia,97,1904-09-03,Tierra,en proceso de tortura
8656,Gregory Allen,Envidia,75,1924-01-15,Inframundo,activa
8657,Thomas Arroyo,Soberbia,75,1965-02-03,Limbo,en proceso de tortura
8658,Corey Fuentes,Gula,94,1969-10-12,Limbo,redimida
8659,Michelle Moore,Pereza,57,1940-02-05,Pandemonium,activa
8660,Natalie Lucero,Avaricia,66,1973-09-19,Inframundo,en proceso de tortura
8661,Kathryn Jones,Lujuria,22,1939-04-06,Abismo,activa
8662,Eric Flores,Avaricia,11,1854-05-11,Sector 7G,activa
8663,Paul Smith,Soberbia,95,1960-08-28,Sector 7G,redimida
8664,Tara Bell,Lujuria,12,1970-11-23,Abismo,activa
8665,Heather Allen,Pereza,18,1869-10-13,Sector 7G,activa
8666,Tiffany Simon,Envidia,61,1866-03-02,Tierra,en proceso de tortura
8667,Brett Gregory,Ira,99,2013-10-01,Abismo,redimida
8668,Heidi Rodriguez,Pereza,16,1938-04-01,Sector 7G,redimida
8669,Dennis Weaver,Soberbia,92,1926-02-13,Pandemonium,redimida
8670,Zachary Shannon,Lujuria,58,1959-09-24,Limbo,en proceso de tortura
8671,Adam Williams,Gula,50,1910-12-03,Pandemonium,activa
8672,Brian Love,Avaricia,37,1863-05-22,Sector 7G,activa
8673,Richard Harris,Soberbia,33,1888-12-28,Limbo,activa
8674,John Robinson,Envidia,90,1863-11-13,Abismo,en proceso de tortura
8675,Elizabeth Lopez,Gula,37,1832-01-16,Limbo,en proceso de tortura
8676,Phillip Jones,Envidia,26,1885-09-09,Inframundo,activa
8677,Kayla Wilson,Lujuria,78,1955-05-02,Inframundo,redimida
8678,Rebecca Jones,Gula,38,1980-06-19,Sector 7G,en proceso de tortura
8679,Jack Green,Gula,71,1938-07-04,Pandemonium,redimida
8680,Erin Morales,Ira,33,1886-11-13,Limbo,redimida
8681,Mandy Miller,Pereza,79,1928-04-27,Sector 7G,activa
8682,Danielle Bradford,Avaricia,57,2011-09-07,Tierra,en proceso de tortura
8683,Andrew Hoffman,Soberbia,1,1937-03-18,Limbo,activa
8684,Philip Wiley,Pereza,19,1951-07-26,Sector 7G,activa
8685,Melissa Mendoza,Avaricia,55,2006-04-17,Tierra,activa
8686,Nathaniel Morales,Pereza,32,1871-03-30,Pandemonium,activa
8687,Carla Newman,Ira,92,1963-07-03,Inframundo,activa
8688,Tara Zamora,Soberbia,65,2003-12-28,Inframundo,en proceso de tortura
8689,Monica Williams,Pereza,90,1848-01-13,Abismo,en proceso de tortura
8690,Karen Sandoval,Lujuria,20,1913-08-09,Abismo,activa
8691,Jeffrey Jackson,Envidia,51,1981-03-24,Sector 7G,en proceso de tortura
8692,Gregory Porter,Soberbia,59,1857-05-17,Sector 7G,redimida
8693,George Galvan,Gula,58,2015-09-16,Limbo,en proceso de tortura
8694,Marcus Little,Envidia,44,1855-12-01,Limbo,activa
8695,Claudia Griffin,Envidia,93,1996-08-02,Limbo,activa
8696,Adam Jacobs,Soberbia,47,1850-11-06,Inframundo,en proceso de tortura
8697,Jessica Rodriguez,Envidia,46,1966-05-05,Inframundo,activa
8698,Kimberly Rodriguez,Soberbia,2,1921-10-10,Tierra,redimida
8699,Melissa Blake,Lujuria,40,2018-02-28,Pandemonium,activa
8700,Tyler Sullivan,Gula,11,2025-08-13,Limbo,activa
8701,Dr. Heather Nash MD,Envidia,2,1902-04-13,Pandemonium,activa
8702,Douglas Lopez,Pereza,58,1907-04-12,Abismo,activa
8703,Dana Miller,Avaricia,86,1944-05-26,Tierra,en proceso de tortura
8704,Clifford Stewart,Ira,12,2022-05-02,Abismo,activa
8705,Daniel Johnston,Gula,4,1916-07-05,Abismo,redimida
8706,Samuel Baker,Pereza,59,1897-07-14,Tierra,redimida
8707,Jerry Avery,Pereza,78,1836-08-27,Inframundo,en proceso de tortura
8708,Philip Lewis,Gula,57,1995-02-10,Abismo,activa
8709,Susan Cohen,Soberbia,77,1992-08-08,Tierra,en proceso de tortura
8710,Doris Horne,Ira,28,1880-11-04,Pandemonium,activa
8711,Robert Rios,Envidia,12,1836-06-28,Inframundo,en proceso de tortura
8712,Ronald Riley,Lujuria,35,1857-01-29,Tierra,redimida
8713,Jose Johnson DDS,Lujuria,50,1833-09-20,Sector 7G,en proceso de tortura
8714,Lisa Steele,Gula,31,1993-10-18,Pandemonium,activa
8715,Sandra Travis,Avaricia,96,1922-06-27,Pandemonium,en proceso de tortura
8716,Mary Elliott,Soberbia,23,1970-02-19,Limbo,redimida
8717,Jennifer Rose,Gula,73,1993-03-17,Sector 7G,redimida
8718,Alisha Smith,Ira,91,1852-11-05,Limbo,en proceso de tortura
8719,Mary Allen,Soberbia,98,1863-12-13,Inframundo,activa
8720,Douglas Booker,Ira,70,1968-09-25,Inframundo,en proceso de tortura
8721,Amber Freeman,Lujuria,13,1871-02-19,Tierra,redimida
8722,Chad Robertson,Pereza,80,1835-03-07,Inframundo,en proceso de tortura
8723,Erin Coleman,Soberbia,44,1865-05-25,Abismo,activa
8724,Amber Pittman,Lujuria,70,1963-12-12,Sector 7G,activa
8725,Steven Jordan,Gula,59,1911-10-30,Abismo,activa
8726,John Gomez,Soberbia,1,1999-01-11,Abismo,activa
8727,Hannah Harmon,Soberbia,73,1873-04-11,Pandemonium,redimida
8728,Ryan Richards,Envidia,94,1851-01-21,Abismo,redimida
8729,Brenda Johnson,Ira,14,1969-03-30,Inframundo,redimida
8730,Matthew Hamilton,Avaricia,77,1842-09-21,Inframundo,en proceso de tortura
8731,Bradley Stevenson,Lujuria,76,1841-02-18,Sector 7G,activa
8732,James Houston,Avaricia,98,1877-12-16,Tierra,redimida
8733,Michael Warren,Soberbia,38,1917-09-18,Abismo,en proceso de tortura
8734,William Watkins,Gula,2,1883-11-07,Pandemonium,en proceso de tortura
8735,Kirk Olson,Gula,7,1837-10-05,Tierra,redimida
8736,Victoria Vasquez,Ira,66,1989-08-01,Limbo,redimida
8737,Sierra Martinez,Pereza,20,1905-01-13,Abismo,redimida
8738,Alexander Barton,Envidia,36,1848-06-13,Limbo,activa
8739,Mark Thompson,Avaricia,9,1989-06-04,Tierra,redimida
8740,Angela Clark,Envidia,67,1978-08-26,Abismo,redimida
8741,Kenneth Daniels,Avaricia,59,1867-04-06,Limbo,en proceso de tortura
8742,James Sanchez,Soberbia,86,1961-06-14,Limbo,redimida
8743,David Johnson,Soberbia,35,1915-03-27,Sector 7G,activa
8744,Dawn Powell,Lujuria,65,1880-02-20,Sector 7G,activa
8745,Sandra Robles,Avaricia,25,1960-04-21,Tierra,activa
8746,Tanya Gomez,Avaricia,87,1888-03-17,Tierra,activa
8747,Michael Buck,Lujuria,67,1947-01-20,Inframundo,activa
8748,Bethany Robertson,Soberbia,100,1827-05-27,Pandemonium,redimida
8749,Donald Price,Envidia,55,1982-02-28,Limbo,en proceso de tortura
8750,Kristen Williams,Ira,30,1897-02-23,Pandemonium,redimida
8751,William Blake,Ira,53,1899-06-26,Inframundo,en proceso de tortura
8752,Chad Rogers,Avaricia,92,1894-03-17,Sector 7G,redimida
8753,Gabriel Conrad MD,Avaricia,21,1899-10-22,Pandemonium,activa
8754,John Murphy,Pereza,57,1891-02-14,Limbo,en proceso de tortura
8755,Steven May,Pereza,97,1970-09-13,Limbo,redimida
8756,Robert Johnson,Lujuria,83,2010-05-08,Limbo,activa
8757,Jaime Murphy DVM,Lujuria,86,1970-02-28,Pandemonium,activa
8758,Perry Thomas,Pereza,5,1884-01-01,Pandemonium,redimida
8759,Shane Stewart,Ira,72,1996-11-06,Sector 7G,activa
8760,Robert Davis,Avaricia,66,1910-06-18,Sector 7G,redimida
8761,Kyle Brown,Soberbia,52,1858-04-21,Limbo,en proceso de tortura
8762,Matthew Valenzuela,Lujuria,57,1868-05-28,Limbo,redimida
8763,Daniel Padilla,Avaricia,66,1842-02-03,Limbo,redimida
8764,Philip Jones,Pereza,75,1930-04-23,Sector 7G,redimida
8765,Latasha Ward,Envidia,92,1903-12-01,Inframundo,redimida
8766,Diana Sexton,Ira,34,2004-01-15,Limbo,en proceso de tortura
8767,Anthony Williams,Avaricia,62,2007-01-07,Pandemonium,activa
8768,Timothy Barnes,Gula,43,1923-03-20,Limbo,en proceso de tortura
8769,Jason Adams,Lujuria,71,1875-06-18,Limbo,redimida
8770,John Brooks,Avaricia,55,1881-06-26,Pandemonium,activa
8771,Jessica Wall,Soberbia,74,2012-05-20,Limbo,en proceso de tortura
8772,Jennifer Cuevas,Soberbia,86,1920-05-29,Sector 7G,activa
8773,Renee Harris,Ira,9,1911-04-16,Tierra,activa
8774,Mark Ho,Soberbia,69,1959-05-19,Tierra,redimida
8775,Phillip Chandler,Avaricia,23,2011-07-16,Sector 7G,redimida
8776,Sandra Vargas,Envidia,87,2007-08-19,Tierra,activa
8777,Elizabeth Salinas,Ira,79,1918-04-10,Abismo,en proceso de tortura
8778,Kenneth Porter,Lujuria,36,1951-09-30,Tierra,activa
8779,Chad Pitts,Pereza,84,1973-10-13,Abismo,activa
8780,Stephen Allison,Soberbia,38,1962-09-24,Limbo,redimida
8781,Amy Wright,Gula,50,1893-12-10,Abismo,en proceso de tortura
8782,Kristina Patrick,Envidia,14,1942-04-09,Tierra,redimida
8783,John Perez,Lujuria,65,1919-12-21,Limbo,redimida
8784,Kelly Reilly,Envidia,53,1890-05-13,Inframundo,en proceso de tortura
8785,Justin Williams,Pereza,96,1993-05-01,Sector 7G,activa
8786,Blake Curtis,Gula,24,1991-07-12,Inframundo,en proceso de tortura
8787,Jordan Mcfarland,Envidia,2,1986-03-20,Tierra,en proceso de tortura
8788,David Chambers,Soberbia,84,1879-08-30,Tierra,en proceso de tortura
8789,Natalie Howell,Avaricia,96,1975-08-10,Pandemonium,en proceso de tortura
8790,Joshua Johnson,Avaricia,58,1970-07-13,Inframundo,redimida
8791,Ashlee Coleman,Avaricia,94,1847-05-29,Inframundo,en proceso de tortura
8792,Manuel Marquez,Soberbia,19,2022-01-05,Tierra,redimida
8793,Anthony Richardson,Avaricia,59,1865-09-29,Sector 7G,en proceso de tortura
8794,Samantha Alexander,Avaricia,82,2021-11-14,Pandemonium,en proceso de tortura
8795,Robert Miller,Ira,77,1924-04-14,Inframundo,activa
8796,Anna Mckee,Ira,34,2021-11-15,Sector 7G,redimida
8797,Keith Reese,Ira,34,1893-09-11,Tierra,redimida
8798,Mrs. Tracy Briggs,Lujuria,19,1834-07-07,Limbo,redimida
8799,Daniel Ward,Soberbia,13,1962-08-01,Tierra,redimida
8800,Thomas Holder,Envidia,49,1931-09-12,Abismo,redimida
8801,Larry Mora,Avaricia,19,1993-11-30,Abismo,activa
8802,Anna Barrett,Lujuria,4,1937-05-24,Pandemonium,redimida
8803,David Snyder,Ira,56,1962-08-02,Abismo,redimida
8804,Michael Dorsey,Soberbia,45,1925-01-23,Pandemonium,redimida
8805,Jeremy Preston,Gula,16,1920-07-02,Sector 7G,redimida
8806,Sabrina Brown,Pereza,40,1937-10-25,Inframundo,en proceso de tortura
8807,Sandra Diaz,Gula,46,1893-01-22,Inframundo,activa
8808,Carrie Taylor,Ira,66,1967-06-05,Sector 7G,redimida
8809,Shawna Allen,Lujuria,6,1915-04-22,Inframundo,en proceso de tortura
8810,Gina York DDS,Gula,29,1905-04-18,Tierra,activa
8811,Desiree Wallace,Ira,92,2021-03-06,Limbo,en proceso de tortura
8812,Douglas Miles,Ira,4,1833-06-29,Limbo,activa
8813,Cody Pena,Pereza,92,1867-10-10,Pandemonium,en proceso de tortura
8814,Daniel Mays,Lujuria,29,2006-11-23,Abismo,activa
8815,Ronald Wright,Avaricia,50,1931-06-29,Pandemonium,en proceso de tortura
8816,Melissa Henry,Gula,73,1964-09-27,Abismo,en proceso de tortura
8817,Aaron Moore,Lujuria,76,2007-04-27,Abismo,activa
8818,Patricia Rose,Soberbia,45,1999-12-13,Sector 7G,activa
8819,Maria Saunders,Envidia,100,1958-05-23,Inframundo,activa
8820,Kim Fernandez,Ira,8,1963-09-25,Sector 7G,redimida
8821,Aaron Russell,Avaricia,41,1951-01-30,Inframundo,en proceso de tortura
8822,Natalie Brown,Gula,79,1959-04-03,Tierra,redimida
8823,Jason Johnson,Pereza,50,1838-11-16,Pandemonium,en proceso de tortura
8824,Maria Mueller,Soberbia,48,1871-08-28,Tierra,redimida
8825,Miranda Lyons,Envidia,20,2001-03-10,Pandemonium,activa
8826,Leah Torres,Gula,62,2004-02-14,Limbo,en proceso de tortura
8827,Lori Martin,Gula,78,1934-02-21,Pandemonium,activa
8828,Holly Lawson,Ira,10,1969-10-19,Pandemonium,en proceso de tortura
8829,Eric Ramirez,Ira,16,1935-04-05,Pandemonium,redimida
8830,Brooke Martin,Soberbia,43,1841-12-16,Abismo,en proceso de tortura
8831,Patrick Edwards,Pereza,62,2023-02-28,Abismo,activa
8832,Martin Davis,Ira,13,1999-11-04,Pandemonium,activa
8833,Kimberly Mitchell,Avaricia,53,1882-10-07,Sector 7G,en proceso de tortura
8834,Dustin Bowers,Pereza,70,1928-04-08,Pandemonium,redimida
8835,Shelby Jones,Pereza,75,1877-07-04,Tierra,activa
8836,Mary George,Envidia,88,1853-01-02,Pandemonium,en proceso de tortura
8837,Bobby Powell,Avaricia,100,2016-02-18,Abismo,en proceso de tortura
8838,Traci Caldwell,Pereza,87,1985-03-14,Limbo,activa
8839,William Beard,Avaricia,0,1929-08-23,Inframundo,activa
8840,Austin Peterson,Soberbia,30,1909-03-05,Inframundo,en proceso de tortura
8841,Amanda White,Pereza,71,1879-06-17,Tierra,en proceso de tortura
8842,Alvin Thompson,Pereza,29,1883-01-13,Pandemonium,activa
8843,Morgan Newton DDS,Envidia,62,1997-05-16,Sector 7G,en proceso de tortura
8844,Benjamin Stephens,Soberbia,53,1863-01-16,Inframundo,redimida
8845,Todd Stewart,Soberbia,93,2021-02-04,Abismo,redimida
8846,Denise Bishop,Envidia,88,1846-04-29,Tierra,redimida
8847,Alexander Bryant,Envidia,86,1964-09-09,Inframundo,en proceso de tortura
8848,Victoria Davidson,Ira,56,1934-03-04,Inframundo,activa
8849,Luke Campbell,Avaricia,49,1947-05-21,Sector 7G,en proceso de tortura
8850,Walter Hernandez,Ira,63,1855-08-27,Tierra,activa
8851,Rachel Price,Soberbia,98,1980-05-21,Pandemonium,redimida
8852,Timothy Hinton,Ira,94,2003-12-28,Abismo,activa
8853,Megan Johnson,Ira,10,1942-03-21,Inframundo,activa
8854,Kelsey Pierce,Pereza,1,1918-07-16,Limbo,activa
8855,Tiffany Hines,Gula,46,1974-04-19,Sector 7G,activa
8856,Jacob Robinson DDS,Ira,23,2020-01-07,Tierra,redimida
8857,Logan Bowers,Lujuria,55,1864-12-19,Pandemonium,redimida
8858,James Lucas,Pereza,82,1845-09-06,Inframundo,activa
8859,Latasha Brooks,Pereza,38,1917-09-07,Abismo,redimida
8860,Mrs. Tina Matthews,Ira,36,2007-11-14,Limbo,redimida
8861,Patrick Guzman,Ira,86,1965-08-09,Sector 7G,en proceso de tortura
8862,Jacqueline Taylor,Avaricia,68,1979-01-28,Inframundo,redimida
8863,William Garcia,Pereza,75,1843-02-25,Sector 7G,activa
8864,Amy Peterson,Pereza,46,1886-09-14,Pandemonium,en proceso de tortura
8865,Geoffrey Collins,Avaricia,67,1922-02-14,Inframundo,redimida
8866,Brenda Fields,Pereza,21,1840-06-30,Sector 7G,redimida
8867,Robert Bowers,Pereza,81,1923-03-07,Sector 7G,redimida
8868,Jonathan White,Lujuria,1,1859-06-06,Inframundo,activa
8869,Jason Robinson,Pereza,73,1900-09-21,Inframundo,activa
8870,Amanda Williams,Soberbia,78,1879-06-11,Pandemonium,redimida
8871,Gloria Lopez,Pereza,69,2015-08-17,Abismo,en proceso de tortura
8872,Michael Davenport,Envidia,98,1898-12-13,Abismo,redimida
8873,Erin Owens,Lujuria,70,1997-05-28,Pandemonium,redimida
8874,Megan Walls,Pereza,94,1941-04-18,Sector 7G,en proceso de tortura
8875,Lynn Nicholson,Lujuria,75,1853-11-05,Tierra,en proceso de tortura
8876,Bradley Ross,Soberbia,52,1903-01-29,Inframundo,en proceso de tortura
8877,Teresa Dawson,Soberbia,14,1855-06-23,Tierra,redimida
8878,Donald Morris,Envidia,52,1918-01-09,Limbo,redimida
8879,Jaclyn Bush,Envidia,80,1863-05-13,Abismo,en proceso de tortura
8880,Antonio Bullock,Soberbia,17,1859-07-23,Abismo,activa
8881,Lauren Ward,Avaricia,39,1997-06-14,Inframundo,en proceso de tortura
8882,John Christian,Gula,66,1854-09-15,Pandemonium,redimida
8883,Elizabeth Snyder,Soberbia,0,1993-10-14,Pandemonium,en proceso de tortura
8884,Sue Holder,Ira,9,1988-10-04,Inframundo,activa
8885,Daniel Sharp,Avaricia,78,1956-06-29,Inframundo,activa
8886,Monica Thomas,Soberbia,4,2025-03-13,Pandemonium,redimida
8887,Heather Dean,Gula,60,1972-12-19,Limbo,activa
8888,April Baxter,Pereza,28,1916-09-20,Sector 7G,activa
8889,Nicholas Harris,Avaricia,12,1853-09-15,Tierra,activa
8890,Nicole Brown,Pereza,84,1925-12-13,Tierra,redimida
8891,Jennifer Gibbs,Gula,2,1870-11-08,Limbo,activa
8892,Dorothy Arnold,Lujuria,96,1900-09-14,Abismo,en proceso de tortura
8893,Seth Todd,Lujuria,94,1884-09-11,Pandemonium,en proceso de tortura
8894,Mark Green,Pereza,83,1929-01-15,Pandemonium,en proceso de tortura
8895,Bradley Sanchez,Envidia,24,1847-11-24,Inframundo,activa
8896,Sharon Frazier,Soberbia,60,1868-05-27,Limbo,redimida
8897,Karen Howard,Avaricia,11,1991-01-13,Pandemonium,redimida
8898,Laura Contreras MD,Soberbia,85,1913-08-30,Limbo,activa
8899,Julie Zimmerman,Ira,26,2005-05-03,Abismo,redimida
8900,Jack Chapman,Pereza,9,1888-07-08,Inframundo,redimida
8901,Jennifer Nguyen,Soberbia,54,1864-01-01,Inframundo,en proceso de tortura
8902,Ryan Lopez,Lujuria,84,1851-05-06,Limbo,en proceso de tortura
8903,Raymond Adams,Ira,40,1914-02-10,Pandemonium,en proceso de tortura
8904,Roberto Hall,Envidia,61,1867-05-26,Pandemonium,redimida
8905,Danny Henry,Envidia,50,1891-05-18,Limbo,activa
8906,Monique Mora,Lujuria,62,1902-09-07,Tierra,redimida
8907,Jeffrey Lawrence,Gula,4,1919-05-20,Pandemonium,redimida
8908,Todd Hawkins,Pereza,89,1973-03-07,Inframundo,redimida
8909,Sara Vargas,Gula,21,1868-07-15,Tierra,activa
8910,Jon Murphy,Envidia,34,1915-01-24,Abismo,en proceso de tortura
8911,Kristina Krause,Pereza,70,1987-09-19,Abismo,activa
8912,John Donovan,Envidia,1,1844-10-19,Pandemonium,activa
8913,Margaret Wang,Ira,55,1952-06-21,Limbo,redimida
8914,Cynthia Kemp,Envidia,74,1922-10-23,Abismo,activa
8915,Michelle Clark,Lujuria,13,1946-01-06,Tierra,redimida
8916,Mark Johnson,Envidia,97,1937-06-27,Limbo,activa
8917,Timothy Jackson,Pereza,52,1843-02-09,Sector 7G,redimida
8918,Mr. Timothy Patterson,Avaricia,33,1866-04-21,Limbo,activa
8919,Tyler Mckinney,Pereza,65,1942-07-18,Inframundo,activa
8920,Thomas Peterson,Pereza,92,1939-09-20,Tierra,en proceso de tortura
8921,Chad Tapia,Pereza,50,1973-10-05,Tierra,redimida
8922,Melissa Collins,Pereza,80,2023-07-22,Pandemonium,en proceso de tortura
8923,Austin Burnett,Avaricia,95,1931-11-17,Sector 7G,activa
8924,Chase Weeks,Lujuria,32,1891-12-25,Abismo,en proceso de tortura
8925,Dr. Daniel Landry DDS,Ira,28,1838-02-07,Tierra,activa
8926,Anna Sweeney,Pereza,81,1907-08-20,Pandemonium,en proceso de tortura
8927,Marcus Townsend,Ira,8,1998-07-19,Inframundo,en proceso de tortura
8928,Shannon Morse,Envidia,23,1854-12-25,Pandemonium,en proceso de tortura
8929,Jessica Kelly,Lujuria,50,1872-06-04,Pandemonium,redimida
8930,Julie Smith,Envidia,91,1864-08-19,Abismo,en proceso de tortura
8931,Kenneth Campbell,Pereza,49,1944-01-15,Sector 7G,en proceso de tortura
8932,Alexis Taylor,Envidia,33,1842-05-16,Pandemonium,redimida
8933,Lisa Lee,Lujuria,99,1966-04-19,Inframundo,activa
8934,Rebecca Flores,Soberbia,44,2019-05-19,Abismo,en proceso de tortura
8935,Donna Ellis,Gula,70,1880-08-26,Abismo,en proceso de tortura
8936,Christopher Johnson,Envidia,54,1980-01-30,Abismo,redimida
8937,Destiny Pena,Gula,51,1895-09-29,Sector 7G,redimida
8938,Ruben Washington,Envidia,10,2019-08-30,Pandemonium,en proceso de tortura
8939,Erika Mueller,Ira,69,1982-07-07,Limbo,activa
8940,Sarah Lewis,Envidia,15,1922-06-21,Limbo,activa
8941,Madison Sanchez,Lujuria,36,1892-08-27,Inframundo,redimida
8942,Luke Huynh,Pereza,64,1880-09-09,Inframundo,en proceso de tortura
8943,Julie Sullivan,Gula,45,1974-03-14,Pandemonium,en proceso de tortura
8944,Brandon Nelson,Lujuria,74,1845-12-25,Limbo,activa
8945,Ryan Cline,Lujuria,22,1948-07-28,Sector 7G,redimida
8946,Paul Bruce,Pereza,18,1986-06-01,Inframundo,activa
8947,Susan Dixon,Soberbia,56,1828-05-07,Inframundo,en proceso de tortura
8948,Beth Joyce,Ira,50,1935-08-16,Sector 7G,redimida
8949,Steven Greene,Avaricia,75,1867-08-24,Sector 7G,activa
8950,Robert Wright,Soberbia,46,1989-10-13,Sector 7G,redimida
8951,Thomas Johnson,Pereza,58,1884-01-13,Sector 7G,en proceso de tortura
8952,Erika Hines,Lujuria,100,1839-01-04,Tierra,en proceso de tortura
8953,Kevin Evans,Gula,99,1897-08-12,Tierra,redimida
8954,Rachel May,Soberbia,98,1988-05-25,Pandemonium,redimida
8955,Samuel Hernandez,Ira,57,1928-09-07,Abismo,redimida
8956,Michael Miller,Soberbia,31,1982-05-13,Abismo,en proceso de tortura
8957,Joshua Romero,Ira,8,1949-09-29,Abismo,en proceso de tortura
8958,Madeline Hess,Gula,29,1971-05-05,Pandemonium,activa
8959,Jill Hooper,Gula,84,1865-08-24,Pandemonium,activa
8960,Rachel Hall,Pereza,71,1884-08-28,Tierra,en proceso de tortura
8961,Robyn Gonzalez,Ira,72,2003-12-28,Inframundo,redimida
8962,Ashley Thomas,Gula,55,1843-01-22,Abismo,activa
8963,Lindsay White,Lujuria,95,2008-08-03,Tierra,en proceso de tortura
8964,David Newman,Avaricia,30,1996-07-28,Tierra,redimida
8965,Emma Smith,Avaricia,50,1858-12-25,Tierra,redimida
8966,Connor Williams,Pereza,4,2016-01-26,Pandemonium,activa
8967,Jason Summers,Envidia,9,1981-08-26,Abismo,activa
8968,Donna Morrison,Pereza,52,1912-04-29,Limbo,redimida
8969,Preston Daniel,Gula,77,1989-03-20,Pandemonium,en proceso de tortura
8970,Jeremiah Abbott,Envidia,23,1942-01-07,Abismo,en proceso de tortura
8971,Alicia Smith,Lujuria,7,2005-01-22,Pandemonium,activa
8972,Brandy Becker,Ira,50,1886-08-28,Sector 7G,en proceso de tortura
8973,Melinda Williams,Soberbia,70,1857-08-29,Limbo,redimida
8974,John Mitchell,Gula,64,1935-07-25,Inframundo,redimida
8975,Stephanie Irwin,Soberbia,52,1952-05-26,Limbo,redimida
8976,Deborah Singleton,Envidia,80,1953-12-10,Abismo,activa
8977,Sherry Green,Avaricia,3,1993-10-24,Limbo,en proceso de tortura
8978,Nicole Hogan,Pereza,99,1827-01-16,Tierra,redimida
8979,Heather Webb,Envidia,99,2003-12-28,Inframundo,redimida
8980,Jim King,Soberbia,20,1956-09-11,Abismo,en proceso de tortura
8981,Morgan Fox,Pereza,2,1885-12-29,Tierra,activa
8982,William Conner,Pereza,72,1855-08-30,Tierra,redimida
8983,Marcus Steele,Ira,75,2002-06-11,Pandemonium,redimida
8984,Jessica Hopkins,Soberbia,100,1916-03-10,Tierra,redimida
8985,Ashley Golden,Gula,15,1833-12-31,Tierra,activa
8986,Stephanie Ross,Pereza,19,2006-10-11,Abismo,en proceso de tortura
8987,Rebecca Burton,Lujuria,6,1996-10-13,Pandemonium,redimida
8988,Jasmine Curtis,Envidia,30,1840-02-08,Abismo,redimida
8989,Aaron Nelson,Envidia,66,1977-09-29,Sector 7G,en proceso de tortura
8990,Helen Oneill,Lujuria,22,1843-05-14,Limbo,en proceso de tortura
8991,Elizabeth Ramos,Gula,61,1998-01-16,Abismo,redimida
8992,Evelyn Garrison,Lujuria,96,1947-05-20,Inframundo,activa
8993,Samuel Riley,Gula,28,1880-01-19,Sector 7G,activa
8994,Jesse Kennedy,Lujuria,73,1926-12-09,Inframundo,en proceso de tortura
8995,William Porter,Pereza,76,1982-04-12,Inframundo,redimida
8996,George Bentley,Avaricia,28,1918-10-06,Sector 7G,redimida
8997,Erin Stephens,Envidia,22,2007-02-27,Abismo,en proceso de tortura
8998,Jennifer Wilson,Ira,73,1894-11-18,Pandemonium,activa
8999,Raymond Pacheco,Pereza,62,1880-10-29,Abismo,activa
9000,Tyrone Garcia,Envidia,94,1990-04-05,Tierra,en proceso de tortura
9001,Angela Patton,Lujuria,86,1902-11-24,Abismo,activa
9002,Robert Lopez IV,Pereza,88,1869-07-22,Sector 7G,activa
9003,David Freeman,Avaricia,72,1979-06-04,Sector 7G,en proceso de tortura
9004,Troy Vargas,Pereza,96,1926-03-22,Limbo,redimida
9005,Abigail Padilla,Ira,65,1872-01-20,Tierra,activa
9006,Eric Garcia,Lujuria,10,1856-11-07,Limbo,redimida
9007,Elizabeth Brown,Ira,90,1892-07-04,Abismo,en proceso de tortura
9008,Steven Sutton,Soberbia,92,1925-02-14,Abismo,activa
9009,Veronica Park,Soberbia,42,1839-08-13,Inframundo,en proceso de tortura
9010,Joshua Mcdonald,Soberbia,88,1869-03-25,Tierra,activa
9011,Laura Clark,Gula,50,1830-03-16,Tierra,activa
9012,Jean Sanford,Gula,99,1851-03-19,Inframundo,redimida
9013,Dana Olson,Envidia,50,1947-09-23,Tierra,en proceso de tortura
9014,Elijah Gilbert,Avaricia,51,2025-06-26,Sector 7G,redimida
9015,Tabitha Watson,Pereza,4,1855-07-27,Tierra,redimida
9016,Eric Douglas,Avaricia,36,2003-12-28,Limbo,redimida
9017,Jason Hill,Ira,9,1970-02-20,Abismo,activa
9018,Shawn Johnson,Lujuria,50,1982-09-18,Pandemonium,en proceso de tortura
9019,Carrie Franklin,Soberbia,15,1921-05-27,Sector 7G,en proceso de tortura
9020,Courtney Smith,Gula,40,1915-12-02,Inframundo,activa
9021,Mark Smith,Gula,65,1868-06-04,Tierra,activa
9022,Mary Robinson,Avaricia,49,1945-02-26,Tierra,redimida
9023,Nicole Dixon,Ira,7,1857-07-26,Pandemonium,activa
9024,Kyle Smith,Pereza,57,2005-02-20,Sector 7G,en proceso de tortura
9025,Ashley Stevens,Ira,31,1975-06-05,Sector 7G,en proceso de tortura
9026,Jason Dodson,Avaricia,18,1912-09-01,Abismo,activa
9027,Daniel Guerrero,Lujuria,77,1946-08-28,Abismo,en proceso de tortura
9028,Alexandra Swanson,Pereza,100,1884-05-18,Inframundo,activa
9029,Michael Rodriguez,Gula,29,1913-08-11,Sector 7G,activa
9030,Victor Moore,Envidia,55,2011-07-08,Inframundo,activa
9031,Brittany Jones,Pereza,52,1837-09-11,Limbo,activa
9032,Jennifer Smith,Pereza,36,1914-04-06,Inframundo,activa
9033,Kathleen Bryant,Lujuria,36,2003-03-02,Limbo,activa
9034,Devin Morrison,Soberbia,38,1900-05-04,Limbo,en proceso de tortura
9035,Keith Davila,Envidia,85,2016-03-28,Limbo,activa
9036,Sandra Howard,Ira,35,1885-11-27,Limbo,activa
9037,Brendan Woods,Ira,96,1830-11-13,Tierra,activa
9038,Amy Alvarez,Soberbia,19,1888-09-22,Abismo,redimida
9039,Stephanie Chambers,Avaricia,90,1861-10-20,Tierra,activa
9040,Michael Aguilar,Pereza,31,1837-03-10,Tierra,activa
9041,Rhonda Payne,Ira,0,1881-07-19,Inframundo,activa
9042,Derrick Stokes,Gula,66,1962-09-18,Limbo,redimida
9043,Michele Hogan,Lujuria,74,1977-09-18,Inframundo,activa
9044,Amy Alexander,Avaricia,69,1981-05-19,Pandemonium,en proceso de tortura
9045,Brian Webb MD,Gula,56,1884-01-27,Tierra,redimida
9046,Ashley Scott,Gula,4,1936-09-30,Abismo,redimida
9047,Brianna Jimenez,Gula,40,1895-05-30,Inframundo,redimida
9048,Adam Perry,Pereza,50,1895-05-05,Abismo,en proceso de tortura
9049,Jonathan Burgess,Soberbia,34,1913-07-16,Sector 7G,redimida
9050,Carmen Johnson,Envidia,16,1992-12-29,Tierra,activa
9051,Timothy Medina,Pereza,42,1919-05-25,Abismo,redimida
9052,Wendy Mccoy,Lujuria,55,1879-04-27,Pandemonium,en proceso de tortura
9053,Bradley Wagner,Avaricia,44,1964-10-30,Sector 7G,en proceso de tortura
9054,Kevin Thomas MD,Pereza,17,1981-03-11,Sector 7G,activa
9055,Mandy Jennings,Gula,41,2000-03-12,Tierra,redimida
9056,Joseph Hawkins,Gula,85,1831-06-17,Inframundo,activa
9057,Paul Bell,Lujuria,100,1835-07-16,Sector 7G,activa
9058,Michele Sanders,Ira,23,2019-12-08,Inframundo,en proceso de tortura
9059,Randall Hill,Envidia,4,1890-02-16,Inframundo,activa
9060,Brenda Dean,Lujuria,25,1881-05-13,Tierra,activa
9061,Karl Smith,Pereza,38,1952-08-08,Pandemonium,en proceso de tortura
9062,Antonio Fletcher,Avaricia,19,1980-01-19,Sector 7G,activa
9063,Daniel Price,Gula,51,1836-12-28,Sector 7G,activa
9064,Erica Mullen,Gula,77,1883-01-10,Abismo,activa
9065,Ryan Fuller,Gula,45,1835-05-19,Inframundo,activa
9066,Kayla Bryant,Lujuria,81,1910-08-07,Limbo,en proceso de tortura
9067,Joshua Bryant,Lujuria,79,2003-12-28,Tierra,redimida
9068,Rick Rogers,Avaricia,85,1975-11-21,Pandemonium,en proceso de tortura
9069,Joshua Stone,Gula,45,1905-10-30,Inframundo,en proceso de tortura
9070,Natalie Stone,Lujuria,67,1861-10-19,Abismo,activa
9071,Megan Phillips,Pereza,89,1948-03-21,Sector 7G,redimida
9072,Devin Campbell,Envidia,50,1838-11-27,Limbo,activa
9073,Michael Olson,Gula,49,1902-01-18,Inframundo,en proceso de tortura
9074,Kathy Luna,Gula,75,1859-11-05,Inframundo,activa
9075,Tracy Johnson,Soberbia,17,1897-04-11,Pandemonium,redimida
9076,Sergio Richmond,Envidia,41,1912-08-20,Tierra,redimida
9077,Matthew Griffin,Gula,45,1865-12-01,Sector 7G,activa
9078,David James,Ira,76,1878-01-24,Abismo,redimida
9079,Donald Williams,Gula,79,1992-08-15,Tierra,redimida
9080,Brandon Peters,Soberbia,42,1842-02-06,Inframundo,redimida
9081,Christopher Strickland,Lujuria,35,1994-07-22,Sector 7G,en proceso de tortura
9082,Steven Cruz,Envidia,54,1991-12-03,Tierra,redimida
9083,Bruce Lawrence,Pereza,96,1917-10-23,Inframundo,activa
9084,Sylvia Cox,Lujuria,51,1865-03-05,Sector 7G,redimida
9085,Nicole King,Lujuria,82,1826-04-05,Sector 7G,en proceso de tortura
9086,Donald Johnson,Soberbia,54,1942-03-19,Abismo,redimida
9087,Brandi Kelly,Envidia,42,1915-05-23,Limbo,redimida
9088,Kim Caldwell,Ira,25,1936-10-06,Inframundo,redimida
9089,Rhonda Brady,Envidia,16,1971-09-30,Tierra,activa
9090,Ellen Reese,Pereza,85,1983-11-19,Abismo,en proceso de tortura
9091,Samantha Cook,Envidia,70,1927-06-13,Pandemonium,redimida
9092,Carlos King,Pereza,44,1853-05-14,Tierra,redimida
9093,Shawn Richardson,Lujuria,14,1974-06-18,Tierra,en proceso de tortura
9094,Douglas Ellis,Envidia,95,1881-10-05,Limbo,en proceso de tortura
9095,Bryan Fleming,Ira,91,1844-01-21,Pandemonium,en proceso de tortura
9096,Mark Reeves,Soberbia,26,1907-09-13,Inframundo,activa
9097,Erica Simmons,Envidia,97,1877-10-23,Pandemonium,redimida
9098,Timothy Reid,Envidia,36,2003-12-28,Tierra,activa
9099,Terry Howell,Ira,31,1881-10-02,Inframundo,en proceso de tortura
9100,Douglas James,Lujuria,18,1959-08-09,Sector 7G,redimida
9101,Tonya Reyes,Avaricia,58,1842-06-26,Tierra,activa
9102,Mandy Turner DVM,Gula,45,2023-02-28,Abismo,en proceso de tortura
9103,Derrick Smith,Ira,22,1922-05-25,Tierra,activa
9104,Kyle Palmer,Soberbia,85,1903-04-07,Abismo,en proceso de tortura
9105,Deborah Hughes,Envidia,84,1936-04-29,Abismo,activa
9106,Tamara Bell,Ira,48,1887-01-26,Inframundo,activa
9107,Cory Campbell,Soberbia,20,1967-03-07,Abismo,en proceso de tortura
9108,Megan Perez,Pereza,19,1829-01-29,Inframundo,en proceso de tortura
9109,Jeremy Rose,Envidia,14,1894-01-05,Limbo,en proceso de tortura
9110,Michael Cameron,Envidia,24,1898-12-09,Tierra,activa
9111,Tonya Allen,Pereza,18,1975-04-12,Abismo,redimida
9112,Autumn Obrien,Gula,9,1975-04-17,Inframundo,redimida
9113,Alicia Schwartz,Soberbia,60,1916-04-30,Limbo,redimida
9114,Amy Rivera,Ira,66,1832-10-23,Inframundo,activa
9115,Ashlee Ross,Envidia,59,1913-11-24,Pandemonium,activa
9116,Jennifer Stanley,Avaricia,20,1911-07-15,Pandemonium,activa
9117,Richard Barnes,Gula,47,1858-02-12,Abismo,activa
9118,Paul Dillon,Pereza,97,1984-01-11,Tierra,en proceso de tortura
9119,Austin Wells,Envidia,34,1990-08-19,Sector 7G,en proceso de tortura
9120,Kaitlin Johnson MD,Avaricia,5,1988-03-17,Inframundo,redimida
9121,Amanda Anderson,Soberbia,37,1861-01-02,Pandemonium,en proceso de tortura
9122,Shannon Carroll,Pereza,74,1890-11-09,Inframundo,en proceso de tortura
9123,Steven Wilson,Envidia,91,1945-08-17,Pandemonium,activa
9124,James Brooks,Pereza,44,1884-01-01,Sector 7G,redimida
9125,Sandra Tran,Envidia,72,1850-10-06,Tierra,activa
9126,Michelle Alexander,Envidia,64,1854-08-14,Tierra,redimida
9127,Whitney Murray,Soberbia,95,1983-04-14,Limbo,redimida
9128,Robert Hood,Lujuria,36,1981-02-24,Sector 7G,redimida
9129,Adam Clarke,Avaricia,57,1866-04-19,Abismo,en proceso de tortura
9130,Doris Wilson,Lujuria,55,1966-01-28,Pandemonium,redimida
9131,Eileen Barnett,Envidia,51,1904-03-18,Tierra,activa
9132,Paul Kent,Soberbia,39,1845-03-02,Tierra,redimida
9133,Jennifer Aguilar,Lujuria,15,1949-06-30,Inframundo,activa
9134,Paul Glenn,Envidia,56,1875-12-24,Sector 7G,redimida
9135,Carlos Moore,Pereza,36,1903-02-08,Pandemonium,activa
9136,Zachary Rice,Avaricia,54,1988-11-01,Limbo,activa
9137,Elijah Vaughn,Pereza,1,1911-12-30,Tierra,redimida
9138,Bryan Foster,Gula,53,1987-04-01,Inframundo,redimida
9139,Matthew Hartman,Pereza,76,1895-04-30,Abismo,en proceso de tortura
9140,Gary Casey,Avaricia,86,1851-12-15,Tierra,activa
9141,Hannah Diaz,Pereza,12,1882-10-17,Tierra,en proceso de tortura
9142,Eric Watson,Lujuria,96,1862-10-13,Sector 7G,redimida
9143,Briana Bennett,Envidia,100,1867-01-04,Abismo,activa
9144,Emma Gutierrez,Avaricia,83,1951-05-02,Inframundo,activa
9145,Kelsey Rios,Soberbia,40,1857-08-28,Tierra,en proceso de tortura
9146,Laurie Fischer,Soberbia,48,2015-10-05,Tierra,activa
9147,Susan Vargas,Lujuria,47,2025-10-04,Limbo,en proceso de tortura
9148,Christopher Smith,Ira,84,1990-09-06,Pandemonium,activa
9149,Kenneth Marquez,Lujuria,50,1871-10-04,Limbo,en proceso de tortura
9150,Kendra Fox,Envidia,80,1888-03-27,Sector 7G,redimida
9151,Jamie Lloyd,Ira,20,1913-01-09,Limbo,redimida
9152,Matthew Matthews,Avaricia,9,2002-02-25,Inframundo,redimida
9153,James Crane,Pereza,65,1870-10-02,Abismo,redimida
9154,Tonya Odom,Pereza,7,1874-02-08,Sector 7G,activa
9155,Marisa Fuentes,Lujuria,81,1942-08-11,Tierra,activa
9156,Emily Smith,Envidia,50,1906-01-11,Sector 7G,redimida
9157,Kevin Jensen,Soberbia,63,1973-06-10,Sector 7G,redimida
9158,Jason Bullock,Lujuria,19,1886-04-28,Pandemonium,activa
9159,Brian Gilbert,Soberbia,42,1867-05-17,Limbo,en proceso de tortura
9160,Michael Butler,Pereza,69,1941-12-04,Inframundo,en proceso de tortura
9161,Raymond Padilla,Lujuria,57,1865-03-08,Tierra,en proceso de tortura
9162,Willie Meza,Soberbia,42,1993-08-12,Limbo,en proceso de tortura
9163,Terry Olson,Soberbia,18,1927-04-28,Inframundo,redimida
9164,Chase Beltran,Envidia,73,1885-06-28,Pandemonium,activa
9165,Lindsey Spence,Lujuria,89,1955-04-16,Inframundo,en proceso de tortura
9166,Carl Solis,Avaricia,62,1826-04-02,Abismo,en proceso de tortura
9167,Charles Walker,Soberbia,23,1964-02-20,Abismo,activa
9168,Brandon Richardson,Soberbia,18,1983-11-24,Limbo,en proceso de tortura
9169,Patricia Kelly,Soberbia,44,1974-01-21,Tierra,en proceso de tortura
9170,Casey Chapman,Lujuria,32,2019-02-25,Limbo,redimida
9171,Linda Hunt,Pereza,66,2014-08-26,Abismo,en proceso de tortura
9172,Kevin Jensen,Avaricia,13,1844-11-22,Limbo,redimida
9173,Sandra Williams,Gula,44,1999-11-21,Abismo,redimida
9174,Matthew Bishop,Ira,8,2024-08-13,Pandemonium,activa
9175,Michael Harrington,Lujuria,32,1835-08-18,Abismo,redimida
9176,Christopher Oliver,Gula,20,2002-07-02,Sector 7G,redimida
9177,Johnathan Thomas,Ira,43,1944-08-30,Pandemonium,activa
9178,Jerry Brown,Gula,38,1903-02-07,Abismo,en proceso de tortura
9179,Thomas Kirk,Ira,64,1962-09-19,Inframundo,redimida
9180,Erin Zhang,Soberbia,50,1874-12-03,Tierra,activa
9181,Gloria Wilson,Pereza,60,1867-10-11,Abismo,activa
9182,Amanda Thompson,Ira,40,2025-07-25,Tierra,activa
9183,Kathryn Allen,Pereza,69,1978-06-12,Limbo,en proceso de tortura
9184,Linda Ochoa,Ira,14,1974-12-06,Tierra,redimida
9185,Dawn Mckay,Lujuria,19,1925-07-07,Inframundo,redimida
9186,Scott Wells,Lujuria,13,1835-10-23,Inframundo,activa
9187,Carrie Clark,Soberbia,76,1831-09-20,Abismo,redimida
9188,Ruth Thomas,Pereza,42,2005-11-01,Inframundo,en proceso de tortura
9189,Jeffrey Townsend MD,Soberbia,67,1897-04-03,Limbo,en proceso de tortura
9190,Darren Parsons,Ira,56,1925-09-11,Inframundo,redimida
9191,Whitney Scott,Soberbia,23,1839-02-21,Pandemonium,redimida
9192,Angela Ford,Pereza,30,2018-04-15,Pandemonium,en proceso de tortura
9193,Steven Pugh,Avaricia,77,1924-08-21,Inframundo,en proceso de tortura
9194,Jennifer Stevens,Pereza,50,1933-04-29,Tierra,activa
9195,Harry Thornton,Envidia,17,1968-01-19,Limbo,activa
9196,Melissa Lopez,Envidia,95,1967-04-21,Abismo,activa
9197,Sabrina Liu,Lujuria,98,2018-03-24,Pandemonium,activa
9198,Brandi Mack,Envidia,59,2003-12-28,Sector 7G,en proceso de tortura
9199,Daniel Horton,Ira,1,1851-08-05,Limbo,en proceso de tortura
9200,Angela Brown,Gula,26,1976-05-01,Abismo,en proceso de tortura
9201,Robert Lowery MD,Pereza,65,1961-02-27,Tierra,en proceso de tortura
9202,Maria Davis,Gula,92,2004-01-25,Sector 7G,en proceso de tortura
9203,Charles Wright,Envidia,93,1918-07-04,Limbo,activa
9204,Judith Diaz,Pereza,18,2005-12-22,Sector 7G,en proceso de tortura
9205,Jonathan Wallace,Avaricia,36,1858-07-22,Inframundo,redimida
9206,Carolyn Garcia,Ira,57,1910-08-26,Sector 7G,en proceso de tortura
9207,Brett Burgess Jr.,Avaricia,77,1865-07-12,Limbo,en proceso de tortura
9208,Crystal Bowers,Ira,67,1909-11-29,Inframundo,activa
9209,Gregory Ortega,Envidia,94,2003-12-28,Sector 7G,activa
9210,Alexis Mckinney,Envidia,45,1942-08-22,Limbo,redimida
9211,Allison Lewis,Lujuria,2,2016-08-09,Abismo,en proceso de tortura
9212,Edward Olson,Pereza,82,1900-10-21,Inframundo,redimida
9213,Lindsey Mckee,Ira,61,1932-05-23,Tierra,redimida
9214,James Barker,Ira,87,1831-10-30,Sector 7G,en proceso de tortura
9215,Michael Mitchell,Avaricia,48,1974-07-31,Inframundo,activa
9216,Donna Walter,Ira,0,2009-12-04,Tierra,activa
9217,Spencer Reyes,Pereza,54,1961-02-28,Tierra,redimida
9218,Jerry Rivas,Avaricia,95,1861-01-03,Limbo,en proceso de tortura
9219,Bradley Lee,Soberbia,97,1923-03-31,Inframundo,activa
9220,Kelly Choi,Gula,25,2004-03-01,Limbo,en proceso de tortura
9221,Christopher Velasquez,Gula,24,1998-08-06,Limbo,redimida
9222,Brandon Wilson,Gula,56,1926-05-14,Pandemonium,redimida
9223,Natalie Martinez,Ira,79,1847-09-18,Sector 7G,en proceso de tortura
9224,Melissa Hunter,Lujuria,86,1952-07-14,Sector 7G,en proceso de tortura
9225,Donna Gray,Soberbia,45,1879-05-04,Inframundo,activa
9226,Andrew Taylor,Gula,53,1957-04-10,Abismo,activa
9227,William White,Avaricia,45,1851-04-24,Tierra,redimida
9228,Matthew Wilson,Gula,91,1930-09-09,Inframundo,activa
9229,Stacie Pierce,Gula,8,1892-09-15,Abismo,activa
9230,Laurie Barnes,Lujuria,46,2010-04-02,Pandemonium,activa
9231,Megan Galvan,Ira,82,1939-09-14,Pandemonium,redimida
9232,Cindy Williams,Ira,80,1902-01-30,Tierra,redimida
9233,James Diaz,Soberbia,76,2023-02-28,Sector 7G,redimida
9234,Chelsey Peterson,Soberbia,73,1891-04-09,Tierra,redimida
9235,Ian Miller,Lujuria,91,1925-04-11,Inframundo,en proceso de tortura
9236,Eric Cooper,Envidia,61,1893-03-26,Abismo,redimida
9237,Karen Ryan,Lujuria,90,2018-10-04,Sector 7G,activa
9238,Paul Diaz,Ira,14,1889-09-16,Tierra,en proceso de tortura
9239,Juan Stafford,Ira,36,1919-02-26,Abismo,activa
9240,Reginald Jimenez,Ira,41,1946-03-13,Inframundo,activa
9241,Jose Martin,Pereza,36,1995-11-30,Sector 7G,redimida
9242,John Wade,Pereza,50,1951-11-08,Limbo,en proceso de tortura
9243,Mr. Michael Dixon,Ira,46,1895-06-19,Sector 7G,activa
9244,Colin Sims,Gula,32,1983-02-16,Pandemonium,activa
9245,David Jones,Ira,22,1841-07-27,Inframundo,en proceso de tortura
9246,Lisa Hawkins,Ira,55,1881-09-04,Inframundo,activa
9247,Megan Perez,Gula,76,1856-02-04,Inframundo,en proceso de tortura
9248,Bryan Nguyen,Avaricia,43,1970-07-14,Tierra,activa
9249,Joseph Frye,Gula,9,2002-06-10,Abismo,activa
9250,Derek Harris,Lujuria,18,1959-05-11,Tierra,redimida
9251,Meghan Carney,Envidia,90,1845-03-11,Abismo,redimida
9252,Nancy Cobb,Envidia,8,1904-09-21,Limbo,activa
9253,Valerie Moss,Avaricia,100,1986-12-29,Inframundo,activa
9254,Sandra Gonzalez,Ira,63,2018-11-11,Limbo,en proceso de tortura
9255,John Nelson,Envidia,50,1922-04-01,Pandemonium,en proceso de tortura
9256,Mckenzie Hall,Ira,99,1844-09-18,Limbo,en proceso de tortura
9257,Mr. Christopher Morrison,Avaricia,44,1891-02-19,Pandemonium,activa
9258,Courtney Madden,Ira,47,1912-12-06,Sector 7G,redimida
9259,Joshua Santana,Gula,6,2002-11-30,Pandemonium,activa
9260,John Sanchez,Envidia,99,1881-09-05,Abismo,en proceso de tortura
9261,Michelle Goodman,Pereza,69,2001-03-26,Limbo,redimida
9262,Kevin Hatfield,Ira,14,1951-10-15,Abismo,en proceso de tortura
9263,Deanna Cunningham,Envidia,41,2020-03-25,Tierra,activa
9264,Courtney Wolf,Ira,47,2003-12-28,Abismo,redimida
9265,Samantha Decker,Pereza,0,1985-03-03,Sector 7G,activa
9266,George Sanchez,Soberbia,34,1921-02-13,Sector 7G,en proceso de tortura
9267,Allison Gomez,Pereza,50,1919-07-28,Pandemonium,activa
9268,Craig Schaefer,Soberbia,40,1899-09-17,Inframundo,en proceso de tortura
9269,Frank Simon,Ira,14,1967-03-06,Pandemonium,en proceso de tortura
9270,Rebecca Torres,Gula,50,1954-01-26,Pandemonium,activa
9271,Michael Hendricks,Pereza,45,1954-07-29,Abismo,en proceso de tortura
9272,Joshua Butler,Gula,45,2023-06-27,Inframundo,en proceso de tortura
9273,William Bryant,Pereza,94,1956-07-27,Sector 7G,activa
9274,Ashlee Kline,Soberbia,3,2012-01-22,Inframundo,activa
9275,Susan Mccarthy,Ira,61,1990-11-26,Inframundo,redimida
9276,Jennifer Cooper,Ira,26,1922-11-07,Sector 7G,activa
9277,Danny Martinez,Envidia,35,1908-05-25,Abismo,en proceso de tortura
9278,Justin Hanson,Ira,35,1958-03-06,Abismo,redimida
9279,Erica Hamilton,Pereza,0,1840-06-10,Pandemonium,en proceso de tortura
9280,Gina Huffman,Envidia,98,2015-04-22,Inframundo,activa
9281,Angela Castaneda,Envidia,95,1951-05-27,Inframundo,redimida
9282,Elizabeth Jones,Lujuria,45,1889-07-03,Sector 7G,redimida
9283,Timothy Gutierrez,Envidia,64,1954-04-30,Limbo,redimida
9284,William Cruz,Ira,59,1939-01-11,Abismo,en proceso de tortura
9285,Abigail Watts MD,Avaricia,50,1941-07-13,Sector 7G,activa
9286,Paula Murphy,Pereza,94,1869-06-28,Tierra,activa
9287,Allison Bartlett,Soberbia,10,1883-01-22,Sector 7G,activa
9288,Nicole Tucker,Gula,46,1877-04-17,Sector 7G,en proceso de tortura
9289,Christine Dickson,Envidia,3,1986-12-08,Sector 7G,activa
9290,Lauren Andersen,Avaricia,42,1830-11-16,Pandemonium,en proceso de tortura
9291,Olivia Brown,Pereza,7,1905-05-28,Tierra,en proceso de tortura
9292,Austin Mcneil,Envidia,56,2007-04-27,Inframundo,redimida
9293,Denise Mcconnell,Ira,84,1838-05-26,Tierra,en proceso de tortura
9294,Jennifer Mcbride,Ira,94,1865-06-26,Tierra,redimida
9295,Gregory Willis,Envidia,93,1838-05-02,Pandemonium,activa
9296,Nicole Shepherd,Gula,98,1989-11-20,Sector 7G,activa
9297,Devin Anderson,Pereza,21,1878-04-23,Tierra,en proceso de tortura
9298,Richard Rivera,Envidia,84,1870-05-18,Sector 7G,redimida
9299,Michaela Miller,Avaricia,77,1996-10-27,Sector 7G,activa
9300,Douglas Miller MD,Lujuria,77,1919-09-01,Abismo,en proceso de tortura
9301,Tracy Ellis,Soberbia,73,2021-11-20,Sector 7G,en proceso de tortura
9302,Debra Brown,Gula,89,1983-11-29,Tierra,en proceso de tortura
9303,Marilyn Lucas,Lujuria,56,2004-06-18,Tierra,redimida
9304,Jonathan Thomas,Lujuria,59,2017-07-06,Limbo,en proceso de tortura
9305,Whitney Morris,Gula,9,1997-04-13,Inframundo,activa
9306,Mario Peck,Soberbia,58,1936-01-23,Abismo,redimida
9307,Mikayla Hunt,Soberbia,48,1861-11-01,Inframundo,en proceso de tortura
9308,Brandon Sandoval,Ira,41,1913-02-07,Inframundo,en proceso de tortura
9309,Kevin Torres,Ira,57,1863-12-10,Sector 7G,en proceso de tortura
9310,Matthew Macdonald,Lujuria,57,1945-09-03,Inframundo,redimida
9311,Suzanne Castillo,Gula,38,1943-04-14,Abismo,redimida
9312,Danielle Jones,Pereza,100,1902-08-16,Tierra,redimida
9313,Logan Fields,Gula,35,2008-12-09,Sector 7G,activa
9314,Tammy Bailey,Ira,14,1954-05-02,Pandemonium,redimida
9315,Jennifer Ruiz,Lujuria,18,1973-02-12,Pandemonium,redimida
9316,Katie Cooper,Lujuria,9,1828-04-18,Abismo,activa
9317,Caitlyn Watkins,Pereza,4,2024-03-28,Inframundo,redimida
9318,John May,Envidia,34,1865-07-05,Limbo,activa
9319,Robert Beck,Soberbia,26,1832-04-01,Limbo,activa
9320,Jessica Bradford,Pereza,73,1985-02-13,Tierra,activa
9321,Michael Gregory,Envidia,41,1973-08-04,Inframundo,activa
9322,Deborah Patel,Avaricia,40,1950-11-02,Limbo,redimida
9323,Mallory Jones,Pereza,7,1952-12-27,Inframundo,en proceso de tortura
9324,Barbara Duffy,Soberbia,47,1858-10-14,Tierra,en proceso de tortura
9325,Rachel Ballard,Lujuria,63,1870-10-20,Pandemonium,en proceso de tortura
9326,Jorge Hickman,Soberbia,64,1853-08-12,Sector 7G,activa
9327,John Perez,Envidia,97,2005-12-26,Limbo,activa
9328,Steven Anderson,Pereza,20,1880-04-15,Limbo,redimida
9329,Michael Kennedy,Pereza,65,1895-03-01,Pandemonium,activa
9330,Anne Hood MD,Soberbia,45,1858-12-07,Inframundo,activa
9331,Samuel Jones,Soberbia,54,1829-01-26,Pandemonium,redimida
9332,Samuel Richardson,Pereza,55,2004-10-07,Inframundo,en proceso de tortura
9333,Devin Sanchez,Ira,35,2024-06-19,Tierra,activa
9334,Brandon Gutierrez,Gula,52,1922-02-10,Limbo,en proceso de tortura
9335,Jessica Norton,Pereza,73,1885-07-19,Sector 7G,activa
9336,Stacey Zavala,Lujuria,50,1841-12-05,Pandemonium,redimida
9337,Erica Morgan,Envidia,29,1826-06-20,Sector 7G,en proceso de tortura
9338,Dr. Troy Frazier,Gula,48,1851-12-17,Sector 7G,redimida
9339,Katherine Adams,Avaricia,50,1869-12-29,Sector 7G,activa
9340,David Henderson,Envidia,71,1893-07-06,Sector 7G,en proceso de tortura
9341,Melanie Rivas,Pereza,84,1868-10-10,Pandemonium,activa
9342,Sabrina Moore,Ira,43,1964-09-15,Abismo,activa
9343,Donna Little,Pereza,46,1958-09-28,Tierra,activa
9344,Amber Pena,Avaricia,95,1876-12-29,Inframundo,en proceso de tortura
9345,Matthew Reese,Envidia,100,1863-12-14,Pandemonium,redimida
9346,Adrienne Fitzgerald,Avaricia,1,1842-03-24,Abismo,redimida
9347,William Barrett,Ira,66,1991-07-17,Tierra,activa
9348,Heather Vasquez,Soberbia,98,1953-09-21,Pandemonium,redimida
9349,Holly Walker,Envidia,44,1864-06-15,Abismo,activa
9350,Jason Becker,Lujuria,3,2022-06-22,Abismo,activa
9351,Jeffrey Gutierrez,Pereza,43,1856-08-17,Limbo,activa
9352,Albert Hunter,Avaricia,38,1967-08-09,Pandemonium,activa
9353,Samantha Jackson,Lujuria,47,1894-05-10,Abismo,redimida
9354,Michael Murphy,Soberbia,20,1965-02-16,Inframundo,activa
9355,David Johnson,Gula,8,1931-02-17,Limbo,activa
9356,Tara Payne,Soberbia,57,1876-06-10,Sector 7G,en proceso de tortura
9357,Andrea Jensen,Gula,6,2015-06-08,Sector 7G,activa
9358,Margaret Newman,Envidia,88,1878-01-11,Inframundo,activa
9359,David Valencia,Soberbia,88,2012-07-02,Sector 7G,activa
9360,Randy Fuller,Lujuria,33,1827-07-02,Sector 7G,en proceso de tortura
9361,Amanda Evans,Pereza,94,1945-08-12,Abismo,en proceso de tortura
9362,Lauren Stone,Pereza,57,1833-03-10,Pandemonium,redimida
9363,Kelly Haynes,Lujuria,42,1925-11-05,Pandemonium,en proceso de tortura
9364,Gregory Torres,Envidia,93,1943-07-16,Tierra,redimida
9365,Jeffrey Richardson,Envidia,89,1954-06-18,Abismo,activa
9366,Kimberly Pugh,Ira,49,1917-12-03,Pandemonium,redimida
9367,Laura Stone,Pereza,79,1879-02-08,Pandemonium,en proceso de tortura
9368,Jimmy Daniels,Ira,29,1965-06-04,Abismo,redimida
9369,Robert Davis DVM,Soberbia,71,2022-02-25,Inframundo,en proceso de tortura
9370,Tammy Underwood,Ira,76,1902-03-05,Abismo,redimida
9371,James Hunt,Lujuria,92,2011-09-14,Inframundo,en proceso de tortura
9372,Mason Ferguson,Ira,71,2015-12-22,Pandemonium,activa
9373,Alexander Castro,Avaricia,100,1903-01-03,Sector 7G,activa
9374,Kelly Caldwell,Envidia,44,1947-12-07,Inframundo,activa
9375,Marissa Monroe,Pereza,1,2001-08-01,Sector 7G,activa
9376,Jennifer Henry,Envidia,90,2000-03-23,Pandemonium,redimida
9377,Mary Leon,Ira,94,1871-07-05,Pandemonium,redimida
9378,Beth Vargas,Lujuria,54,1921-09-02,Limbo,activa
9379,Joy Clay,Pereza,34,1869-07-14,Tierra,en proceso de tortura
9380,Ronald Mueller,Envidia,22,1948-07-11,Pandemonium,en proceso de tortura
9381,James Hernandez,Envidia,41,1881-03-15,Pandemonium,redimida
9382,Lori Reynolds,Soberbia,78,1906-06-10,Abismo,redimida
9383,Joseph Morrison,Soberbia,65,1896-01-12,Sector 7G,redimida
9384,Michelle Garcia,Ira,59,1885-12-24,Limbo,activa
9385,Joann Christensen,Pereza,15,1852-09-06,Tierra,activa
9386,Steven Parker,Pereza,87,1953-02-23,Sector 7G,redimida
9387,Keith Adams,Lujuria,72,1890-11-05,Abismo,activa
9388,Jennifer Castro,Pereza,37,2010-04-18,Inframundo,redimida
9389,Mr. Robert Olsen,Soberbia,48,1868-12-15,Limbo,en proceso de tortura
9390,Timothy White,Pereza,28,1922-10-11,Limbo,activa
9391,Wayne Richardson,Envidia,75,1904-03-20,Pandemonium,redimida
9392,Susan Spears,Envidia,6,2013-08-29,Inframundo,en proceso de tortura
9393,Thomas Ferguson,Ira,94,2009-09-02,Pandemonium,en proceso de tortura
9394,Anthony Robinson,Gula,37,1879-01-20,Limbo,en proceso de tortura
9395,Rebecca Sanders,Ira,15,1849-09-24,Abismo,en proceso de tortura
9396,Matthew Matthews,Envidia,79,1954-09-30,Pandemonium,en proceso de tortura
9397,Timothy Williams,Avaricia,47,1892-04-10,Limbo,en proceso de tortura
9398,Nancy Carr,Avaricia,65,1927-02-22,Inframundo,activa
9399,Anita Terry,Avaricia,40,1918-09-08,Inframundo,en proceso de tortura
9400,Ms. Jodi Coffey MD,Ira,71,1926-04-08,Inframundo,en proceso de tortura
9401,Dustin Snow,Envidia,23,1880-02-27,Pandemonium,en proceso de tortura
9402,Gina Tran,Soberbia,50,1988-07-19,Tierra,redimida
9403,Louis Reed,Soberbia,3,1992-11-15,Inframundo,redimida
9404,David Mccarthy,Pereza,37,1850-09-04,Abismo,redimida
9405,Randy Alvarez,Pereza,66,1838-02-28,Sector 7G,activa
9406,Jonathan Williams,Gula,0,1884-10-20,Sector 7G,en proceso de tortura
9407,Tonya Baker,Ira,95,1829-04-02,Sector 7G,redimida
9408,Brett Lewis,Gula,13,1889-12-29,Tierra,activa
9409,Jaime Robinson,Pereza,12,1872-06-04,Sector 7G,en proceso de tortura
9410,Christopher Sanchez,Gula,81,1859-11-30,Abismo,activa
9411,Courtney Foster,Pereza,72,1945-03-07,Sector 7G,activa
9412,Cheryl Barnes,Ira,78,1877-11-29,Pandemonium,activa
9413,Charlene Wolf,Avaricia,67,1920-06-21,Inframundo,redimida
9414,Susan Holland,Lujuria,59,1846-05-02,Sector 7G,activa
9415,Robert Livingston,Lujuria,80,1914-06-24,Sector 7G,en proceso de tortura
9416,Adam Sanders,Lujuria,34,1984-08-20,Limbo,redimida
9417,Paula Holmes,Ira,87,2014-03-07,Abismo,activa
9418,Jodi Patterson,Ira,44,1898-10-07,Abismo,redimida
9419,Ashley Bailey,Ira,50,1970-07-29,Sector 7G,activa
9420,Todd Schwartz,Pereza,7,1959-06-09,Limbo,en proceso de tortura
9421,Nathaniel Smith,Soberbia,66,1826-08-08,Pandemonium,activa
9422,Crystal Hamilton,Envidia,66,2011-06-06,Pandemonium,activa
9423,Beth Ortega,Ira,52,1935-08-09,Pandemonium,redimida
9424,Angie Russell,Pereza,86,1876-01-04,Inframundo,activa
9425,Hannah Ramirez,Avaricia,4,1978-02-06,Inframundo,activa
9426,Douglas Conner,Gula,85,1905-12-06,Pandemonium,redimida
9427,Patrick Lewis,Avaricia,51,1885-07-13,Inframundo,activa
9428,Margaret Watson,Lujuria,19,1997-09-16,Inframundo,activa
9429,Mandy Martinez,Pereza,15,1891-11-20,Sector 7G,activa
9430,Jeremy Martinez DVM,Soberbia,19,1953-04-18,Sector 7G,en proceso de tortura
9431,Robert Hunt,Gula,52,2017-07-11,Abismo,redimida
9432,Jason Lane,Soberbia,66,1884-05-01,Sector 7G,en proceso de tortura
9433,Lawrence Buck,Envidia,17,1974-03-31,Sector 7G,redimida
9434,Aaron Green,Avaricia,48,1927-11-05,Abismo,activa
9435,Lisa Ho,Envidia,48,1963-07-05,Sector 7G,en proceso de tortura
9436,John Li,Pereza,4,1930-04-26,Inframundo,redimida
9437,Tanner Webb,Envidia,23,1982-06-02,Inframundo,redimida
9438,Wesley Chavez,Gula,79,1838-06-10,Sector 7G,activa
9439,Michael Harmon,Gula,60,1896-10-19,Pandemonium,en proceso de tortura
9440,Kevin Sloan,Envidia,100,2007-12-07,Sector 7G,en proceso de tortura
9441,Edward Cowan,Lujuria,95,1961-11-16,Limbo,redimida
9442,Thomas Rodgers,Ira,70,1892-09-03,Sector 7G,en proceso de tortura
9443,Jose Ramirez,Soberbia,41,2021-10-14,Limbo,redimida
9444,James Whitaker,Soberbia,69,1840-12-30,Pandemonium,en proceso de tortura
9445,Cathy Rivera,Soberbia,16,1974-07-12,Pandemonium,en proceso de tortura
9446,Arthur Fernandez,Envidia,25,1881-01-14,Limbo,activa
9447,Joshua Smith,Envidia,46,1931-11-29,Tierra,en proceso de tortura
9448,Diane Burgess,Ira,89,1994-05-25,Pandemonium,en proceso de tortura
9449,Timothy Welch,Pereza,77,1832-10-30,Sector 7G,en proceso de tortura
9450,Robert Perez,Soberbia,65,1938-10-07,Abismo,en proceso de tortura
9451,Sue Walker,Envidia,35,2007-12-16,Inframundo,redimida
9452,Dakota Hatfield,Avaricia,92,2021-08-05,Abismo,redimida
9453,Benjamin Harper,Avaricia,63,1952-04-07,Abismo,en proceso de tortura
9454,Carla Diaz,Ira,39,1845-06-22,Limbo,redimida
9455,Joseph Walker,Ira,26,2023-02-28,Inframundo,en proceso de tortura
9456,Desiree Vance,Ira,18,1993-11-10,Sector 7G,activa
9457,Wendy Andersen,Ira,48,1827-09-21,Limbo,en proceso de tortura
9458,Keith Hopkins,Pereza,60,1953-08-26,Abismo,activa
9459,Richard Johnson,Avaricia,51,1990-05-10,Tierra,en proceso de tortura
9460,Emily Schaefer,Pereza,2,1919-06-10,Tierra,en proceso de tortura
9461,Todd Gonzalez,Gula,51,2012-07-21,Pandemonium,activa
9462,Ralph Ward,Envidia,67,1918-06-13,Pandemonium,redimida
9463,Carol Kent,Pereza,17,2010-01-07,Tierra,redimida
9464,Felicia Conner,Gula,0,1959-05-29,Abismo,en proceso de tortura
9465,Tammy Yu,Lujuria,22,1903-12-11,Abismo,en proceso de tortura
9466,Kyle Pugh,Pereza,60,1985-01-22,Inframundo,en proceso de tortura
9467,Patricia Yang,Gula,72,1841-12-30,Abismo,activa
9468,Kelli Reed,Avaricia,77,1952-12-20,Pandemonium,redimida
9469,Danny Williams,Envidia,20,1955-10-20,Tierra,redimida
9470,Samantha Walker,Envidia,59,1962-03-13,Limbo,en proceso de tortura
9471,Richard Foley,Lujuria,89,1972-02-11,Pandemonium,en proceso de tortura
9472,Joshua Mcneil,Lujuria,22,1922-06-21,Limbo,en proceso de tortura
9473,Michael Martinez,Envidia,46,1988-01-10,Inframundo,activa
9474,Calvin Walter,Envidia,0,1934-06-27,Pandemonium,activa
9475,Rachel Perez,Gula,99,1990-04-07,Inframundo,activa
9476,Trevor Anderson,Lujuria,2,1903-07-01,Sector 7G,en proceso de tortura
9477,Calvin Williams,Soberbia,93,1979-07-22,Tierra,redimida
9478,Robert Johnson,Envidia,61,1900-04-30,Inframundo,activa
9479,Maria Dixon MD,Pereza,42,1978-11-01,Tierra,redimida
9480,Ricardo Bailey,Lujuria,44,1846-02-01,Limbo,redimida
9481,Jeffery Berry,Ira,56,2006-06-22,Inframundo,activa
9482,Zachary Hunt,Ira,26,1839-10-31,Sector 7G,activa
9483,Toni Wyatt,Lujuria,41,1886-08-04,Tierra,redimida
9484,Thomas Santos,Pereza,26,1872-07-10,Abismo,redimida
9485,Austin Gomez,Lujuria,73,1924-04-06,Sector 7G,redimida
9486,Angel Phillips,Pereza,38,1976-03-12,Pandemonium,redimida
9487,Steven Lopez,Avaricia,26,1830-04-23,Sector 7G,activa
9488,Matthew Krueger,Ira,5,1902-05-01,Tierra,activa
9489,Daniel Mckinney,Soberbia,85,1979-05-25,Limbo,activa
9490,Jose Martinez,Envidia,18,2002-03-03,Pandemonium,en proceso de tortura
9491,Robert Fisher,Ira,50,1835-03-21,Inframundo,redimida
9492,Ryan Webb,Soberbia,90,2005-04-08,Pandemonium,redimida
9493,Donna Andrews,Avaricia,13,1979-06-17,Abismo,activa
9494,Sara Harrison,Ira,93,1887-03-07,Limbo,en proceso de tortura
9495,Angela Davis,Ira,74,1882-04-21,Abismo,en proceso de tortura
9496,Samantha Jackson,Pereza,68,1938-02-24,Inframundo,en proceso de tortura
9497,Jacob Ellis,Soberbia,72,1933-09-18,Pandemonium,redimida
9498,Amanda Garcia,Envidia,91,1840-03-07,Inframundo,redimida
9499,Melissa Howard,Ira,8,1997-01-13,Tierra,en proceso de tortura
9500,Jacob Gibson,Envidia,6,1996-12-27,Pandemonium,redimida
9501,Wendy Murphy,Envidia,96,1891-02-09,Inframundo,en proceso de tortura
9502,Michelle Mitchell,Pereza,38,1971-04-03,Sector 7G,redimida
9503,David Bridges,Gula,46,1863-03-21,Tierra,redimida
9504,David George,Envidia,20,1922-11-28,Abismo,redimida
9505,Wendy Smith,Soberbia,35,1852-09-23,Pandemonium,en proceso de tortura
9506,Renee Morgan,Soberbia,20,1884-08-01,Pandemonium,en proceso de tortura
9507,Nancy Gregory,Avaricia,13,1981-09-24,Inframundo,en proceso de tortura
9508,Andrew Ellis,Lujuria,66,1888-01-18,Pandemonium,activa
9509,Teresa Hicks,Soberbia,99,1906-02-25,Inframundo,redimida
9510,Charles Newman,Ira,40,1865-11-17,Abismo,activa
9511,Cory Roth,Soberbia,8,2013-11-09,Tierra,redimida
9512,James Hebert,Pereza,95,1990-03-30,Sector 7G,redimida
9513,Bryan Watts,Pereza,0,1964-09-11,Sector 7G,redimida
9514,Blake Jones,Soberbia,21,1836-05-09,Pandemonium,redimida
9515,Krista Scott,Soberbia,70,2000-05-21,Tierra,en proceso de tortura
9516,Gloria Hunt,Envidia,44,1968-07-10,Tierra,activa
9517,Heather Romero,Soberbia,31,1952-01-11,Inframundo,activa
9518,Justin Richardson,Envidia,62,1964-03-17,Tierra,redimida
9519,Robert Saunders,Avaricia,17,1927-11-14,Abismo,redimida
9520,Elizabeth Smith,Avaricia,66,1980-06-18,Sector 7G,redimida
9521,David Cruz,Gula,55,2003-12-28,Tierra,activa
9522,Meredith Bennett,Envidia,60,1901-06-16,Limbo,activa
9523,James Ramsey,Soberbia,77,1895-01-13,Limbo,activa
9524,Hannah Gould,Soberbia,96,1962-11-05,Abismo,activa
9525,Juan Jones,Avaricia,57,1895-01-16,Inframundo,activa
9526,Brandy Moore,Soberbia,8,1868-03-18,Inframundo,en proceso de tortura
9527,Jonathon Flores,Ira,36,1943-11-09,Tierra,activa
9528,Melanie Lewis,Envidia,52,1932-05-04,Sector 7G,en proceso de tortura
9529,Martha Martinez,Soberbia,98,1960-12-09,Tierra,en proceso de tortura
9530,Nicole Davis,Lujuria,82,1973-12-21,Limbo,activa
9531,Gregory Jones,Avaricia,70,1898-06-28,Pandemonium,activa
9532,Brent Chase,Pereza,82,1910-09-03,Inframundo,redimida
9533,Aaron Hood,Envidia,39,1849-06-29,Limbo,activa
9534,Jacqueline Armstrong,Envidia,63,1932-11-09,Sector 7G,activa
9535,Christopher Kidd,Gula,38,1840-07-15,Inframundo,activa
9536,Daniel Stein,Ira,18,1913-02-05,Pandemonium,activa
9537,Sabrina Freeman,Envidia,71,1830-03-02,Sector 7G,en proceso de tortura
9538,Robert Jordan,Avaricia,89,2011-12-10,Pandemonium,activa
9539,Tonya Shelton,Gula,99,1996-03-19,Tierra,en proceso de tortura
9540,Crystal Reid,Ira,9,1829-01-08,Sector 7G,en proceso de tortura
9541,Danielle Brewer,Ira,58,1854-02-11,Limbo,en proceso de tortura
9542,Jennifer Thomas,Ira,93,2022-05-19,Pandemonium,en proceso de tortura
9543,Erin Mckee,Avaricia,62,1858-03-02,Limbo,activa
9544,Mrs. Maria Mcfarland,Ira,84,2003-12-28,Abismo,activa
9545,Preston Ortiz,Soberbia,33,1961-07-24,Abismo,redimida
9546,Teresa Garcia,Avaricia,97,1938-06-22,Sector 7G,activa
9547,Nicholas Wilson,Gula,58,1865-02-04,Abismo,en proceso de tortura
9548,Aaron Anderson,Envidia,94,1892-10-11,Inframundo,activa
9549,Melissa Gallagher,Avaricia,18,1844-07-03,Pandemonium,redimida
9550,Amy White,Pereza,31,1827-02-02,Pandemonium,activa
9551,Jennifer Mccarthy,Pereza,33,1827-07-19,Abismo,en proceso de tortura
9552,James Miller,Avaricia,76,2014-07-23,Tierra,en proceso de tortura
9553,Lisa Hodge,Pereza,14,1972-08-19,Tierra,en proceso de tortura
9554,Heather Barnett,Soberbia,8,1892-11-25,Abismo,redimida
9555,Alexander Williams,Gula,26,1891-01-30,Limbo,redimida
9556,Cheryl Cooke,Ira,15,1893-07-06,Tierra,en proceso de tortura
9557,Nicole Yates,Soberbia,75,2006-12-05,Tierra,redimida
9558,Charles Sanders,Ira,38,1881-01-11,Inframundo,redimida
9559,Christopher Marsh,Avaricia,31,1990-04-03,Abismo,redimida
9560,Megan Juarez,Envidia,49,1874-01-09,Inframundo,activa
9561,Allison Mccormick,Gula,97,2003-02-21,Limbo,redimida
9562,George King,Soberbia,28,1845-08-17,Abismo,activa
9563,Denise Cook,Envidia,6,1899-04-29,Sector 7G,en proceso de tortura
9564,Leah Ryan,Lujuria,0,1999-02-06,Inframundo,en proceso de tortura
9565,Kristen Woods,Gula,86,1832-09-21,Limbo,redimida
9566,Beverly Hancock,Envidia,21,1882-03-07,Limbo,redimida
9567,James Jones,Ira,97,1897-05-08,Abismo,redimida
9568,Christine Sanchez,Lujuria,54,1844-07-20,Inframundo,en proceso de tortura
9569,Victoria Morales,Envidia,80,1958-09-22,Abismo,redimida
9570,Brian Harris Jr.,Envidia,65,1858-02-06,Pandemonium,activa
9571,Leslie Ballard,Lujuria,52,2016-01-01,Abismo,en proceso de tortura
9572,Michael Martin,Ira,49,1976-09-29,Abismo,redimida
9573,Sarah Blackwell,Avaricia,63,1922-05-27,Tierra,activa
9574,Kevin Chapman,Pereza,36,1935-10-27,Tierra,en proceso de tortura
9575,Juan Arnold,Envidia,56,1829-07-06,Tierra,en proceso de tortura
9576,Adam Jefferson,Soberbia,41,1826-12-13,Tierra,activa
9577,Nathan Palmer,Lujuria,52,1956-02-09,Inframundo,en proceso de tortura
9578,Brad Peck,Soberbia,33,2001-06-28,Inframundo,en proceso de tortura
9579,Anita Fisher,Avaricia,28,1876-04-30,Inframundo,redimida
9580,Alyssa Simpson,Lujuria,28,1829-01-14,Inframundo,en proceso de tortura
9581,John Dickerson,Soberbia,86,1884-03-07,Limbo,redimida
9582,Christine Henderson,Pereza,1,1958-09-22,Pandemonium,en proceso de tortura
9583,Allen Bell,Avaricia,88,1854-03-05,Sector 7G,activa
9584,Marvin Johnson,Lujuria,55,1909-07-15,Tierra,activa
9585,Destiny Walsh,Soberbia,3,1957-12-27,Limbo,en proceso de tortura
9586,Amanda Parsons,Lujuria,5,2000-01-21,Abismo,redimida
9587,Steven Ramos,Lujuria,62,1968-05-09,Sector 7G,activa
9588,Anthony Freeman,Avaricia,96,1899-05-28,Inframundo,redimida
9589,Michael Lucas,Ira,6,1956-04-01,Tierra,redimida
9590,John Harrison,Lujuria,37,1955-12-22,Pandemonium,activa
9591,Pamela Horton,Envidia,48,1852-04-14,Tierra,activa
9592,Grant Wood,Gula,69,1945-05-31,Abismo,redimida
9593,Kimberly Wong,Pereza,0,1887-06-06,Limbo,activa
9594,Shelley Fowler,Soberbia,18,1980-01-15,Limbo,en proceso de tortura
9595,Michael Burns,Envidia,87,2002-11-17,Inframundo,activa
9596,Erica Ortega,Soberbia,0,1856-03-14,Limbo,en proceso de tortura
9597,Richard Sosa,Pereza,40,1891-07-27,Tierra,en proceso de tortura
9598,Riley Harper,Soberbia,95,1979-01-14,Sector 7G,en proceso de tortura
9599,Kent Murphy,Lujuria,96,1916-10-28,Abismo,activa
9600,Brian Hunter,Envidia,20,1860-12-25,Limbo,en proceso de tortura
9601,Megan Merritt,Soberbia,81,2021-05-01,Inframundo,redimida
9602,Brian Robbins,Ira,80,1934-01-14,Abismo,redimida
9603,Diana Adams,Envidia,49,1988-03-12,Pandemonium,en proceso de tortura
9604,Kimberly Duffy,Avaricia,72,1966-11-19,Abismo,activa
9605,Kathryn Best,Soberbia,65,2009-03-27,Sector 7G,activa
9606,Mary French,Pereza,60,1950-02-09,Inframundo,en proceso de tortura
9607,Miss Danielle Beasley,Soberbia,22,1847-02-08,Limbo,activa
9608,Victor Campbell,Gula,47,2005-10-21,Limbo,en proceso de tortura
9609,Samantha Meza,Gula,86,1984-04-14,Abismo,activa
9610,Joseph Ruiz,Lujuria,90,1841-09-08,Pandemonium,redimida
9611,Briana Christensen,Pereza,17,1944-10-09,Abismo,activa
9612,Sierra Sloan,Pereza,20,1972-12-23,Inframundo,redimida
9613,Jordan Spencer,Soberbia,85,1863-08-13,Pandemonium,en proceso de tortura
9614,James Williams,Envidia,91,1886-12-25,Abismo,activa
9615,Megan Tucker,Envidia,22,1882-10-14,Limbo,activa
9616,Bianca Thomas,Avaricia,5,2012-11-03,Pandemonium,redimida
9617,Jason Shaw,Avaricia,47,1962-01-08,Sector 7G,activa
9618,Randy Arroyo,Avaricia,77,1932-11-19,Tierra,redimida
9619,Carlos Watson,Avaricia,68,2014-08-20,Inframundo,activa
9620,Kelli Webb,Envidia,36,1970-09-18,Pandemonium,activa
9621,Robert Sanchez,Gula,34,2013-04-12,Abismo,en proceso de tortura
9622,Robert Dillon,Soberbia,72,1970-12-27,Sector 7G,activa
9623,Tammy Richard,Avaricia,43,1997-03-28,Limbo,activa
9624,Karl Bailey,Avaricia,83,1849-04-26,Tierra,redimida
9625,Evelyn Hughes,Pereza,71,1931-12-28,Limbo,redimida
9626,Terry Kim,Soberbia,38,1854-05-05,Tierra,redimida
9627,Kevin Woodard,Lujuria,87,1848-08-29,Sector 7G,redimida
9628,Nicole Hammond,Avaricia,21,1837-03-05,Limbo,en proceso de tortura
9629,Matthew Pineda,Envidia,50,1914-07-21,Tierra,en proceso de tortura
9630,Brian Brown,Soberbia,42,1945-08-11,Limbo,activa
9631,Robert Lewis,Pereza,84,1935-01-20,Tierra,redimida
9632,Franklin Bruce,Envidia,4,1894-04-13,Sector 7G,redimida
9633,Jamie Lee,Ira,48,1858-09-01,Limbo,activa
9634,Natasha Clark,Soberbia,90,1993-03-15,Abismo,activa
9635,Aaron Myers,Gula,46,1827-03-14,Sector 7G,en proceso de tortura
9636,Andrew Hamilton,Soberbia,19,1845-01-19,Inframundo,en proceso de tortura
9637,Kyle Lewis,Pereza,2,1989-01-31,Limbo,en proceso de tortura
9638,Kenneth Garza,Avaricia,75,1999-05-13,Pandemonium,redimida
9639,Marcus Williams,Lujuria,63,1971-10-04,Limbo,en proceso de tortura
9640,Peter Vance,Avaricia,5,1988-08-13,Pandemonium,activa
9641,Kimberly Taylor,Lujuria,76,1900-11-19,Pandemonium,redimida
9642,Dean Pugh,Avaricia,45,2003-05-28,Abismo,redimida
9643,Geoffrey Reed,Envidia,75,1884-05-08,Limbo,redimida
9644,Michelle Swanson,Pereza,2,1838-03-17,Tierra,activa
9645,Christine Martinez,Lujuria,26,2004-12-04,Tierra,redimida
9646,Michael Wilson,Pereza,60,1936-11-22,Pandemonium,en proceso de tortura
9647,Kenneth Lewis,Lujuria,73,1939-08-18,Sector 7G,en proceso de tortura
9648,Elizabeth Reyes,Gula,8,1967-06-26,Inframundo,activa
9649,Angelica Miller,Ira,72,1867-11-14,Inframundo,redimida
9650,Kristy Torres,Soberbia,93,1846-08-05,Sector 7G,en proceso de tortura
9651,Samantha Bowman,Envidia,62,1844-06-01,Tierra,redimida
9652,Allison Townsend,Gula,12,1983-08-08,Limbo,activa
9653,Chelsea Riggs,Gula,24,1865-03-29,Inframundo,redimida
9654,Ms. Kristina Dalton MD,Ira,13,2021-03-02,Limbo,redimida
9655,Julie Morales,Pereza,29,2003-12-28,Abismo,activa
9656,Nicholas Henry,Gula,49,1837-09-20,Inframundo,activa
9657,David Richardson,Lujuria,42,1841-04-23,Abismo,activa
9658,Melanie Reid,Avaricia,11,2019-03-01,Pandemonium,redimida
9659,David Huber,Envidia,88,1914-01-20,Inframundo,redimida
9660,Wesley Webb,Pereza,74,1869-11-16,Pandemonium,en proceso de tortura
9661,Travis Grant,Lujuria,83,1945-09-25,Pandemonium,redimida
9662,Tina Wallace,Avaricia,9,1904-08-18,Tierra,en proceso de tortura
9663,Melissa Young,Lujuria,36,1897-02-22,Sector 7G,activa
9664,Joseph King,Envidia,23,1895-02-18,Sector 7G,en proceso de tortura
9665,Jenny Lyons,Pereza,9,1950-06-10,Sector 7G,en proceso de tortura
9666,Matthew Stewart,Gula,77,1999-01-04,Inframundo,en proceso de tortura
9667,Jennifer Ramos,Envidia,53,1900-03-29,Limbo,activa
9668,Jessica Wood,Envidia,55,1991-03-01,Abismo,redimida
9669,David Carter,Ira,34,1864-05-03,Abismo,redimida
9670,Mark Brown Jr.,Ira,16,2014-04-25,Sector 7G,activa
9671,Andre Barber,Soberbia,47,1984-12-13,Sector 7G,activa
9672,Teresa Decker,Envidia,88,1880-01-12,Pandemonium,redimida
9673,Amy Smith,Envidia,71,2003-12-28,Sector 7G,redimida
9674,Elizabeth Lee,Gula,80,1879-04-16,Abismo,activa
9675,Cassandra Mills,Ira,26,1869-08-22,Abismo,activa
9676,Joshua Robinson,Avaricia,37,1909-06-10,Limbo,activa
9677,Cody Simpson,Pereza,19,1950-12-07,Sector 7G,en proceso de tortura
9678,David Jenkins,Soberbia,49,1874-03-18,Sector 7G,en proceso de tortura
9679,Paul Bennett,Ira,79,1853-12-22,Tierra,redimida
9680,Meagan Macdonald,Avaricia,50,1927-02-24,Tierra,en proceso de tortura
9681,John Riley,Lujuria,90,1884-12-13,Sector 7G,redimida
9682,Ian Williams,Gula,21,2019-10-09,Abismo,en proceso de tortura
9683,Gabrielle Bernard,Ira,47,1883-06-16,Limbo,en proceso de tortura
9684,Michael Andrade,Avaricia,21,1917-05-29,Sector 7G,redimida
9685,Justin Banks,Pereza,5,2025-08-27,Abismo,redimida
9686,Alexandra Maxwell,Envidia,85,1839-03-04,Abismo,activa
9687,Chris Murphy,Envidia,44,1955-10-24,Sector 7G,en proceso de tortura
9688,Kelsey Wilson,Gula,53,1951-08-11,Tierra,activa
9689,Kelly Kaiser,Lujuria,6,1870-10-13,Sector 7G,redimida
9690,Michelle Brooks,Pereza,12,1906-03-12,Pandemonium,redimida
9691,Steven Robinson,Soberbia,16,2014-07-05,Tierra,redimida
9692,Ryan Price,Lujuria,43,1953-01-24,Tierra,en proceso de tortura
9693,Michael Reyes,Gula,67,2009-01-16,Sector 7G,activa
9694,Jeremy Bailey,Pereza,51,1880-03-17,Tierra,activa
9695,Caleb Beasley,Lujuria,99,1956-09-11,Limbo,redimida
9696,Gregory Gonzales,Lujuria,17,1873-11-15,Inframundo,en proceso de tortura
9697,Veronica Cortez,Gula,44,1942-02-23,Abismo,en proceso de tortura
9698,Courtney Boyer,Gula,78,2002-09-21,Tierra,activa
9699,Michelle Mendoza,Soberbia,72,1971-12-27,Inframundo,en proceso de tortura
9700,John Barajas,Soberbia,31,1916-07-30,Abismo,redimida
9701,Shannon Morris,Pereza,45,1839-03-19,Sector 7G,activa
9702,Michelle Obrien,Envidia,70,2022-09-19,Limbo,activa
9703,Edgar Cannon,Soberbia,53,1923-08-21,Sector 7G,en proceso de tortura
9704,David Olsen,Lujuria,57,2023-10-17,Inframundo,activa
9705,Christopher Moyer,Envidia,67,1867-01-19,Limbo,activa
9706,Courtney Gaines,Ira,97,1921-01-17,Abismo,redimida
9707,Michael Mitchell,Ira,92,1913-11-14,Abismo,en proceso de tortura
9708,Leah Bennett,Lujuria,49,1916-06-13,Pandemonium,redimida
9709,Joe Cantrell,Ira,13,1957-06-25,Sector 7G,activa
9710,John Perez,Gula,67,1868-08-02,Tierra,redimida
9711,Alfred Burch,Envidia,63,1896-01-06,Inframundo,activa
9712,Kaitlyn Butler,Pereza,79,1831-10-07,Inframundo,activa
9713,Scott Campbell,Envidia,25,1838-07-19,Tierra,activa
9714,Carol Kim,Pereza,54,1992-03-22,Pandemonium,activa
9715,Paula Becker,Soberbia,37,1913-02-24,Limbo,en proceso de tortura
9716,Amanda White,Envidia,8,1959-02-08,Limbo,activa
9717,Nicholas Taylor,Pereza,3,1980-08-10,Pandemonium,activa
9718,Gabrielle Scott,Lujuria,79,1965-06-26,Abismo,redimida
9719,Jessica Gray,Envidia,31,2004-05-27,Abismo,activa
9720,Dennis Lang,Soberbia,27,1957-08-30,Inframundo,en proceso de tortura
9721,Connor Chavez,Envidia,35,1891-06-13,Sector 7G,redimida
9722,Rebecca Sutton,Ira,39,1909-02-19,Tierra,redimida
9723,Donald Thompson,Soberbia,58,2024-07-08,Abismo,redimida
9724,Ryan Zimmerman,Pereza,50,1923-10-03,Abismo,redimida
9725,Stephanie Hughes,Pereza,92,1882-05-21,Limbo,activa
9726,John Valentine,Gula,12,2024-03-06,Abismo,activa
9727,Crystal Williams,Pereza,85,1943-07-29,Pandemonium,activa
9728,Jennifer Smith,Avaricia,18,1856-11-06,Pandemonium,activa
9729,Alejandra Hancock,Lujuria,47,1830-02-21,Inframundo,activa
9730,James Buchanan,Ira,34,1966-03-29,Sector 7G,redimida
9731,John Hensley,Ira,92,2018-01-24,Tierra,en proceso de tortura
9732,Charlotte Williamson,Ira,85,1898-08-21,Abismo,en proceso de tortura
9733,Anthony Cole,Gula,76,1829-01-04,Inframundo,en proceso de tortura
9734,Peggy Hensley,Pereza,87,1874-07-07,Limbo,redimida
9735,Dr. Kevin Brooks,Lujuria,72,1956-12-26,Pandemonium,activa
9736,Monica Webb,Pereza,52,1938-04-24,Limbo,redimida
9737,Kaitlyn Herrera,Ira,7,1949-04-07,Sector 7G,redimida
9738,Jenna Lopez,Avaricia,28,1947-01-01,Sector 7G,activa
9739,Corey Long,Pereza,68,1839-03-10,Inframundo,en proceso de tortura
9740,Anna Sullivan,Envidia,72,1916-09-13,Inframundo,en proceso de tortura
9741,Thomas Oliver,Gula,20,1937-10-17,Pandemonium,activa
9742,Kathryn Foley,Avaricia,37,1956-12-22,Abismo,en proceso de tortura
9743,Whitney Scott,Ira,59,1916-09-01,Inframundo,redimida
9744,Thomas Hill,Pereza,96,1891-05-31,Abismo,en proceso de tortura
9745,Chelsea Young,Pereza,1,1999-04-29,Limbo,activa
9746,Sydney Schmidt,Soberbia,54,1923-10-20,Inframundo,activa
9747,Jennifer Mckay,Avaricia,21,2005-02-04,Pandemonium,activa
9748,Monique Romero,Lujuria,13,1925-02-12,Limbo,en proceso de tortura
9749,Ronald Schneider,Envidia,70,1967-12-06,Limbo,redimida
9750,Daniel Donovan,Ira,42,2019-03-25,Sector 7G,redimida
9751,Matthew Thomas,Ira,1,1833-08-30,Abismo,activa
9752,Deborah Liu,Avaricia,80,1927-10-25,Sector 7G,en proceso de tortura
9753,John Diaz,Ira,50,1944-11-12,Sector 7G,redimida
9754,Cristina Parks,Envidia,57,2024-10-15,Inframundo,redimida
9755,Tyler Mcgrath,Gula,26,1951-04-09,Inframundo,en proceso de tortura
9756,Karen Liu,Pereza,0,1909-09-12,Pandemonium,redimida
9757,Troy Johnson,Soberbia,76,1901-01-07,Inframundo,activa
9758,Todd Bullock,Gula,53,1878-07-31,Pandemonium,en proceso de tortura
9759,Dr. Kristina Grant,Avaricia,34,1938-11-19,Limbo,redimida
9760,John Brennan,Gula,59,1840-08-02,Inframundo,redimida
9761,Andrew Mccall,Ira,80,1909-08-23,Inframundo,activa
9762,Dawn Wagner,Ira,73,1870-08-20,Pandemonium,en proceso de tortura
9763,Dorothy Gray,Soberbia,16,1909-12-08,Abismo,redimida
9764,James Smith,Lujuria,82,2024-07-04,Sector 7G,redimida
9765,Randy Young,Pereza,3,2024-02-26,Sector 7G,activa
9766,Travis Tanner,Lujuria,32,1905-03-07,Limbo,activa
9767,Dana King,Avaricia,56,1959-08-27,Pandemonium,activa
9768,Mario Pierce,Pereza,64,1874-09-26,Sector 7G,activa
9769,Sherry Lambert,Gula,34,1876-08-26,Pandemonium,en proceso de tortura
9770,Antonio Dawson,Pereza,50,1907-03-12,Abismo,en proceso de tortura
9771,Rebecca Mendez,Ira,83,1948-01-30,Inframundo,en proceso de tortura
9772,Taylor Morris,Avaricia,54,1882-09-26,Tierra,activa
9773,Zachary Hayes,Pereza,23,1901-08-07,Tierra,activa
9774,Kathleen Miller,Avaricia,10,1876-10-19,Sector 7G,en proceso de tortura
9775,Stephen Franklin,Gula,99,1970-10-29,Sector 7G,redimida
9776,Joshua Moran,Gula,34,1988-12-21,Pandemonium,en proceso de tortura
9777,Wayne Mcneil,Soberbia,92,1993-09-08,Sector 7G,activa
9778,Ryan Young,Ira,17,1945-05-31,Tierra,redimida
9779,Amy Murphy,Pereza,72,2003-12-28,Sector 7G,en proceso de tortura
9780,Christopher Christian,Ira,93,1930-09-25,Inframundo,redimida
9781,Amy Wagner,Pereza,44,1857-06-20,Abismo,en proceso de tortura
9782,Kathleen Orr,Soberbia,56,1931-04-13,Inframundo,activa
9783,Philip Duke,Lujuria,26,1911-08-05,Limbo,activa
9784,Anthony Stone,Lujuria,27,1841-03-28,Limbo,activa
9785,Beth Gentry,Avaricia,68,1843-02-09,Tierra,redimida
9786,Eric Lawson,Avaricia,50,1960-03-31,Inframundo,en proceso de tortura
9787,Kevin Gross,Soberbia,66,1860-09-08,Pandemonium,activa
9788,Andrew Lopez,Lujuria,11,1940-06-22,Limbo,activa
9789,Michael Johnson,Lujuria,19,2003-12-28,Pandemonium,activa
9790,David Alexander,Gula,43,1948-05-27,Sector 7G,activa
9791,David Perez,Ira,50,2015-02-03,Sector 7G,activa
9792,Kenneth Hernandez,Envidia,46,1924-02-15,Tierra,en proceso de tortura
9793,Megan Olson,Lujuria,83,1846-10-23,Limbo,activa
9794,John Wilson,Ira,70,1849-12-11,Tierra,activa
9795,Sarah Bryant,Lujuria,26,1887-11-20,Tierra,en proceso de tortura
9796,Jaime Wilson,Envidia,41,1873-04-03,Limbo,activa
9797,Sarah Wagner,Avaricia,86,1868-04-20,Tierra,redimida
9798,Jamie Martinez,Pereza,0,1972-12-31,Pandemonium,activa
9799,Denise Arroyo,Pereza,60,1875-11-28,Pandemonium,en proceso de tortura
9800,Mrs. Mariah Stewart,Envidia,76,1839-12-22,Limbo,redimida
9801,Erin Gregory,Gula,60,1962-09-10,Abismo,redimida
9802,Connor Hill,Gula,95,1963-01-30,Inframundo,activa
9803,Pamela Riley,Gula,68,2009-04-27,Inframundo,redimida
9804,Andres Johnson,Lujuria,77,1966-12-23,Pandemonium,en proceso de tortura
9805,Karen Ortega,Pereza,54,2012-04-13,Sector 7G,activa
9806,Kimberly Allen,Lujuria,51,1830-03-29,Limbo,activa
9807,Maria Thompson,Gula,82,1909-02-26,Sector 7G,activa
9808,Linda Lopez,Ira,16,1874-09-26,Inframundo,activa
9809,Danielle Chavez,Soberbia,95,1992-08-30,Inframundo,activa
9810,Thomas Brooks,Soberbia,12,2015-11-23,Sector 7G,en proceso de tortura
9811,Eric Colon,Envidia,80,1999-10-31,Abismo,en proceso de tortura
9812,Lisa Wong,Gula,78,1958-02-24,Pandemonium,en proceso de tortura
9813,Robert Delacruz,Lujuria,31,1952-07-07,Limbo,en proceso de tortura
9814,Nicholas Jones,Pereza,13,1891-01-31,Limbo,redimida
9815,Jessica Arnold,Envidia,76,1917-12-16,Tierra,redimida
9816,Michael Foster,Envidia,72,1963-03-16,Abismo,redimida
9817,Sarah Taylor,Avaricia,43,1912-11-25,Sector 7G,activa
9818,Jessica Brown DDS,Pereza,16,1854-06-29,Sector 7G,en proceso de tortura
9819,Sandra Romero,Gula,61,1989-09-13,Limbo,redimida
9820,Clinton Morris,Gula,64,1911-04-24,Sector 7G,redimida
9821,Jacqueline Green,Ira,31,1932-05-21,Sector 7G,redimida
9822,Nicholas Cook DDS,Envidia,38,1869-11-12,Pandemonium,redimida
9823,Jill Perez,Pereza,62,2015-08-09,Pandemonium,redimida
9824,Joseph Wilson,Lujuria,77,1942-03-20,Pandemonium,en proceso de tortura
9825,Kevin Henderson,Soberbia,65,1837-07-11,Tierra,en proceso de tortura
9826,Benjamin Moore,Avaricia,15,1932-10-25,Abismo,en proceso de tortura
9827,Joanne Chavez,Pereza,99,1933-05-25,Tierra,redimida
9828,Kelly Garcia,Envidia,58,1831-01-17,Sector 7G,redimida
9829,Angela Gilbert,Avaricia,73,1928-07-07,Abismo,redimida
9830,Deborah Smith,Lujuria,68,1912-08-15,Tierra,redimida
9831,Michele Fields,Pereza,90,1997-10-31,Sector 7G,activa
9832,Kelly Rios,Pereza,9,1996-03-06,Inframundo,redimida
9833,Jeffrey Stevens,Avaricia,74,2003-12-28,Inframundo,activa
9834,Michael Rollins,Envidia,44,2001-10-18,Tierra,activa
9835,Henry Hill,Pereza,21,1964-12-29,Abismo,activa
9836,Jeffrey Holmes,Avaricia,21,1827-04-18,Limbo,redimida
9837,Joseph Davenport,Lujuria,50,1932-11-01,Inframundo,en proceso de tortura
9838,Lynn Jackson,Soberbia,32,1841-04-05,Pandemonium,en proceso de tortura
9839,Anna Castro,Pereza,58,1916-07-09,Limbo,en proceso de tortura
9840,Hannah Tucker,Soberbia,25,1886-08-12,Tierra,activa
9841,Gerald Williams,Lujuria,50,2012-05-23,Inframundo,redimida
9842,Jennifer Cooper,Gula,61,1826-01-27,Sector 7G,redimida
9843,Michael Martin,Soberbia,50,1868-10-07,Inframundo,en proceso de tortura
9844,Paul Jones,Envidia,43,1933-02-22,Inframundo,en proceso de tortura
9845,Theresa Phillips,Envidia,95,1941-03-24,Inframundo,en proceso de tortura
9846,Jessica Parker,Lujuria,50,1932-01-04,Inframundo,en proceso de tortura
9847,David Franklin,Lujuria,22,1899-05-10,Abismo,en proceso de tortura
9848,Carla Phillips,Avaricia,87,1931-11-28,Sector 7G,activa
9849,William Reed,Gula,7,1861-10-27,Tierra,en proceso de tortura
9850,Shannon Taylor,Avaricia,78,2015-01-15,Sector 7G,redimida
9851,Richard Murphy,Envidia,87,1962-10-11,Inframundo,activa
9852,Susan Bell,Gula,94,1978-04-22,Limbo,activa
9853,Abigail Cooper,Pereza,80,1917-11-10,Inframundo,activa
9854,Christopher Patterson,Ira,89,1981-02-06,Tierra,redimida
9855,Lisa Roman,Lujuria,57,1826-01-28,Limbo,redimida
9856,Donald Perry,Gula,60,1966-10-21,Sector 7G,en proceso de tortura
9857,Thomas Barnes,Envidia,43,1853-04-09,Tierra,activa
9858,Michael Humphrey,Ira,91,1967-01-04,Limbo,redimida
9859,James Ramirez,Lujuria,52,1935-09-08,Abismo,activa
9860,Monique Cobb,Pereza,20,1849-03-13,Tierra,activa
9861,Jennifer Garcia,Pereza,73,2014-02-22,Pandemonium,en proceso de tortura
9862,Chelsea Pierce,Soberbia,93,1900-06-27,Abismo,redimida
9863,Erika Kennedy,Pereza,70,2002-07-01,Limbo,en proceso de tortura
9864,Phyllis Henderson,Soberbia,11,1983-01-17,Limbo,en proceso de tortura
9865,Christopher Hanson,Gula,93,1942-03-20,Inframundo,redimida
9866,Monique Silva,Gula,48,1850-06-09,Limbo,activa
9867,Michael Jones,Gula,30,1936-04-21,Pandemonium,redimida
9868,David Holder,Envidia,23,1911-11-06,Tierra,en proceso de tortura
9869,Leslie Bell,Avaricia,32,1991-10-07,Pandemonium,redimida
9870,Phillip Baker,Ira,33,1859-09-22,Sector 7G,redimida
9871,Cheryl Gomez,Soberbia,22,1881-10-16,Abismo,en proceso de tortura
9872,Lisa Rodriguez,Pereza,50,1946-01-30,Abismo,activa
9873,Jessica Smith,Lujuria,61,1881-03-11,Tierra,redimida
9874,Victoria Brooks,Avaricia,17,1859-10-01,Inframundo,activa
9875,Walter Singh,Ira,31,1867-06-12,Pandemonium,redimida
9876,Rebecca Lang,Avaricia,50,1906-07-01,Tierra,activa
9877,Lisa Berry,Envidia,73,1858-05-20,Pandemonium,redimida
9878,Lisa King,Avaricia,87,1893-11-29,Tierra,redimida
9879,Kevin Hoover,Soberbia,3,1900-09-16,Pandemonium,activa
9880,Douglas Obrien,Soberbia,71,1897-09-18,Sector 7G,en proceso de tortura
9881,Paul Bell,Pereza,98,1838-04-18,Tierra,redimida
9882,Kyle Anderson,Pereza,90,1858-03-19,Limbo,en proceso de tortura
9883,Gloria Wells,Soberbia,76,1977-07-10,Tierra,redimida
9884,Holly Neal MD,Pereza,7,1923-04-14,Pandemonium,activa
9885,Arthur Martinez,Avaricia,51,1940-03-01,Inframundo,en proceso de tortura
9886,Dylan Sullivan,Ira,24,1964-12-11,Inframundo,activa
9887,Billy Adkins,Ira,20,1848-05-04,Limbo,en proceso de tortura
9888,Kristen Martinez,Envidia,95,1922-04-10,Pandemonium,en proceso de tortura
9889,Dr. Christopher Reed,Avaricia,65,1931-02-07,Inframundo,redimida
9890,Tonya Wells,Gula,45,1910-01-27,Pandemonium,en proceso de tortura
9891,Edward Williams,Ira,40,1843-05-06,Sector 7G,en proceso de tortura
9892,Matthew Martin,Pereza,39,1892-09-10,Limbo,redimida
9893,Blake Rice,Gula,94,1985-08-31,Pandemonium,en proceso de tortura
9894,Patricia Jones,Gula,89,1970-12-17,Inframundo,en proceso de tortura
9895,Michael Moran,Envidia,92,1852-10-06,Tierra,activa
9896,Jessica Garcia,Gula,35,1918-06-21,Inframundo,redimida
9897,Terri Holland,Pereza,31,2004-03-02,Pandemonium,redimida
9898,Stephanie Carey,Ira,54,1933-05-14,Abismo,activa
9899,Troy Davis,Soberbia,24,1974-08-02,Limbo,redimida
9900,Edward Page,Avaricia,4,1864-11-18,Pandemonium,redimida
9901,Dakota Bailey,Avaricia,33,2002-09-15,Tierra,redimida
9902,Andrew Velez,Pereza,18,2014-08-07,Inframundo,en proceso de tortura
9903,Joseph Thompson,Ira,11,1829-12-30,Pandemonium,en proceso de tortura
9904,Bianca Mendez,Soberbia,89,1986-10-05,Limbo,en proceso de tortura
9905,Cheryl Tucker,Gula,50,1988-05-14,Sector 7G,redimida
9906,Matthew Berg,Gula,70,1909-02-11,Limbo,activa
9907,Joyce Johns,Pereza,34,2005-11-24,Inframundo,activa
9908,Andre Smith,Lujuria,82,1873-06-24,Inframundo,activa
9909,Jackie Jones,Pereza,74,1842-04-22,Pandemonium,en proceso de tortura
9910,Dana Bauer,Ira,77,1858-06-03,Tierra,redimida
9911,Ebony Freeman,Envidia,9,1845-09-10,Limbo,redimida
9912,Brittany White,Envidia,80,1858-10-14,Abismo,redimida
9913,Brian Butler,Pereza,96,1828-03-20,Pandemonium,en proceso de tortura
9914,Brent Williams,Pereza,96,1903-01-13,Inframundo,en proceso de tortura
9915,Renee Berry,Gula,21,1872-02-16,Inframundo,redimida
9916,Andrew Fleming,Envidia,9,1898-09-23,Sector 7G,en proceso de tortura
9917,Keith Cole,Gula,76,1851-02-01,Sector 7G,activa
9918,Samuel Riddle,Lujuria,69,1935-08-05,Limbo,activa
9919,Devin Simpson,Envidia,50,1936-01-09,Inframundo,redimida
9920,Mr. Thomas Adkins DDS,Soberbia,77,1973-07-13,Limbo,activa
9921,Erica Beltran,Gula,28,1939-07-07,Inframundo,activa
9922,James Ho,Envidia,49,1914-08-31,Limbo,activa
9923,Andrea Garrett,Ira,69,1861-09-07,Sector 7G,activa
9924,Megan Hoover,Avaricia,85,1830-06-03,Abismo,redimida
9925,Samantha Richardson,Ira,19,1940-08-07,Tierra,activa
9926,James Reed,Avaricia,58,1839-08-09,Limbo,redimida
9927,Amy Hopkins,Pereza,73,1972-02-10,Limbo,en proceso de tortura
9928,Omar Palmer,Pereza,90,1882-05-22,Inframundo,en proceso de tortura
9929,Christine Williams,Avaricia,10,1857-04-15,Sector 7G,redimida
9930,Kayla Vasquez,Soberbia,94,1900-01-28,Inframundo,activa
9931,Katie Moore,Ira,83,1838-07-26,Pandemonium,redimida
9932,Donna Williams,Envidia,27,1891-01-26,Sector 7G,en proceso de tortura
9933,Danny Ford,Envidia,90,1980-06-20,Pandemonium,en proceso de tortura
9934,Megan Williams,Envidia,72,1921-04-01,Limbo,activa
9935,Kimberly Odom,Lujuria,83,1885-07-27,Pandemonium,activa
9936,Nathan Harris,Envidia,74,1990-04-13,Pandemonium,en proceso de tortura
9937,Matthew Hunt,Gula,95,1864-02-14,Limbo,activa
9938,Patrick Morris,Soberbia,90,1904-11-27,Limbo,en proceso de tortura
9939,Paul Rivera,Lujuria,74,1968-09-02,Inframundo,en proceso de tortura
9940,Jennifer Vaughn,Soberbia,82,1900-08-18,Limbo,redimida
9941,Allison Rivera,Gula,71,1869-07-10,Pandemonium,redimida
9942,Ann Stevens,Gula,6,2007-03-10,Sector 7G,redimida
9943,Robin Haynes,Lujuria,27,1900-12-13,Sector 7G,activa
9944,Dylan Brady,Envidia,45,2006-09-08,Sector 7G,en proceso de tortura
9945,Amanda Hoover,Pereza,91,2011-04-04,Limbo,en proceso de tortura
9946,Tiffany Richardson,Envidia,57,1829-06-13,Sector 7G,redimida
9947,Sarah Rivera DDS,Soberbia,37,1844-03-19,Tierra,redimida
9948,Jasmine Shaw,Gula,76,1936-12-17,Abismo,en proceso de tortura
9949,Kyle Rogers,Pereza,91,1838-12-31,Tierra,en proceso de tortura
9950,Lisa Jackson,Ira,60,2015-10-27,Limbo,en proceso de tortura
9951,David Dean,Envidia,64,1882-04-04,Inframundo,en proceso de tortura
9952,Christopher Jordan,Pereza,76,1911-03-22,Abismo,activa
9953,Alicia Adams,Soberbia,95,1928-08-27,Tierra,en proceso de tortura
9954,Jerry Clark,Ira,4,1911-04-14,Inframundo,redimida
9955,Melissa Gentry,Pereza,0,1898-07-18,Pandemonium,activa
9956,Kristin Morris,Soberbia,81,1941-08-17,Sector 7G,en proceso de tortura
9957,Justin Anderson,Lujuria,36,1929-05-18,Sector 7G,redimida
9958,Katrina Green,Lujuria,31,2023-01-24,Pandemonium,activa
9959,Jeremy Webster,Pereza,58,1948-03-11,Abismo,redimida
9960,Cameron Richardson,Gula,45,1906-12-06,Inframundo,en proceso de tortura
9961,Mr. Lucas Morris,Pereza,55,1875-09-02,Sector 7G,redimida
9962,Monique Rojas,Pereza,82,1940-11-07,Inframundo,redimida
9963,Jeremy Taylor,Avaricia,41,1957-11-19,Tierra,en proceso de tortura
9964,Steven Berger,Avaricia,90,2024-08-07,Pandemonium,en proceso de tortura
9965,Roger Buchanan,Soberbia,80,1856-11-15,Pandemonium,activa
9966,Vincent Hall,Pereza,25,1898-02-04,Pandemonium,redimida
9967,Curtis Young,Lujuria,49,1912-01-07,Sector 7G,en proceso de tortura
9968,Eileen Morrison,Soberbia,67,2023-02-28,Tierra,activa
9969,Philip Rios,Soberbia,36,1972-10-14,Limbo,en proceso de tortura
9970,Todd King,Pereza,24,1936-01-20,Limbo,redimida
9971,Victoria Thompson,Ira,91,1915-08-03,Sector 7G,en proceso de tortura
9972,Paul Lopez,Avaricia,41,1867-05-24,Tierra,en proceso de tortura
9973,Ricky Jones,Envidia,34,1872-11-07,Limbo,redimida
9974,Dawn Woodward,Pereza,26,1945-07-22,Abismo,en proceso de tortura
9975,David Gross,Pereza,77,1950-03-30,Limbo,en proceso de tortura
9976,Steven Woods,Lujuria,30,2003-12-28,Pandemonium,activa
9977,Jerry Gonzalez,Pereza,72,1853-05-30,Sector 7G,activa
9978,Rebecca Tucker,Avaricia,84,1875-02-21,Abismo,en proceso de tortura
9979,Albert King,Gula,25,2005-05-20,Tierra,en proceso de tortura
9980,Tim Smith,Soberbia,91,1982-01-27,Pandemonium,en proceso de tortura
9981,Katelyn Perry,Ira,40,1965-08-24,Sector 7G,activa
9982,Holly Horton,Pereza,10,2003-01-27,Sector 7G,activa
9983,Antonio Graham,Pereza,73,1866-07-29,Inframundo,redimida
9984,Erin Lee,Lujuria,92,1846-08-29,Pandemonium,activa
9985,Megan Oliver PhD,Lujuria,11,1892-06-29,Pandemonium,redimida
9986,Donna Thompson,Ira,99,1946-09-26,Inframundo,redimida
9987,Ashley Hines,Envidia,17,1988-10-24,Tierra,en proceso de tortura
9988,Robert Mcgrath,Lujuria,59,1837-04-03,Sector 7G,activa
9989,Erin Ayala,Envidia,21,1881-10-19,Inframundo,redimida
9990,Emily Luna,Avaricia,100,2016-06-07,Inframundo,activa
9991,Mark Short,Soberbia,64,1950-09-07,Inframundo,en proceso de tortura
9992,Raymond Alexander,Gula,39,1993-01-29,Tierra,en proceso de tortura
9993,Debra Davenport,Lujuria,51,1865-01-06,Inframundo,redimida
9994,Teresa Hutchinson,Gula,21,1833-01-17,Abismo,redimida
9995,Louis Hawkins,Ira,8,1891-04-19,Sector 7G,redimida
9996,Casey Ramos,Envidia,79,1911-01-21,Tierra,redimida
9997,Jorge Goodwin,Soberbia,12,1900-09-19,Tierra,en proceso de tortura
9998,Vincent Nguyen,Envidia,55,1840-06-09,Tierra,en proceso de tortura
9999,William Roth,Lujuria,53,2004-06-13,Limbo,redimida
10000,William Lewis,Avaricia,51,1964-07-08,Abismo,redimida
