id_tormento,id_alma,tipo_tormento,nivel_intensidad,duracion_horas,responsable_demonio,resultado_final
1,9904,Laberinto sin salida,7,276,284,Transferida
2,2308,Cámara de hielo,2,792,209,Reincidente
3,9987,Baño de lava,7,847,450,Reincidente
4,8251,Loop de reuniones,8,999,350,Transferida
5,5577,Loop de reuniones,8,469,79,Reincidente
6,3929,Baño de lava,5,587,351,Sobrevive
7,999,Baño de lava,7,772,226,Reincidente
8,6303,Cámara de hielo,5,962,186,Reincidente
9,1690,Loop de reuniones,1,89,137,Desintegrada
10,9690,Cámara de hielo,10,473,415,Transferida
11,2350,Laberinto sin salida,3,588,276,En proceso
12,1055,Grito eterno,6,123,418,Desintegrada
13,9076,Loop de reuniones,4,121,31,Desintegrada
14,8560,Cámara de hielo,9,187,13,Reincidente
15,7930,Grito eterno,9,918,217,Transferida
16,776,Baño de lava,3,863,468,Sobrevive
17,4176,Grito eterno,10,18,263,Sobrevive
18,3824,Loop de reuniones,3,342,283,Transferida
19,5934,Cámara de hielo,6,880,135,Sobrevive
20,227,Grito eterno,5,616,364,Reincidente
21,4174,Loop de reuniones,3,714,44,Transferida
22,1271,Baño de lava,7,963,224,Sobrevive
23,6484,Baño de lava,10,119,209,Desintegrada
24,5769,Grito eterno,4,534,237,Sobrevive
25,7758,Laberinto sin salida,5,135,420,Sobrevive
26,5370,Laberinto sin salida,10,602,426,Desintegrada
27,5030,Laberinto sin salida,6,657,142,Transferida
28,8171,Grito eterno,9,204,445,Transferida
29,238,Baño de lava,1,687,406,Desintegrada
30,8596,Cámara de hielo,7,267,142,Reincidente
31,6290,Cámara de hielo,2,852,50,Transferida
32,9713,Grito eterno,6,336,177,Transferida
33,7521,Cámara de hielo,4,844,230,Desintegrada
34,7571,Loop de reuniones,4,417,15,Reincidente
35,2602,Grito eterno,5,515,198,Reincidente
36,3366,Loop de reuniones,1,908,211,Reincidente
37,6102,Grito eterno,1,471,303,Transferida
38,6799,Baño de lava,10,220,159,Desintegrada
39,8558,Cámara de hielo,1,203,470,Transferida
40,4278,Cámara de hielo,3,546,130,Transferida
41,6700,Grito eterno,2,705,263,Transferida
42,1821,Cámara de hielo,5,505,234,Desintegrada
43,5810,Cámara de hielo,5,707,296,Desintegrada
44,434,Cámara de hielo,7,815,190,Reincidente
45,8740,Laberinto sin salida,9,458,496,Reincidente
46,4783,Cámara de hielo,5,799,188,Reincidente
47,2869,Cámara de hielo,5,562,109,Desintegrada
48,5879,Loop de reuniones,9,783,322,Reincidente
49,2035,Baño de lava,8,835,217,Desintegrada
50,7458,Loop de reuniones,8,253,2,Sobrevive
51,595,Loop de reuniones,2,170,177,Reincidente
52,173,Grito eterno,8,887,467,Desintegrada
53,3541,Laberinto sin salida,7,356,314,Sobrevive
54,4930,Grito eterno,1,356,80,Desintegrada
55,3559,Grito eterno,2,358,254,Transferida
56,1485,Laberinto sin salida,5,522,420,Desintegrada
57,2184,Laberinto sin salida,3,515,13,Transferida
58,5590,Grito eterno,1,325,58,Reincidente
60,532,Grito eterno,7,717,74,Transferida
61,9013,Baño de lava,6,651,81,Desintegrada
62,9561,Laberinto sin salida,2,685,372,Reincidente
63,1791,Laberinto sin salida,4,40,363,Desintegrada
64,6304,Cámara de hielo,2,309,218,Desintegrada
65,7769,Grito eterno,1,7,44,Desintegrada
66,638,Cámara de hielo,7,57,218,Desintegrada
67,2442,Laberinto sin salida,7,521,356,Sobrevive
68,2064,Baño de lava,8,908,166,Desintegrada
69,730,Grito eterno,4,698,317,Transferida
70,8015,Grito eterno,9,735,409,Sobrevive
71,223,Loop de reuniones,2,556,115,Reincidente
72,13,Baño de lava,2,506,45,Reincidente
73,6240,Loop de reuniones,6,16,432,Reincidente
74,2443,Loop de reuniones,2,375,467,Desintegrada
75,1617,Laberinto sin salida,8,375,475,Reincidente
76,2444,Laberinto sin salida,2,170,180,Transferida
77,2531,Laberinto sin salida,5,399,45,Reincidente
78,7356,Baño de lava,1,986,99,Transferida
79,2289,Grito eterno,4,313,439,Desintegrada
80,796,Cámara de hielo,7,677,116,Reincidente
81,3475,Laberinto sin salida,5,346,332,Reincidente
82,8262,Grito eterno,9,163,440,Sobrevive
83,6976,Loop de reuniones,6,626,363,Desintegrada
84,5629,Cámara de hielo,1,218,414,Transferida
85,590,Loop de reuniones,4,789,330,Transferida
86,8700,Baño de lava,3,783,31,Sobrevive
87,9967,Laberinto sin salida,2,209,13,Reincidente
88,1308,Cámara de hielo,1,194,366,Sobrevive
89,3322,Grito eterno,5,772,366,Sobrevive
90,7649,Laberinto sin salida,6,981,343,Sobrevive
91,1414,Laberinto sin salida,2,469,366,Transferida
92,363,Grito eterno,9,117,127,Desintegrada
93,129,Loop de reuniones,3,467,335,Sobrevive
94,7918,Cámara de hielo,5,434,9,Desintegrada
95,2128,Laberinto sin salida,7,583,318,Sobrevive
96,9715,Loop de reuniones,5,621,208,Desintegrada
97,9417,Baño de lava,10,12,105,Sobrevive
98,464,Baño de lava,10,37,218,Reincidente
99,4791,Grito eterno,6,483,112,Desintegrada
100,7644,Baño de lava,3,785,299,Transferida
101,4449,Grito eterno,10,586,41,Reincidente
102,312,Laberinto sin salida,1,358,443,Reincidente
103,4933,Loop de reuniones,2,480,350,Sobrevive
104,4988,Loop de reuniones,2,133,276,Sobrevive
105,3920,Loop de reuniones,4,248,332,Transferida
106,605,Laberinto sin salida,9,965,480,Desintegrada
107,6688,Cámara de hielo,2,120,191,Transferida
108,7338,Laberinto sin salida,7,860,481,Transferida
109,9588,Baño de lava,1,542,121,Sobrevive
110,8827,Grito eterno,6,668,249,Reincidente
111,2880,Laberinto sin salida,2,679,491,Sobrevive
112,6451,Laberinto sin salida,3,409,263,Transferida
113,264,Loop de reuniones,9,293,206,Sobrevive
114,9081,Grito eterno,8,902,349,Reincidente
115,1829,Grito eterno,2,743,451,Transferida
116,9287,Cámara de hielo,9,781,241,Desintegrada
117,2048,Cámara de hielo,1,688,105,Desintegrada
118,5938,Baño de lava,10,360,264,Desintegrada
119,1025,Grito eterno,3,566,478,Reincidente
120,5688,Loop de reuniones,9,599,271,Transferida
121,7480,Grito eterno,4,744,450,Transferida
122,1657,Loop de reuniones,10,97,463,Transferida
123,1462,Baño de lava,2,987,44,Sobrevive
124,8791,Laberinto sin salida,4,501,129,Desintegrada
125,4876,Loop de reuniones,9,43,467,Transferida
126,4970,Laberinto sin salida,5,296,221,Reincidente
127,3407,Cámara de hielo,1,285,2,Desintegrada
128,6962,Cámara de hielo,2,469,136,Sobrevive
129,450,Laberinto sin salida,7,316,329,Desintegrada
130,2641,Loop de reuniones,8,940,79,Reincidente
131,8752,Cámara de hielo,8,935,41,Reincidente
132,8063,Baño de lava,6,769,377,Reincidente
133,3902,Grito eterno,3,404,168,Reincidente
134,6802,Baño de lava,1,834,264,Desintegrada
135,7108,Baño de lava,2,971,180,Desintegrada
136,5717,Grito eterno,10,213,117,Sobrevive
137,93,Baño de lava,10,630,217,Transferida
138,9305,Laberinto sin salida,8,596,29,Sobrevive
139,1239,Laberinto sin salida,7,744,478,Reincidente
140,6871,Grito eterno,1,8,163,Sobrevive
141,7945,Cámara de hielo,6,771,231,Desintegrada
142,5557,Loop de reuniones,1,925,165,Reincidente
143,5604,Loop de reuniones,4,457,494,Reincidente
144,1601,Loop de reuniones,9,178,263,Sobrevive
145,8856,Cámara de hielo,2,240,357,Desintegrada
146,8311,Baño de lava,1,775,13,Desintegrada
147,8712,Grito eterno,3,659,284,Sobrevive
148,9141,Baño de lava,10,623,427,Desintegrada
149,684,Baño de lava,5,262,181,Desintegrada
150,1465,Grito eterno,4,885,109,Reincidente
151,5677,Cámara de hielo,7,252,226,Desintegrada
152,5791,Laberinto sin salida,2,902,254,Transferida
153,5502,Cámara de hielo,6,334,166,Sobrevive
154,6938,Baño de lava,4,98,349,Transferida
155,5115,Cámara de hielo,7,495,61,Reincidente
156,9236,Loop de reuniones,7,748,184,Reincidente
157,5045,Cámara de hielo,1,368,494,Reincidente
158,7269,Grito eterno,3,621,221,Transferida
159,3911,Loop de reuniones,4,25,85,Reincidente
160,6811,Grito eterno,3,556,363,Transferida
161,8441,Baño de lava,10,158,387,Desintegrada
162,7554,Grito eterno,1,909,250,Transferida
163,1042,Laberinto sin salida,1,220,343,Transferida
164,4756,Loop de reuniones,3,197,335,Desintegrada
165,2416,Cámara de hielo,3,90,54,Reincidente
166,9492,Cámara de hielo,2,431,160,Desintegrada
167,1226,Loop de reuniones,3,486,432,Reincidente
168,7521,Cámara de hielo,6,633,142,Reincidente
169,8552,Baño de lava,9,718,10,Reincidente
170,3121,Baño de lava,5,272,343,Sobrevive
171,7956,Cámara de hielo,5,652,76,Desintegrada
172,2507,Grito eterno,10,482,411,Reincidente
173,8641,Loop de reuniones,8,891,254,Desintegrada
174,9994,Grito eterno,3,529,102,Desintegrada
175,6587,Grito eterno,7,379,160,Reincidente
176,4991,Loop de reuniones,7,705,322,Sobrevive
177,8494,Cámara de hielo,8,943,229,Desintegrada
178,2134,Baño de lava,9,383,356,Reincidente
179,9507,Baño de lava,3,381,166,Reincidente
180,2159,Baño de lava,8,814,102,Sobrevive
181,8993,Baño de lava,6,476,211,Sobrevive
182,3026,Laberinto sin salida,3,800,264,Desintegrada
183,5844,Cámara de hielo,3,969,351,Transferida
184,3725,Baño de lava,8,178,2,Reincidente
185,2408,Loop de reuniones,1,773,270,Desintegrada
186,6513,Laberinto sin salida,8,100,91,Reincidente
187,7551,Loop de reuniones,10,640,111,En proceso
188,558,Grito eterno,8,157,364,Sobrevive
189,961,Loop de reuniones,10,774,414,Transferida
190,5960,Laberinto sin salida,1,127,217,Sobrevive
191,2468,Grito eterno,1,795,165,Sobrevive
192,7419,Laberinto sin salida,7,125,214,Sobrevive
193,4345,Laberinto sin salida,9,388,121,Transferida
194,827,Baño de lava,4,157,4,Transferida
195,8881,Cámara de hielo,3,688,415,Transferida
196,7683,Loop de reuniones,5,531,111,Transferida
197,6346,Grito eterno,2,550,441,Transferida
198,5772,Loop de reuniones,7,711,368,Transferida
199,9034,Grito eterno,4,546,327,Reincidente
200,5275,Baño de lava,6,994,275,Transferida
201,2408,Baño de lava,10,854,286,Desintegrada
202,5773,Loop de reuniones,6,181,84,Transferida
203,1537,Baño de lava,7,605,453,Desintegrada
204,9362,Loop de reuniones,3,669,41,Desintegrada
205,3335,Cámara de hielo,9,234,186,Sobrevive
206,4093,Cámara de hielo,4,888,432,Desintegrada
207,5758,Grito eterno,6,593,89,Desintegrada
208,3735,Cámara de hielo,9,515,345,Sobrevive
209,1063,Laberinto sin salida,3,627,71,Transferida
210,415,Baño de lava,5,661,318,Desintegrada
211,5722,Laberinto sin salida,5,305,394,Desintegrada
212,4129,Laberinto sin salida,5,551,366,Reincidente
213,2381,Grito eterno,5,315,427,Desintegrada
214,9234,Loop de reuniones,2,985,166,Transferida
215,4151,Loop de reuniones,3,737,450,Sobrevive
216,1402,Loop de reuniones,4,689,350,Desintegrada
217,9726,Laberinto sin salida,6,288,343,Sobrevive
218,6046,Baño de lava,7,679,72,Sobrevive
219,62,Cámara de hielo,1,121,29,Transferida
220,759,Loop de reuniones,4,618,331,Desintegrada
221,6729,Loop de reuniones,3,583,188,En proceso
222,7244,Baño de lava,7,359,348,Desintegrada
223,7680,Loop de reuniones,2,790,270,Transferida
224,654,Grito eterno,6,45,159,Reincidente
225,3334,Cámara de hielo,2,317,175,Desintegrada
226,7951,Loop de reuniones,6,532,98,Sobrevive
227,5694,Cámara de hielo,1,627,366,Reincidente
228,2923,Baño de lava,1,11,31,Transferida
229,594,Grito eterno,4,137,388,Reincidente
230,6322,Loop de reuniones,2,276,411,Transferida
231,9122,Grito eterno,6,568,426,Transferida
232,5453,Loop de reuniones,1,437,322,Sobrevive
233,143,Laberinto sin salida,10,880,120,Sobrevive
234,7363,Baño de lava,3,9,198,Sobrevive
235,9876,Loop de reuniones,1,520,78,Transferida
236,1438,Loop de reuniones,4,665,496,Reincidente
237,8400,Grito eterno,3,958,206,Transferida
238,7348,Baño de lava,8,45,491,Transferida
239,5932,Grito eterno,9,986,366,Sobrevive
240,4864,Cámara de hielo,7,849,24,Desintegrada
241,6403,Baño de lava,6,874,84,Desintegrada
242,9762,Baño de lava,3,414,254,Transferida
243,7430,Loop de reuniones,10,205,422,Transferida
244,5618,Grito eterno,2,743,221,Transferida
245,7967,Laberinto sin salida,8,694,368,Reincidente
246,1956,Grito eterno,1,780,426,Desintegrada
247,2374,Laberinto sin salida,3,999,86,Transferida
248,3117,Loop de reuniones,5,356,414,Desintegrada
249,1971,Loop de reuniones,5,184,468,Sobrevive
250,6049,Laberinto sin salida,8,660,420,Transferida
251,531,Loop de reuniones,7,234,432,Sobrevive
252,425,Loop de reuniones,4,228,163,Desintegrada
253,1979,Laberinto sin salida,3,498,42,Reincidente
254,2036,Cámara de hielo,4,609,221,Sobrevive
255,5279,Laberinto sin salida,7,71,107,Reincidente
256,1870,Grito eterno,6,378,271,Transferida
257,942,Cámara de hielo,4,757,109,Reincidente
258,4409,Laberinto sin salida,10,5,209,Sobrevive
259,2810,Grito eterno,9,485,488,Desintegrada
260,7247,Baño de lava,8,870,50,Transferida
261,8789,Grito eterno,10,18,410,Reincidente
263,7660,Loop de reuniones,5,494,427,Sobrevive
264,6108,Laberinto sin salida,6,432,309,Desintegrada
265,700,Laberinto sin salida,4,758,198,Sobrevive
266,5860,Loop de reuniones,4,754,430,Reincidente
267,8771,Grito eterno,8,288,135,Desintegrada
268,9605,Loop de reuniones,5,265,496,Desintegrada
269,5800,Grito eterno,7,430,363,Desintegrada
270,6788,Cámara de hielo,6,830,15,Sobrevive
271,9075,Cámara de hielo,9,774,406,Desintegrada
272,1588,Laberinto sin salida,10,655,241,Desintegrada
273,6349,Baño de lava,7,186,468,Reincidente
274,1641,Cámara de hielo,4,7,414,Transferida
275,1413,Cámara de hielo,1,952,85,Desintegrada
276,3318,Loop de reuniones,1,114,313,Desintegrada
277,7691,Cámara de hielo,4,549,3,Reincidente
278,3800,Cámara de hielo,6,790,31,Sobrevive
279,6002,Baño de lava,5,268,31,Desintegrada
280,8814,Loop de reuniones,8,714,9,Sobrevive
281,3962,Baño de lava,5,290,91,Reincidente
282,8261,Loop de reuniones,8,668,73,Reincidente
283,4097,Baño de lava,7,855,209,Reincidente
284,6878,Cámara de hielo,8,917,50,Sobrevive
285,3535,Grito eterno,3,314,124,Desintegrada
286,5251,Baño de lava,9,182,411,Sobrevive
287,2091,Cámara de hielo,9,873,180,Sobrevive
288,5669,Loop de reuniones,10,789,485,Desintegrada
289,462,Baño de lava,8,872,165,Transferida
290,5670,Baño de lava,6,919,105,Desintegrada
291,6248,Loop de reuniones,9,637,131,Reincidente
292,1807,Baño de lava,1,504,361,Desintegrada
293,5323,Baño de lava,7,389,13,Sobrevive
294,3616,Cámara de hielo,2,146,177,Sobrevive
295,6034,Grito eterno,2,40,343,Desintegrada
296,7653,Baño de lava,1,2,348,Desintegrada
297,1778,Baño de lava,6,840,251,Transferida
298,3838,Cámara de hielo,3,466,241,Desintegrada
299,523,Laberinto sin salida,3,93,467,Sobrevive
300,5267,Grito eterno,7,73,332,Transferida
301,7344,Cámara de hielo,5,733,274,Sobrevive
302,5309,Baño de lava,10,441,427,Desintegrada
303,660,Laberinto sin salida,8,533,475,En proceso
304,2448,Laberinto sin salida,8,707,120,Desintegrada
305,7433,Laberinto sin salida,4,844,283,Desintegrada
306,9230,Cámara de hielo,4,222,184,Transferida
307,6570,Baño de lava,10,507,366,Reincidente
308,4940,Cámara de hielo,3,905,41,Reincidente
309,5877,Grito eterno,6,163,277,Transferida
310,9865,Laberinto sin salida,5,289,479,Reincidente
311,9171,Grito eterno,4,309,160,Reincidente
312,5719,Loop de reuniones,9,79,274,Reincidente
313,5800,Baño de lava,7,370,496,Sobrevive
314,7293,Laberinto sin salida,2,39,321,Reincidente
315,9700,Loop de reuniones,6,64,448,Reincidente
316,3756,Loop de reuniones,5,229,316,Reincidente
317,3807,Baño de lava,9,93,321,Sobrevive
318,1636,Baño de lava,3,814,73,Desintegrada
319,7848,Grito eterno,5,636,240,Reincidente
320,936,Grito eterno,10,660,5,Sobrevive
321,7337,Grito eterno,1,587,147,Sobrevive
322,438,Laberinto sin salida,3,19,463,Reincidente
323,9008,Loop de reuniones,7,369,443,Transferida
324,7984,Laberinto sin salida,9,843,454,Reincidente
325,5870,Laberinto sin salida,7,510,440,Desintegrada
326,1014,Grito eterno,2,495,277,En proceso
327,9940,Loop de reuniones,2,675,151,Transferida
328,597,Cámara de hielo,5,562,494,Reincidente
329,7668,Baño de lava,3,993,85,Desintegrada
330,9953,Cámara de hielo,8,226,61,Sobrevive
331,7626,Laberinto sin salida,5,220,117,Reincidente
332,9796,Baño de lava,1,892,271,Reincidente
333,9229,Grito eterno,1,171,390,Sobrevive
334,496,Loop de reuniones,8,58,131,Transferida
335,6892,Grito eterno,4,996,439,Desintegrada
336,600,Cámara de hielo,8,648,135,Transferida
337,7317,Cámara de hielo,3,612,40,Desintegrada
338,2804,Loop de reuniones,6,231,427,Desintegrada
339,621,Laberinto sin salida,10,605,349,Reincidente
340,5039,Laberinto sin salida,3,566,19,Reincidente
341,3474,Grito eterno,4,343,50,Reincidente
342,9077,Loop de reuniones,10,796,237,Reincidente
343,4043,Baño de lava,9,198,318,Reincidente
344,9361,Cámara de hielo,7,359,73,Transferida
345,6357,Grito eterno,10,67,93,Reincidente
346,4801,Laberinto sin salida,7,592,313,Sobrevive
347,8353,Grito eterno,7,400,224,Reincidente
348,7104,Cámara de hielo,6,320,98,Sobrevive
349,4265,Cámara de hielo,3,76,485,Reincidente
350,6354,Baño de lava,10,939,299,Desintegrada
351,7775,Cámara de hielo,4,849,166,Transferida
352,2780,Loop de reuniones,10,321,119,Reincidente
353,6887,Laberinto sin salida,9,373,427,Transferida
354,7981,Baño de lava,6,623,79,Sobrevive
355,4003,Laberinto sin salida,5,98,295,Reincidente
356,4693,Laberinto sin salida,4,838,192,Transferida
357,2814,Cámara de hielo,3,46,335,En proceso
358,6866,Laberinto sin salida,10,565,186,Reincidente
359,108,Loop de reuniones,7,510,211,Sobrevive
360,1199,Cámara de hielo,10,975,451,Reincidente
361,1095,Baño de lava,5,380,165,Reincidente
362,4905,Grito eterno,10,917,423,Reincidente
363,5117,Grito eterno,3,272,439,Sobrevive
364,8801,Baño de lava,10,228,113,Reincidente
365,4074,Baño de lava,5,868,309,Desintegrada
366,6848,Loop de reuniones,1,450,3,Reincidente
367,839,Loop de reuniones,9,275,85,Sobrevive
368,8825,Cámara de hielo,8,773,378,Transferida
369,5030,Loop de reuniones,10,936,76,Desintegrada
370,9980,Grito eterno,8,268,283,Reincidente
371,5796,Loop de reuniones,2,991,377,Transferida
372,6254,Cámara de hielo,8,106,448,En proceso
373,7294,Loop de reuniones,3,925,303,Reincidente
374,7589,Grito eterno,2,541,206,Sobrevive
375,6509,Baño de lava,7,645,136,Sobrevive
376,5480,Cámara de hielo,1,503,343,Reincidente
377,5486,Grito eterno,9,204,411,Sobrevive
378,6195,Baño de lava,7,758,263,Desintegrada
379,4619,Cámara de hielo,2,349,1,Desintegrada
380,1011,Laberinto sin salida,2,981,34,Sobrevive
381,3743,Loop de reuniones,2,852,287,Sobrevive
382,5856,Cámara de hielo,4,265,5,Sobrevive
383,6746,Baño de lava,4,341,242,Reincidente
384,759,Cámara de hielo,5,755,432,Reincidente
385,9014,Baño de lava,9,768,485,Sobrevive
386,2628,Grito eterno,7,660,212,Transferida
387,3696,Cámara de hielo,1,760,280,Reincidente
388,9652,Laberinto sin salida,8,670,426,Desintegrada
389,7834,Laberinto sin salida,5,709,34,Desintegrada
390,734,Grito eterno,5,288,147,Transferida
391,1244,Baño de lava,8,854,220,Sobrevive
392,1698,Grito eterno,6,331,209,Transferida
393,9696,Laberinto sin salida,2,528,387,En proceso
394,633,Cámara de hielo,7,340,221,Sobrevive
395,8137,Grito eterno,10,740,118,Transferida
396,6378,Baño de lava,5,458,58,Desintegrada
397,5110,Baño de lava,7,343,275,Reincidente
398,9701,Cámara de hielo,7,547,413,Sobrevive
399,1881,Loop de reuniones,1,217,31,Reincidente
400,2145,Loop de reuniones,1,803,135,Sobrevive
401,8901,Grito eterno,9,749,181,Desintegrada
402,515,Cámara de hielo,8,843,86,Reincidente
403,9966,Loop de reuniones,7,264,158,Transferida
404,8365,Loop de reuniones,8,493,241,Reincidente
405,8725,Cámara de hielo,7,681,410,Desintegrada
406,5692,Grito eterno,4,533,183,Transferida
407,909,Loop de reuniones,3,627,66,Sobrevive
408,4831,Cámara de hielo,7,600,485,Transferida
409,7011,Loop de reuniones,3,192,349,Transferida
410,4010,Grito eterno,6,291,147,Sobrevive
411,653,Laberinto sin salida,10,217,287,Transferida
412,301,Laberinto sin salida,1,4,231,Reincidente
413,6641,Cámara de hielo,7,207,470,Desintegrada
414,8688,Loop de reuniones,9,609,120,Reincidente
415,742,Grito eterno,10,557,406,Desintegrada
416,2918,Baño de lava,10,198,168,Sobrevive
417,451,Cámara de hielo,1,393,189,Sobrevive
418,5049,Loop de reuniones,8,855,454,Reincidente
419,2809,Laberinto sin salida,9,708,229,En proceso
420,7218,Laberinto sin salida,1,173,191,Transferida
421,4763,Grito eterno,4,89,102,Desintegrada
422,2382,Laberinto sin salida,8,806,86,Reincidente
423,3870,Loop de reuniones,7,849,475,Desintegrada
424,4386,Laberinto sin salida,1,638,107,Reincidente
426,1399,Baño de lava,9,637,432,Desintegrada
427,9298,Cámara de hielo,9,552,189,Sobrevive
428,3186,Loop de reuniones,2,768,316,Sobrevive
429,7993,Grito eterno,9,663,303,Desintegrada
430,5252,Grito eterno,8,182,263,Transferida
431,1507,Grito eterno,6,477,415,Desintegrada
432,601,Cámara de hielo,2,914,241,Reincidente
433,9331,Grito eterno,1,783,360,Desintegrada
434,6677,Cámara de hielo,4,877,264,Desintegrada
435,3302,Laberinto sin salida,8,480,442,Reincidente
436,6052,Laberinto sin salida,2,521,451,Desintegrada
437,6456,Cámara de hielo,4,556,270,Desintegrada
438,3231,Laberinto sin salida,1,780,119,Sobrevive
439,8439,Laberinto sin salida,7,705,406,Desintegrada
440,78,Grito eterno,7,920,299,Desintegrada
441,8870,Cámara de hielo,4,440,72,Desintegrada
442,1065,Loop de reuniones,2,653,454,Desintegrada
443,6929,Grito eterno,2,576,468,Sobrevive
444,8502,Laberinto sin salida,10,147,281,Reincidente
445,2799,Laberinto sin salida,10,305,413,Reincidente
446,7784,Cámara de hielo,6,295,334,Sobrevive
447,3415,Laberinto sin salida,3,639,66,Sobrevive
448,3954,Loop de reuniones,5,664,1,Desintegrada
449,252,Laberinto sin salida,4,676,411,Sobrevive
450,3363,Grito eterno,4,977,78,Sobrevive
451,9827,Cámara de hielo,7,894,24,Sobrevive
452,6185,Laberinto sin salida,2,198,206,En proceso
453,4145,Laberinto sin salida,9,972,190,Reincidente
454,4272,Cámara de hielo,4,254,316,Reincidente
455,1001,Loop de reuniones,3,267,131,Sobrevive
456,9132,Laberinto sin salida,1,740,496,Transferida
457,912,Grito eterno,3,848,84,Desintegrada
458,8626,Grito eterno,9,565,93,Transferida
459,2549,Grito eterno,2,640,187,Reincidente
460,7719,Laberinto sin salida,6,84,362,Reincidente
461,2708,Cámara de hielo,4,189,479,Sobrevive
462,2183,Grito eterno,3,954,173,Transferida
463,6877,Grito eterno,3,720,61,Reincidente
464,8876,Grito eterno,1,377,34,Transferida
465,1442,Cámara de hielo,5,1,322,Reincidente
466,5314,Loop de reuniones,4,549,126,Transferida
467,7765,Grito eterno,7,752,254,Reincidente
468,3398,Loop de reuniones,8,113,332,Desintegrada
469,9086,Loop de reuniones,6,698,421,Desintegrada
470,1752,Grito eterno,10,695,45,Sobrevive
471,1588,Laberinto sin salida,2,98,190,Reincidente
472,1694,Laberinto sin salida,9,718,303,Desintegrada
473,4397,Cámara de hielo,6,191,91,Reincidente
474,5446,Baño de lava,7,969,119,Sobrevive
475,7139,Loop de reuniones,4,870,360,Sobrevive
476,3770,Laberinto sin salida,7,562,481,Desintegrada
477,4505,Cámara de hielo,6,918,230,Sobrevive
478,6242,Baño de lava,4,160,10,Desintegrada
479,7932,Baño de lava,7,41,283,Desintegrada
480,8016,Grito eterno,9,11,270,Transferida
481,5770,Loop de reuniones,5,454,61,En proceso
482,5612,Laberinto sin salida,5,313,368,Sobrevive
483,2165,Loop de reuniones,7,989,61,Reincidente
484,93,Cámara de hielo,6,331,218,Sobrevive
485,3596,Cámara de hielo,1,493,89,Sobrevive
486,3651,Grito eterno,1,33,335,Sobrevive
487,5923,Cámara de hielo,4,135,321,Sobrevive
488,221,Laberinto sin salida,5,465,15,Transferida
489,6998,Laberinto sin salida,7,391,313,Transferida
490,6598,Baño de lava,2,951,316,Sobrevive
491,3534,Loop de reuniones,8,712,166,Desintegrada
492,948,Laberinto sin salida,4,285,45,Transferida
493,1797,Grito eterno,3,882,457,Sobrevive
494,8322,Grito eterno,3,175,309,Desintegrada
495,4323,Laberinto sin salida,8,463,68,Sobrevive
496,5935,Cámara de hielo,5,505,361,Sobrevive
497,6568,Laberinto sin salida,4,184,366,Desintegrada
498,6480,Baño de lava,10,692,142,Sobrevive
499,5081,Grito eterno,7,592,448,Transferida
500,4113,Grito eterno,1,505,240,Sobrevive
501,7931,Loop de reuniones,1,582,109,Transferida
502,3649,Cámara de hielo,2,746,206,Desintegrada
503,7834,Baño de lava,4,227,309,Reincidente
504,4537,Loop de reuniones,2,208,41,Transferida
505,9446,Laberinto sin salida,7,934,287,En proceso
506,2498,Cámara de hielo,9,243,29,Transferida
507,2208,Laberinto sin salida,4,728,250,Sobrevive
508,8299,Cámara de hielo,1,887,184,Reincidente
509,321,Baño de lava,6,805,349,Desintegrada
510,5507,Laberinto sin salida,8,651,129,Sobrevive
511,9402,Cámara de hielo,7,614,494,Transferida
512,7600,Cámara de hielo,5,230,413,Sobrevive
513,5464,Loop de reuniones,9,461,119,Desintegrada
514,4994,Laberinto sin salida,3,219,485,Reincidente
515,1698,Laberinto sin salida,9,747,98,Reincidente
516,2497,Loop de reuniones,3,483,88,Sobrevive
517,3817,Cámara de hielo,7,883,184,Sobrevive
518,6457,Loop de reuniones,2,239,81,Reincidente
519,7438,Laberinto sin salida,5,351,430,En proceso
520,6857,Grito eterno,4,262,454,Transferida
522,7877,Laberinto sin salida,8,183,366,Reincidente
523,2690,Loop de reuniones,9,563,445,Reincidente
524,3266,Cámara de hielo,10,535,217,Reincidente
525,7640,Loop de reuniones,4,735,251,Reincidente
526,6419,Cámara de hielo,5,916,236,Sobrevive
527,9761,Grito eterno,1,905,363,Sobrevive
528,3346,Laberinto sin salida,4,963,221,Transferida
529,3937,Cámara de hielo,10,756,220,Reincidente
530,8971,Baño de lava,5,166,270,Reincidente
531,3489,Laberinto sin salida,7,203,58,Desintegrada
532,3850,Loop de reuniones,6,672,263,Desintegrada
533,8019,Cámara de hielo,7,886,366,Transferida
534,5551,Loop de reuniones,2,335,411,Reincidente
535,2805,Grito eterno,8,861,55,Transferida
536,5206,Laberinto sin salida,10,1000,236,Transferida
537,5259,Loop de reuniones,7,375,229,Sobrevive
538,5302,Baño de lava,5,870,295,Transferida
539,7388,Grito eterno,8,97,295,Desintegrada
540,6052,Loop de reuniones,1,497,224,Sobrevive
541,8394,Laberinto sin salida,9,910,410,Reincidente
542,6986,Baño de lava,6,59,460,Desintegrada
543,9506,Baño de lava,6,287,117,Transferida
544,6215,Cámara de hielo,2,694,3,Transferida
545,1685,Laberinto sin salida,2,646,209,Transferida
546,4577,Laberinto sin salida,2,621,263,En proceso
547,7274,Grito eterno,10,87,284,Desintegrada
548,3243,Loop de reuniones,1,813,386,En proceso
549,2005,Loop de reuniones,2,31,356,Sobrevive
550,8839,Grito eterno,9,510,388,Sobrevive
551,3433,Baño de lava,2,21,311,Reincidente
552,3125,Laberinto sin salida,3,816,275,Sobrevive
553,9100,Loop de reuniones,5,409,16,Sobrevive
554,9249,Loop de reuniones,5,724,119,Desintegrada
555,3214,Loop de reuniones,10,988,323,En proceso
556,2609,Laberinto sin salida,9,893,445,Reincidente
557,591,Baño de lava,8,32,105,Transferida
558,3565,Laberinto sin salida,8,12,223,Desintegrada
559,1491,Cámara de hielo,9,700,463,Reincidente
560,3360,Laberinto sin salida,3,267,335,Sobrevive
561,404,Laberinto sin salida,3,720,237,Desintegrada
562,4580,Laberinto sin salida,10,667,236,Sobrevive
563,4429,Baño de lava,2,327,390,Transferida
564,9345,Loop de reuniones,5,23,394,En proceso
565,6742,Cámara de hielo,6,609,303,En proceso
566,9040,Cámara de hielo,1,753,413,Desintegrada
567,9630,Grito eterno,10,668,348,Transferida
568,7636,Grito eterno,5,641,444,Sobrevive
569,4915,Laberinto sin salida,3,750,198,Reincidente
570,3559,Cámara de hielo,5,79,279,Sobrevive
572,105,Cámara de hielo,8,72,116,Sobrevive
573,2968,Grito eterno,6,974,386,Reincidente
574,566,Laberinto sin salida,2,592,231,Reincidente
575,2910,Baño de lava,5,206,120,Transferida
576,93,Grito eterno,6,146,316,Desintegrada
577,31,Cámara de hielo,1,770,189,Reincidente
578,401,Baño de lava,10,773,427,Reincidente
579,2922,Cámara de hielo,10,525,147,Reincidente
580,6823,Laberinto sin salida,10,102,218,Desintegrada
581,511,Baño de lava,5,191,460,Reincidente
582,5720,Loop de reuniones,8,466,93,Sobrevive
583,2603,Loop de reuniones,5,825,81,Sobrevive
584,3596,Baño de lava,5,697,109,Transferida
585,3016,Laberinto sin salida,10,453,350,Reincidente
586,527,Cámara de hielo,5,937,224,Reincidente
587,6905,Laberinto sin salida,5,627,440,Sobrevive
588,6817,Cámara de hielo,3,991,127,Reincidente
589,7528,Grito eterno,3,256,119,Desintegrada
590,5962,Grito eterno,2,654,281,Transferida
591,5670,Baño de lava,8,984,475,Transferida
592,831,Grito eterno,5,19,361,Sobrevive
593,2577,Loop de reuniones,6,13,312,Reincidente
594,6698,Cámara de hielo,4,489,107,Transferida
595,6837,Laberinto sin salida,2,617,237,Reincidente
596,2706,Cámara de hielo,10,483,19,Desintegrada
597,9046,Laberinto sin salida,8,559,81,Desintegrada
598,1160,Laberinto sin salida,4,785,181,Transferida
599,1616,Laberinto sin salida,10,502,187,Transferida
600,320,Laberinto sin salida,6,234,413,Sobrevive
601,5513,Grito eterno,9,667,241,Transferida
602,5840,Cámara de hielo,8,121,254,Transferida
603,7888,Cámara de hielo,2,54,263,Sobrevive
604,4580,Loop de reuniones,4,716,361,Reincidente
605,7010,Grito eterno,9,341,224,Desintegrada
606,1523,Cámara de hielo,8,790,206,Transferida
607,3548,Grito eterno,2,492,61,Desintegrada
608,296,Loop de reuniones,6,841,224,Transferida
609,3662,Baño de lava,7,31,271,Transferida
610,4151,Laberinto sin salida,4,216,78,Reincidente
611,4429,Cámara de hielo,7,705,357,Reincidente
612,2970,Cámara de hielo,8,109,99,Sobrevive
613,3731,Baño de lava,5,60,214,Desintegrada
614,3136,Cámara de hielo,3,261,160,Reincidente
615,7324,Baño de lava,5,564,236,Reincidente
616,1982,Grito eterno,7,170,274,Reincidente
617,7945,Laberinto sin salida,8,351,266,Desintegrada
618,9511,Cámara de hielo,5,301,241,Transferida
619,2026,Baño de lava,6,165,362,Reincidente
620,7301,Cámara de hielo,7,704,224,Sobrevive
621,3554,Laberinto sin salida,5,207,2,Desintegrada
622,1351,Baño de lava,2,656,254,Desintegrada
623,9437,Grito eterno,2,196,8,Transferida
624,4021,Laberinto sin salida,5,957,237,Transferida
625,2833,Cámara de hielo,5,977,422,Sobrevive
626,4936,Loop de reuniones,9,349,440,Transferida
627,4403,Loop de reuniones,9,314,322,Transferida
628,54,Baño de lava,10,735,111,Reincidente
629,8280,Grito eterno,4,440,348,Desintegrada
630,9418,Cámara de hielo,6,847,220,Sobrevive
631,7520,Laberinto sin salida,7,98,88,Desintegrada
632,3735,Cámara de hielo,8,464,448,Desintegrada
633,4211,Cámara de hielo,4,781,175,Desintegrada
634,6608,Laberinto sin salida,3,73,451,Sobrevive
635,1628,Cámara de hielo,4,121,444,Sobrevive
636,625,Laberinto sin salida,3,532,73,Sobrevive
637,931,Laberinto sin salida,1,657,445,Reincidente
638,3938,Baño de lava,6,948,251,Desintegrada
639,6711,Loop de reuniones,8,497,287,Desintegrada
640,7564,Grito eterno,2,947,245,Reincidente
641,7355,Laberinto sin salida,7,984,226,Desintegrada
642,3741,Loop de reuniones,3,916,332,Desintegrada
643,1217,Loop de reuniones,7,294,254,Sobrevive
644,8390,Grito eterno,5,756,105,Reincidente
645,5547,Baño de lava,2,199,109,Sobrevive
646,3507,Loop de reuniones,2,912,347,Desintegrada
647,8052,Grito eterno,10,701,76,Sobrevive
648,7928,Laberinto sin salida,5,228,421,Desintegrada
649,1689,Laberinto sin salida,1,87,335,Transferida
650,3276,Laberinto sin salida,4,297,432,Sobrevive
651,5842,Cámara de hielo,7,57,316,Transferida
652,623,Laberinto sin salida,4,50,219,Desintegrada
653,8445,Laberinto sin salida,9,149,386,Sobrevive
654,9891,Cámara de hielo,5,917,316,Sobrevive
655,7833,Loop de reuniones,1,389,485,Desintegrada
656,8463,Grito eterno,6,471,126,Sobrevive
657,3347,Loop de reuniones,9,481,128,Transferida
658,5172,Baño de lava,6,784,322,Sobrevive
659,730,Cámara de hielo,3,2,356,Transferida
660,425,Laberinto sin salida,7,405,406,Reincidente
661,9366,Cámara de hielo,10,840,357,Transferida
662,8012,Cámara de hielo,7,154,92,Desintegrada
663,7686,Cámara de hielo,1,71,240,Sobrevive
664,9712,Loop de reuniones,6,667,10,Transferida
665,9088,Loop de reuniones,1,761,283,Desintegrada
667,2924,Grito eterno,8,769,66,Sobrevive
668,6603,Loop de reuniones,6,459,208,Reincidente
669,3833,Cámara de hielo,5,125,284,Desintegrada
670,7292,Baño de lava,9,426,421,Reincidente
671,6024,Grito eterno,5,873,343,Desintegrada
672,8413,Loop de reuniones,3,607,2,En proceso
673,7832,Baño de lava,7,97,80,Reincidente
674,424,Loop de reuniones,1,886,50,Reincidente
675,4842,Grito eterno,3,204,129,Desintegrada
676,9172,Cámara de hielo,8,889,229,Desintegrada
677,2101,Laberinto sin salida,5,775,224,Sobrevive
678,4001,Cámara de hielo,9,473,115,Desintegrada
679,3235,Loop de reuniones,9,17,93,Sobrevive
680,9633,Loop de reuniones,6,331,191,Desintegrada
681,6178,Loop de reuniones,7,297,338,Sobrevive
682,6227,Loop de reuniones,7,517,105,Sobrevive
683,1156,Baño de lava,2,402,418,Desintegrada
684,9878,Cámara de hielo,3,156,241,Desintegrada
685,4349,Grito eterno,3,96,163,Desintegrada
686,5712,Laberinto sin salida,7,302,386,Sobrevive
687,7924,Baño de lava,8,839,385,Reincidente
688,5439,Baño de lava,10,276,423,Transferida
689,8153,Cámara de hielo,2,45,277,Sobrevive
690,1081,Grito eterno,6,822,474,Sobrevive
691,5592,Grito eterno,5,874,283,Reincidente
692,999,Grito eterno,2,799,192,Transferida
693,8016,Loop de reuniones,6,30,190,Reincidente
694,8604,Laberinto sin salida,6,171,390,Reincidente
695,4758,Cámara de hielo,10,92,241,Transferida
696,5884,Loop de reuniones,3,475,423,Reincidente
697,7871,Laberinto sin salida,4,851,92,Reincidente
698,1918,Laberinto sin salida,2,22,362,Transferida
699,7416,Cámara de hielo,4,60,303,Transferida
700,9347,Grito eterno,5,668,16,Sobrevive
701,2998,Grito eterno,5,998,130,Transferida
702,8043,Grito eterno,1,492,387,Reincidente
703,7924,Grito eterno,5,631,24,Sobrevive
704,9690,Loop de reuniones,6,946,474,Sobrevive
705,8349,Baño de lava,9,282,350,Reincidente
706,3796,Grito eterno,7,716,414,Transferida
707,6574,Cámara de hielo,5,724,234,Desintegrada
708,6784,Loop de reuniones,10,346,275,Transferida
709,8069,Cámara de hielo,7,150,186,Sobrevive
710,7839,Loop de reuniones,4,48,334,Sobrevive
711,9137,Loop de reuniones,1,187,421,Desintegrada
712,7468,Baño de lava,9,782,3,Reincidente
713,2805,Baño de lava,3,323,188,Reincidente
714,8848,Cámara de hielo,9,503,288,Sobrevive
715,8819,Loop de reuniones,10,839,496,Sobrevive
716,5725,Baño de lava,10,511,151,Desintegrada
717,8015,Laberinto sin salida,1,131,414,Reincidente
718,1552,Grito eterno,2,938,362,Desintegrada
719,3186,Baño de lava,6,496,85,Sobrevive
720,3570,Baño de lava,4,442,219,Desintegrada
721,8157,Laberinto sin salida,4,67,322,Desintegrada
722,8033,Loop de reuniones,3,60,315,Reincidente
723,5706,Grito eterno,1,664,287,Sobrevive
724,7398,Laberinto sin salida,3,626,181,Sobrevive
725,5401,Baño de lava,3,349,382,Sobrevive
726,898,Laberinto sin salida,9,455,446,Transferida
727,4495,Grito eterno,1,653,350,Transferida
728,8541,Grito eterno,10,689,287,Desintegrada
729,3866,Cámara de hielo,9,225,288,Transferida
730,9603,Laberinto sin salida,2,130,446,Sobrevive
731,5995,Laberinto sin salida,8,141,50,En proceso
732,3696,Cámara de hielo,7,264,426,Reincidente
733,5353,Cámara de hielo,2,208,189,Transferida
734,9898,Loop de reuniones,10,208,387,Desintegrada
735,7117,Cámara de hielo,10,611,58,Sobrevive
736,6445,Laberinto sin salida,3,178,286,Sobrevive
737,7759,Laberinto sin salida,10,637,232,Sobrevive
738,2321,Baño de lava,10,718,107,Reincidente
739,6220,Baño de lava,7,833,460,Transferida
740,7585,Grito eterno,6,409,317,Reincidente
741,7810,Grito eterno,6,152,44,Sobrevive
742,5069,Laberinto sin salida,6,123,330,Sobrevive
743,5146,Loop de reuniones,8,720,478,Desintegrada
744,6425,Loop de reuniones,5,879,250,Transferida
745,560,Baño de lava,6,726,15,Sobrevive
746,7243,Baño de lava,3,113,81,Desintegrada
747,6141,Loop de reuniones,4,718,163,Desintegrada
748,9327,Laberinto sin salida,5,290,211,Desintegrada
749,7667,Baño de lava,7,817,496,Reincidente
750,3160,Loop de reuniones,4,285,251,Desintegrada
751,8803,Baño de lava,4,274,287,Transferida
752,9779,Baño de lava,8,171,480,Desintegrada
753,2673,Cámara de hielo,8,462,16,Desintegrada
754,4629,Baño de lava,3,650,440,Desintegrada
755,3479,Baño de lava,7,256,360,Sobrevive
756,4134,Grito eterno,3,273,231,Reincidente
757,203,Laberinto sin salida,4,996,430,Reincidente
758,2771,Baño de lava,10,849,323,Transferida
759,3739,Baño de lava,7,539,91,Transferida
760,3493,Baño de lava,7,940,45,Transferida
761,7772,Grito eterno,6,281,283,Desintegrada
762,7903,Cámara de hielo,7,698,348,Sobrevive
763,8981,Cámara de hielo,8,210,188,Sobrevive
764,7280,Baño de lava,5,352,29,Transferida
765,2275,Cámara de hielo,5,654,299,Sobrevive
766,4933,Grito eterno,2,358,321,Transferida
767,4699,Laberinto sin salida,5,957,315,Reincidente
768,7332,Loop de reuniones,10,818,363,Reincidente
769,4952,Grito eterno,3,861,93,Transferida
770,7652,Laberinto sin salida,2,63,442,Desintegrada
771,9360,Grito eterno,5,357,79,Transferida
772,3243,Baño de lava,3,337,387,Desintegrada
774,9274,Loop de reuniones,2,339,86,Sobrevive
775,4342,Cámara de hielo,6,335,245,Sobrevive
776,4077,Laberinto sin salida,7,885,432,Desintegrada
777,2784,Laberinto sin salida,5,69,135,Desintegrada
778,8209,Loop de reuniones,4,438,275,Desintegrada
779,4160,Laberinto sin salida,8,924,192,Sobrevive
780,9503,Loop de reuniones,5,611,9,En proceso
781,277,Loop de reuniones,10,857,496,Transferida
782,1600,Baño de lava,10,255,474,Reincidente
783,1221,Grito eterno,1,426,451,Sobrevive
784,3913,Cámara de hielo,6,96,121,Transferida
785,242,Baño de lava,4,708,191,Transferida
786,4639,Loop de reuniones,7,996,283,Reincidente
787,2799,Baño de lava,7,743,58,Desintegrada
788,5532,Laberinto sin salida,7,190,181,Reincidente
789,7946,Baño de lava,3,125,223,Transferida
790,8307,Baño de lava,4,131,24,Reincidente
791,8335,Baño de lava,10,606,491,Reincidente
792,4128,Baño de lava,2,942,420,Desintegrada
793,777,Grito eterno,9,266,480,Sobrevive
794,2646,Baño de lava,5,701,117,Reincidente
795,7516,Grito eterno,7,392,224,Transferida
796,3229,Grito eterno,1,408,2,Desintegrada
798,6887,Laberinto sin salida,3,74,251,Sobrevive
799,8053,Cámara de hielo,5,693,98,Desintegrada
800,8511,Loop de reuniones,5,537,278,Desintegrada
801,87,Cámara de hielo,10,551,385,Sobrevive
802,9580,Grito eterno,4,491,79,Sobrevive
803,110,Laberinto sin salida,5,291,337,Sobrevive
804,1963,Cámara de hielo,4,696,264,Desintegrada
805,7514,Loop de reuniones,8,654,214,Reincidente
806,1083,Cámara de hielo,10,471,316,Reincidente
807,7032,Loop de reuniones,4,526,495,Transferida
808,708,Laberinto sin salida,6,882,485,Transferida
809,8393,Laberinto sin salida,3,156,475,Sobrevive
810,3089,Laberinto sin salida,10,276,411,Transferida
811,177,Loop de reuniones,6,914,13,Sobrevive
812,3913,Loop de reuniones,2,58,364,Reincidente
813,8390,Loop de reuniones,10,405,460,Transferida
814,3111,Baño de lava,5,649,113,Sobrevive
815,8643,Grito eterno,9,201,192,Transferida
816,7299,Loop de reuniones,6,755,287,Transferida
817,972,Baño de lava,10,108,98,Sobrevive
818,4029,Loop de reuniones,7,214,414,Sobrevive
819,1947,Laberinto sin salida,2,251,263,Reincidente
820,7769,Cámara de hielo,9,548,288,Transferida
821,1130,Laberinto sin salida,9,841,44,Transferida
822,7490,Grito eterno,5,400,218,Reincidente
823,9850,Laberinto sin salida,10,370,303,Transferida
824,2751,Baño de lava,9,217,129,Desintegrada
825,4118,Cámara de hielo,3,427,111,Transferida
826,5897,Laberinto sin salida,4,169,129,Sobrevive
827,6915,Baño de lava,9,17,116,Desintegrada
828,9331,Baño de lava,3,796,234,Transferida
829,7286,Loop de reuniones,9,749,372,Reincidente
830,3285,Cámara de hielo,9,622,317,Reincidente
831,7259,Loop de reuniones,2,708,31,Reincidente
832,7621,Cámara de hielo,5,377,480,Reincidente
833,7469,Laberinto sin salida,7,10,303,Sobrevive
834,4922,Laberinto sin salida,7,233,181,Desintegrada
835,1909,Laberinto sin salida,5,626,88,Transferida
836,306,Laberinto sin salida,8,648,168,Sobrevive
837,2290,Cámara de hielo,1,658,34,Transferida
838,6109,Loop de reuniones,7,216,229,Desintegrada
839,5819,Grito eterno,6,13,142,Reincidente
840,1824,Grito eterno,2,575,224,Reincidente
841,2743,Grito eterno,2,326,388,Reincidente
842,5068,Laberinto sin salida,10,936,322,Reincidente
843,4803,Loop de reuniones,2,664,61,Transferida
844,1792,Grito eterno,1,539,121,Transferida
845,4520,Loop de reuniones,2,789,281,Transferida
846,3604,Baño de lava,2,379,327,Transferida
847,2109,Laberinto sin salida,4,320,211,Reincidente
848,6819,Loop de reuniones,9,840,166,Sobrevive
849,2422,Laberinto sin salida,2,918,13,Desintegrada
850,8756,Baño de lava,2,951,114,Transferida
851,8302,Grito eterno,1,593,448,Sobrevive
852,6404,Cámara de hielo,1,205,223,Transferida
853,6675,Laberinto sin salida,1,201,430,Sobrevive
854,6271,Grito eterno,3,598,322,Desintegrada
855,9266,Laberinto sin salida,5,545,349,Desintegrada
856,1656,Grito eterno,1,61,192,Reincidente
857,5607,Cámara de hielo,10,731,307,Sobrevive
858,3831,Grito eterno,5,720,186,Sobrevive
859,9172,Grito eterno,9,504,286,Desintegrada
860,9814,Laberinto sin salida,2,741,250,Reincidente
861,9363,Loop de reuniones,5,261,136,Sobrevive
862,5993,Loop de reuniones,4,651,130,Transferida
863,389,Laberinto sin salida,4,576,136,Reincidente
864,7863,Laberinto sin salida,7,448,220,Sobrevive
865,2036,Laberinto sin salida,9,134,163,Reincidente
866,4349,Cámara de hielo,10,650,378,Sobrevive
867,5040,Baño de lava,10,538,111,Transferida
868,7947,Cámara de hielo,10,412,378,Reincidente
869,2221,Laberinto sin salida,9,609,321,Sobrevive
870,8687,Loop de reuniones,2,767,81,Sobrevive
871,1406,Loop de reuniones,10,745,414,Desintegrada
872,3249,Laberinto sin salida,10,525,364,Transferida
873,6564,Baño de lava,10,734,331,Desintegrada
874,4291,Loop de reuniones,4,931,84,Transferida
875,7338,Loop de reuniones,8,516,450,Transferida
876,7654,Cámara de hielo,1,638,89,Reincidente
877,7047,Cámara de hielo,2,165,317,Transferida
878,866,Baño de lava,4,726,128,Desintegrada
879,4371,Loop de reuniones,9,930,73,Reincidente
880,5013,Baño de lava,8,160,274,Desintegrada
881,2740,Baño de lava,3,212,118,Sobrevive
882,6610,Baño de lava,4,74,494,Reincidente
883,9389,Loop de reuniones,3,741,280,Transferida
884,8974,Baño de lava,8,649,129,Desintegrada
885,7284,Laberinto sin salida,6,790,73,Desintegrada
886,5201,Laberinto sin salida,5,526,483,Desintegrada
887,8584,Grito eterno,6,603,44,Transferida
888,6452,Laberinto sin salida,1,589,478,Desintegrada
889,9013,Grito eterno,8,549,98,Transferida
890,6324,Cámara de hielo,1,435,181,Reincidente
891,8732,Grito eterno,5,429,357,Transferida
892,4170,Loop de reuniones,3,35,288,Transferida
893,8022,Baño de lava,2,649,488,Sobrevive
894,3599,Loop de reuniones,2,466,442,Transferida
895,2257,Baño de lava,10,835,190,Transferida
896,4438,Grito eterno,5,279,250,Transferida
897,5414,Laberinto sin salida,2,182,274,Sobrevive
898,4771,Cámara de hielo,5,938,242,Transferida
899,7984,Baño de lava,7,703,451,Sobrevive
900,633,Cámara de hielo,4,826,271,Sobrevive
901,4478,Loop de reuniones,6,510,54,Desintegrada
902,773,Cámara de hielo,5,512,382,Transferida
903,9394,Laberinto sin salida,8,279,126,Desintegrada
904,9138,Baño de lava,1,18,284,Desintegrada
905,7366,Baño de lava,3,281,250,Reincidente
906,9586,Baño de lava,3,315,73,Transferida
907,3639,Cámara de hielo,8,266,414,Transferida
908,3378,Laberinto sin salida,5,522,279,Reincidente
909,1791,Laberinto sin salida,7,77,345,Sobrevive
910,7202,Loop de reuniones,7,171,409,Reincidente
911,6731,Baño de lava,6,279,409,Transferida
912,8653,Loop de reuniones,10,506,158,Desintegrada
913,4130,Loop de reuniones,7,663,362,Desintegrada
914,3135,Grito eterno,1,483,227,Reincidente
915,1578,Laberinto sin salida,4,752,423,Desintegrada
916,5904,Cámara de hielo,9,273,232,Transferida
917,2545,Laberinto sin salida,1,565,423,Sobrevive
918,9763,Cámara de hielo,3,30,45,Sobrevive
919,4955,Laberinto sin salida,5,190,166,Desintegrada
920,2629,Loop de reuniones,6,336,470,Transferida
921,1674,Baño de lava,8,750,314,Reincidente
922,3186,Laberinto sin salida,6,674,471,En proceso
923,9505,Laberinto sin salida,5,135,80,Sobrevive
924,4926,Laberinto sin salida,8,171,54,Sobrevive
925,8723,Cámara de hielo,2,306,453,Desintegrada
926,3765,Laberinto sin salida,9,359,347,Desintegrada
927,5359,Laberinto sin salida,2,374,219,Desintegrada
928,235,Grito eterno,6,556,84,Sobrevive
929,4989,Laberinto sin salida,2,184,105,Transferida
930,215,Cámara de hielo,1,473,189,Reincidente
931,8729,Baño de lava,1,763,354,Reincidente
932,9045,Baño de lava,3,368,10,Reincidente
933,5687,Loop de reuniones,7,523,313,Reincidente
934,7431,Laberinto sin salida,10,977,58,Reincidente
935,8967,Cámara de hielo,6,691,58,En proceso
936,5150,Cámara de hielo,6,53,446,Desintegrada
937,8142,Laberinto sin salida,2,665,242,Transferida
938,8181,Baño de lava,5,904,44,Sobrevive
939,2273,Loop de reuniones,10,615,68,Reincidente
940,5938,Grito eterno,3,712,190,Desintegrada
941,6753,Grito eterno,5,55,61,Transferida
942,2110,Loop de reuniones,1,852,219,Desintegrada
943,2623,Loop de reuniones,8,520,221,Reincidente
944,8735,Grito eterno,10,526,130,Desintegrada
945,5330,Laberinto sin salida,9,249,372,Desintegrada
946,9009,Laberinto sin salida,8,574,445,Reincidente
947,7135,Loop de reuniones,9,461,468,Sobrevive
948,866,Laberinto sin salida,4,533,470,Desintegrada
949,5289,Laberinto sin salida,3,1,345,Reincidente
950,1697,Grito eterno,9,621,496,Transferida
951,2677,Laberinto sin salida,10,941,276,Reincidente
952,5053,Loop de reuniones,5,205,385,Transferida
953,8820,Cámara de hielo,5,489,80,Sobrevive
954,1574,Baño de lava,4,211,72,Sobrevive
955,9964,Laberinto sin salida,5,257,496,Desintegrada
956,2532,Laberinto sin salida,6,831,118,Reincidente
957,8353,Cámara de hielo,6,801,10,Sobrevive
958,545,Cámara de hielo,8,816,446,Sobrevive
959,1009,Grito eterno,1,687,307,Desintegrada
960,3633,Baño de lava,4,114,98,Transferida
961,1530,Grito eterno,2,541,223,Reincidente
962,5583,Laberinto sin salida,10,755,158,Reincidente
963,2540,Baño de lava,1,972,348,En proceso
964,1253,Baño de lava,10,83,163,Reincidente
965,40,Baño de lava,10,934,111,Sobrevive
966,6701,Laberinto sin salida,9,945,287,Reincidente
967,152,Loop de reuniones,6,900,4,Transferida
968,5041,Baño de lava,5,696,76,Transferida
969,5522,Cámara de hielo,3,19,9,Transferida
970,1944,Grito eterno,5,952,314,Transferida
971,6147,Baño de lava,10,501,372,Transferida
972,8144,Laberinto sin salida,6,196,372,Transferida
973,5580,Laberinto sin salida,6,992,251,Reincidente
974,6791,Loop de reuniones,3,636,186,Desintegrada
975,7867,Baño de lava,10,957,99,Transferida
976,5704,Baño de lava,2,612,40,Transferida
977,5793,Laberinto sin salida,8,790,254,Transferida
978,9266,Grito eterno,4,536,41,Reincidente
979,8388,Loop de reuniones,2,764,105,Desintegrada
980,5683,Grito eterno,8,170,390,Reincidente
981,2755,Baño de lava,6,133,130,Sobrevive
982,1546,Baño de lava,7,318,335,Desintegrada
983,8355,Loop de reuniones,8,41,335,Transferida
984,9376,Laberinto sin salida,2,581,128,Reincidente
985,9164,Grito eterno,1,111,48,Transferida
986,226,Grito eterno,2,789,440,Desintegrada
987,9683,Grito eterno,4,771,314,Transferida
988,8690,Baño de lava,10,722,441,Desintegrada
989,6850,Loop de reuniones,8,333,378,Desintegrada
990,3099,Loop de reuniones,8,108,92,Reincidente
991,1146,Grito eterno,5,650,322,Transferida
992,8671,Grito eterno,10,561,230,Reincidente
993,9116,Laberinto sin salida,6,660,8,Desintegrada
994,5094,Grito eterno,6,675,422,Reincidente
995,9788,Loop de reuniones,2,974,315,Desintegrada
996,5367,Grito eterno,2,173,183,Transferida
997,541,Loop de reuniones,3,440,441,Reincidente
998,3272,Laberinto sin salida,1,439,192,Desintegrada
999,9997,Cámara de hielo,3,709,120,Reincidente
1000,4967,Laberinto sin salida,7,337,241,Reincidente
1001,7251,Loop de reuniones,9,761,446,Reincidente
1002,1338,Cámara de hielo,1,454,460,Transferida
1003,6629,Grito eterno,5,245,481,Transferida
1004,7191,Laberinto sin salida,9,623,296,Desintegrada
1005,6608,Loop de reuniones,2,925,79,Sobrevive
1006,9755,Cámara de hielo,4,382,50,Sobrevive
1007,833,Grito eterno,6,385,186,Sobrevive
1008,2250,Grito eterno,7,389,124,Sobrevive
1009,5895,Baño de lava,5,329,249,Desintegrada
1010,8210,Loop de reuniones,9,901,117,Sobrevive
1011,3006,Laberinto sin salida,7,683,309,Reincidente
1012,1101,Laberinto sin salida,9,202,475,Reincidente
1013,4747,Laberinto sin salida,9,528,92,Reincidente
1014,3357,Baño de lava,8,18,351,Reincidente
1015,1526,Loop de reuniones,2,820,188,Sobrevive
1016,2699,Grito eterno,6,367,192,Transferida
1017,5758,Loop de reuniones,5,633,363,Reincidente
1018,9805,Laberinto sin salida,2,346,445,Sobrevive
1019,270,Baño de lava,10,426,229,Desintegrada
1020,9150,Grito eterno,10,442,368,Transferida
1021,9246,Loop de reuniones,10,917,471,Transferida
1022,9423,Laberinto sin salida,2,463,440,Reincidente
1023,7037,Loop de reuniones,5,497,445,Reincidente
1024,7613,Baño de lava,4,128,119,Transferida
1025,4164,Grito eterno,6,146,388,Sobrevive
1026,5701,Cámara de hielo,2,960,432,Desintegrada
1027,393,Laberinto sin salida,4,61,422,Reincidente
1028,2267,Laberinto sin salida,1,650,475,Transferida
1029,1523,Laberinto sin salida,2,373,221,Reincidente
1030,7853,Cámara de hielo,7,818,426,Sobrevive
1031,7896,Grito eterno,10,669,44,Sobrevive
1032,1413,Cámara de hielo,7,635,316,Desintegrada
1033,628,Cámara de hielo,1,460,394,Desintegrada
1034,9107,Baño de lava,2,739,426,Reincidente
1035,5866,Baño de lava,8,735,317,Desintegrada
1036,2225,Cámara de hielo,3,393,127,Desintegrada
1037,1775,Cámara de hielo,7,745,250,Transferida
1038,8326,Baño de lava,3,269,41,Transferida
1039,6698,Baño de lava,7,108,214,Transferida
1040,4604,Loop de reuniones,9,687,54,Reincidente
1041,8427,Loop de reuniones,10,630,463,Desintegrada
1042,530,Laberinto sin salida,7,289,443,Desintegrada
1043,173,Grito eterno,8,810,111,Transferida
1044,3187,Grito eterno,2,952,115,Transferida
1045,2312,Grito eterno,5,653,190,Desintegrada
1046,5934,Cámara de hielo,3,811,2,Desintegrada
1047,857,Laberinto sin salida,1,618,130,Reincidente
1048,7629,Baño de lava,8,916,74,Desintegrada
1049,8805,Loop de reuniones,5,703,72,Reincidente
1050,30,Baño de lava,9,295,343,Sobrevive
1051,5545,Cámara de hielo,2,232,127,Reincidente
1052,5852,Baño de lava,9,628,211,Sobrevive
1053,8442,Grito eterno,4,898,338,Reincidente
1054,8907,Laberinto sin salida,7,480,284,Transferida
1055,9373,Grito eterno,1,606,441,Reincidente
1056,8796,Baño de lava,10,521,50,Desintegrada
1057,9595,Laberinto sin salida,4,541,226,Reincidente
1058,5142,Cámara de hielo,5,976,72,Desintegrada
1059,8493,Laberinto sin salida,8,831,198,Reincidente
1060,9833,Laberinto sin salida,3,974,343,Reincidente
1061,1919,Laberinto sin salida,10,189,173,Transferida
1062,5476,Grito eterno,9,138,299,Desintegrada
1063,4164,Laberinto sin salida,7,319,208,Reincidente
1065,5208,Loop de reuniones,6,330,378,Transferida
1066,178,Cámara de hielo,3,591,249,Desintegrada
1067,4129,Loop de reuniones,6,269,240,Desintegrada
1068,5638,Baño de lava,10,112,445,Desintegrada
1069,7067,Loop de reuniones,6,74,423,Sobrevive
1070,4048,Baño de lava,7,761,102,Reincidente
1071,7358,Laberinto sin salida,2,888,432,Sobrevive
1072,1322,Laberinto sin salida,1,413,224,Desintegrada
1073,9402,Loop de reuniones,9,853,327,Sobrevive
1074,5447,Laberinto sin salida,10,299,311,Desintegrada
1075,6121,Laberinto sin salida,1,10,467,Reincidente
1076,6748,Cámara de hielo,5,336,463,Reincidente
1077,6763,Grito eterno,5,377,111,Sobrevive
1078,5238,Baño de lava,7,224,254,Desintegrada
1079,5320,Cámara de hielo,5,897,135,Reincidente
1080,8292,Loop de reuniones,2,636,151,Sobrevive
1081,6163,Cámara de hielo,2,509,432,Sobrevive
1082,6789,Grito eterno,2,46,105,Transferida
1083,1319,Laberinto sin salida,4,568,40,Transferida
1084,8038,Laberinto sin salida,6,575,303,Transferida
1085,9502,Cámara de hielo,9,199,475,Reincidente
1086,8284,Loop de reuniones,2,751,211,Reincidente
1087,3724,Cámara de hielo,8,852,231,Desintegrada
1088,7437,Laberinto sin salida,5,596,317,Transferida
1089,7057,Baño de lava,2,286,368,Sobrevive
1090,1535,Cámara de hielo,1,763,275,Sobrevive
1091,7581,Cámara de hielo,5,624,234,Desintegrada
1092,8052,Baño de lava,7,829,93,Reincidente
1093,5560,Baño de lava,9,856,420,Desintegrada
1094,3118,Grito eterno,3,7,88,Reincidente
1095,2790,Grito eterno,8,473,483,Desintegrada
1096,8627,Baño de lava,5,401,317,Transferida
1097,882,Grito eterno,10,116,151,Sobrevive
1098,5305,Cámara de hielo,1,888,345,Desintegrada
1099,1766,Cámara de hielo,7,428,81,Reincidente
1100,8314,Grito eterno,4,915,441,Sobrevive
1101,6831,Grito eterno,8,397,73,Desintegrada
1102,8583,Grito eterno,2,562,316,Transferida
1103,2855,Baño de lava,7,419,332,Transferida
1104,7974,Baño de lava,7,524,485,Sobrevive
1105,7424,Loop de reuniones,1,60,55,Sobrevive
1106,8009,Grito eterno,6,550,411,Reincidente
1107,175,Loop de reuniones,5,459,192,Desintegrada
1108,1425,Cámara de hielo,1,877,102,Transferida
1109,3777,Laberinto sin salida,3,247,307,Reincidente
1110,8122,Laberinto sin salida,6,550,303,Reincidente
1111,6579,Cámara de hielo,4,917,192,Sobrevive
1112,9346,Grito eterno,9,587,24,Desintegrada
1113,8635,Laberinto sin salida,9,669,117,Desintegrada
1114,1063,Cámara de hielo,3,616,317,Desintegrada
1115,658,Baño de lava,8,849,286,Desintegrada
1116,84,Baño de lava,9,342,329,Transferida
1117,7205,Loop de reuniones,4,685,113,Transferida
1118,620,Loop de reuniones,5,100,494,Sobrevive
1119,4053,Grito eterno,10,147,131,Desintegrada
1120,1957,Loop de reuniones,1,579,307,Sobrevive
1121,30,Laberinto sin salida,10,704,296,Reincidente
1122,9164,Loop de reuniones,10,839,230,Desintegrada
1123,8387,Grito eterno,2,50,271,Sobrevive
1124,909,Grito eterno,6,676,114,Transferida
1125,1614,Cámara de hielo,10,196,78,Reincidente
1126,3766,Laberinto sin salida,10,211,307,Reincidente
1127,9510,Loop de reuniones,7,424,337,Reincidente
1128,6833,Grito eterno,7,661,43,Transferida
1129,7369,Laberinto sin salida,5,8,124,Reincidente
1130,2693,Laberinto sin salida,9,680,347,Sobrevive
1131,3156,Baño de lava,9,482,10,Reincidente
1132,3800,Cámara de hielo,10,648,446,Desintegrada
1133,5269,Grito eterno,10,49,470,Desintegrada
1134,1518,Baño de lava,1,481,130,Transferida
1135,8693,Baño de lava,9,210,54,Reincidente
1136,9995,Cámara de hielo,5,543,423,Desintegrada
1137,251,Loop de reuniones,7,348,283,Transferida
1138,9085,Loop de reuniones,10,787,68,Sobrevive
1139,4514,Laberinto sin salida,9,468,227,Desintegrada
1140,5722,Laberinto sin salida,3,509,280,Reincidente
1141,2464,Grito eterno,8,883,409,Desintegrada
1142,4354,Loop de reuniones,4,860,227,Desintegrada
1143,5586,Baño de lava,5,541,426,Reincidente
1144,6770,Grito eterno,5,638,496,Sobrevive
1145,7819,Grito eterno,3,799,411,Sobrevive
1146,5204,Cámara de hielo,7,870,281,Sobrevive
1147,8488,Cámara de hielo,7,483,184,En proceso
1148,4550,Laberinto sin salida,9,465,191,Transferida
1149,1210,Baño de lava,5,442,126,Desintegrada
1150,762,Loop de reuniones,7,597,208,Sobrevive
1151,3090,Laberinto sin salida,10,495,72,Desintegrada
1152,898,Baño de lava,5,605,91,Desintegrada
1153,6332,Grito eterno,7,124,71,Reincidente
1154,4276,Cámara de hielo,7,505,426,Transferida
1155,6991,Loop de reuniones,3,789,158,Sobrevive
1156,9043,Grito eterno,3,569,275,Reincidente
1157,7229,Cámara de hielo,3,591,368,Transferida
1158,4740,Cámara de hielo,9,123,173,Desintegrada
1159,9377,Laberinto sin salida,10,836,318,Reincidente
1160,7674,Baño de lava,3,630,186,Desintegrada
1161,943,Laberinto sin salida,5,537,105,Sobrevive
1162,8215,Laberinto sin salida,2,152,307,Transferida
1163,9261,Loop de reuniones,5,718,361,Desintegrada
1164,4718,Cámara de hielo,3,978,109,Reincidente
1165,2853,Cámara de hielo,6,825,120,Sobrevive
1166,9415,Cámara de hielo,5,531,279,Desintegrada
1167,1379,Laberinto sin salida,9,288,468,Sobrevive
1168,4826,Cámara de hielo,2,424,485,Reincidente
1169,9427,Grito eterno,4,798,366,Sobrevive
1170,7542,Grito eterno,6,826,242,Transferida
1171,7161,Cámara de hielo,2,474,296,Reincidente
1172,5306,Baño de lava,8,7,177,Desintegrada
1173,8462,Baño de lava,5,458,372,Desintegrada
1174,7407,Cámara de hielo,7,584,115,Sobrevive
1175,9758,Grito eterno,7,414,115,Desintegrada
1176,4094,Loop de reuniones,1,950,131,Desintegrada
1177,6511,Cámara de hielo,4,59,366,Sobrevive
1178,3958,Grito eterno,2,164,173,Reincidente
1179,2749,Cámara de hielo,7,40,99,Desintegrada
1180,1792,Grito eterno,8,804,494,Sobrevive
1181,8191,Cámara de hielo,5,664,299,Reincidente
1183,468,Loop de reuniones,7,898,10,Reincidente
1184,6203,Cámara de hielo,4,857,350,Transferida
1185,8202,Baño de lava,1,68,312,Transferida
1186,6721,Cámara de hielo,3,91,332,Desintegrada
1187,2633,Grito eterno,10,562,80,Transferida
1188,6901,Cámara de hielo,1,805,234,Desintegrada
1189,5340,Baño de lava,4,277,315,Sobrevive
1190,1841,Grito eterno,2,841,130,Desintegrada
1191,5997,Grito eterno,4,141,31,Desintegrada
1192,1748,Baño de lava,9,930,354,En proceso
1193,5056,Laberinto sin salida,2,23,111,Transferida
1194,5232,Laberinto sin salida,2,919,464,Reincidente
1195,8639,Laberinto sin salida,3,697,363,Sobrevive
1196,2613,Laberinto sin salida,4,581,206,Reincidente
1197,6319,Cámara de hielo,9,613,445,Desintegrada
1198,724,Laberinto sin salida,4,640,10,Transferida
1199,895,Grito eterno,8,305,420,Desintegrada
1200,7358,Grito eterno,1,323,109,Transferida
1201,833,Grito eterno,10,243,117,Transferida
1202,768,Baño de lava,7,819,467,Desintegrada
1203,6782,Grito eterno,4,955,91,Reincidente
1204,2135,Grito eterno,3,307,31,Desintegrada
1205,3642,Loop de reuniones,3,769,120,Sobrevive
1206,145,Grito eterno,8,41,386,Desintegrada
1207,8097,Baño de lava,1,731,218,Transferida
1208,3912,Laberinto sin salida,2,154,5,Desintegrada
1209,6447,Cámara de hielo,3,340,494,Sobrevive
1210,5182,Baño de lava,10,134,209,Desintegrada
1211,5014,Loop de reuniones,5,196,485,Desintegrada
1212,1688,Grito eterno,3,336,384,Sobrevive
1213,1091,Baño de lava,9,716,8,Reincidente
1214,7501,Grito eterno,2,767,219,Sobrevive
1215,3372,Loop de reuniones,1,975,444,Reincidente
1216,8997,Grito eterno,3,745,220,En proceso
1218,4706,Laberinto sin salida,7,872,229,Desintegrada
1219,3002,Grito eterno,6,137,187,Sobrevive
1220,2195,Grito eterno,10,292,93,Reincidente
1221,28,Baño de lava,5,224,55,Desintegrada
1222,1883,Grito eterno,10,855,192,Transferida
1223,7945,Baño de lava,5,655,378,Reincidente
1224,8386,Grito eterno,9,366,61,Reincidente
1225,5255,Cámara de hielo,5,617,112,Sobrevive
1226,3713,Loop de reuniones,2,530,330,Reincidente
1227,1220,Baño de lava,10,483,286,Desintegrada
1228,7308,Loop de reuniones,3,119,107,Desintegrada
1229,457,Grito eterno,1,290,116,Sobrevive
1230,9269,Laberinto sin salida,2,137,329,Reincidente
1231,8466,Baño de lava,10,447,283,Reincidente
1232,2077,Cámara de hielo,2,579,24,Desintegrada
1233,344,Laberinto sin salida,7,916,388,Transferida
1234,6313,Laberinto sin salida,5,819,226,Transferida
1235,8780,Loop de reuniones,3,852,413,Desintegrada
1236,3356,Baño de lava,5,560,241,Reincidente
1237,5244,Loop de reuniones,9,508,214,Transferida
1238,7185,Cámara de hielo,6,641,214,Desintegrada
1239,623,Grito eterno,3,990,314,Desintegrada
1240,9321,Laberinto sin salida,1,811,72,Desintegrada
1241,1901,Laberinto sin salida,2,115,287,Reincidente
1242,5504,Grito eterno,6,106,441,Desintegrada
1243,7032,Cámara de hielo,7,276,284,Transferida
1244,4132,Laberinto sin salida,6,95,234,Desintegrada
1245,9922,Grito eterno,2,119,93,Reincidente
1246,9284,Cámara de hielo,7,895,91,Reincidente
1248,6414,Cámara de hielo,5,199,120,Desintegrada
1249,6953,Grito eterno,7,569,42,Reincidente
1250,1131,Loop de reuniones,2,299,184,Reincidente
1251,4327,Laberinto sin salida,9,353,113,Reincidente
1252,7834,Loop de reuniones,4,196,115,En proceso
1253,4903,Cámara de hielo,10,477,448,Transferida
1254,1757,Loop de reuniones,6,804,496,En proceso
1255,9655,Loop de reuniones,4,884,296,Transferida
1256,174,Baño de lava,10,741,284,Desintegrada
1257,2814,Laberinto sin salida,7,554,147,Reincidente
1258,666,Baño de lava,9,819,313,Reincidente
1259,5607,Loop de reuniones,4,666,356,Sobrevive
1260,7992,Laberinto sin salida,5,832,41,Desintegrada
1261,3499,Laberinto sin salida,3,548,354,Desintegrada
1262,7602,Baño de lava,9,79,271,Desintegrada
1263,2156,Loop de reuniones,2,21,129,Reincidente
1264,602,Laberinto sin salida,5,607,181,Transferida
1265,2428,Baño de lava,5,626,451,Desintegrada
1266,7736,Cámara de hielo,10,858,432,Sobrevive
1267,1367,Baño de lava,4,508,363,Desintegrada
1268,1659,Grito eterno,9,946,478,Sobrevive
1269,8987,Grito eterno,4,638,322,Reincidente
1270,4702,Laberinto sin salida,1,528,281,Desintegrada
1271,884,Cámara de hielo,10,151,454,Reincidente
1272,495,Cámara de hielo,2,376,349,Transferida
1273,9486,Grito eterno,10,333,4,Reincidente
1274,4076,Cámara de hielo,2,520,278,Sobrevive
1275,3020,Loop de reuniones,10,601,190,Sobrevive
1276,6434,Loop de reuniones,5,329,230,Reincidente
1277,5667,Cámara de hielo,8,563,19,Desintegrada
1278,5260,Baño de lava,5,310,5,Transferida
1279,3336,Cámara de hielo,1,808,347,Transferida
1280,7471,Laberinto sin salida,9,339,119,Sobrevive
1281,6176,Cámara de hielo,3,242,48,Desintegrada
1282,907,Loop de reuniones,2,54,249,Transferida
1283,1802,Baño de lava,2,455,129,Desintegrada
1284,3126,Loop de reuniones,5,165,157,Reincidente
1285,6775,Baño de lava,8,564,372,Reincidente
1286,9751,Loop de reuniones,2,417,275,Sobrevive
1287,6269,Laberinto sin salida,5,331,350,Reincidente
1288,7121,Cámara de hielo,3,9,322,Desintegrada
1289,9034,Loop de reuniones,10,107,278,Transferida
1290,1418,Laberinto sin salida,1,513,481,Desintegrada
1291,7782,Loop de reuniones,7,427,230,Reincidente
1292,1767,Cámara de hielo,10,23,76,Reincidente
1293,6406,Grito eterno,3,318,251,Sobrevive
1294,2026,Laberinto sin salida,2,720,463,Desintegrada
1295,5456,Cámara de hielo,7,162,115,En proceso
1296,8972,Loop de reuniones,7,337,107,Sobrevive
1297,7396,Loop de reuniones,10,654,188,Transferida
1298,1287,Laberinto sin salida,4,415,76,Sobrevive
1299,186,Loop de reuniones,3,286,237,Reincidente
1300,3604,Loop de reuniones,7,764,468,Transferida
1301,639,Cámara de hielo,3,685,254,Desintegrada
1302,4551,Laberinto sin salida,6,554,198,Reincidente
1303,5285,Cámara de hielo,5,245,1,Reincidente
1304,8221,Cámara de hielo,9,782,284,Sobrevive
1305,7591,Grito eterno,4,996,422,Transferida
1306,2023,Grito eterno,9,774,471,Desintegrada
1307,277,Cámara de hielo,9,147,378,Sobrevive
1308,2970,Grito eterno,7,127,72,Reincidente
1309,759,Cámara de hielo,9,110,74,Desintegrada
1310,6333,Baño de lava,3,843,54,Desintegrada
1311,5288,Baño de lava,5,122,309,Reincidente
1312,3968,Cámara de hielo,8,437,189,Desintegrada
1313,7391,Grito eterno,7,629,245,Reincidente
1314,1803,Laberinto sin salida,5,863,107,Transferida
1315,7999,Loop de reuniones,6,533,48,Reincidente
1316,8680,Cámara de hielo,3,133,231,Reincidente
1317,9470,Grito eterno,3,302,98,Reincidente
1319,671,Cámara de hielo,1,847,180,Sobrevive
1320,5510,Grito eterno,4,48,457,Desintegrada
1321,5357,Laberinto sin salida,8,287,468,Transferida
1322,3906,Grito eterno,1,375,241,Reincidente
1323,7501,Grito eterno,7,676,410,Desintegrada
1324,2948,Grito eterno,7,915,415,Desintegrada
1325,3642,Cámara de hielo,3,531,230,Desintegrada
1326,4630,Loop de reuniones,3,892,251,Sobrevive
1327,2682,Grito eterno,5,861,245,Desintegrada
1328,5954,Laberinto sin salida,3,856,34,Reincidente
1329,6274,Loop de reuniones,6,648,364,Reincidente
1330,9605,Grito eterno,7,315,78,Desintegrada
1331,6815,Cámara de hielo,10,710,454,Transferida
1332,5173,Loop de reuniones,7,239,453,Sobrevive
1333,9377,Baño de lava,4,605,372,Reincidente
1334,168,Loop de reuniones,5,29,368,Reincidente
1335,2667,Loop de reuniones,1,122,129,Transferida
1336,2953,Grito eterno,1,466,45,Desintegrada
1337,3028,Cámara de hielo,3,298,186,Reincidente
1338,9946,Grito eterno,3,293,86,Transferida
1339,9724,Baño de lava,3,347,451,Sobrevive
1340,2600,Cámara de hielo,3,262,55,Desintegrada
1341,9288,Cámara de hielo,3,167,288,Sobrevive
1342,2232,Loop de reuniones,1,553,485,Transferida
1343,3911,Grito eterno,4,245,113,Sobrevive
1344,671,Laberinto sin salida,8,403,382,Desintegrada
1345,4936,Loop de reuniones,4,209,147,Desintegrada
1346,26,Grito eterno,2,993,309,Reincidente
1347,4947,Loop de reuniones,5,345,283,Sobrevive
1348,2292,Laberinto sin salida,10,148,113,Sobrevive
1349,1869,Grito eterno,10,509,349,Sobrevive
1350,5451,Loop de reuniones,7,709,451,Reincidente
1351,2048,Loop de reuniones,2,593,378,Reincidente
1352,107,Cámara de hielo,1,107,173,Desintegrada
1353,4265,Baño de lava,9,939,79,Transferida
1354,4120,Baño de lava,3,317,81,Desintegrada
1355,1847,Cámara de hielo,3,886,360,Reincidente
1356,4410,Baño de lava,1,553,214,Transferida
1357,2006,Grito eterno,7,614,54,Desintegrada
1358,337,Laberinto sin salida,4,971,66,Desintegrada
1360,5312,Grito eterno,10,287,73,Reincidente
1361,105,Loop de reuniones,6,675,4,Sobrevive
1362,9002,Cámara de hielo,10,998,411,Reincidente
1363,2674,Cámara de hielo,2,801,121,Sobrevive
1364,9823,Laberinto sin salida,10,885,446,Transferida
1365,8533,Baño de lava,6,510,440,Sobrevive
1366,9628,Loop de reuniones,4,751,129,Reincidente
1367,6085,Laberinto sin salida,6,767,72,Transferida
1368,6900,Baño de lava,4,129,93,Desintegrada
1369,1845,Grito eterno,4,534,475,Desintegrada
1370,5411,Cámara de hielo,8,72,187,Transferida
1371,2419,Laberinto sin salida,4,23,249,Reincidente
1372,420,Grito eterno,8,975,232,Sobrevive
1373,8772,Baño de lava,5,568,470,Reincidente
1374,3628,Loop de reuniones,10,13,366,Reincidente
1375,1530,Loop de reuniones,2,211,43,Sobrevive
1376,3928,Loop de reuniones,1,261,357,Desintegrada
1377,1282,Grito eterno,5,857,480,Sobrevive
1378,9436,Baño de lava,6,596,385,Transferida
1379,9919,Laberinto sin salida,6,430,409,Desintegrada
1380,783,Laberinto sin salida,4,91,283,Sobrevive
1381,611,Loop de reuniones,2,354,432,Sobrevive
1382,1913,Laberinto sin salida,8,372,432,Reincidente
1383,8351,Loop de reuniones,1,280,345,Desintegrada
1384,3140,Cámara de hielo,5,253,441,Sobrevive
1385,3676,Baño de lava,6,172,219,Transferida
1386,9481,Laberinto sin salida,4,932,168,Sobrevive
1387,9654,Cámara de hielo,6,20,81,Sobrevive
1388,6849,Laberinto sin salida,9,186,198,Desintegrada
1389,9878,Laberinto sin salida,2,751,191,Sobrevive
1390,9283,Cámara de hielo,7,582,343,Transferida
1391,5319,Grito eterno,3,854,73,Desintegrada
1392,8612,Grito eterno,1,50,442,En proceso
1393,5644,Grito eterno,6,34,131,Reincidente
1394,8200,Laberinto sin salida,8,681,467,Transferida
1395,4928,Laberinto sin salida,2,288,271,Desintegrada
1396,2926,Baño de lava,2,331,173,Sobrevive
1397,1659,Laberinto sin salida,2,901,206,Reincidente
1398,6014,Cámara de hielo,8,794,48,Sobrevive
1399,8469,Laberinto sin salida,7,191,494,Sobrevive
1400,4609,Baño de lava,2,419,192,Reincidente
1401,6866,Laberinto sin salida,7,531,15,Sobrevive
1402,7526,Cámara de hielo,1,363,483,Reincidente
1403,8203,Grito eterno,10,176,450,Sobrevive
1404,8306,Grito eterno,2,166,129,Desintegrada
1405,3401,Loop de reuniones,4,677,116,Reincidente
1406,7315,Grito eterno,5,748,198,Sobrevive
1407,7941,Grito eterno,1,524,74,Sobrevive
1408,4704,Cámara de hielo,9,614,485,Sobrevive
1409,6128,Cámara de hielo,3,260,41,Sobrevive
1410,3941,Laberinto sin salida,7,83,274,Reincidente
1411,4164,Loop de reuniones,9,945,350,Desintegrada
1412,3490,Baño de lava,9,572,315,Sobrevive
1413,1475,Laberinto sin salida,9,875,224,Sobrevive
1414,8006,Cámara de hielo,1,666,443,Reincidente
1415,9514,Baño de lava,7,871,418,Sobrevive
1416,7578,Laberinto sin salida,2,457,276,Desintegrada
1417,6374,Loop de reuniones,5,906,494,Desintegrada
1418,722,Loop de reuniones,7,255,287,Sobrevive
1419,8522,Cámara de hielo,7,158,1,Sobrevive
1420,828,Loop de reuniones,7,899,186,Reincidente
1421,205,Grito eterno,10,300,361,Desintegrada
1422,3025,Grito eterno,5,570,189,Reincidente
1423,1207,Baño de lava,7,38,55,Transferida
1424,3915,Cámara de hielo,3,124,316,Sobrevive
1425,8910,Baño de lava,1,406,422,Desintegrada
1426,7063,Baño de lava,3,866,1,Desintegrada
1427,2956,Laberinto sin salida,1,652,488,Reincidente
1428,3473,Laberinto sin salida,10,504,147,Desintegrada
1429,2186,Baño de lava,3,761,129,Sobrevive
1430,8008,Loop de reuniones,8,171,409,Sobrevive
1431,4936,Baño de lava,6,738,327,Sobrevive
1432,6887,Cámara de hielo,2,934,427,Desintegrada
1433,8822,Loop de reuniones,7,213,468,Reincidente
1434,5319,Cámara de hielo,5,536,175,Reincidente
1435,7670,Grito eterno,10,742,318,Desintegrada
1436,298,Loop de reuniones,6,4,432,Desintegrada
1437,9855,Grito eterno,9,943,468,Reincidente
1438,3904,Loop de reuniones,8,628,384,Desintegrada
1439,4982,Loop de reuniones,10,145,231,Reincidente
1440,1922,Laberinto sin salida,4,155,55,Transferida
1441,1969,Loop de reuniones,3,378,4,Reincidente
1442,5273,Cámara de hielo,3,94,34,Transferida
1443,4059,Grito eterno,4,88,312,Desintegrada
1444,4377,Baño de lava,9,864,44,Desintegrada
1445,929,Grito eterno,10,674,50,Reincidente
1446,6725,Grito eterno,8,67,159,Transferida
1447,189,Laberinto sin salida,8,804,124,Desintegrada
1448,3935,Grito eterno,8,535,366,En proceso
1449,8974,Grito eterno,10,522,478,Desintegrada
1450,3949,Baño de lava,5,71,485,Reincidente
1451,7780,Baño de lava,2,537,2,Sobrevive
1452,2638,Grito eterno,10,265,81,Desintegrada
1453,4356,Loop de reuniones,10,575,475,Desintegrada
1454,5723,Laberinto sin salida,9,519,250,Desintegrada
1455,6662,Cámara de hielo,2,983,440,Sobrevive
1456,5662,Loop de reuniones,2,123,158,Sobrevive
1457,6052,Cámara de hielo,5,590,147,Reincidente
1458,751,Cámara de hielo,7,646,119,Transferida
1459,3068,Laberinto sin salida,5,209,226,Transferida
1460,1104,Cámara de hielo,10,68,250,Reincidente
1461,7149,Laberinto sin salida,7,588,316,Sobrevive
1462,4394,Loop de reuniones,10,329,457,Desintegrada
1463,5029,Loop de reuniones,10,706,439,Desintegrada
1464,3534,Grito eterno,7,156,450,Transferida
1465,4960,Laberinto sin salida,2,258,166,Transferida
1466,707,Cámara de hielo,5,99,186,Sobrevive
1467,6920,Cámara de hielo,5,290,190,Desintegrada
1468,5895,Cámara de hielo,6,111,124,Desintegrada
1469,8832,Cámara de hielo,2,104,303,Sobrevive
1470,4702,Laberinto sin salida,2,134,278,Reincidente
1471,8501,Laberinto sin salida,9,761,312,Reincidente
1472,8499,Loop de reuniones,3,25,219,Desintegrada
1473,3342,Cámara de hielo,4,662,361,Desintegrada
1474,567,Loop de reuniones,5,772,390,Transferida
1475,157,Loop de reuniones,6,755,348,Reincidente
1476,5882,Loop de reuniones,7,662,321,Reincidente
1477,3720,Grito eterno,2,939,212,Sobrevive
1478,3518,Grito eterno,4,357,218,Sobrevive
1479,2336,Baño de lava,6,711,276,Reincidente
1480,4717,Baño de lava,6,156,191,Transferida
1481,815,Grito eterno,6,706,241,Desintegrada
1482,3671,Laberinto sin salida,9,577,73,Reincidente
1483,6011,Laberinto sin salida,1,22,237,Desintegrada
1484,9260,Baño de lava,5,568,317,Desintegrada
1485,1632,Baño de lava,1,545,364,Transferida
1486,4201,Laberinto sin salida,3,792,349,Transferida
1487,5074,Laberinto sin salida,7,281,334,Sobrevive
1488,6924,Grito eterno,9,476,206,Reincidente
1489,3782,Grito eterno,3,658,16,Reincidente
1490,7945,Laberinto sin salida,10,895,91,Desintegrada
1491,2953,Laberinto sin salida,2,144,237,Sobrevive
1492,5067,Loop de reuniones,2,248,385,Transferida
1493,5746,Cámara de hielo,8,400,321,Sobrevive
1494,2009,Loop de reuniones,1,15,19,Reincidente
1495,5441,Laberinto sin salida,6,500,127,Reincidente
1496,7085,Grito eterno,1,141,29,Transferida
1497,6756,Grito eterno,5,810,124,Reincidente
1498,3979,Laberinto sin salida,2,231,317,Sobrevive
1499,3317,Loop de reuniones,5,672,414,Desintegrada
1500,8547,Grito eterno,1,756,240,Transferida
1501,7154,Laberinto sin salida,6,272,330,Desintegrada
1502,4153,Cámara de hielo,3,988,98,Transferida
1503,4377,Loop de reuniones,3,146,137,Sobrevive
1504,5220,Laberinto sin salida,3,811,387,Desintegrada
1505,8896,Laberinto sin salida,7,174,88,Transferida
1506,272,Grito eterno,1,779,40,Transferida
1507,6911,Grito eterno,5,3,410,Sobrevive
1508,243,Cámara de hielo,2,13,89,Desintegrada
1509,9903,Grito eterno,8,254,66,Desintegrada
1510,7087,Laberinto sin salida,8,845,81,Desintegrada
1511,8709,Loop de reuniones,6,76,279,Desintegrada
1512,9212,Grito eterno,7,719,350,Sobrevive
1513,3086,Loop de reuniones,5,57,413,Transferida
1514,7133,Laberinto sin salida,8,153,382,Desintegrada
1515,7018,Grito eterno,6,488,224,Transferida
1516,2345,Cámara de hielo,3,87,19,Desintegrada
1517,3472,Laberinto sin salida,6,769,212,Sobrevive
1518,9902,Cámara de hielo,9,866,327,Transferida
1519,3671,Cámara de hielo,1,4,187,Reincidente
1520,316,Loop de reuniones,7,292,271,Desintegrada
1521,1654,Loop de reuniones,9,924,284,Reincidente
1522,4897,Laberinto sin salida,8,679,188,Desintegrada
1523,596,Grito eterno,3,900,92,Desintegrada
1524,1672,Loop de reuniones,3,785,220,Transferida
1525,6248,Baño de lava,6,953,254,Reincidente
1526,2879,Loop de reuniones,3,321,432,Reincidente
1527,5859,Baño de lava,3,679,42,Sobrevive
1528,9293,Cámara de hielo,5,798,111,Sobrevive
1529,9858,Cámara de hielo,4,953,388,Transferida
1530,3203,Laberinto sin salida,6,959,136,Transferida
1531,4454,Cámara de hielo,2,212,479,Desintegrada
1532,8136,Cámara de hielo,4,408,68,Desintegrada
1533,1982,Laberinto sin salida,6,920,354,En proceso
1534,3194,Grito eterno,9,311,439,En proceso
1535,1691,Laberinto sin salida,4,181,478,Desintegrada
1536,594,Grito eterno,6,361,76,Sobrevive
1537,9163,Cámara de hielo,10,490,426,Transferida
1538,4407,Laberinto sin salida,10,435,160,Transferida
1539,8388,Baño de lava,1,133,157,Reincidente
1540,7629,Cámara de hielo,8,384,385,Transferida
1541,8727,Cámara de hielo,9,295,181,Reincidente
1542,7923,Laberinto sin salida,8,528,10,Transferida
1544,9343,Laberinto sin salida,7,395,420,Reincidente
1545,1187,Cámara de hielo,5,140,48,Reincidente
1546,1339,Baño de lava,1,625,186,Transferida
1547,2605,Cámara de hielo,9,125,309,Sobrevive
1548,825,Baño de lava,1,974,411,Sobrevive
1549,5129,Cámara de hielo,3,379,394,Transferida
1550,2281,Grito eterno,8,636,181,Sobrevive
1551,1597,Grito eterno,2,832,318,Transferida
1552,8976,Cámara de hielo,3,42,227,Sobrevive
1553,7740,Cámara de hielo,9,718,317,Sobrevive
1554,493,Grito eterno,10,12,250,Transferida
1555,5462,Baño de lava,6,738,439,Transferida
1556,3142,Grito eterno,4,761,231,Reincidente
1557,2034,Baño de lava,3,232,212,Transferida
1558,7705,Cámara de hielo,8,42,271,Desintegrada
1559,1653,Loop de reuniones,8,786,480,Sobrevive
1560,5062,Cámara de hielo,9,157,384,Transferida
1562,8699,Laberinto sin salida,8,29,250,Transferida
1563,1386,Loop de reuniones,7,603,115,Desintegrada
1564,2658,Baño de lava,3,288,481,Transferida
1565,5981,Laberinto sin salida,6,998,226,Desintegrada
1566,7807,Baño de lava,7,363,188,Reincidente
1567,1306,Cámara de hielo,8,331,468,Reincidente
1568,6988,Cámara de hielo,5,973,142,Desintegrada
1569,6816,Loop de reuniones,2,602,313,Sobrevive
1570,2790,Baño de lava,5,396,241,Sobrevive
1571,1122,Grito eterno,3,366,234,Sobrevive
1572,4943,Grito eterno,6,813,372,Sobrevive
1573,2127,Laberinto sin salida,4,829,237,Desintegrada
1574,5781,Baño de lava,7,645,385,Desintegrada
1575,7890,Baño de lava,2,727,276,Desintegrada
1576,7761,Loop de reuniones,8,423,321,Reincidente
1577,6345,Grito eterno,2,177,187,Desintegrada
1578,7210,Cámara de hielo,9,218,322,Reincidente
1579,6501,Loop de reuniones,3,63,430,Transferida
1580,1646,Baño de lava,7,325,44,Reincidente
1581,9376,Grito eterno,5,927,318,Sobrevive
1582,5180,Loop de reuniones,4,924,313,Transferida
1583,3346,Laberinto sin salida,5,240,432,Sobrevive
1584,4808,Laberinto sin salida,4,649,81,Sobrevive
1585,7106,Laberinto sin salida,5,902,475,Transferida
1586,296,Grito eterno,5,162,163,Reincidente
1587,2877,Loop de reuniones,8,768,296,Desintegrada
1588,8971,Laberinto sin salida,8,4,491,Sobrevive
1589,8076,Grito eterno,10,195,322,Reincidente
1590,651,Cámara de hielo,7,938,276,Transferida
1591,4256,Grito eterno,9,495,284,Transferida
1592,965,Cámara de hielo,6,866,206,Reincidente
1593,3698,Baño de lava,9,845,390,Desintegrada
1594,2812,Grito eterno,2,512,303,Desintegrada
1595,1260,Grito eterno,5,49,93,Transferida
1596,4182,Laberinto sin salida,1,415,372,Transferida
1597,2339,Cámara de hielo,3,430,362,En proceso
1598,1935,Cámara de hielo,3,782,448,Sobrevive
1599,3955,Laberinto sin salida,9,296,347,Desintegrada
1600,7976,Loop de reuniones,10,416,192,Desintegrada
1601,9719,Grito eterno,7,69,349,Reincidente
1602,5327,Laberinto sin salida,5,213,474,Transferida
1603,7607,Laberinto sin salida,9,528,78,Sobrevive
1604,8197,Laberinto sin salida,1,17,418,Transferida
1605,688,Grito eterno,2,262,475,Reincidente
1606,508,Cámara de hielo,1,593,454,Desintegrada
1607,5549,Laberinto sin salida,2,723,496,Sobrevive
1608,1434,Grito eterno,7,41,189,Desintegrada
1609,4431,Grito eterno,8,393,45,Transferida
1610,6320,Laberinto sin salida,2,587,303,Desintegrada
1611,5877,Baño de lava,6,96,34,Transferida
1612,7419,Baño de lava,6,258,299,Transferida
1613,2979,Laberinto sin salida,6,69,366,Transferida
1614,2008,Loop de reuniones,10,805,444,Desintegrada
1615,6758,Laberinto sin salida,3,966,79,Sobrevive
1616,4944,Laberinto sin salida,5,456,366,Sobrevive
1617,5561,Laberinto sin salida,4,58,280,Sobrevive
1618,2402,Cámara de hielo,5,682,13,Desintegrada
1619,5414,Baño de lava,8,795,19,Transferida
1620,8901,Baño de lava,4,774,224,Transferida
1621,7959,Cámara de hielo,7,46,309,Desintegrada
1622,2931,Loop de reuniones,6,321,356,Reincidente
1623,3304,Baño de lava,6,72,496,Reincidente
1624,3731,Baño de lava,4,927,345,Sobrevive
1625,7245,Laberinto sin salida,9,338,337,Reincidente
1626,8870,Cámara de hielo,9,973,158,Desintegrada
1627,1777,Grito eterno,3,557,415,Desintegrada
1628,3947,Laberinto sin salida,4,604,24,Transferida
1629,3733,Cámara de hielo,8,433,48,Desintegrada
1630,8835,Loop de reuniones,8,402,430,Sobrevive
1631,116,Loop de reuniones,3,103,488,Transferida
1632,4956,Baño de lava,9,792,43,Reincidente
1633,4845,Cámara de hielo,4,613,40,Sobrevive
1634,709,Baño de lava,3,780,72,Sobrevive
1635,7421,Baño de lava,4,511,192,Desintegrada
1636,7139,Baño de lava,7,238,212,Sobrevive
1637,8177,Laberinto sin salida,10,469,45,Desintegrada
1638,1563,Grito eterno,10,251,68,Desintegrada
1639,7138,Grito eterno,6,301,40,Reincidente
1640,5903,Baño de lava,2,43,349,Sobrevive
1641,1608,Laberinto sin salida,5,422,245,Desintegrada
1642,3677,Baño de lava,10,907,224,Sobrevive
1643,7043,Grito eterno,5,123,173,Reincidente
1644,1494,Loop de reuniones,6,181,119,Transferida
1645,2510,Loop de reuniones,2,123,166,Desintegrada
1646,3175,Grito eterno,6,418,414,Desintegrada
1647,3189,Loop de reuniones,7,891,16,Transferida
1648,2828,Loop de reuniones,7,813,223,Reincidente
1649,8013,Loop de reuniones,1,463,430,Desintegrada
1650,4029,Loop de reuniones,5,396,173,Transferida
1651,8232,Baño de lava,6,197,279,Reincidente
1652,671,Baño de lava,3,254,386,En proceso
1653,9900,Grito eterno,5,120,29,Reincidente
1654,9857,Grito eterno,9,558,362,Reincidente
1655,8108,Grito eterno,2,837,411,Transferida
1656,1612,Laberinto sin salida,7,515,385,Reincidente
1657,733,Loop de reuniones,7,511,42,Sobrevive
1658,7902,Cámara de hielo,10,317,347,Sobrevive
1659,5285,Laberinto sin salida,2,777,270,Desintegrada
1660,5109,Grito eterno,4,485,218,Desintegrada
1661,7833,Laberinto sin salida,1,906,198,Reincidente
1662,2462,Baño de lava,7,765,278,Transferida
1663,4042,Baño de lava,8,406,180,Sobrevive
1665,7975,Loop de reuniones,3,577,211,Desintegrada
1666,5700,Laberinto sin salida,5,245,364,Reincidente
1667,1565,Cámara de hielo,6,456,460,En proceso
1668,8755,Baño de lava,6,143,414,Reincidente
1669,8435,Cámara de hielo,9,2,313,Transferida
1670,8658,Baño de lava,7,719,158,Reincidente
1671,2741,Laberinto sin salida,2,156,287,Transferida
1672,5011,Laberinto sin salida,9,494,147,Sobrevive
1673,1299,Laberinto sin salida,3,884,432,Sobrevive
1674,9986,Cámara de hielo,10,51,13,Desintegrada
1675,7436,Baño de lava,7,236,387,Sobrevive
1676,2946,Cámara de hielo,2,528,79,Reincidente
1677,3356,Laberinto sin salida,9,401,221,Sobrevive
1678,7729,Laberinto sin salida,4,739,84,Transferida
1679,278,Grito eterno,4,528,61,Desintegrada
1680,2266,Baño de lava,6,46,411,Reincidente
1681,1513,Laberinto sin salida,8,325,349,Desintegrada
1682,6781,Grito eterno,5,478,98,Sobrevive
1683,7524,Cámara de hielo,4,413,34,Transferida
1684,1654,Grito eterno,3,451,385,Sobrevive
1685,9697,Loop de reuniones,4,583,443,Transferida
1686,5073,Loop de reuniones,6,487,250,Reincidente
1687,9608,Laberinto sin salida,6,18,107,Transferida
1688,9267,Baño de lava,7,578,250,Reincidente
1689,1291,Loop de reuniones,2,608,165,Transferida
1690,397,Grito eterno,5,117,266,Sobrevive
1691,8355,Cámara de hielo,4,174,390,Transferida
1692,9677,Loop de reuniones,9,83,316,Reincidente
1693,3558,Cámara de hielo,2,782,43,Sobrevive
1694,8945,Cámara de hielo,5,660,494,Reincidente
1695,3669,Laberinto sin salida,3,306,221,Transferida
1696,4226,Loop de reuniones,5,280,448,Transferida
1697,2885,Grito eterno,2,808,224,Reincidente
1698,7488,Baño de lava,5,14,283,Reincidente
1699,1162,Loop de reuniones,5,360,220,Sobrevive
1700,7551,Laberinto sin salida,5,602,448,Transferida
1701,1708,Baño de lava,5,599,414,Reincidente
1702,9838,Grito eterno,10,651,230,Transferida
1703,7569,Baño de lava,1,403,151,Reincidente
1704,5707,Cámara de hielo,3,847,129,Desintegrada
1705,9115,Loop de reuniones,9,580,10,Reincidente
1706,9394,Baño de lava,1,540,192,Sobrevive
1707,9560,Grito eterno,8,367,454,Transferida
1708,525,Laberinto sin salida,7,672,79,Reincidente
1709,8010,Laberinto sin salida,1,362,278,Sobrevive
1710,3410,Cámara de hielo,3,287,13,Reincidente
1711,1105,Laberinto sin salida,10,703,54,Reincidente
1712,9375,Cámara de hielo,4,700,350,Desintegrada
1713,4931,Baño de lava,5,665,240,Desintegrada
1714,1019,Laberinto sin salida,4,864,480,Sobrevive
1715,3857,Grito eterno,4,490,119,Reincidente
1716,6704,Cámara de hielo,3,890,422,Sobrevive
1717,9896,Grito eterno,2,900,309,Reincidente
1718,2391,Cámara de hielo,3,410,467,Sobrevive
1719,3244,Loop de reuniones,5,318,232,Desintegrada
1720,9437,Cámara de hielo,4,590,24,Reincidente
1721,6752,Cámara de hielo,5,914,450,Transferida
1722,9251,Grito eterno,5,191,109,Sobrevive
1723,3646,Loop de reuniones,10,337,85,Transferida
1724,8680,Loop de reuniones,2,569,299,Sobrevive
1725,6344,Loop de reuniones,8,134,40,Desintegrada
1726,2579,Cámara de hielo,1,56,283,Reincidente
1727,6980,Laberinto sin salida,1,376,114,Sobrevive
1728,1949,Grito eterno,1,709,109,Reincidente
1729,1462,Cámara de hielo,2,580,427,Reincidente
1730,4365,Loop de reuniones,8,353,81,Sobrevive
1731,8614,Grito eterno,5,621,219,Sobrevive
1732,6,Baño de lava,5,926,351,Desintegrada
1733,7271,Cámara de hielo,7,146,266,Desintegrada
1734,855,Grito eterno,7,834,86,Reincidente
1735,9738,Grito eterno,8,341,5,Reincidente
1736,9265,Baño de lava,2,322,361,Desintegrada
1737,199,Grito eterno,7,531,454,Desintegrada
1738,7146,Baño de lava,5,959,163,Sobrevive
1739,8775,Loop de reuniones,4,385,329,Sobrevive
1740,730,Laberinto sin salida,4,409,280,Desintegrada
1741,7842,Loop de reuniones,4,83,443,Sobrevive
1742,7630,Cámara de hielo,9,207,237,Sobrevive
1743,8566,Baño de lava,8,508,387,Desintegrada
1744,6280,Loop de reuniones,8,311,266,Desintegrada
1745,8183,Laberinto sin salida,5,714,445,Sobrevive
1746,124,Cámara de hielo,2,604,321,Reincidente
1747,8340,Baño de lava,9,176,426,Reincidente
1748,8708,Grito eterno,5,478,441,Reincidente
1749,2243,Baño de lava,1,919,464,Reincidente
1750,9711,Baño de lava,9,146,142,Sobrevive
1751,1083,Grito eterno,5,922,286,Transferida
1752,4493,Laberinto sin salida,9,134,471,Reincidente
1753,1424,Laberinto sin salida,9,839,378,Reincidente
1754,3286,Laberinto sin salida,1,558,24,Desintegrada
1755,5270,Laberinto sin salida,9,262,3,Desintegrada
1756,3296,Loop de reuniones,7,766,147,Transferida
1757,9898,Baño de lava,10,383,99,Desintegrada
1758,256,Baño de lava,1,87,387,Transferida
1759,1254,Cámara de hielo,1,906,13,Desintegrada
1760,1865,Loop de reuniones,2,555,229,Sobrevive
1761,5551,Grito eterno,9,333,9,Desintegrada
1762,6154,Baño de lava,3,241,177,Sobrevive
1763,3617,Cámara de hielo,6,318,137,Reincidente
1764,3309,Baño de lava,8,643,361,Transferida
1765,9718,Cámara de hielo,9,943,467,Reincidente
1766,8257,Cámara de hielo,2,473,495,Reincidente
1767,8098,Loop de reuniones,3,127,427,Transferida
1768,7388,Loop de reuniones,2,700,284,Desintegrada
1769,8887,Loop de reuniones,6,70,488,Sobrevive
1770,4394,Grito eterno,1,296,266,Transferida
1771,9403,Loop de reuniones,1,951,432,Desintegrada
1772,7375,Laberinto sin salida,4,246,55,Sobrevive
1773,22,Baño de lava,3,800,453,Sobrevive
1774,3868,Cámara de hielo,5,869,98,Sobrevive
1775,486,Laberinto sin salida,10,52,494,Desintegrada
1776,8579,Loop de reuniones,1,632,9,Reincidente
1777,1023,Cámara de hielo,8,813,388,Desintegrada
1778,487,Loop de reuniones,3,971,488,Reincidente
1779,9303,Laberinto sin salida,10,507,338,Reincidente
1780,3219,Grito eterno,4,489,338,Transferida
1781,861,Loop de reuniones,5,604,279,Sobrevive
1782,3379,Loop de reuniones,4,792,330,Transferida
1783,4298,Loop de reuniones,4,729,66,Transferida
1784,5461,Cámara de hielo,7,922,471,Transferida
1785,4373,Loop de reuniones,9,517,332,Reincidente
1786,5628,Grito eterno,4,384,471,Sobrevive
1787,5020,Cámara de hielo,8,908,231,Desintegrada
1788,5149,Cámara de hielo,7,131,226,Reincidente
1789,289,Baño de lava,1,367,189,Desintegrada
1790,594,Loop de reuniones,9,609,275,Desintegrada
1791,6825,Laberinto sin salida,1,385,280,Reincidente
1792,5292,Grito eterno,10,767,348,Reincidente
1793,664,Baño de lava,7,275,58,Transferida
1794,63,Grito eterno,5,424,5,Reincidente
1795,8341,Grito eterno,9,776,237,Sobrevive
1796,1959,Baño de lava,8,347,378,Reincidente
1797,6715,Cámara de hielo,5,713,463,Reincidente
1798,2332,Grito eterno,6,981,2,Desintegrada
1799,1048,Laberinto sin salida,9,529,494,Transferida
1800,7736,Loop de reuniones,9,421,105,Desintegrada
1801,2195,Grito eterno,5,438,5,Reincidente
1802,4015,Baño de lava,8,607,66,Transferida
1803,7680,Cámara de hielo,5,984,281,Sobrevive
1804,3902,Loop de reuniones,10,833,323,Desintegrada
1805,2794,Laberinto sin salida,8,474,337,Reincidente
1806,7021,Laberinto sin salida,5,970,327,Sobrevive
1807,2569,Baño de lava,9,502,422,Reincidente
1808,1526,Grito eterno,9,852,165,Transferida
1809,1343,Grito eterno,9,922,274,Sobrevive
1810,8434,Grito eterno,9,892,159,Desintegrada
1811,3499,Loop de reuniones,9,906,474,Transferida
1812,8578,Laberinto sin salida,8,173,219,Sobrevive
1813,8971,Grito eterno,6,636,124,Sobrevive
1814,6092,Laberinto sin salida,4,926,173,Transferida
1815,8137,Cámara de hielo,3,95,372,Transferida
1816,1860,Baño de lava,6,187,480,Transferida
1817,2378,Cámara de hielo,2,846,78,Sobrevive
1818,5493,Laberinto sin salida,10,807,147,Desintegrada
1819,2663,Baño de lava,1,647,284,Sobrevive
1821,9000,Grito eterno,7,79,377,Sobrevive
1822,8351,Laberinto sin salida,8,576,131,Reincidente
1823,4689,Cámara de hielo,9,610,430,Reincidente
1824,4711,Loop de reuniones,5,661,91,Reincidente
1825,2444,Cámara de hielo,8,623,264,Reincidente
1826,8621,Grito eterno,8,331,321,Reincidente
1827,8650,Loop de reuniones,8,747,224,Transferida
1828,7852,Grito eterno,8,515,168,Reincidente
1829,7315,Loop de reuniones,10,959,78,Desintegrada
1830,8457,Grito eterno,3,35,113,Sobrevive
1831,8706,Cámara de hielo,3,871,130,Transferida
1832,8339,Laberinto sin salida,7,544,496,Sobrevive
1833,8819,Cámara de hielo,6,575,315,Reincidente
1834,9804,Cámara de hielo,9,310,128,Transferida
1835,8748,Grito eterno,9,674,42,Transferida
1836,8139,Grito eterno,9,938,158,Desintegrada
1837,6488,Cámara de hielo,4,275,274,Transferida
1838,3741,Loop de reuniones,9,778,451,Reincidente
1839,1621,Cámara de hielo,1,874,4,Sobrevive
1840,364,Grito eterno,8,541,364,Desintegrada
1841,5959,Cámara de hielo,10,288,218,Reincidente
1842,6655,Cámara de hielo,4,22,471,Transferida
1843,1049,Grito eterno,5,619,354,Transferida
1844,5870,Loop de reuniones,6,641,130,Desintegrada
1845,8690,Laberinto sin salida,5,183,303,Reincidente
1846,7117,Laberinto sin salida,4,544,439,Reincidente
1847,5623,Grito eterno,1,644,329,Transferida
1848,3225,Laberinto sin salida,4,781,68,Reincidente
1849,8560,Grito eterno,8,427,183,Reincidente
1850,3815,Grito eterno,3,965,394,Desintegrada
1851,9003,Laberinto sin salida,7,35,181,Sobrevive
1852,7627,Cámara de hielo,6,63,66,Sobrevive
1853,9142,Grito eterno,8,354,80,Transferida
1854,6628,Cámara de hielo,8,984,66,Reincidente
1855,708,Loop de reuniones,4,648,42,Desintegrada
1856,5409,Baño de lava,2,163,81,Transferida
1857,7723,Cámara de hielo,2,295,245,Desintegrada
1858,3709,Grito eterno,7,12,382,Reincidente
1859,5525,Grito eterno,2,77,24,Sobrevive
1860,9742,Cámara de hielo,3,488,127,Desintegrada
1861,8530,Grito eterno,5,687,263,Desintegrada
1862,9792,Loop de reuniones,10,612,188,Reincidente
1863,5812,Loop de reuniones,7,600,337,Transferida
1864,7092,Cámara de hielo,3,918,377,Reincidente
1865,2179,Cámara de hielo,2,406,221,Desintegrada
1866,7802,Laberinto sin salida,6,209,212,Sobrevive
1867,892,Cámara de hielo,8,152,279,Desintegrada
1868,6096,Laberinto sin salida,4,74,234,Desintegrada
1869,6035,Baño de lava,8,594,478,Reincidente
1870,9617,Baño de lava,2,127,41,Reincidente
1871,5563,Cámara de hielo,1,92,217,Transferida
1872,245,Laberinto sin salida,4,448,440,Sobrevive
1873,8025,Laberinto sin salida,9,969,72,Transferida
1874,2748,Grito eterno,2,488,245,Desintegrada
1875,991,Baño de lava,4,230,1,Reincidente
1876,9896,Loop de reuniones,10,355,115,Sobrevive
1877,9047,Grito eterno,7,518,288,Desintegrada
1878,3799,Laberinto sin salida,5,493,24,Sobrevive
1879,9003,Baño de lava,8,712,440,Transferida
1880,9344,Grito eterno,4,245,31,Sobrevive
1881,9741,Baño de lava,1,778,388,Transferida
1882,9184,Baño de lava,3,791,118,Transferida
1883,6987,Baño de lava,1,385,448,Transferida
1884,9209,Laberinto sin salida,10,688,481,Reincidente
1885,3918,Laberinto sin salida,7,959,249,Sobrevive
1886,9348,Loop de reuniones,8,177,212,Transferida
1887,7018,Loop de reuniones,1,458,41,Desintegrada
1888,6378,Loop de reuniones,2,908,329,Desintegrada
1889,1849,Grito eterno,4,636,1,Reincidente
1890,2264,Baño de lava,3,163,128,Reincidente
1891,8083,Cámara de hielo,4,210,377,Desintegrada
1892,6856,Cámara de hielo,7,597,263,Reincidente
1893,8382,Loop de reuniones,7,561,410,Sobrevive
1895,9036,Grito eterno,9,30,184,Sobrevive
1896,1310,Loop de reuniones,1,565,249,Sobrevive
1897,7880,Laberinto sin salida,7,843,311,Reincidente
1898,2498,Laberinto sin salida,7,289,366,Desintegrada
1899,5641,Grito eterno,4,564,190,Desintegrada
1900,6257,Baño de lava,4,646,491,Sobrevive
1901,5468,Laberinto sin salida,2,809,368,En proceso
1902,5542,Loop de reuniones,6,530,115,Reincidente
1903,2768,Laberinto sin salida,10,518,66,En proceso
1904,4504,Laberinto sin salida,7,562,115,Desintegrada
1905,5218,Loop de reuniones,2,186,496,Sobrevive
1906,5795,Baño de lava,2,186,224,Reincidente
1907,9369,Loop de reuniones,9,347,157,Transferida
1908,7725,Cámara de hielo,4,712,117,Sobrevive
1909,8126,Baño de lava,6,175,307,Desintegrada
1910,6790,Cámara de hielo,7,130,218,Transferida
1911,2268,Cámara de hielo,4,405,10,Sobrevive
1912,3707,Grito eterno,8,233,113,Desintegrada
1913,3957,Cámara de hielo,4,180,317,Transferida
1914,5111,Grito eterno,5,830,464,Transferida
1915,4883,Grito eterno,8,65,327,Desintegrada
1916,8606,Baño de lava,2,681,230,Transferida
1917,4641,Loop de reuniones,9,613,270,Sobrevive
1918,268,Laberinto sin salida,8,362,190,En proceso
1919,9570,Loop de reuniones,10,40,115,Desintegrada
1920,13,Loop de reuniones,6,492,89,Transferida
1921,4710,Cámara de hielo,2,297,184,Transferida
1922,5277,Loop de reuniones,3,23,48,Desintegrada
1923,2348,Laberinto sin salida,5,13,488,Sobrevive
1924,4116,Loop de reuniones,10,545,219,Reincidente
1926,3984,Grito eterno,3,662,331,Transferida
1927,2512,Baño de lava,9,69,126,Desintegrada
1928,2248,Loop de reuniones,3,962,423,Sobrevive
1929,9978,Grito eterno,5,259,337,Transferida
1930,2567,Baño de lava,2,713,316,Desintegrada
1931,4960,Loop de reuniones,4,368,464,Sobrevive
1932,8086,Cámara de hielo,8,594,337,Sobrevive
1933,9493,Cámara de hielo,7,502,118,Desintegrada
1934,9779,Cámara de hielo,8,270,93,Desintegrada
1935,7547,Baño de lava,5,211,337,Desintegrada
1936,5502,Grito eterno,1,435,338,Transferida
1937,5241,Baño de lava,6,569,73,Reincidente
1938,6429,Baño de lava,2,346,441,Sobrevive
1939,7484,Laberinto sin salida,3,89,295,Transferida
1940,5951,Grito eterno,5,207,159,Desintegrada
1941,6191,Grito eterno,4,702,231,Transferida
1942,4843,Loop de reuniones,1,187,350,Reincidente
1943,2910,Cámara de hielo,3,86,422,Transferida
1944,5396,Cámara de hielo,6,758,406,Sobrevive
1945,3978,Baño de lava,6,98,288,Sobrevive
1946,577,Laberinto sin salida,8,627,115,Reincidente
1947,5768,Baño de lava,5,398,496,Reincidente
1948,8819,Loop de reuniones,6,635,451,Reincidente
1949,172,Baño de lava,5,149,136,Sobrevive
1950,6926,Grito eterno,7,690,287,Desintegrada
1951,7339,Cámara de hielo,10,750,322,Transferida
1952,254,Cámara de hielo,7,666,113,Transferida
1953,4327,Baño de lava,2,962,448,Reincidente
1954,8846,Laberinto sin salida,10,308,99,Reincidente
1955,6498,Loop de reuniones,10,21,218,Desintegrada
1956,9468,Cámara de hielo,6,958,118,Desintegrada
1957,8268,Loop de reuniones,5,175,287,Transferida
1958,155,Grito eterno,5,960,420,Desintegrada
1959,5139,Loop de reuniones,3,287,483,Desintegrada
1961,6948,Laberinto sin salida,3,668,43,Desintegrada
1962,1394,Grito eterno,1,323,360,Sobrevive
1963,547,Laberinto sin salida,5,60,415,Desintegrada
1964,2981,Baño de lava,7,982,420,Desintegrada
1965,243,Grito eterno,5,121,286,Reincidente
1966,846,Baño de lava,8,380,93,Sobrevive
1967,1644,Loop de reuniones,10,919,460,Sobrevive
1968,7422,Loop de reuniones,7,506,99,Sobrevive
1969,5118,Grito eterno,6,521,29,Sobrevive
1970,2611,Laberinto sin salida,8,582,281,Sobrevive
1971,5743,Grito eterno,8,221,315,Reincidente
1972,2835,Grito eterno,1,428,1,Sobrevive
1973,7636,Cámara de hielo,7,949,471,Desintegrada
1974,5043,Grito eterno,5,78,107,Sobrevive
1975,5441,Baño de lava,4,193,43,Desintegrada
1976,5306,Grito eterno,3,369,85,Desintegrada
1977,1195,Loop de reuniones,9,855,81,Desintegrada
1978,3311,Grito eterno,8,104,230,Transferida
1979,7509,Cámara de hielo,7,895,111,Desintegrada
1980,7901,Loop de reuniones,4,3,136,Transferida
1981,2943,Cámara de hielo,4,595,81,Desintegrada
1982,7050,Cámara de hielo,8,881,231,Desintegrada
1983,2741,Loop de reuniones,1,713,3,Transferida
1984,2080,Baño de lava,10,671,283,Desintegrada
1985,8119,Cámara de hielo,8,941,426,Transferida
1986,6196,Cámara de hielo,6,448,496,Desintegrada
1987,5471,Cámara de hielo,9,718,360,Reincidente
1988,9377,Cámara de hielo,7,480,386,Reincidente
1989,439,Loop de reuniones,8,309,406,Desintegrada
1990,9941,Grito eterno,9,406,19,Desintegrada
1991,6492,Baño de lava,6,501,137,Reincidente
1992,8337,Cámara de hielo,10,386,230,Sobrevive
1993,3368,Grito eterno,5,228,444,Transferida
1994,6262,Laberinto sin salida,6,894,111,Sobrevive
1995,5357,Baño de lava,3,599,34,Sobrevive
1996,9135,Cámara de hielo,7,393,183,Transferida
1997,9268,Laberinto sin salida,2,647,388,Reincidente
1998,8347,Laberinto sin salida,8,327,448,Transferida
1999,2171,Laberinto sin salida,10,115,240,Transferida
2000,9990,Laberinto sin salida,3,279,276,Reincidente
2001,9637,Laberinto sin salida,7,115,263,Reincidente
2002,4975,Baño de lava,5,22,208,Sobrevive
2003,9555,Grito eterno,3,767,409,Transferida
2004,3560,Grito eterno,2,226,303,En proceso
2005,4944,Laberinto sin salida,3,218,312,Transferida
2006,2472,Baño de lava,4,363,224,Transferida
2007,5759,Loop de reuniones,10,952,40,En proceso
2008,244,Laberinto sin salida,10,661,230,Desintegrada
2009,3230,Cámara de hielo,1,68,10,Sobrevive
2010,2321,Loop de reuniones,10,429,471,Reincidente
2011,7086,Grito eterno,7,66,335,Transferida
2012,1571,Laberinto sin salida,10,757,237,Sobrevive
2013,3539,Laberinto sin salida,1,358,221,Sobrevive
2014,4306,Baño de lava,5,689,184,Sobrevive
2015,3101,Grito eterno,6,591,322,Transferida
2016,3593,Cámara de hielo,8,274,181,Desintegrada
2017,2151,Grito eterno,4,901,471,Reincidente
2018,1459,Baño de lava,9,925,24,Reincidente
2019,6748,Loop de reuniones,1,337,274,Desintegrada
2020,6051,Baño de lava,4,967,343,Sobrevive
2021,3581,Laberinto sin salida,2,655,81,Sobrevive
2022,2266,Grito eterno,4,349,206,Sobrevive
2023,4858,Cámara de hielo,7,115,187,Sobrevive
2024,2851,Baño de lava,8,577,361,Sobrevive
2025,2712,Cámara de hielo,4,96,327,Transferida
2026,6644,Cámara de hielo,3,127,117,Desintegrada
2027,5277,Grito eterno,3,338,348,Transferida
2028,1574,Grito eterno,4,809,372,En proceso
2029,1130,Cámara de hielo,10,326,61,Sobrevive
2030,7510,Baño de lava,1,216,68,Transferida
2031,2738,Laberinto sin salida,6,725,440,Reincidente
2032,2559,Cámara de hielo,7,948,206,Desintegrada
2033,8783,Loop de reuniones,10,84,85,Reincidente
2034,8548,Loop de reuniones,7,637,31,Reincidente
2035,3972,Baño de lava,6,664,318,Desintegrada
2036,2384,Grito eterno,8,973,338,Desintegrada
2037,3914,Loop de reuniones,5,436,450,Sobrevive
2038,7074,Cámara de hielo,7,700,345,Transferida
2039,3787,Grito eterno,4,884,335,Sobrevive
2040,434,Baño de lava,2,446,372,Desintegrada
2041,3279,Loop de reuniones,5,804,311,Transferida
2042,1513,Grito eterno,8,77,483,Transferida
2043,4169,Grito eterno,1,905,368,Sobrevive
2044,7812,Cámara de hielo,9,254,284,Reincidente
2045,1282,Grito eterno,5,604,242,Desintegrada
2046,423,Cámara de hielo,3,572,454,Transferida
2047,297,Baño de lava,10,370,118,Transferida
2048,5943,Cámara de hielo,3,561,386,Desintegrada
2049,8582,Cámara de hielo,6,13,245,Desintegrada
2050,9184,Baño de lava,8,211,390,Desintegrada
2051,4623,Baño de lava,9,775,217,Transferida
2052,5922,Laberinto sin salida,2,761,263,Sobrevive
2053,2079,Baño de lava,7,261,427,Transferida
2054,1830,Cámara de hielo,10,942,317,Sobrevive
2055,1096,Baño de lava,1,725,481,Desintegrada
2056,1797,Cámara de hielo,1,587,432,Desintegrada
2057,2185,Baño de lava,8,763,129,Transferida
2058,2994,Cámara de hielo,9,81,495,Sobrevive
2059,9918,Cámara de hielo,5,84,135,Reincidente
2060,374,Baño de lava,3,341,173,Desintegrada
2061,5494,Baño de lava,1,163,5,Reincidente
2062,5404,Laberinto sin salida,1,579,471,Reincidente
2063,5798,Grito eterno,9,988,421,Transferida
2064,9270,Loop de reuniones,5,914,410,Sobrevive
2065,305,Laberinto sin salida,4,57,496,Transferida
2066,3288,Grito eterno,9,440,440,Sobrevive
2067,2814,Loop de reuniones,7,380,84,Transferida
2068,1633,Laberinto sin salida,4,73,474,Desintegrada
2069,4897,Grito eterno,3,1000,186,Transferida
2070,4395,Laberinto sin salida,2,778,29,Desintegrada
2071,6348,Baño de lava,2,76,61,Reincidente
2072,2249,Baño de lava,10,77,350,Sobrevive
2073,801,Grito eterno,10,909,313,Reincidente
2074,6809,Cámara de hielo,2,205,279,Sobrevive
2075,867,Grito eterno,5,469,92,Transferida
2076,9414,Loop de reuniones,10,767,495,Desintegrada
2077,8604,Baño de lava,1,859,76,Sobrevive
2078,6149,Laberinto sin salida,2,749,432,Transferida
2079,6535,Laberinto sin salida,6,121,270,Transferida
2080,8476,Laberinto sin salida,7,186,163,Reincidente
2081,4448,Baño de lava,3,978,227,Desintegrada
2082,3458,Laberinto sin salida,4,534,218,Sobrevive
2083,2597,Laberinto sin salida,2,637,475,Reincidente
2084,9795,Laberinto sin salida,7,480,385,Transferida
2085,7707,Loop de reuniones,4,698,89,Transferida
2086,1596,Cámara de hielo,9,442,93,Sobrevive
2087,4147,Loop de reuniones,6,223,307,Transferida
2088,7208,Grito eterno,1,413,5,Transferida
2089,2346,Baño de lava,5,966,378,Reincidente
2090,3894,Baño de lava,6,220,277,Sobrevive
2091,3725,Baño de lava,8,780,364,Desintegrada
2092,8952,Laberinto sin salida,10,925,105,Desintegrada
2093,1438,Grito eterno,9,107,360,Desintegrada
2094,5343,Loop de reuniones,4,226,15,Sobrevive
2095,9911,Grito eterno,3,357,165,Transferida
2096,9170,Grito eterno,6,976,230,Desintegrada
2097,9169,Loop de reuniones,1,351,89,Desintegrada
2098,4405,Grito eterno,4,75,113,Reincidente
2099,4191,Laberinto sin salida,10,944,68,Transferida
2100,9971,Loop de reuniones,9,24,192,Transferida
2101,6833,Cámara de hielo,7,161,478,Reincidente
2102,4196,Grito eterno,7,436,177,Transferida
2103,9150,Grito eterno,9,470,495,Desintegrada
2104,5413,Grito eterno,10,104,118,Desintegrada
2105,2661,Grito eterno,8,599,217,Transferida
2106,3068,Cámara de hielo,3,766,219,Reincidente
2107,2305,Grito eterno,5,271,460,Transferida
2108,249,Cámara de hielo,3,257,423,Desintegrada
2109,1506,Cámara de hielo,4,754,5,Transferida
2110,3085,Cámara de hielo,1,678,232,Sobrevive
2111,2667,Laberinto sin salida,2,963,307,Reincidente
2112,7044,Laberinto sin salida,4,74,249,Desintegrada
2113,4510,Laberinto sin salida,4,29,226,Sobrevive
2114,4766,Laberinto sin salida,1,326,488,Sobrevive
2115,9798,Cámara de hielo,5,534,321,Desintegrada
2116,4796,Loop de reuniones,8,685,73,Desintegrada
2117,2991,Cámara de hielo,8,528,271,Transferida
2118,7861,Cámara de hielo,5,694,231,Transferida
2119,4508,Laberinto sin salida,10,692,45,Desintegrada
2120,4908,Grito eterno,8,804,40,Transferida
2121,679,Cámara de hielo,6,803,29,Desintegrada
2122,2387,Loop de reuniones,7,132,124,Desintegrada
2123,7164,Loop de reuniones,7,953,286,Desintegrada
2124,1538,Grito eterno,3,285,444,Desintegrada
2125,6736,Loop de reuniones,6,752,98,Sobrevive
2126,7659,Cámara de hielo,10,10,471,Desintegrada
2127,8452,Cámara de hielo,3,356,72,Desintegrada
2128,3041,Baño de lava,10,10,347,Sobrevive
2129,6694,Cámara de hielo,4,907,454,Sobrevive
2130,4178,Grito eterno,8,772,137,Sobrevive
2131,7032,Laberinto sin salida,10,622,187,Desintegrada
2132,8677,Laberinto sin salida,1,353,16,Reincidente
2133,8343,Cámara de hielo,2,405,168,Transferida
2134,2786,Baño de lava,4,763,488,Reincidente
2135,193,Loop de reuniones,10,522,55,Desintegrada
2136,3701,Laberinto sin salida,7,363,198,Sobrevive
2137,9849,Laberinto sin salida,3,123,50,Reincidente
2138,590,Cámara de hielo,1,992,8,Sobrevive
2139,9957,Baño de lava,6,275,120,Reincidente
2140,8619,Grito eterno,8,907,430,Transferida
2141,6411,Cámara de hielo,7,249,173,Desintegrada
2142,4903,Baño de lava,9,9,474,Transferida
2143,9382,Laberinto sin salida,8,377,250,Sobrevive
2144,5054,Loop de reuniones,9,37,116,Reincidente
2145,7705,Laberinto sin salida,9,108,58,Reincidente
2146,4361,Cámara de hielo,8,583,347,Sobrevive
2147,5303,Grito eterno,9,693,66,Reincidente
2148,3967,Loop de reuniones,5,278,410,Reincidente
2149,8384,Loop de reuniones,7,777,299,Transferida
2150,125,Cámara de hielo,3,831,483,Reincidente
2151,9085,Baño de lava,4,76,232,Desintegrada
2152,9388,Loop de reuniones,3,586,317,Desintegrada
2153,6877,Grito eterno,4,232,423,Desintegrada
2154,3448,Cámara de hielo,6,586,191,Desintegrada
2155,3289,Baño de lava,7,706,212,Reincidente
2156,7635,Laberinto sin salida,4,769,192,Reincidente
2157,3456,Baño de lava,9,230,251,Desintegrada
2158,4776,Baño de lava,4,834,219,Reincidente
2159,5721,Loop de reuniones,8,659,295,Desintegrada
2160,2084,Loop de reuniones,2,805,474,Transferida
2161,4183,Loop de reuniones,7,936,112,Sobrevive
2162,6656,Baño de lava,8,728,160,Transferida
2163,3550,Cámara de hielo,10,100,8,Reincidente
2164,5860,Laberinto sin salida,1,265,440,Transferida
2165,1466,Loop de reuniones,2,690,99,Transferida
2166,4798,Cámara de hielo,2,586,102,Transferida
2167,1686,Grito eterno,8,291,415,Transferida
2168,1062,Loop de reuniones,4,981,55,Transferida
2169,9641,Baño de lava,2,841,357,Sobrevive
2170,70,Loop de reuniones,2,287,441,Desintegrada
2172,4053,Baño de lava,10,846,16,Sobrevive
2173,185,Baño de lava,8,721,385,Sobrevive
2174,7652,Laberinto sin salida,10,22,234,Desintegrada
2175,1386,Laberinto sin salida,6,606,188,Reincidente
2176,1778,Laberinto sin salida,9,879,266,Desintegrada
2177,6827,Laberinto sin salida,7,686,177,Desintegrada
2178,696,Baño de lava,7,312,208,Desintegrada
2179,9907,Loop de reuniones,7,699,450,Desintegrada
2180,8591,Laberinto sin salida,8,579,3,Sobrevive
2182,4868,Grito eterno,8,512,351,Sobrevive
2183,8639,Grito eterno,1,988,48,Desintegrada
2184,9437,Loop de reuniones,8,656,451,Sobrevive
2185,1026,Cámara de hielo,5,169,276,Desintegrada
2186,1283,Laberinto sin salida,5,835,366,Sobrevive
2187,4609,Cámara de hielo,2,294,198,Reincidente
2188,6011,Cámara de hielo,2,247,109,Transferida
2189,5930,Baño de lava,3,240,186,Transferida
2190,7814,Cámara de hielo,4,736,323,Transferida
2191,7747,Cámara de hielo,9,608,43,Transferida
2192,1977,Grito eterno,9,10,394,Reincidente
2193,6157,Cámara de hielo,5,901,337,Sobrevive
2194,5569,Cámara de hielo,10,200,394,Sobrevive
2195,2476,Loop de reuniones,5,913,209,Reincidente
2196,469,Cámara de hielo,10,603,494,Reincidente
2197,5919,Cámara de hielo,3,293,366,Desintegrada
2198,5089,Grito eterno,3,523,165,Sobrevive
2199,4887,Baño de lava,9,314,463,Transferida
2200,4511,Loop de reuniones,9,549,113,Transferida
2201,4348,Cámara de hielo,10,676,284,Sobrevive
2202,8274,Loop de reuniones,3,462,168,Desintegrada
2203,9036,Grito eterno,7,447,24,Transferida
2204,1753,Cámara de hielo,10,24,157,Transferida
2205,2543,Loop de reuniones,2,901,390,Reincidente
2206,7872,Baño de lava,3,954,74,Transferida
2207,5970,Grito eterno,5,341,220,Desintegrada
2208,6624,Cámara de hielo,8,264,1,Reincidente
2209,4910,Laberinto sin salida,5,328,485,Transferida
2210,9344,Cámara de hielo,4,605,113,Transferida
2211,8159,Loop de reuniones,2,788,76,Desintegrada
2212,807,Loop de reuniones,5,646,264,Sobrevive
2213,2655,Loop de reuniones,1,143,278,Reincidente
2214,2607,Laberinto sin salida,5,875,84,Transferida
2215,5729,Laberinto sin salida,10,923,84,Desintegrada
2216,7235,Loop de reuniones,5,547,105,Transferida
2217,7209,Baño de lava,7,811,337,Transferida
2218,6948,Grito eterno,9,632,410,Sobrevive
2219,315,Baño de lava,3,833,4,Sobrevive
2220,9151,Loop de reuniones,5,999,366,Reincidente
2221,2101,Grito eterno,3,21,442,Desintegrada
2222,6328,Baño de lava,5,173,377,Desintegrada
2223,1264,Loop de reuniones,9,463,224,Desintegrada
2224,436,Loop de reuniones,5,968,457,Transferida
2225,1868,Baño de lava,6,568,117,Transferida
2226,2326,Laberinto sin salida,5,786,229,En proceso
2227,5319,Laberinto sin salida,5,38,494,Sobrevive
2228,4635,Baño de lava,4,774,72,Reincidente
2229,5285,Cámara de hielo,1,983,74,Transferida
2230,2538,Loop de reuniones,8,963,184,Reincidente
2231,3921,Baño de lava,1,934,188,Transferida
2233,9820,Loop de reuniones,3,800,430,Transferida
2234,6927,Loop de reuniones,5,460,135,Reincidente
2235,2293,Laberinto sin salida,3,529,189,Reincidente
2236,8349,Laberinto sin salida,3,273,81,Sobrevive
2237,2889,Laberinto sin salida,9,136,309,Transferida
2238,3474,Grito eterno,9,156,494,Sobrevive
2239,4498,Cámara de hielo,10,720,318,Transferida
2240,3886,Cámara de hielo,5,85,354,Sobrevive
2241,4567,Loop de reuniones,10,995,231,Desintegrada
2242,5322,Cámara de hielo,10,915,283,Reincidente
2243,4,Baño de lava,9,849,3,Desintegrada
2244,3722,Loop de reuniones,4,453,158,Sobrevive
2245,8336,Grito eterno,10,800,251,Transferida
2246,5452,Loop de reuniones,6,115,240,Reincidente
2247,1998,Laberinto sin salida,10,182,284,Transferida
2248,6249,Loop de reuniones,4,897,102,Transferida
2249,9052,Baño de lava,4,715,9,Sobrevive
2250,1949,Cámara de hielo,8,87,19,Transferida
2251,2635,Grito eterno,4,44,387,Reincidente
2252,2514,Grito eterno,2,788,377,Reincidente
2253,5529,Grito eterno,10,634,357,Reincidente
2254,9017,Loop de reuniones,3,599,384,Reincidente
2255,8882,Loop de reuniones,2,582,495,Transferida
2256,857,Grito eterno,2,729,111,Transferida
2257,8694,Baño de lava,5,606,467,Reincidente
2258,4938,Loop de reuniones,5,694,479,Transferida
2259,7768,Loop de reuniones,1,433,266,Reincidente
2260,9591,Baño de lava,6,823,385,Reincidente
2261,9254,Laberinto sin salida,5,39,470,En proceso
2262,7340,Loop de reuniones,6,915,175,Desintegrada
2263,1130,Laberinto sin salida,5,974,423,Reincidente
2264,8186,Laberinto sin salida,8,26,4,Desintegrada
2265,8259,Loop de reuniones,10,839,78,Sobrevive
2266,3975,Laberinto sin salida,7,441,442,Sobrevive
2267,9024,Baño de lava,3,47,442,Desintegrada
2268,5490,Laberinto sin salida,10,885,495,Reincidente
2269,9707,Grito eterno,9,966,114,Desintegrada
2270,6251,Loop de reuniones,4,587,284,Sobrevive
2271,2271,Baño de lava,3,75,223,Reincidente
2272,9417,Cámara de hielo,8,25,93,Transferida
2273,5785,Grito eterno,8,83,470,Desintegrada
2274,2288,Baño de lava,7,553,1,Desintegrada
2275,9954,Cámara de hielo,8,656,299,Transferida
2276,5585,Loop de reuniones,2,309,446,Transferida
2277,5446,Grito eterno,8,971,413,Sobrevive
2278,5105,Grito eterno,1,286,451,Sobrevive
2279,3173,Baño de lava,8,380,3,Desintegrada
2280,9861,Loop de reuniones,3,415,279,Sobrevive
2281,2676,Loop de reuniones,9,134,168,Transferida
2282,654,Loop de reuniones,7,292,338,Desintegrada
2283,3202,Cámara de hielo,10,210,280,Desintegrada
2284,3864,Cámara de hielo,10,839,241,Reincidente
2285,8974,Baño de lava,8,856,126,Sobrevive
2286,1634,Loop de reuniones,4,295,142,Sobrevive
2287,5649,Baño de lava,4,681,159,Reincidente
2288,8846,Cámara de hielo,4,541,249,Transferida
2290,3953,Baño de lava,9,509,349,Reincidente
2291,1229,Baño de lava,10,542,209,Reincidente
2292,4218,Laberinto sin salida,5,242,327,Sobrevive
2293,3570,Laberinto sin salida,4,414,86,Reincidente
2294,4310,Baño de lava,2,66,184,Sobrevive
2295,1450,Baño de lava,8,52,372,Reincidente
2296,6097,Laberinto sin salida,3,79,188,Transferida
2297,798,Laberinto sin salida,10,869,422,Reincidente
2298,5106,Baño de lava,7,863,159,Desintegrada
2299,7622,Laberinto sin salida,6,330,142,Reincidente
2300,5914,Grito eterno,8,12,209,Desintegrada
2301,5816,Laberinto sin salida,2,45,496,Transferida
2302,1005,Laberinto sin salida,6,57,166,Sobrevive
2303,9797,Cámara de hielo,8,344,427,Transferida
2304,7481,Grito eterno,7,303,446,En proceso
2305,5080,Grito eterno,9,613,184,Desintegrada
2306,6891,Loop de reuniones,8,257,277,Transferida
2307,6809,Loop de reuniones,3,472,73,Transferida
2308,2639,Cámara de hielo,7,94,471,Sobrevive
2309,5852,Cámara de hielo,8,954,29,Transferida
2310,2884,Grito eterno,7,5,80,Transferida
2311,7045,Grito eterno,7,953,356,Reincidente
2312,2317,Laberinto sin salida,7,137,137,Sobrevive
2313,8572,Grito eterno,10,670,331,Sobrevive
2314,8517,Grito eterno,9,791,102,Reincidente
2315,3512,Cámara de hielo,6,961,318,Reincidente
2316,5311,Baño de lava,10,863,191,Desintegrada
2317,1487,Loop de reuniones,6,739,163,En proceso
2318,9706,Baño de lava,9,960,275,Transferida
2319,4685,Laberinto sin salida,5,926,68,Sobrevive
2320,8004,Baño de lava,10,831,485,Desintegrada
2321,8127,Cámara de hielo,7,327,186,Sobrevive
2322,986,Grito eterno,3,914,226,Transferida
2323,6991,Laberinto sin salida,7,793,356,Transferida
2324,9277,Baño de lava,7,684,354,Reincidente
2325,2768,Laberinto sin salida,9,420,158,Sobrevive
2326,4047,Baño de lava,10,562,183,Transferida
2327,9893,Baño de lava,4,168,81,Sobrevive
2328,9987,Cámara de hielo,4,958,349,Desintegrada
2329,4306,Laberinto sin salida,7,653,368,Desintegrada
2330,9157,Loop de reuniones,3,976,446,Reincidente
2331,6930,Laberinto sin salida,2,655,175,Reincidente
2332,5976,Cámara de hielo,7,420,286,Desintegrada
2333,8136,Cámara de hielo,6,75,107,Reincidente
2334,4217,Baño de lava,4,283,224,Sobrevive
2335,353,Grito eterno,4,861,360,Desintegrada
2336,1453,Baño de lava,2,777,121,Transferida
2337,464,Baño de lava,9,757,113,Reincidente
2338,3119,Cámara de hielo,4,778,15,Desintegrada
2339,8504,Grito eterno,9,276,72,Reincidente
2341,8667,Laberinto sin salida,9,589,491,Reincidente
2342,3909,Cámara de hielo,6,929,327,Desintegrada
2343,845,Laberinto sin salida,5,327,445,Desintegrada
2344,3697,Cámara de hielo,8,950,159,Sobrevive
2345,592,Grito eterno,10,426,427,Transferida
2346,7923,Baño de lava,2,846,242,Transferida
2347,8103,Baño de lava,8,552,217,Desintegrada
2348,6537,Laberinto sin salida,6,945,158,Transferida
2349,3684,Grito eterno,3,108,118,Desintegrada
2350,2084,Baño de lava,9,890,450,Reincidente
2351,1734,Cámara de hielo,1,264,496,Reincidente
2352,4291,Cámara de hielo,5,844,68,Transferida
2353,7514,Loop de reuniones,5,593,485,Sobrevive
2354,5452,Grito eterno,10,50,184,Transferida
2355,8224,Baño de lava,4,543,80,Sobrevive
2356,9463,Cámara de hielo,9,652,214,Sobrevive
2357,5544,Baño de lava,9,706,105,Desintegrada
2358,636,Laberinto sin salida,7,63,160,Sobrevive
2359,8985,Laberinto sin salida,1,544,266,Transferida
2360,3007,Laberinto sin salida,6,903,66,Transferida
2361,5537,Laberinto sin salida,10,855,264,Desintegrada
2362,4389,Laberinto sin salida,3,547,276,Reincidente
2363,8377,Loop de reuniones,3,831,357,Desintegrada
2364,5623,Loop de reuniones,9,283,284,Sobrevive
2365,9424,Baño de lava,9,304,137,Desintegrada
2366,5002,Grito eterno,9,674,40,Transferida
2367,5839,Baño de lava,3,162,496,Desintegrada
2368,393,Loop de reuniones,5,874,180,Sobrevive
2369,6660,Loop de reuniones,2,342,166,Reincidente
2370,9148,Cámara de hielo,1,209,427,Desintegrada
2371,8614,Cámara de hielo,6,528,345,Desintegrada
2372,5433,Loop de reuniones,1,961,480,Desintegrada
2373,4457,Loop de reuniones,1,57,129,Sobrevive
2374,3308,Cámara de hielo,10,11,74,Sobrevive
2375,4073,Laberinto sin salida,6,298,468,Desintegrada
2377,2476,Cámara de hielo,2,970,8,Desintegrada
2378,1156,Laberinto sin salida,9,109,109,Transferida
2379,8919,Grito eterno,7,884,181,Reincidente
2380,6366,Loop de reuniones,7,160,378,Sobrevive
2381,5883,Baño de lava,2,985,410,Transferida
2382,5206,Grito eterno,10,216,72,Transferida
2383,6075,Baño de lava,2,561,245,Reincidente
2384,4058,Loop de reuniones,2,70,464,Reincidente
2385,9949,Grito eterno,10,616,88,Reincidente
2386,9350,Cámara de hielo,2,437,115,Desintegrada
2387,2003,Baño de lava,5,643,88,Transferida
2388,4654,Grito eterno,8,210,474,Sobrevive
2389,6423,Baño de lava,2,605,406,Reincidente
2390,4938,Loop de reuniones,2,751,335,Desintegrada
2391,9108,Baño de lava,10,77,119,Desintegrada
2392,5981,Laberinto sin salida,2,153,227,Reincidente
2393,6696,Loop de reuniones,7,108,221,Sobrevive
2394,6202,Grito eterno,10,365,491,Transferida
2395,6700,Baño de lava,6,126,299,Desintegrada
2396,1300,Baño de lava,7,994,356,Transferida
2397,9594,Baño de lava,3,105,88,Transferida
2398,5601,Grito eterno,8,120,224,Desintegrada
2399,2480,Grito eterno,8,103,175,Reincidente
2400,4031,Loop de reuniones,7,764,118,Desintegrada
2401,5501,Grito eterno,10,68,159,Reincidente
2402,8109,Loop de reuniones,5,103,327,Transferida
2403,1325,Grito eterno,2,143,188,Transferida
2404,3613,Baño de lava,7,729,406,Transferida
2405,6430,Loop de reuniones,2,843,231,Reincidente
2406,2298,Baño de lava,2,441,283,Reincidente
2407,2715,Baño de lava,5,636,10,Transferida
2408,9674,Cámara de hielo,2,478,264,Reincidente
2409,2167,Cámara de hielo,6,257,159,Reincidente
2410,5820,Laberinto sin salida,10,399,211,Sobrevive
2411,1251,Cámara de hielo,4,755,480,Transferida
2412,2888,Baño de lava,3,631,264,Desintegrada
2413,491,Cámara de hielo,3,101,423,Desintegrada
2414,7832,Loop de reuniones,2,450,430,Desintegrada
2415,8699,Cámara de hielo,4,874,180,Desintegrada
2416,7705,Grito eterno,1,635,15,Desintegrada
2417,1764,Laberinto sin salida,7,713,414,Reincidente
2418,4573,Loop de reuniones,10,914,474,En proceso
2419,5133,Baño de lava,3,995,357,Desintegrada
2420,8527,Grito eterno,2,800,54,Sobrevive
2421,3281,Cámara de hielo,4,483,223,Sobrevive
2422,1666,Baño de lava,4,451,334,Sobrevive
2423,401,Loop de reuniones,4,648,184,Transferida
2424,1542,Grito eterno,7,575,363,Desintegrada
2425,2453,Grito eterno,9,455,382,Reincidente
2426,5600,Laberinto sin salida,1,361,61,Transferida
2427,2277,Loop de reuniones,9,205,189,Transferida
2428,1680,Loop de reuniones,7,456,382,Transferida
2429,3056,Baño de lava,7,385,311,Transferida
2430,1442,Laberinto sin salida,8,176,236,Transferida
2431,5099,Grito eterno,1,276,372,Transferida
2432,4989,Baño de lava,6,878,72,Sobrevive
2433,3793,Grito eterno,6,538,406,Transferida
2434,2059,Grito eterno,1,585,186,Sobrevive
2435,6664,Baño de lava,9,146,316,Transferida
2436,2335,Baño de lava,2,958,445,En proceso
2437,5989,Baño de lava,6,206,348,Transferida
2438,4957,Loop de reuniones,4,188,427,Transferida
2439,4495,Grito eterno,9,168,348,Sobrevive
2440,7484,Loop de reuniones,8,263,426,Transferida
2441,4474,Laberinto sin salida,1,233,118,Reincidente
2442,1685,Baño de lava,3,43,237,Reincidente
2443,7406,Cámara de hielo,4,722,208,Desintegrada
2444,6704,Grito eterno,6,330,105,Desintegrada
2445,3874,Loop de reuniones,2,342,223,Reincidente
2446,1512,Grito eterno,1,514,287,Transferida
2447,8055,Laberinto sin salida,3,662,44,Transferida
2448,841,Loop de reuniones,4,858,5,Desintegrada
2449,1923,Laberinto sin salida,1,973,413,Sobrevive
2450,6940,Cámara de hielo,7,34,418,Sobrevive
2451,1820,Baño de lava,4,699,271,Desintegrada
2452,6523,Baño de lava,5,417,73,Transferida
2453,8989,Laberinto sin salida,3,965,184,Reincidente
2454,2431,Baño de lava,5,981,332,Reincidente
2455,7936,Loop de reuniones,9,104,41,Desintegrada
2456,3099,Laberinto sin salida,8,142,118,Sobrevive
2457,6755,Cámara de hielo,4,940,409,Transferida
2458,1752,Cámara de hielo,7,264,45,Transferida
2459,3590,Loop de reuniones,6,264,338,Desintegrada
2460,8317,Loop de reuniones,7,441,271,Sobrevive
2461,4168,Cámara de hielo,2,391,117,Transferida
2462,596,Cámara de hielo,5,424,295,Reincidente
2463,6007,Grito eterno,4,93,129,Sobrevive
2464,1223,Baño de lava,7,492,130,Reincidente
2465,9937,Cámara de hielo,5,481,99,Reincidente
2466,3565,Grito eterno,5,20,1,Desintegrada
2467,2959,Grito eterno,1,712,266,Desintegrada
2468,7363,Cámara de hielo,2,42,345,Transferida
2469,595,Laberinto sin salida,4,289,388,Sobrevive
2470,1326,Baño de lava,4,867,460,Reincidente
2471,68,Cámara de hielo,4,330,98,Sobrevive
2472,2699,Loop de reuniones,9,92,19,Reincidente
2473,2886,Loop de reuniones,4,307,181,Transferida
2474,8818,Baño de lava,10,577,92,Sobrevive
2475,5834,Grito eterno,7,349,347,Desintegrada
2476,1155,Baño de lava,1,654,74,Reincidente
2477,8832,Baño de lava,6,425,188,Desintegrada
2478,4116,Cámara de hielo,7,389,3,Reincidente
2479,2312,Laberinto sin salida,1,930,377,Reincidente
2480,4684,Laberinto sin salida,8,252,347,Reincidente
2481,7709,Grito eterno,3,130,157,Reincidente
2482,2338,Baño de lava,5,537,120,Desintegrada
2483,6925,Grito eterno,8,706,432,Transferida
2484,8435,Cámara de hielo,8,446,91,Desintegrada
2485,2343,Loop de reuniones,5,333,311,Desintegrada
2486,8904,Grito eterno,8,276,136,Transferida
2487,827,Laberinto sin salida,2,952,474,Desintegrada
2488,2494,Loop de reuniones,7,468,423,Reincidente
2489,2860,Grito eterno,7,435,55,Desintegrada
2490,3495,Laberinto sin salida,7,808,491,Reincidente
2491,2653,Grito eterno,6,918,386,Reincidente
2492,6687,Loop de reuniones,4,429,93,Reincidente
2493,3279,Loop de reuniones,5,608,278,Desintegrada
2494,2371,Laberinto sin salida,5,667,415,Desintegrada
2495,2233,Baño de lava,1,619,236,Desintegrada
2496,9816,Laberinto sin salida,5,846,444,Transferida
2497,1281,Baño de lava,6,708,314,Transferida
2498,838,Laberinto sin salida,4,386,423,Transferida
2499,9503,Baño de lava,6,906,471,Sobrevive
2500,2701,Laberinto sin salida,2,772,113,Transferida
2501,3859,Grito eterno,8,105,187,Sobrevive
2502,6730,Cámara de hielo,1,820,217,Transferida
2503,4912,Laberinto sin salida,10,182,120,Transferida
2504,9649,Baño de lava,3,471,413,En proceso
2505,3357,Cámara de hielo,9,932,98,Sobrevive
2506,2539,Laberinto sin salida,2,58,295,Reincidente
2507,7190,Grito eterno,10,174,229,Transferida
2508,9247,Loop de reuniones,1,859,118,Desintegrada
2509,8995,Laberinto sin salida,8,385,116,Transferida
2510,3993,Cámara de hielo,2,960,192,Transferida
2511,5341,Loop de reuniones,2,711,50,Reincidente
2512,9425,Loop de reuniones,8,198,316,Desintegrada
2513,8493,Grito eterno,10,803,160,Sobrevive
2514,9750,Laberinto sin salida,5,727,55,Desintegrada
2515,1277,Baño de lava,1,636,78,Transferida
2516,8387,Baño de lava,3,929,307,Desintegrada
2517,3310,Laberinto sin salida,4,488,1,Desintegrada
2518,699,Laberinto sin salida,1,536,186,Reincidente
2519,8531,Grito eterno,4,641,283,Transferida
2520,2633,Cámara de hielo,1,351,386,Sobrevive
2521,7925,Cámara de hielo,8,43,10,Sobrevive
2522,9900,Laberinto sin salida,2,872,224,Desintegrada
2523,8373,Laberinto sin salida,7,320,111,Desintegrada
2524,8771,Baño de lava,3,144,278,Sobrevive
2525,3069,Loop de reuniones,10,684,192,Reincidente
2526,9864,Laberinto sin salida,5,259,432,Desintegrada
2527,7898,Grito eterno,6,644,350,Sobrevive
2528,1999,Cámara de hielo,2,678,45,Reincidente
2529,9129,Loop de reuniones,2,413,385,Desintegrada
2530,6686,Grito eterno,2,934,413,Reincidente
2531,7336,Laberinto sin salida,8,827,351,Transferida
2532,7372,Laberinto sin salida,6,988,443,Sobrevive
2533,1880,Baño de lava,3,121,93,Transferida
2534,8497,Grito eterno,10,653,187,En proceso
2535,6007,Cámara de hielo,9,393,61,Transferida
2536,9802,Loop de reuniones,1,812,249,Sobrevive
2537,90,Grito eterno,7,127,29,Transferida
2538,2371,Laberinto sin salida,3,414,113,Sobrevive
2539,2298,Laberinto sin salida,2,825,423,Transferida
2540,1250,Cámara de hielo,8,133,29,Desintegrada
2541,32,Loop de reuniones,10,913,441,Transferida
2542,4750,Cámara de hielo,10,640,432,Desintegrada
2543,8648,Grito eterno,10,462,61,Reincidente
2544,4965,Cámara de hielo,1,949,426,Desintegrada
2545,1431,Cámara de hielo,3,864,211,Sobrevive
2546,2979,Loop de reuniones,8,295,322,Sobrevive
2547,9210,Loop de reuniones,10,369,237,Desintegrada
2548,6400,Baño de lava,5,759,470,Reincidente
2549,7735,Cámara de hielo,4,538,157,Reincidente
2550,38,Grito eterno,9,165,316,Reincidente
2551,3103,Grito eterno,6,130,427,Reincidente
2552,2125,Laberinto sin salida,10,436,254,Sobrevive
2553,1125,Laberinto sin salida,2,588,230,Transferida
2554,3676,Loop de reuniones,9,58,219,Transferida
2555,7613,Cámara de hielo,5,824,315,Desintegrada
2556,3388,Cámara de hielo,4,973,198,Sobrevive
2557,8352,Laberinto sin salida,5,341,309,Desintegrada
2558,6733,Baño de lava,3,834,421,Reincidente
2559,8357,Grito eterno,5,254,74,Sobrevive
2560,491,Cámara de hielo,7,201,303,Reincidente
2561,6513,Loop de reuniones,5,241,2,Transferida
2562,8344,Laberinto sin salida,5,588,29,Desintegrada
2563,456,Loop de reuniones,10,74,362,Reincidente
2564,1619,Grito eterno,5,658,119,Desintegrada
2565,758,Loop de reuniones,7,595,113,Sobrevive
2566,4527,Baño de lava,4,141,227,Sobrevive
2567,6100,Laberinto sin salida,2,864,263,Transferida
2568,611,Grito eterno,7,479,337,Sobrevive
2569,8850,Laberinto sin salida,6,736,422,Transferida
2570,3750,Loop de reuniones,10,771,314,Reincidente
2571,1997,Grito eterno,7,891,9,Desintegrada
2572,3226,Laberinto sin salida,6,332,3,Sobrevive
2573,4811,Loop de reuniones,8,157,114,Sobrevive
2574,3471,Cámara de hielo,5,135,360,Transferida
2575,2277,Laberinto sin salida,8,428,221,Transferida
2576,5819,Cámara de hielo,10,727,263,Desintegrada
2577,8498,Baño de lava,7,601,299,En proceso
2578,9619,Grito eterno,2,192,470,Transferida
2579,648,Baño de lava,6,355,278,Transferida
2580,6236,Cámara de hielo,4,192,212,Transferida
2581,9882,Loop de reuniones,2,853,217,Reincidente
2582,1229,Baño de lava,8,693,471,Reincidente
2583,5210,Cámara de hielo,4,369,237,Reincidente
2584,9309,Loop de reuniones,3,52,496,Reincidente
2585,2441,Grito eterno,2,532,468,Sobrevive
2586,2894,Cámara de hielo,3,306,41,Transferida
2587,6942,Grito eterno,4,945,229,Transferida
2588,2646,Loop de reuniones,4,461,494,Desintegrada
2589,5250,Loop de reuniones,6,204,80,Desintegrada
2590,5024,Cámara de hielo,6,306,448,Transferida
2591,8707,Cámara de hielo,5,141,227,Transferida
2592,2033,Baño de lava,4,548,31,Reincidente
2593,7220,Laberinto sin salida,2,596,377,Transferida
2594,350,Cámara de hielo,4,565,372,Transferida
2595,9674,Cámara de hielo,6,788,385,Desintegrada
2596,2222,Grito eterno,7,793,430,Transferida
2597,7287,Cámara de hielo,6,506,266,Reincidente
2598,3638,Cámara de hielo,6,97,418,Desintegrada
2599,3493,Baño de lava,10,994,382,Transferida
2600,4698,Baño de lava,2,966,232,Transferida
2601,2141,Grito eterno,8,775,451,Sobrevive
2602,7527,Baño de lava,9,120,61,Reincidente
2603,7911,Baño de lava,4,43,394,Reincidente
2604,1982,Grito eterno,7,637,81,En proceso
2605,1302,Grito eterno,1,895,360,Reincidente
2606,8286,Loop de reuniones,2,363,40,Reincidente
2607,4115,Grito eterno,2,306,454,Desintegrada
2608,3431,Loop de reuniones,3,809,240,Reincidente
2609,2178,Cámara de hielo,9,931,173,Transferida
2610,1975,Laberinto sin salida,3,256,432,Desintegrada
2611,3074,Grito eterno,6,205,43,Transferida
2612,9621,Loop de reuniones,4,83,245,Reincidente
2613,2680,Baño de lava,5,477,460,Desintegrada
2614,1817,Baño de lava,4,246,89,Reincidente
2615,588,Laberinto sin salida,10,983,54,Desintegrada
2616,3121,Cámara de hielo,10,805,221,Reincidente
2618,7736,Baño de lava,2,732,284,Reincidente
2619,958,Loop de reuniones,7,203,24,Desintegrada
2620,1542,Grito eterno,8,521,251,Transferida
2621,7518,Cámara de hielo,9,34,421,Reincidente
2622,3726,Baño de lava,2,844,278,Desintegrada
2623,6063,Cámara de hielo,5,156,54,Transferida
2624,3196,Laberinto sin salida,4,2,128,Reincidente
2625,756,Loop de reuniones,9,469,276,Reincidente
2626,5907,Laberinto sin salida,3,156,127,Transferida
2627,9096,Baño de lava,4,543,231,Sobrevive
2628,6495,Grito eterno,3,334,276,Desintegrada
2629,7867,Loop de reuniones,2,753,460,Transferida
2630,5550,Grito eterno,7,266,8,Reincidente
2631,4392,Loop de reuniones,8,468,186,Reincidente
2632,4826,Loop de reuniones,3,386,384,Sobrevive
2633,5370,Cámara de hielo,9,776,219,Transferida
2634,576,Baño de lava,7,382,126,Transferida
2635,3231,Laberinto sin salida,2,957,286,Desintegrada
2636,1999,Grito eterno,5,861,361,Sobrevive
2637,5943,Loop de reuniones,5,477,221,Sobrevive
2638,3790,Loop de reuniones,6,860,450,Desintegrada
2639,4729,Laberinto sin salida,8,138,221,Sobrevive
2640,8025,Baño de lava,7,770,423,Desintegrada
2641,3964,Baño de lava,4,152,345,Sobrevive
2642,9882,Loop de reuniones,2,476,450,Transferida
2643,6571,Grito eterno,4,563,274,Sobrevive
2644,665,Grito eterno,3,213,74,Desintegrada
2645,6585,Grito eterno,8,597,221,Transferida
2646,311,Loop de reuniones,1,86,409,Reincidente
2647,7870,Baño de lava,1,399,281,Reincidente
2648,1419,Laberinto sin salida,10,926,10,Transferida
2649,3362,Cámara de hielo,8,926,330,Reincidente
2650,3502,Baño de lava,8,520,224,Desintegrada
2651,6992,Baño de lava,6,76,443,Reincidente
2652,9140,Grito eterno,5,932,467,Transferida
2653,5603,Cámara de hielo,10,884,165,Sobrevive
2654,2203,Laberinto sin salida,9,300,251,Sobrevive
2655,2046,Loop de reuniones,4,822,322,Reincidente
2656,107,Grito eterno,9,99,116,Reincidente
2657,7641,Baño de lava,2,912,86,Transferida
2658,7683,Loop de reuniones,10,329,331,Sobrevive
2659,360,Loop de reuniones,5,236,345,Desintegrada
2660,5398,Loop de reuniones,9,32,165,Sobrevive
2661,1237,Laberinto sin salida,8,564,206,Transferida
2662,1620,Cámara de hielo,1,129,8,Sobrevive
2663,4246,Loop de reuniones,8,109,350,Sobrevive
2664,4809,Laberinto sin salida,8,625,55,Desintegrada
2665,4619,Laberinto sin salida,3,236,120,Reincidente
2666,9576,Loop de reuniones,8,500,121,Reincidente
2667,252,Loop de reuniones,6,544,286,Transferida
2668,7711,Grito eterno,4,813,163,Desintegrada
2669,7909,Laberinto sin salida,6,456,446,Desintegrada
2670,4539,Laberinto sin salida,2,936,362,Sobrevive
2671,1382,Baño de lava,1,352,224,Sobrevive
2672,2188,Laberinto sin salida,4,860,357,Reincidente
2673,9069,Grito eterno,10,669,177,Sobrevive
2674,7751,Loop de reuniones,7,534,488,Desintegrada
2675,5950,Baño de lava,4,503,209,Reincidente
2676,7292,Baño de lava,1,230,190,Reincidente
2677,4422,Laberinto sin salida,5,13,116,Reincidente
2678,3288,Baño de lava,1,175,16,Sobrevive
2679,750,Laberinto sin salida,10,76,151,Desintegrada
2680,1440,Loop de reuniones,3,958,80,Sobrevive
2681,6552,Loop de reuniones,9,904,2,Reincidente
2682,3865,Baño de lava,6,795,219,Sobrevive
2683,3273,Baño de lava,8,441,386,En proceso
2684,8459,Grito eterno,5,31,451,Desintegrada
2685,6554,Grito eterno,5,507,236,Sobrevive
2686,6336,Cámara de hielo,7,132,68,Desintegrada
2687,6390,Baño de lava,1,613,73,Reincidente
2688,6939,Cámara de hielo,3,833,351,En proceso
2689,7532,Laberinto sin salida,5,561,71,Reincidente
2690,5762,Grito eterno,10,167,296,Sobrevive
2691,6222,Grito eterno,8,184,44,Transferida
2692,7872,Baño de lava,3,832,386,Transferida
2693,9420,Laberinto sin salida,9,799,130,Reincidente
2694,4546,Loop de reuniones,5,128,3,Reincidente
2695,9602,Loop de reuniones,4,184,274,Transferida
2696,2576,Baño de lava,10,338,9,Sobrevive
2697,8074,Baño de lava,5,176,385,Reincidente
2698,9358,Baño de lava,6,835,485,Transferida
2699,4099,Cámara de hielo,4,502,366,Sobrevive
2700,541,Laberinto sin salida,8,14,332,Transferida
2701,2374,Laberinto sin salida,3,388,250,Reincidente
2702,3425,Cámara de hielo,9,451,223,Desintegrada
2703,7436,Loop de reuniones,2,62,385,Desintegrada
2704,4689,Loop de reuniones,1,382,226,Reincidente
2705,5206,Grito eterno,4,443,31,Transferida
2706,7072,Grito eterno,7,167,4,Desintegrada
2707,9025,Baño de lava,2,319,479,Desintegrada
2708,2443,Loop de reuniones,6,821,3,En proceso
2709,9619,Grito eterno,1,238,245,Desintegrada
2710,149,Cámara de hielo,2,6,187,Transferida
2711,8035,Loop de reuniones,2,950,142,Desintegrada
2712,9948,Loop de reuniones,9,117,80,Sobrevive
2713,5214,Grito eterno,1,29,366,Sobrevive
2714,1944,Grito eterno,2,704,119,Reincidente
2715,3437,Baño de lava,5,822,187,Desintegrada
2716,7275,Loop de reuniones,7,696,495,Desintegrada
2717,9237,Cámara de hielo,7,864,232,Reincidente
2718,3614,Loop de reuniones,7,996,337,Transferida
2719,3363,Grito eterno,7,62,188,Transferida
2720,4063,Laberinto sin salida,4,617,303,Reincidente
2721,9930,Loop de reuniones,2,854,5,Desintegrada
2722,1669,Laberinto sin salida,6,443,166,Transferida
2723,2986,Baño de lava,1,73,112,Desintegrada
2724,9273,Cámara de hielo,1,741,275,Transferida
2725,7282,Baño de lava,5,418,426,Reincidente
2726,5835,Loop de reuniones,2,372,485,Sobrevive
2727,6893,Baño de lava,6,303,263,Sobrevive
2728,2621,Grito eterno,5,514,479,Sobrevive
2729,1419,Grito eterno,5,16,71,Sobrevive
2730,3690,Laberinto sin salida,4,967,84,Reincidente
2731,9442,Loop de reuniones,3,146,480,Reincidente
2732,649,Loop de reuniones,4,529,168,Desintegrada
2733,5323,Laberinto sin salida,10,566,368,Transferida
2734,2020,Loop de reuniones,6,318,451,En proceso
2735,1413,Laberinto sin salida,9,875,78,Sobrevive
2736,8039,Cámara de hielo,3,201,283,Reincidente
2737,568,Cámara de hielo,8,580,303,Desintegrada
2738,1212,Baño de lava,8,345,443,Transferida
2739,4800,Laberinto sin salida,1,813,159,Sobrevive
2740,4393,Loop de reuniones,5,482,8,Transferida
2741,3164,Laberinto sin salida,5,919,126,Desintegrada
2742,4125,Loop de reuniones,6,642,421,Reincidente
2743,4415,Grito eterno,4,284,314,Transferida
2744,1329,Grito eterno,1,815,440,Desintegrada
2745,1850,Grito eterno,7,94,426,Reincidente
2746,5994,Cámara de hielo,5,135,347,Sobrevive
2747,2397,Loop de reuniones,8,918,48,Reincidente
2748,902,Grito eterno,2,779,427,Desintegrada
2749,2077,Grito eterno,3,627,362,Desintegrada
2750,8231,Baño de lava,7,590,91,Sobrevive
2751,4279,Cámara de hielo,4,394,188,Sobrevive
2752,295,Laberinto sin salida,4,701,142,Reincidente
2753,1191,Grito eterno,2,838,4,Transferida
2754,6674,Laberinto sin salida,8,717,158,Sobrevive
2755,3434,Loop de reuniones,7,291,270,Desintegrada
2756,9895,Laberinto sin salida,1,612,231,Reincidente
2757,4477,Loop de reuniones,9,568,224,Sobrevive
2758,1293,Grito eterno,10,127,377,Desintegrada
2759,3217,Cámara de hielo,6,831,142,Reincidente
2760,1942,Grito eterno,9,896,188,Reincidente
2761,5741,Loop de reuniones,7,15,187,Sobrevive
2762,871,Laberinto sin salida,3,601,488,Desintegrada
2763,548,Laberinto sin salida,7,918,453,Desintegrada
2764,3079,Laberinto sin salida,1,156,349,Transferida
2765,3346,Laberinto sin salida,9,775,303,Transferida
2766,8865,Laberinto sin salida,2,889,119,Reincidente
2767,3272,Cámara de hielo,8,504,360,Transferida
2768,8955,Loop de reuniones,3,59,378,Transferida
2769,4244,Grito eterno,4,251,158,Reincidente
2770,2649,Loop de reuniones,3,18,406,Transferida
2771,7705,Grito eterno,8,210,450,Transferida
2772,7133,Cámara de hielo,3,198,5,En proceso
2773,7581,Baño de lava,4,286,299,Sobrevive
2774,704,Baño de lava,7,619,494,Transferida
2775,8889,Cámara de hielo,1,517,274,Reincidente
2776,4614,Grito eterno,8,370,382,Transferida
2777,3,Grito eterno,4,330,55,Desintegrada
2778,231,Baño de lava,7,598,349,Reincidente
2779,7416,Laberinto sin salida,6,585,337,Transferida
2780,420,Cámara de hielo,8,81,89,Desintegrada
2781,9582,Loop de reuniones,7,910,266,Desintegrada
2782,528,Grito eterno,2,127,81,Reincidente
2783,6237,Loop de reuniones,9,845,130,Reincidente
2784,9567,Grito eterno,4,7,475,Sobrevive
2785,8670,Cámara de hielo,2,611,445,Desintegrada
2786,8383,Loop de reuniones,8,188,124,Reincidente
2787,3141,Cámara de hielo,7,160,444,Sobrevive
2788,5984,Baño de lava,9,105,309,Transferida
2789,7212,Cámara de hielo,9,741,231,Reincidente
2790,7438,Loop de reuniones,4,687,357,Transferida
2791,5258,Laberinto sin salida,7,367,128,Desintegrada
2792,4730,Grito eterno,2,397,41,Transferida
2793,6490,Cámara de hielo,9,578,124,Desintegrada
2794,6621,Grito eterno,2,278,42,Desintegrada
2795,5765,Laberinto sin salida,1,203,421,Reincidente
2796,8765,Baño de lava,3,289,335,Sobrevive
2797,1412,Baño de lava,9,922,34,Reincidente
2798,8964,Loop de reuniones,2,624,264,Transferida
2799,3943,Cámara de hielo,10,585,453,Reincidente
2800,3088,Grito eterno,7,941,445,Reincidente
2801,9754,Grito eterno,9,133,43,Sobrevive
2802,6667,Baño de lava,6,471,494,Transferida
2803,3082,Cámara de hielo,6,59,66,Sobrevive
2804,3802,Laberinto sin salida,10,70,224,Reincidente
2805,1994,Loop de reuniones,8,714,78,Transferida
2806,4190,Loop de reuniones,3,893,278,Desintegrada
2807,4790,Baño de lava,4,237,2,Desintegrada
2808,2860,Laberinto sin salida,8,776,147,Desintegrada
2809,4991,Cámara de hielo,5,741,93,Reincidente
2810,1222,Baño de lava,5,527,1,Transferida
2811,1071,Laberinto sin salida,10,664,181,Desintegrada
2812,5342,Cámara de hielo,4,777,280,Reincidente
2813,7802,Baño de lava,3,509,121,Desintegrada
2814,7285,Baño de lava,1,396,128,Reincidente
2815,6523,Loop de reuniones,6,576,80,Desintegrada
2816,8963,Cámara de hielo,3,912,410,Transferida
2817,22,Laberinto sin salida,2,470,180,Reincidente
2818,7049,Loop de reuniones,1,909,79,Transferida
2819,6233,Grito eterno,4,477,364,Sobrevive
2820,7324,Baño de lava,9,671,160,Transferida
2821,2711,Laberinto sin salida,1,942,245,Desintegrada
2823,598,Laberinto sin salida,4,461,277,Reincidente
2824,2062,Baño de lava,7,839,198,Desintegrada
2825,4982,Laberinto sin salida,6,458,151,Transferida
2826,1987,Grito eterno,8,658,183,Reincidente
2827,6359,Cámara de hielo,8,43,378,Reincidente
2828,4423,Laberinto sin salida,2,577,44,Desintegrada
2829,8202,Laberinto sin salida,1,726,481,Transferida
2830,8282,Laberinto sin salida,1,84,464,Sobrevive
2831,3955,Grito eterno,4,303,173,Transferida
2832,4517,Loop de reuniones,2,795,3,Transferida
2833,1067,Laberinto sin salida,3,549,317,Sobrevive
2834,1394,Baño de lava,8,315,41,Transferida
2835,3658,Cámara de hielo,3,3,120,Transferida
2836,2408,Loop de reuniones,9,78,173,Sobrevive
2837,8246,Cámara de hielo,3,229,270,Desintegrada
2838,1872,Laberinto sin salida,1,665,348,Desintegrada
2839,1314,Baño de lava,10,239,488,Transferida
2840,3715,Grito eterno,1,726,15,Desintegrada
2842,2007,Grito eterno,1,824,264,En proceso
2843,738,Laberinto sin salida,1,459,91,Reincidente
2844,8052,Baño de lava,5,274,5,Desintegrada
2845,4561,Cámara de hielo,2,872,299,Reincidente
2846,2272,Grito eterno,5,116,236,Transferida
2847,9420,Laberinto sin salida,1,128,327,Desintegrada
2848,1848,Cámara de hielo,5,790,444,Reincidente
2849,3715,Laberinto sin salida,1,819,276,Transferida
2850,7191,Baño de lava,3,897,361,Reincidente
2851,7429,Laberinto sin salida,3,486,48,Desintegrada
2852,7519,Cámara de hielo,2,446,335,Transferida
2853,7452,Cámara de hielo,7,263,439,Transferida
2854,5097,Grito eterno,2,721,1,Desintegrada
2855,8918,Laberinto sin salida,7,277,43,Transferida
2856,9951,Grito eterno,10,294,254,Desintegrada
2857,912,Baño de lava,8,882,72,Transferida
2858,5758,Grito eterno,3,23,24,Reincidente
2859,6639,Loop de reuniones,5,81,448,Desintegrada
2860,5079,Cámara de hielo,5,787,366,Desintegrada
2861,9368,Baño de lava,4,77,330,Reincidente
2862,7796,Laberinto sin salida,5,616,388,Desintegrada
2863,1488,Baño de lava,10,789,112,Transferida
2864,183,Cámara de hielo,2,46,254,Sobrevive
2865,613,Loop de reuniones,3,32,166,Sobrevive
2866,999,Grito eterno,10,159,124,Desintegrada
2867,4935,Cámara de hielo,10,319,120,Reincidente
2868,2478,Cámara de hielo,10,183,98,Desintegrada
2869,618,Baño de lava,8,387,187,Transferida
2870,7723,Laberinto sin salida,2,114,206,Reincidente
2871,850,Grito eterno,5,457,460,Sobrevive
2872,7984,Grito eterno,8,143,136,Reincidente
2873,6602,Laberinto sin salida,4,775,388,Desintegrada
2874,4894,Loop de reuniones,10,595,40,Sobrevive
2875,9934,Baño de lava,6,721,214,Sobrevive
2876,9943,Grito eterno,5,586,13,Reincidente
2877,5022,Laberinto sin salida,5,447,118,Sobrevive
2878,3874,Grito eterno,9,579,406,Desintegrada
2879,7582,Laberinto sin salida,6,840,223,Reincidente
2880,7560,Baño de lava,1,446,281,Desintegrada
2881,5712,Grito eterno,4,252,303,Sobrevive
2882,7678,Grito eterno,9,462,80,Transferida
2883,9403,Cámara de hielo,5,592,31,Transferida
2884,5540,Laberinto sin salida,5,348,351,Reincidente
2885,2823,Baño de lava,3,643,54,Desintegrada
2886,5546,Baño de lava,4,601,485,Transferida
2887,8212,Cámara de hielo,4,395,321,Sobrevive
2888,9895,Baño de lava,5,106,187,En proceso
2889,6897,Laberinto sin salida,9,542,418,Reincidente
2890,361,Loop de reuniones,8,1,249,Sobrevive
2891,4581,Grito eterno,10,16,188,Desintegrada
2892,1346,Cámara de hielo,6,978,387,Sobrevive
2893,983,Grito eterno,7,641,177,Reincidente
2894,7733,Baño de lava,6,267,209,Sobrevive
2895,2714,Cámara de hielo,9,50,99,Transferida
2896,3740,Loop de reuniones,4,309,129,Transferida
2897,8235,Laberinto sin salida,2,736,119,Desintegrada
2898,9933,Grito eterno,3,334,314,Desintegrada
2899,945,Laberinto sin salida,1,22,363,Sobrevive
2900,5568,Baño de lava,1,861,130,Reincidente
2901,6775,Cámara de hielo,3,969,468,Sobrevive
2902,5518,Loop de reuniones,2,859,190,Reincidente
2903,854,Baño de lava,5,755,323,Reincidente
2904,388,Laberinto sin salida,7,695,467,Sobrevive
2905,4195,Laberinto sin salida,4,937,309,Reincidente
2906,8037,Grito eterno,6,786,191,Desintegrada
2908,1004,Loop de reuniones,4,180,78,Desintegrada
2909,3328,Cámara de hielo,6,862,192,Desintegrada
2910,5839,Baño de lava,10,698,348,En proceso
2911,7910,Grito eterno,9,748,354,Desintegrada
2912,988,Cámara de hielo,1,548,283,Sobrevive
2913,8072,Loop de reuniones,3,737,157,Reincidente
2914,8888,Baño de lava,8,466,115,Transferida
2915,1697,Baño de lava,2,578,230,Desintegrada
2916,9818,Laberinto sin salida,2,574,234,Reincidente
2917,3989,Grito eterno,8,413,8,Reincidente
2918,5579,Baño de lava,5,35,318,Desintegrada
2919,6467,Baño de lava,2,678,184,Transferida
2920,9102,Baño de lava,3,266,406,Transferida
2921,2495,Baño de lava,8,241,275,Sobrevive
2922,2586,Grito eterno,2,170,318,Transferida
2923,751,Baño de lava,8,846,147,Reincidente
2924,1976,Loop de reuniones,7,572,448,Transferida
2925,2360,Baño de lava,3,207,73,Transferida
2926,4829,Loop de reuniones,5,573,136,Transferida
2927,7388,Laberinto sin salida,7,141,92,Reincidente
2928,3225,Grito eterno,9,335,4,Reincidente
2929,6506,Laberinto sin salida,4,202,76,Desintegrada
2930,1614,Grito eterno,10,11,366,Transferida
2931,666,Cámara de hielo,7,351,1,Sobrevive
2932,2011,Loop de reuniones,2,481,439,Reincidente
2933,3223,Grito eterno,5,867,317,Desintegrada
2934,3113,Laberinto sin salida,7,316,61,Transferida
2935,7422,Grito eterno,2,771,84,Desintegrada
2936,1210,Baño de lava,7,597,121,Reincidente
2937,1088,Cámara de hielo,1,609,481,Transferida
2938,2339,Loop de reuniones,2,406,327,Desintegrada
2939,6507,Baño de lava,8,821,66,Desintegrada
2940,9011,Baño de lava,1,632,378,Sobrevive
2941,582,Loop de reuniones,6,786,117,Transferida
2942,7991,Baño de lava,4,235,478,Transferida
2943,5361,Grito eterno,3,152,296,Sobrevive
2944,1544,Loop de reuniones,1,31,186,Reincidente
2945,3754,Grito eterno,5,740,117,Transferida
2946,8686,Laberinto sin salida,2,117,121,Transferida
2947,2273,Cámara de hielo,2,101,186,Transferida
2948,7158,Grito eterno,6,187,135,Sobrevive
2949,3294,Loop de reuniones,8,40,481,Desintegrada
2950,9760,Laberinto sin salida,4,770,16,Reincidente
2951,5466,Baño de lava,8,104,237,Desintegrada
2952,1752,Cámara de hielo,2,605,212,Reincidente
2953,6278,Loop de reuniones,5,644,313,Transferida
2954,1663,Grito eterno,1,680,451,Desintegrada
2955,1685,Baño de lava,5,400,29,Reincidente
2956,4396,Baño de lava,3,850,270,Sobrevive
2957,7108,Cámara de hielo,10,668,309,Sobrevive
2958,667,Grito eterno,1,309,45,Transferida
2959,340,Cámara de hielo,4,368,119,Desintegrada
2960,2308,Grito eterno,3,757,460,Reincidente
2961,5125,Cámara de hielo,1,835,117,Sobrevive
2962,964,Loop de reuniones,5,263,84,Desintegrada
2963,5063,Laberinto sin salida,4,843,157,Transferida
2964,2390,Laberinto sin salida,4,128,68,Reincidente
2965,7269,Baño de lava,10,106,288,Desintegrada
2966,5112,Baño de lava,1,165,266,Reincidente
2967,6836,Laberinto sin salida,1,519,73,Sobrevive
2968,2120,Grito eterno,7,81,147,Sobrevive
2969,8870,Cámara de hielo,7,773,76,Reincidente
2970,2812,Baño de lava,1,116,422,Desintegrada
2971,344,Loop de reuniones,5,498,323,Transferida
2972,3138,Cámara de hielo,7,3,250,Transferida
2973,4790,Loop de reuniones,9,707,5,Reincidente
2974,5629,Cámara de hielo,7,715,68,Transferida
2975,867,Loop de reuniones,7,174,165,Sobrevive
2976,6951,Cámara de hielo,2,376,240,Desintegrada
2977,6538,Baño de lava,1,799,157,Desintegrada
2978,2039,Grito eterno,1,761,309,Transferida
2979,3164,Loop de reuniones,3,915,119,Transferida
2980,3643,Grito eterno,7,417,217,Transferida
2981,3681,Grito eterno,2,303,187,Reincidente
2982,9512,Grito eterno,4,251,356,Desintegrada
2983,2470,Laberinto sin salida,1,607,280,Transferida
2984,6758,Baño de lava,10,87,230,Reincidente
2985,7731,Cámara de hielo,8,280,264,Transferida
2986,9156,Loop de reuniones,5,950,495,Desintegrada
2987,8965,Grito eterno,1,278,180,Transferida
2988,1075,Grito eterno,9,762,468,Sobrevive
2989,8177,Loop de reuniones,5,45,115,Transferida
2990,445,Grito eterno,1,627,327,Desintegrada
2991,4026,Grito eterno,9,137,86,Desintegrada
2992,3763,Laberinto sin salida,8,468,180,Reincidente
2993,4761,Grito eterno,8,88,406,Reincidente
2994,6234,Cámara de hielo,2,223,286,Desintegrada
2995,5447,Laberinto sin salida,9,488,2,Desintegrada
2996,50,Grito eterno,1,390,322,Desintegrada
2997,887,Cámara de hielo,3,798,84,Desintegrada
2998,7208,Baño de lava,9,414,130,Transferida
2999,440,Cámara de hielo,10,888,135,Reincidente
3000,951,Laberinto sin salida,7,445,314,Reincidente
3001,8057,Grito eterno,3,475,81,Sobrevive
3002,480,Grito eterno,5,727,211,Transferida
3003,4429,Loop de reuniones,8,5,29,Transferida
3004,4877,Baño de lava,7,890,423,Desintegrada
3005,8947,Cámara de hielo,2,623,72,Reincidente
3006,2337,Loop de reuniones,2,863,349,Reincidente
3007,4277,Laberinto sin salida,7,320,311,Transferida
3008,3445,Grito eterno,7,832,242,Reincidente
3009,8541,Loop de reuniones,4,364,327,Desintegrada
3010,651,Grito eterno,7,291,327,Sobrevive
3011,1988,Loop de reuniones,10,412,229,Transferida
3012,6712,Laberinto sin salida,9,595,190,Desintegrada
3013,4194,Grito eterno,3,287,421,Reincidente
3014,5499,Cámara de hielo,2,158,48,Transferida
3016,6518,Laberinto sin salida,2,933,120,Reincidente
3017,8188,Grito eterno,3,858,281,Transferida
3018,9019,Baño de lava,7,571,445,En proceso
3019,425,Cámara de hielo,10,194,159,Reincidente
3020,6125,Grito eterno,9,670,307,Reincidente
3021,7319,Cámara de hielo,1,979,73,Transferida
3022,5299,Grito eterno,1,352,442,Reincidente
3023,211,Cámara de hielo,5,886,250,Sobrevive
3024,2679,Cámara de hielo,1,534,68,Sobrevive
3025,6918,Grito eterno,4,690,275,Desintegrada
3026,19,Loop de reuniones,8,168,284,Desintegrada
3027,9363,Cámara de hielo,9,248,445,Sobrevive
3028,2197,Loop de reuniones,6,958,471,Desintegrada
3029,9727,Baño de lava,1,953,299,Sobrevive
3030,6941,Loop de reuniones,5,698,348,Reincidente
3031,4999,Baño de lava,6,47,72,Reincidente
3032,1167,Baño de lava,1,277,377,Transferida
3033,7497,Baño de lava,4,871,34,Transferida
3034,1111,Laberinto sin salida,9,766,263,Transferida
3035,994,Loop de reuniones,9,347,105,Reincidente
3036,1078,Laberinto sin salida,5,788,423,Desintegrada
3037,2604,Grito eterno,4,96,283,Desintegrada
3038,9615,Laberinto sin salida,5,486,485,Desintegrada
3039,9740,Grito eterno,5,958,314,Transferida
3040,2489,Baño de lava,3,465,378,Reincidente
3041,7243,Grito eterno,8,761,208,Desintegrada
3042,6395,Loop de reuniones,8,740,411,Desintegrada
3043,5345,Cámara de hielo,4,636,4,Sobrevive
3044,7052,Cámara de hielo,8,940,411,Desintegrada
3045,8880,Baño de lava,9,187,411,Sobrevive
3046,3529,Loop de reuniones,2,265,109,Reincidente
3047,7047,Laberinto sin salida,6,821,317,Desintegrada
3048,5753,Baño de lava,8,340,362,Reincidente
3049,4656,Baño de lava,3,27,211,Desintegrada
3050,7690,Laberinto sin salida,1,686,211,Reincidente
3051,5107,Laberinto sin salida,5,810,349,Reincidente
3052,2464,Loop de reuniones,7,238,81,Transferida
3053,8675,Laberinto sin salida,6,641,439,Reincidente
3054,4508,Grito eterno,8,679,349,Sobrevive
3055,8203,Cámara de hielo,10,478,386,Transferida
3056,3368,Cámara de hielo,2,492,270,Desintegrada
3057,2619,Baño de lava,5,375,127,Desintegrada
3058,9743,Grito eterno,7,148,271,Transferida
3059,6089,Cámara de hielo,9,386,31,Reincidente
3060,8261,Baño de lava,4,877,349,Reincidente
3061,527,Cámara de hielo,9,589,388,Reincidente
3062,9283,Loop de reuniones,6,585,86,Transferida
3063,8620,Baño de lava,8,231,388,Sobrevive
3064,485,Laberinto sin salida,2,599,372,Reincidente
3065,5640,Baño de lava,4,496,480,Reincidente
3066,1042,Laberinto sin salida,10,456,31,Reincidente
3068,526,Loop de reuniones,8,892,50,Reincidente
3069,6916,Loop de reuniones,7,953,382,Sobrevive
3070,9118,Cámara de hielo,2,263,114,Reincidente
3071,4540,Baño de lava,9,964,494,Transferida
3072,4935,Grito eterno,2,516,183,Desintegrada
3073,815,Baño de lava,7,354,89,Transferida
3074,6741,Loop de reuniones,4,712,442,Sobrevive
3075,1445,Baño de lava,3,383,221,Desintegrada
3076,9155,Laberinto sin salida,8,774,313,Transferida
3077,587,Loop de reuniones,9,575,73,Transferida
3078,2295,Laberinto sin salida,9,870,166,Desintegrada
3079,5905,Grito eterno,2,409,335,Desintegrada
3080,3786,Baño de lava,4,283,286,Sobrevive
3081,8632,Loop de reuniones,10,282,198,Transferida
3082,6100,Baño de lava,4,800,9,Desintegrada
3083,5456,Baño de lava,1,526,480,Sobrevive
3084,675,Laberinto sin salida,10,152,442,Transferida
3085,8167,Grito eterno,9,665,242,Transferida
3086,1048,Grito eterno,5,609,454,Sobrevive
3087,3826,Baño de lava,9,259,311,En proceso
3088,2944,Grito eterno,5,776,220,Reincidente
3089,5344,Laberinto sin salida,3,670,322,Reincidente
3090,3563,Grito eterno,4,100,377,Transferida
3091,7722,Laberinto sin salida,9,821,86,Reincidente
3093,2498,Loop de reuniones,8,102,313,Reincidente
3094,6465,Laberinto sin salida,5,872,80,Sobrevive
3095,2975,Baño de lava,1,797,237,Desintegrada
3096,1373,Laberinto sin salida,8,671,360,Desintegrada
3097,617,Baño de lava,1,753,421,Transferida
3098,8876,Baño de lava,10,759,394,Sobrevive
3099,1439,Laberinto sin salida,9,300,190,Desintegrada
3100,5000,Cámara de hielo,4,710,432,Sobrevive
3101,683,Cámara de hielo,10,939,451,Desintegrada
3102,194,Loop de reuniones,3,77,186,En proceso
3103,1774,Baño de lava,10,986,311,Reincidente
3104,1021,Baño de lava,6,667,356,Reincidente
3105,4929,Grito eterno,10,451,73,Reincidente
3106,2441,Grito eterno,8,88,58,Transferida
3107,1647,Laberinto sin salida,1,281,163,Desintegrada
3108,1162,Laberinto sin salida,8,732,332,Transferida
3109,9697,Baño de lava,8,312,464,En proceso
3110,9677,Cámara de hielo,9,265,157,Transferida
3111,1250,Grito eterno,6,456,441,Reincidente
3112,2855,Cámara de hielo,8,79,384,Desintegrada
3113,357,Loop de reuniones,8,217,173,Reincidente
3114,4418,Loop de reuniones,9,520,136,Reincidente
3115,2349,Baño de lava,8,864,126,Sobrevive
3116,7482,Grito eterno,1,64,386,Reincidente
3117,6034,Loop de reuniones,10,896,13,Reincidente
3118,4764,Grito eterno,7,139,15,Transferida
3119,8370,Loop de reuniones,2,581,440,Sobrevive
3120,4334,Baño de lava,1,278,5,Sobrevive
3121,278,Baño de lava,3,713,208,Transferida
3122,1146,Baño de lava,4,511,240,Transferida
3123,6070,Loop de reuniones,9,571,229,Desintegrada
3124,2883,Loop de reuniones,7,819,137,En proceso
3125,345,Cámara de hielo,1,996,190,Desintegrada
3126,9502,Loop de reuniones,5,961,231,Reincidente
3127,9600,Laberinto sin salida,7,814,166,Reincidente
3128,7120,Baño de lava,2,154,183,Reincidente
3129,4993,Baño de lava,9,113,80,Sobrevive
3130,9149,Cámara de hielo,5,757,384,Desintegrada
3131,1733,Laberinto sin salida,10,667,279,Desintegrada
3132,6115,Baño de lava,8,410,321,Desintegrada
3133,7708,Laberinto sin salida,10,815,315,Reincidente
3134,4849,Baño de lava,4,362,494,Desintegrada
3135,9656,Baño de lava,5,953,93,Sobrevive
3136,8446,Baño de lava,8,386,275,Transferida
3137,1059,Cámara de hielo,8,127,288,Reincidente
3138,3385,Loop de reuniones,9,126,227,Desintegrada
3139,6234,Cámara de hielo,2,10,450,Reincidente
3140,9550,Cámara de hielo,3,875,327,Sobrevive
3141,1644,Cámara de hielo,1,294,219,Sobrevive
3142,4433,Baño de lava,2,407,288,Sobrevive
3143,4337,Loop de reuniones,8,752,183,Reincidente
3144,1659,Loop de reuniones,5,108,427,Desintegrada
3145,2175,Grito eterno,1,174,350,Desintegrada
3146,9492,Cámara de hielo,6,940,357,Desintegrada
3147,4867,Baño de lava,2,581,16,Desintegrada
3148,4560,Laberinto sin salida,6,979,184,Sobrevive
3149,3572,Loop de reuniones,8,600,31,Desintegrada
3150,6906,Laberinto sin salida,9,806,313,Sobrevive
3151,2558,Baño de lava,2,279,274,Sobrevive
3152,1798,Baño de lava,10,115,158,Reincidente
3153,7473,Grito eterno,1,472,5,Sobrevive
3155,9783,Grito eterno,2,226,5,Sobrevive
3156,5208,Grito eterno,6,901,313,Transferida
3157,6544,Loop de reuniones,1,258,93,Sobrevive
3158,5079,Loop de reuniones,5,95,78,Sobrevive
3159,5130,Grito eterno,5,440,312,Desintegrada
3160,6639,Baño de lava,5,788,128,Sobrevive
3161,4214,Loop de reuniones,7,204,495,Transferida
3162,3796,Loop de reuniones,2,760,147,Sobrevive
3163,7296,Cámara de hielo,5,601,337,Sobrevive
3164,649,Loop de reuniones,7,909,254,Desintegrada
3166,9258,Cámara de hielo,4,36,311,Reincidente
3167,621,Laberinto sin salida,5,904,188,Sobrevive
3168,4826,Cámara de hielo,6,757,227,Sobrevive
3169,2934,Cámara de hielo,4,350,347,Sobrevive
3170,4730,Laberinto sin salida,10,932,479,Desintegrada
3171,3678,Loop de reuniones,2,114,442,Desintegrada
3172,541,Cámara de hielo,6,242,242,Desintegrada
3173,5099,Loop de reuniones,3,808,322,Reincidente
3174,1836,Loop de reuniones,6,423,78,Desintegrada
3175,2719,Loop de reuniones,8,426,241,Sobrevive
3176,8075,Cámara de hielo,5,521,55,En proceso
3177,8645,Grito eterno,1,224,281,Desintegrada
3178,2073,Grito eterno,1,297,427,Transferida
3179,1204,Cámara de hielo,6,703,88,Desintegrada
3180,3554,Grito eterno,8,177,464,Desintegrada
3181,8075,Cámara de hielo,1,487,316,Transferida
3182,3774,Grito eterno,10,193,219,Sobrevive
3183,9793,Loop de reuniones,3,8,58,Sobrevive
3184,9997,Baño de lava,2,60,13,Desintegrada
3185,8142,Loop de reuniones,4,575,129,Desintegrada
3186,4509,Baño de lava,7,33,288,Desintegrada
3187,4436,Laberinto sin salida,10,459,16,Reincidente
3189,3697,Laberinto sin salida,9,218,24,Desintegrada
3190,9311,Laberinto sin salida,9,148,377,Desintegrada
3191,3522,Loop de reuniones,5,747,351,Transferida
3192,3342,Laberinto sin salida,9,812,137,Desintegrada
3193,4906,Grito eterno,8,907,211,Sobrevive
3194,8547,Cámara de hielo,2,705,80,Transferida
3195,6216,Grito eterno,2,925,180,Reincidente
3196,5657,Cámara de hielo,2,193,270,Transferida
3197,4057,Cámara de hielo,4,317,124,Sobrevive
3198,87,Cámara de hielo,1,470,454,Sobrevive
3199,7413,Baño de lava,9,154,232,Desintegrada
3200,8710,Loop de reuniones,3,413,71,Reincidente
3201,2664,Grito eterno,9,475,327,Sobrevive
3202,4143,Baño de lava,5,766,388,Desintegrada
3203,1086,Cámara de hielo,3,349,48,Transferida
3204,1587,Cámara de hielo,8,468,114,Sobrevive
3205,5070,Cámara de hielo,8,383,93,Transferida
3206,4705,Loop de reuniones,6,510,107,Transferida
3207,2932,Laberinto sin salida,7,406,181,Reincidente
3208,9364,Loop de reuniones,4,94,92,Transferida
3209,8701,Loop de reuniones,1,998,89,Desintegrada
3210,6025,Loop de reuniones,5,488,189,Reincidente
3211,2951,Loop de reuniones,10,84,445,Sobrevive
3212,965,Baño de lava,9,808,217,Reincidente
3213,7648,Loop de reuniones,7,232,98,Reincidente
3214,7106,Grito eterno,4,101,113,Sobrevive
3215,1858,Laberinto sin salida,5,860,105,Sobrevive
3216,87,Baño de lava,2,9,278,Transferida
3217,6765,Loop de reuniones,5,880,361,Reincidente
3218,9316,Cámara de hielo,1,883,231,Sobrevive
3219,9621,Loop de reuniones,10,418,432,Sobrevive
3220,7512,Grito eterno,8,196,279,Desintegrada
3221,9847,Laberinto sin salida,9,832,316,Desintegrada
3222,312,Loop de reuniones,1,993,211,Reincidente
3223,6086,Laberinto sin salida,7,951,307,Transferida
3224,1656,Baño de lava,2,148,85,En proceso
3225,3233,Loop de reuniones,2,833,283,Desintegrada
3226,5712,Loop de reuniones,7,246,366,Reincidente
3227,3524,Cámara de hielo,7,506,443,Reincidente
3228,2242,Cámara de hielo,9,143,3,Sobrevive
3229,6154,Baño de lava,8,397,418,Transferida
3230,9055,Baño de lava,8,782,430,Desintegrada
3231,6532,Laberinto sin salida,5,945,445,Desintegrada
3232,7489,Loop de reuniones,4,768,274,Sobrevive
3233,4079,Laberinto sin salida,1,388,221,Transferida
3234,6467,Cámara de hielo,3,138,427,Transferida
3235,9829,Baño de lava,9,53,211,Transferida
3236,8863,Loop de reuniones,9,13,303,Desintegrada
3237,2656,Loop de reuniones,10,194,117,En proceso
3238,9866,Loop de reuniones,7,678,115,Transferida
3239,9979,Laberinto sin salida,9,76,334,Reincidente
3240,2328,Loop de reuniones,3,13,354,Sobrevive
3241,4173,Grito eterno,3,594,454,Desintegrada
3242,9094,Baño de lava,1,496,29,Sobrevive
3243,6350,Loop de reuniones,6,29,241,Sobrevive
3244,1927,Loop de reuniones,3,329,409,Reincidente
3245,5954,Grito eterno,6,487,1,Desintegrada
3246,1118,Baño de lava,2,554,467,Desintegrada
3247,8590,Laberinto sin salida,2,492,254,Sobrevive
3248,5097,Cámara de hielo,9,694,198,Transferida
3249,2084,Loop de reuniones,10,510,363,Reincidente
3250,2170,Grito eterno,5,979,2,Desintegrada
3251,787,Laberinto sin salida,9,579,9,Sobrevive
3252,7973,Cámara de hielo,10,151,474,Reincidente
3253,8880,Grito eterno,9,478,226,Transferida
3254,4896,Baño de lava,2,42,377,Transferida
3255,4914,Grito eterno,5,882,128,Sobrevive
3256,7653,Laberinto sin salida,5,411,322,Reincidente
3257,6417,Laberinto sin salida,10,655,266,Transferida
3258,8968,Laberinto sin salida,4,277,234,Transferida
3259,3980,Baño de lava,1,334,79,Sobrevive
3260,2274,Baño de lava,4,985,135,Reincidente
3261,9194,Laberinto sin salida,1,718,249,Sobrevive
3262,7960,Grito eterno,9,122,214,Sobrevive
3263,4234,Loop de reuniones,7,514,475,Desintegrada
3264,549,Laberinto sin salida,10,870,119,Desintegrada
3265,8148,Grito eterno,7,539,184,Sobrevive
3266,4008,Baño de lava,9,455,309,Desintegrada
3267,7267,Cámara de hielo,5,223,151,Sobrevive
3268,2540,Baño de lava,9,475,71,Sobrevive
3269,5921,Cámara de hielo,6,219,296,Transferida
3270,3612,Loop de reuniones,4,280,237,Sobrevive
3271,2865,Loop de reuniones,9,64,271,Reincidente
3272,2537,Laberinto sin salida,1,442,275,Transferida
3273,7072,Laberinto sin salida,5,427,29,Reincidente
3274,3363,Cámara de hielo,5,613,58,Reincidente
3275,5145,Baño de lava,6,329,50,Desintegrada
3276,5807,Laberinto sin salida,3,918,483,Sobrevive
3277,6646,Baño de lava,4,595,107,Sobrevive
3278,3478,Loop de reuniones,5,675,105,Desintegrada
3279,3672,Baño de lava,1,499,40,Reincidente
3280,453,Grito eterno,6,850,327,Reincidente
3281,1009,Cámara de hielo,8,156,66,Reincidente
3282,4289,Grito eterno,7,660,411,Reincidente
3283,1461,Cámara de hielo,3,988,270,Reincidente
3284,8503,Cámara de hielo,8,853,84,Transferida
3285,9412,Cámara de hielo,7,835,85,Reincidente
3286,214,Laberinto sin salida,9,722,423,Transferida
3287,531,Grito eterno,9,454,142,Transferida
3288,8413,Cámara de hielo,7,937,274,Reincidente
3289,3633,Cámara de hielo,3,867,16,Transferida
3290,5684,Loop de reuniones,5,103,299,Transferida
3291,5781,Cámara de hielo,8,367,1,Desintegrada
3292,7322,Grito eterno,7,247,54,Transferida
3293,9484,Baño de lava,10,266,409,Sobrevive
3294,1856,Grito eterno,6,273,92,Sobrevive
3295,6006,Loop de reuniones,5,465,463,Reincidente
3296,2966,Loop de reuniones,8,462,206,Desintegrada
3297,7372,Cámara de hielo,7,61,266,Reincidente
3298,6407,Laberinto sin salida,1,915,295,Desintegrada
3299,8693,Baño de lava,1,832,181,Reincidente
3300,1521,Loop de reuniones,2,437,220,Reincidente
3301,6016,Baño de lava,6,719,240,Desintegrada
3302,1676,Laberinto sin salida,10,83,322,Desintegrada
3303,8659,Cámara de hielo,4,128,354,Sobrevive
3304,3347,Laberinto sin salida,7,77,1,Reincidente
3305,676,Laberinto sin salida,3,322,72,Reincidente
3306,3811,Laberinto sin salida,7,874,426,Reincidente
3307,7392,Baño de lava,2,436,288,Desintegrada
3308,3187,Loop de reuniones,8,267,45,Desintegrada
3309,6660,Loop de reuniones,1,590,468,Reincidente
3310,3701,Grito eterno,7,764,491,Reincidente
3311,4505,Grito eterno,7,885,445,Sobrevive
3312,9362,Laberinto sin salida,10,653,385,Reincidente
3314,184,Loop de reuniones,5,682,114,Reincidente
3315,3605,Laberinto sin salida,5,936,1,Transferida
3316,267,Baño de lava,9,269,451,Reincidente
3317,1974,Baño de lava,3,16,120,Reincidente
3318,6126,Grito eterno,7,247,295,Sobrevive
3319,4011,Baño de lava,10,867,315,Reincidente
3320,4694,Grito eterno,1,559,40,Reincidente
3321,4938,Cámara de hielo,6,965,275,Transferida
3322,7263,Grito eterno,3,467,377,Desintegrada
3323,7465,Laberinto sin salida,1,783,354,Transferida
3324,2774,Grito eterno,9,891,48,Reincidente
3325,5418,Cámara de hielo,10,480,91,Reincidente
3326,4480,Grito eterno,5,672,168,Desintegrada
3327,1634,Cámara de hielo,3,68,478,Transferida
3328,3411,Loop de reuniones,9,350,112,Reincidente
3329,6219,Loop de reuniones,2,602,227,Transferida
3330,331,Laberinto sin salida,9,331,84,Reincidente
3331,2500,Cámara de hielo,5,960,330,Sobrevive
3332,2188,Laberinto sin salida,8,429,281,Desintegrada
3333,586,Baño de lava,2,920,354,Sobrevive
3334,6030,Baño de lava,9,754,68,Sobrevive
3335,9550,Baño de lava,8,113,295,Desintegrada
3336,5553,Laberinto sin salida,2,998,166,Transferida
3337,6952,Baño de lava,5,579,343,Reincidente
3338,9033,Cámara de hielo,10,659,390,Transferida
3339,3711,Laberinto sin salida,9,723,109,Reincidente
3340,1891,Loop de reuniones,1,643,206,Reincidente
3341,1675,Grito eterno,9,332,79,Desintegrada
3342,1246,Cámara de hielo,5,193,275,En proceso
3343,6326,Laberinto sin salida,1,843,364,Reincidente
3344,8867,Loop de reuniones,3,124,283,Transferida
3345,8085,Loop de reuniones,4,592,394,Transferida
3346,5439,Grito eterno,8,483,350,Reincidente
3347,602,Cámara de hielo,8,306,158,Sobrevive
3348,2993,Cámara de hielo,10,520,114,Reincidente
3349,7910,Cámara de hielo,10,101,286,Reincidente
3350,1622,Grito eterno,9,160,303,Sobrevive
3351,3554,Loop de reuniones,7,661,348,Transferida
3352,9836,Loop de reuniones,8,900,55,Desintegrada
3353,4267,Baño de lava,2,314,230,Desintegrada
3354,806,Grito eterno,4,253,357,Sobrevive
3355,182,Laberinto sin salida,7,92,309,Sobrevive
3356,9146,Baño de lava,10,808,303,Reincidente
3357,200,Cámara de hielo,4,221,426,Reincidente
3358,9534,Laberinto sin salida,2,779,271,Transferida
3359,4121,Grito eterno,1,416,331,Desintegrada
3360,4887,Cámara de hielo,4,32,76,Sobrevive
3361,1269,Laberinto sin salida,5,349,16,Sobrevive
3362,5083,Cámara de hielo,10,348,120,Desintegrada
3363,9961,Loop de reuniones,1,554,242,Desintegrada
3364,1523,Cámara de hielo,2,853,209,Sobrevive
3365,4385,Laberinto sin salida,7,969,480,Transferida
3366,1355,Baño de lava,8,868,54,Transferida
3367,566,Loop de reuniones,10,98,181,Transferida
3368,4876,Baño de lava,1,986,264,Sobrevive
3369,3495,Cámara de hielo,3,651,443,Desintegrada
3370,661,Loop de reuniones,2,836,357,Desintegrada
3371,2132,Baño de lava,7,688,175,En proceso
3372,2,Cámara de hielo,7,30,142,Desintegrada
3373,1925,Baño de lava,10,780,368,Desintegrada
3374,9785,Cámara de hielo,8,258,80,Transferida
3375,2785,Cámara de hielo,8,588,242,Transferida
3376,3902,Baño de lava,5,450,430,Desintegrada
3377,4655,Grito eterno,3,926,254,Reincidente
3378,3705,Baño de lava,3,368,362,Desintegrada
3379,3184,Laberinto sin salida,10,667,271,Desintegrada
3380,4392,Laberinto sin salida,7,479,418,Reincidente
3381,165,Baño de lava,2,985,439,Reincidente
3382,1755,Loop de reuniones,9,937,318,Sobrevive
3383,2958,Grito eterno,4,609,454,Sobrevive
3384,1916,Grito eterno,5,327,229,Desintegrada
3385,9080,Laberinto sin salida,1,524,356,Reincidente
3386,5373,Loop de reuniones,9,417,457,Sobrevive
3387,9684,Grito eterno,9,734,183,Reincidente
3388,3335,Baño de lava,5,705,66,Transferida
3389,6986,Loop de reuniones,10,549,40,Desintegrada
3390,7010,Cámara de hielo,3,842,43,Transferida
3391,4154,Loop de reuniones,8,847,250,Transferida
3392,3280,Baño de lava,7,558,334,Desintegrada
3393,2508,Loop de reuniones,10,143,362,Desintegrada
3394,1485,Loop de reuniones,4,5,276,Reincidente
3395,7578,Grito eterno,2,686,218,Sobrevive
3396,9406,Loop de reuniones,8,495,317,Transferida
3397,3288,Baño de lava,8,871,495,Transferida
3398,2905,Grito eterno,5,407,349,Sobrevive
3399,4632,Cámara de hielo,10,1000,354,Transferida
3400,6150,Laberinto sin salida,5,405,168,Desintegrada
3401,5032,Loop de reuniones,8,892,303,Sobrevive
3402,7190,Laberinto sin salida,1,517,107,Reincidente
3403,286,Baño de lava,5,157,209,Desintegrada
3404,2405,Laberinto sin salida,6,295,54,Sobrevive
3405,5139,Grito eterno,3,77,249,Transferida
3406,4325,Cámara de hielo,5,545,387,Sobrevive
3407,3688,Baño de lava,3,385,24,Reincidente
3408,8677,Laberinto sin salida,8,255,350,Transferida
3409,361,Cámara de hielo,4,364,386,Sobrevive
3410,6577,Laberinto sin salida,7,398,481,Desintegrada
3411,2002,Cámara de hielo,2,461,177,Transferida
3412,3282,Laberinto sin salida,8,634,485,Desintegrada
3413,7172,Loop de reuniones,9,570,453,Desintegrada
3414,175,Grito eterno,3,121,317,Sobrevive
3415,9378,Laberinto sin salida,3,969,347,Transferida
3416,5448,Grito eterno,9,226,66,Reincidente
3417,6563,Baño de lava,10,759,120,Reincidente
3418,2643,Grito eterno,9,366,175,Desintegrada
3419,6310,Laberinto sin salida,9,660,157,Desintegrada
3420,313,Loop de reuniones,5,32,464,Desintegrada
3421,1069,Loop de reuniones,7,160,175,Sobrevive
3422,7333,Baño de lava,8,4,296,Sobrevive
3423,5952,Laberinto sin salida,1,493,309,Transferida
3424,6955,Baño de lava,4,174,467,Desintegrada
3425,61,Laberinto sin salida,3,341,312,Desintegrada
3426,3823,Laberinto sin salida,10,376,226,Desintegrada
3427,4221,Laberinto sin salida,7,635,422,Sobrevive
3428,6777,Loop de reuniones,10,184,99,Reincidente
3429,6791,Loop de reuniones,6,60,387,Reincidente
3430,6847,Cámara de hielo,2,956,208,Sobrevive
3431,2192,Loop de reuniones,4,555,160,Reincidente
3432,5644,Baño de lava,4,994,166,Reincidente
3433,4097,Loop de reuniones,5,305,409,Sobrevive
3434,3380,Grito eterno,2,577,129,Reincidente
3435,9699,Loop de reuniones,8,956,212,Desintegrada
3436,4466,Laberinto sin salida,4,382,347,Sobrevive
3437,6127,Laberinto sin salida,2,476,288,Reincidente
3438,9403,Baño de lava,2,548,231,Transferida
3439,7650,Cámara de hielo,10,615,173,Transferida
3440,9051,Grito eterno,1,45,338,Desintegrada
3441,1696,Loop de reuniones,9,847,440,Reincidente
3442,9204,Baño de lava,5,338,113,Sobrevive
3443,8057,Cámara de hielo,3,989,2,Desintegrada
3444,5536,Baño de lava,4,179,120,Transferida
3445,2912,Baño de lava,8,851,364,Transferida
3446,1364,Loop de reuniones,1,244,422,Transferida
3447,4432,Baño de lava,10,376,31,Sobrevive
3448,3593,Loop de reuniones,8,691,127,Reincidente
3449,1219,Cámara de hielo,3,70,92,Sobrevive
3450,5405,Loop de reuniones,8,830,211,Transferida
3451,5674,Grito eterno,7,136,354,Transferida
3452,4447,Baño de lava,3,311,99,Sobrevive
3453,5485,Laberinto sin salida,9,597,131,Sobrevive
3454,1574,Cámara de hielo,3,926,1,Desintegrada
3455,5907,Loop de reuniones,9,742,444,Sobrevive
3456,52,Baño de lava,4,873,279,Sobrevive
3457,5763,Grito eterno,2,715,420,Sobrevive
3458,6999,Loop de reuniones,3,423,418,Desintegrada
3459,6513,Grito eterno,1,413,127,Desintegrada
3460,8545,Baño de lava,6,656,495,Reincidente
3461,3937,Grito eterno,1,458,442,Transferida
3462,9453,Grito eterno,1,819,426,Reincidente
3463,3210,Laberinto sin salida,9,565,137,Reincidente
3464,3599,Laberinto sin salida,5,68,168,Transferida
3465,7249,Laberinto sin salida,5,447,349,Desintegrada
3466,6042,Laberinto sin salida,10,40,240,Sobrevive
3467,8653,Loop de reuniones,4,801,357,Sobrevive
3468,1039,Laberinto sin salida,6,785,420,Transferida
3469,7071,Grito eterno,5,409,119,Transferida
3470,4533,Grito eterno,1,712,142,Reincidente
3471,9750,Cámara de hielo,5,241,72,Desintegrada
3472,5849,Loop de reuniones,7,514,314,En proceso
3473,1257,Baño de lava,9,888,66,Reincidente
3474,4509,Loop de reuniones,1,605,240,Reincidente
3475,4741,Grito eterno,6,674,120,Desintegrada
3476,4102,Grito eterno,5,682,99,Desintegrada
3477,7923,Grito eterno,6,233,232,Reincidente
3478,7126,Laberinto sin salida,6,770,129,Transferida
3479,9802,Loop de reuniones,2,60,337,Reincidente
3481,4309,Baño de lava,5,707,81,Sobrevive
3482,6811,Baño de lava,3,12,220,Reincidente
3483,1300,Cámara de hielo,2,866,441,Transferida
3484,9559,Baño de lava,2,247,68,Desintegrada
3485,7248,Baño de lava,6,59,283,Reincidente
3486,5341,Loop de reuniones,1,612,330,Sobrevive
3487,8489,Baño de lava,7,243,42,Reincidente
3488,9440,Loop de reuniones,3,269,41,Desintegrada
3489,3958,Grito eterno,3,143,192,Desintegrada
3490,7005,Loop de reuniones,8,918,1,Sobrevive
3491,903,Loop de reuniones,1,171,157,Transferida
3492,2374,Loop de reuniones,8,777,227,Desintegrada
3493,3598,Grito eterno,3,662,366,Transferida
3494,9324,Laberinto sin salida,6,480,130,Sobrevive
3495,557,Cámara de hielo,3,268,117,Reincidente
3496,4994,Laberinto sin salida,9,380,180,Sobrevive
3497,9775,Cámara de hielo,7,13,343,Transferida
3498,3177,Cámara de hielo,10,495,443,Desintegrada
3499,4173,Baño de lava,5,554,478,Reincidente
3500,6846,Cámara de hielo,6,384,378,Sobrevive
3502,6073,Cámara de hielo,2,572,483,Transferida
3503,2811,Grito eterno,7,861,440,Sobrevive
3504,137,Baño de lava,9,888,74,Reincidente
3505,7754,Cámara de hielo,10,394,224,Sobrevive
3506,4110,Grito eterno,1,838,226,Reincidente
3507,7018,Cámara de hielo,4,504,485,Desintegrada
3508,5762,Laberinto sin salida,9,152,442,Sobrevive
3509,8232,Grito eterno,4,435,327,Desintegrada
3510,2233,Loop de reuniones,10,329,234,Reincidente
3511,404,Baño de lava,9,97,372,Transferida
3512,6965,Grito eterno,1,132,349,Desintegrada
3513,8753,Grito eterno,9,520,120,Transferida
3514,8894,Loop de reuniones,1,785,494,Desintegrada
3515,1382,Loop de reuniones,10,478,237,Transferida
3516,1066,Laberinto sin salida,2,676,264,Desintegrada
3517,1938,Laberinto sin salida,7,249,251,Reincidente
3518,5904,Baño de lava,3,136,99,Sobrevive
3519,5309,Cámara de hielo,3,472,296,Desintegrada
3520,3060,Grito eterno,6,215,338,Transferida
3521,526,Cámara de hielo,3,897,382,Reincidente
3522,6919,Cámara de hielo,9,304,198,Desintegrada
3523,7669,Baño de lava,1,6,10,Desintegrada
3524,3766,Laberinto sin salida,2,3,159,Desintegrada
3525,5192,Laberinto sin salida,10,499,313,Desintegrada
3526,6500,Baño de lava,6,824,50,Desintegrada
3527,1681,Loop de reuniones,10,159,112,Reincidente
3528,7917,Cámara de hielo,9,515,240,Transferida
3529,9843,Cámara de hielo,4,405,387,Reincidente
3530,7265,Loop de reuniones,4,756,227,Transferida
3531,6912,Baño de lava,2,376,279,Reincidente
3532,2998,Baño de lava,5,990,88,Sobrevive
3533,5350,Grito eterno,4,286,209,Reincidente
3534,2455,Baño de lava,9,721,414,Reincidente
3535,4573,Grito eterno,2,202,263,Transferida
3536,6294,Loop de reuniones,5,369,227,Reincidente
3537,7409,Laberinto sin salida,10,964,72,Transferida
3538,2839,Baño de lava,2,579,158,Reincidente
3539,9240,Baño de lava,2,34,15,Transferida
3540,766,Grito eterno,1,196,426,Transferida
3541,1391,Grito eterno,8,930,394,Desintegrada
3542,2987,Laberinto sin salida,6,873,288,Transferida
3543,5345,Cámara de hielo,2,486,361,Desintegrada
3544,1089,Cámara de hielo,5,620,471,Transferida
3545,6683,Baño de lava,2,656,135,Reincidente
3546,8696,Loop de reuniones,1,66,420,Transferida
3547,9327,Grito eterno,3,103,284,Sobrevive
3548,454,Cámara de hielo,7,640,220,Sobrevive
3549,8658,Laberinto sin salida,10,429,91,Transferida
3550,5770,Cámara de hielo,2,656,385,Desintegrada
3551,1314,Cámara de hielo,2,872,415,Sobrevive
3552,3477,Laberinto sin salida,1,779,318,Reincidente
3553,7755,Laberinto sin salida,4,165,241,Reincidente
3554,8297,Grito eterno,8,618,430,Transferida
3555,6263,Cámara de hielo,7,772,318,Reincidente
3556,1486,Loop de reuniones,2,541,445,Reincidente
3557,6598,Baño de lava,6,668,50,Desintegrada
3558,82,Loop de reuniones,9,880,175,Desintegrada
3559,4331,Cámara de hielo,6,432,112,Transferida
3560,2072,Loop de reuniones,2,903,323,Reincidente
3561,6403,Laberinto sin salida,5,579,212,Sobrevive
3562,5207,Grito eterno,10,936,311,Sobrevive
3563,4624,Laberinto sin salida,3,354,250,Sobrevive
3564,1154,Grito eterno,5,202,430,Desintegrada
3565,9615,Loop de reuniones,3,699,440,Sobrevive
3566,2244,Cámara de hielo,5,46,72,Sobrevive
3567,601,Baño de lava,2,692,422,Reincidente
3568,4927,Loop de reuniones,1,830,348,Transferida
3569,4650,Laberinto sin salida,1,811,158,Reincidente
3570,1397,Baño de lava,10,101,271,Transferida
3571,8441,Baño de lava,5,455,166,Sobrevive
3572,601,Baño de lava,3,852,186,Sobrevive
3573,6384,Cámara de hielo,6,462,254,Desintegrada
3574,1610,Loop de reuniones,2,221,10,Reincidente
3575,5163,Grito eterno,10,759,24,Sobrevive
3576,3112,Grito eterno,3,87,124,Transferida
3577,1476,Baño de lava,1,466,114,Transferida
3578,2463,Loop de reuniones,9,864,485,Sobrevive
3579,1525,Cámara de hielo,8,952,127,Reincidente
3580,6858,Baño de lava,5,410,427,Reincidente
3581,2385,Cámara de hielo,7,707,426,Transferida
3582,6134,Baño de lava,6,51,362,Reincidente
3583,8575,Grito eterno,7,395,432,Desintegrada
3584,78,Cámara de hielo,2,56,93,Sobrevive
3585,5732,Cámara de hielo,5,451,135,Reincidente
3586,9516,Cámara de hielo,5,205,420,Desintegrada
3587,938,Cámara de hielo,7,683,316,Desintegrada
3588,2087,Loop de reuniones,2,862,111,Sobrevive
3589,974,Laberinto sin salida,5,978,491,Desintegrada
3590,2884,Loop de reuniones,8,67,72,Reincidente
3591,1315,Loop de reuniones,3,341,279,Sobrevive
3592,877,Grito eterno,9,441,471,Desintegrada
3593,3182,Grito eterno,5,611,345,Desintegrada
3594,6106,Laberinto sin salida,5,827,330,Sobrevive
3595,5991,Baño de lava,3,174,157,Transferida
3596,7822,Laberinto sin salida,7,857,451,Sobrevive
3597,609,Cámara de hielo,8,231,127,Desintegrada
3598,7120,Grito eterno,1,560,105,Sobrevive
3599,5311,Grito eterno,4,402,190,Sobrevive
3600,798,Baño de lava,2,409,184,Reincidente
3601,4761,Baño de lava,3,207,471,Transferida
3602,4351,Laberinto sin salida,3,980,348,Sobrevive
3603,5378,Baño de lava,8,294,10,Sobrevive
3604,9654,Loop de reuniones,7,191,251,Transferida
3605,7957,Cámara de hielo,5,258,281,Transferida
3606,1470,Baño de lava,4,969,318,Reincidente
3607,6462,Loop de reuniones,1,362,76,Sobrevive
3608,1144,Laberinto sin salida,10,751,113,Reincidente
3609,2000,Cámara de hielo,2,625,368,Reincidente
3610,4880,Baño de lava,4,231,275,Transferida
3611,1103,Laberinto sin salida,3,590,135,Desintegrada
3612,4467,Laberinto sin salida,8,267,478,Transferida
3613,5783,Grito eterno,9,7,189,Reincidente
3614,4712,Cámara de hielo,9,885,378,Desintegrada
3615,7921,Laberinto sin salida,2,842,177,Sobrevive
3616,7358,Laberinto sin salida,3,397,157,Transferida
3617,7836,Grito eterno,9,786,72,Sobrevive
3618,4498,Cámara de hielo,6,35,468,Desintegrada
3619,3415,Grito eterno,3,734,444,Reincidente
3620,2597,Cámara de hielo,4,102,234,Reincidente
3621,5370,Baño de lava,5,647,280,Desintegrada
3622,205,Laberinto sin salida,8,172,241,Reincidente
3623,3815,Cámara de hielo,3,439,92,Reincidente
3624,838,Loop de reuniones,4,85,317,Sobrevive
3625,6058,Grito eterno,5,300,464,Desintegrada
3626,9162,Grito eterno,2,106,270,Desintegrada
3627,7328,Cámara de hielo,5,41,189,Sobrevive
3628,524,Grito eterno,3,960,283,Sobrevive
3629,7837,Cámara de hielo,1,70,384,Sobrevive
3630,8965,Grito eterno,10,441,54,Reincidente
3631,7248,Laberinto sin salida,10,868,480,Sobrevive
3632,90,Laberinto sin salida,5,323,98,Desintegrada
3633,1463,Grito eterno,8,374,115,Transferida
3634,4706,Baño de lava,2,533,34,Transferida
3635,1372,Cámara de hielo,8,935,323,Sobrevive
3636,9682,Grito eterno,6,274,444,Reincidente
3637,4272,Laberinto sin salida,2,612,354,Sobrevive
3638,9031,Grito eterno,5,505,422,Reincidente
3639,1006,Laberinto sin salida,7,673,129,Transferida
3640,8690,Baño de lava,2,433,360,Desintegrada
3641,533,Laberinto sin salida,10,809,280,Sobrevive
3642,4176,Cámara de hielo,2,369,445,Reincidente
3643,6612,Cámara de hielo,3,855,427,Desintegrada
3644,5348,Loop de reuniones,3,441,250,Reincidente
3645,8333,Grito eterno,10,22,377,Reincidente
3647,7255,Loop de reuniones,5,947,443,Desintegrada
3648,3689,Cámara de hielo,1,403,112,Transferida
3649,1826,Grito eterno,4,166,180,Transferida
3650,4726,Laberinto sin salida,8,941,120,Sobrevive
3651,1685,Cámara de hielo,10,808,345,Reincidente
3652,8054,Laberinto sin salida,3,351,418,Transferida
3653,3232,Laberinto sin salida,8,790,9,Reincidente
3654,8026,Grito eterno,5,906,137,Sobrevive
3655,8313,Grito eterno,3,523,467,Reincidente
3656,1967,Baño de lava,5,157,9,Desintegrada
3657,9504,Cámara de hielo,10,911,317,Transferida
3658,9627,Loop de reuniones,7,759,142,Transferida
3659,644,Laberinto sin salida,10,965,159,Sobrevive
3660,4085,Cámara de hielo,3,172,299,Sobrevive
3661,6979,Laberinto sin salida,6,357,421,Transferida
3662,8403,Cámara de hielo,1,45,168,Reincidente
3663,6,Grito eterno,3,495,287,Transferida
3664,804,Baño de lava,6,737,92,Transferida
3665,473,Laberinto sin salida,10,345,113,Reincidente
3666,66,Laberinto sin salida,5,60,223,Sobrevive
3667,3860,Laberinto sin salida,9,341,242,Desintegrada
3668,1482,Loop de reuniones,10,309,242,Reincidente
3669,4644,Baño de lava,6,345,287,Sobrevive
3670,8477,Loop de reuniones,9,265,421,Transferida
3671,5066,Cámara de hielo,3,615,453,Desintegrada
3672,2951,Laberinto sin salida,3,709,78,Desintegrada
3673,2355,Laberinto sin salida,6,653,413,Sobrevive
3674,1904,Cámara de hielo,8,933,165,Transferida
3675,8988,Loop de reuniones,9,787,66,Sobrevive
3676,2927,Baño de lava,5,259,460,Reincidente
3677,7370,Loop de reuniones,9,306,363,Sobrevive
3678,120,Grito eterno,10,845,446,Sobrevive
3679,53,Cámara de hielo,5,75,163,Desintegrada
3680,816,Baño de lava,9,638,2,En proceso
3681,6813,Loop de reuniones,7,357,251,Transferida
3682,8308,Cámara de hielo,7,370,34,Transferida
3683,2391,Cámara de hielo,8,821,93,Sobrevive
3684,2193,Loop de reuniones,4,811,295,Transferida
3685,858,Cámara de hielo,8,813,332,Sobrevive
3686,8090,Grito eterno,4,551,89,Reincidente
3687,348,Laberinto sin salida,7,132,385,Transferida
3688,2040,Loop de reuniones,6,80,288,Desintegrada
3689,2500,Loop de reuniones,4,57,78,Desintegrada
3690,6792,Cámara de hielo,3,192,188,Desintegrada
3691,6984,Grito eterno,3,749,443,Reincidente
3692,977,Laberinto sin salida,1,91,16,Sobrevive
3693,2858,Loop de reuniones,5,455,463,Transferida
3694,9128,Laberinto sin salida,5,731,254,Transferida
3695,9815,Grito eterno,6,120,426,Transferida
3696,309,Grito eterno,2,680,460,En proceso
3697,195,Laberinto sin salida,3,992,181,Sobrevive
3698,8171,Laberinto sin salida,9,469,382,Reincidente
3699,2471,Laberinto sin salida,5,727,426,Reincidente
3700,2744,Laberinto sin salida,9,756,220,Reincidente
3701,9976,Baño de lava,2,613,349,Reincidente
3702,805,Grito eterno,5,268,232,Desintegrada
3703,3702,Grito eterno,2,314,278,Sobrevive
3704,7413,Baño de lava,10,617,483,Transferida
3705,6297,Cámara de hielo,5,885,236,Reincidente
3706,3380,Baño de lava,10,25,387,Transferida
3707,5984,Grito eterno,5,26,165,Desintegrada
3708,1306,Grito eterno,1,233,312,Sobrevive
3709,3076,Laberinto sin salida,1,997,329,Desintegrada
3710,8309,Loop de reuniones,8,61,4,Transferida
3711,4462,Baño de lava,10,284,43,Reincidente
3712,8942,Cámara de hielo,9,149,5,Desintegrada
3713,4247,Laberinto sin salida,1,823,79,Sobrevive
3714,1538,Loop de reuniones,1,472,327,Desintegrada
3715,1263,Loop de reuniones,4,202,488,Sobrevive
3716,1094,Laberinto sin salida,2,347,442,Reincidente
3717,9488,Laberinto sin salida,6,284,444,Transferida
3718,4549,Laberinto sin salida,2,884,275,Desintegrada
3719,9575,Loop de reuniones,6,227,446,Desintegrada
3720,3959,Grito eterno,1,123,181,Sobrevive
3721,356,Laberinto sin salida,6,315,31,Sobrevive
3722,9048,Baño de lava,7,345,15,Transferida
3723,2679,Grito eterno,9,701,471,Transferida
3724,945,Baño de lava,9,625,183,Reincidente
3725,3973,Baño de lava,8,317,109,Sobrevive
3726,9732,Baño de lava,9,105,335,Desintegrada
3727,9556,Laberinto sin salida,1,302,192,Reincidente
3728,2101,Cámara de hielo,5,782,409,Reincidente
3729,8721,Baño de lava,1,27,5,Transferida
3730,4476,Grito eterno,4,118,93,Desintegrada
3731,6972,Cámara de hielo,9,446,474,Reincidente
3732,8772,Grito eterno,4,827,363,Desintegrada
3733,2974,Cámara de hielo,7,710,480,Reincidente
3734,7154,Loop de reuniones,2,339,494,Transferida
3735,7094,Loop de reuniones,10,470,209,Transferida
3736,6344,Laberinto sin salida,5,146,173,Sobrevive
3737,4778,Laberinto sin salida,6,419,121,Transferida
3738,3406,Loop de reuniones,9,116,218,Desintegrada
3739,1023,Grito eterno,9,73,175,Desintegrada
3740,9359,Loop de reuniones,1,787,414,Reincidente
3741,371,Cámara de hielo,6,443,50,Transferida
3742,2114,Cámara de hielo,8,577,4,Desintegrada
3743,6240,Loop de reuniones,5,732,312,Reincidente
3744,5166,Laberinto sin salida,3,357,160,Transferida
3745,980,Cámara de hielo,8,749,250,Desintegrada
3746,9908,Cámara de hielo,10,424,274,Transferida
3747,7914,Baño de lava,9,711,415,Transferida
3748,814,Loop de reuniones,8,347,414,Reincidente
3749,4440,Grito eterno,10,924,283,Transferida
3750,466,Cámara de hielo,3,428,394,Desintegrada
3751,3107,Baño de lava,2,332,314,Sobrevive
3752,8338,Baño de lava,5,238,187,Sobrevive
3753,4156,Cámara de hielo,3,588,234,Transferida
3754,3595,Cámara de hielo,5,722,116,Transferida
3755,1804,Loop de reuniones,4,358,470,Sobrevive
3756,2855,Loop de reuniones,5,889,66,Transferida
3757,1899,Loop de reuniones,6,832,8,Reincidente
3758,2110,Cámara de hielo,1,134,470,Transferida
3759,1529,Laberinto sin salida,10,177,314,Sobrevive
3760,1475,Laberinto sin salida,3,893,426,Desintegrada
3761,2215,Loop de reuniones,4,285,250,Transferida
3762,3385,Baño de lava,1,424,232,Desintegrada
3763,239,Baño de lava,3,745,444,Desintegrada
3764,6954,Grito eterno,10,601,415,Reincidente
3765,4752,Baño de lava,5,876,226,Transferida
3766,2011,Cámara de hielo,7,198,232,Sobrevive
3767,9322,Grito eterno,5,448,227,Reincidente
3768,8618,Grito eterno,2,943,415,Desintegrada
3769,7250,Cámara de hielo,10,792,34,Transferida
3770,9770,Laberinto sin salida,7,178,93,Sobrevive
3771,4966,Cámara de hielo,5,555,242,Desintegrada
3772,7772,Grito eterno,8,424,29,Desintegrada
3773,492,Laberinto sin salida,6,581,142,Transferida
3774,2520,Loop de reuniones,6,988,13,Transferida
3775,2919,Baño de lava,2,105,84,Reincidente
3776,6377,Cámara de hielo,1,116,378,Transferida
3777,6794,Loop de reuniones,8,638,158,Reincidente
3778,5276,Grito eterno,8,280,468,Reincidente
3779,7114,Loop de reuniones,7,889,61,Reincidente
3780,3259,Grito eterno,1,945,114,Transferida
3781,1448,Cámara de hielo,5,61,284,Transferida
3782,9024,Baño de lava,1,317,223,Desintegrada
3783,6178,Loop de reuniones,9,224,464,Desintegrada
3784,7248,Baño de lava,8,960,54,Reincidente
3785,116,Baño de lava,9,272,457,Transferida
3786,6580,Baño de lava,6,77,209,Desintegrada
3787,3536,Grito eterno,7,73,151,Reincidente
3788,4828,Cámara de hielo,2,226,390,Sobrevive
3789,4340,Baño de lava,10,518,382,Transferida
3790,5643,Baño de lava,6,275,483,Desintegrada
3791,4453,Grito eterno,3,280,45,Transferida
3792,27,Loop de reuniones,9,997,354,Reincidente
3793,118,Baño de lava,5,58,217,Reincidente
3794,8749,Grito eterno,8,255,464,Transferida
3795,8449,Grito eterno,6,496,299,Reincidente
3796,3604,Baño de lava,8,822,390,Desintegrada
3797,6890,Cámara de hielo,2,872,470,Reincidente
3798,2729,Baño de lava,8,126,4,Transferida
3799,1883,Laberinto sin salida,3,86,309,Desintegrada
3800,4116,Laberinto sin salida,2,540,413,Reincidente
3801,3367,Grito eterno,5,494,361,Transferida
3802,283,Baño de lava,8,37,66,Reincidente
3803,3785,Grito eterno,5,547,219,Transferida
3804,2492,Baño de lava,4,645,191,Desintegrada
3805,904,Baño de lava,8,438,426,Desintegrada
3806,3513,Laberinto sin salida,5,742,223,Sobrevive
3807,1428,Laberinto sin salida,6,105,93,Sobrevive
3808,3731,Cámara de hielo,2,381,79,Desintegrada
3809,4991,Cámara de hielo,8,236,454,Transferida
3810,8700,Grito eterno,9,264,442,Transferida
3811,2888,Cámara de hielo,10,72,335,Reincidente
3812,6126,Laberinto sin salida,9,842,142,Sobrevive
3813,3653,Grito eterno,2,663,475,Reincidente
3814,5788,Grito eterno,1,483,130,Sobrevive
3815,2616,Grito eterno,1,454,286,Desintegrada
3816,5671,Laberinto sin salida,4,808,250,Transferida
3817,8871,Loop de reuniones,7,941,118,Transferida
3819,1716,Loop de reuniones,8,417,168,Reincidente
3820,8717,Cámara de hielo,4,165,86,Sobrevive
3821,7622,Baño de lava,1,472,198,Transferida
3822,8016,Cámara de hielo,3,908,85,Sobrevive
3823,580,Baño de lava,2,878,327,Sobrevive
3824,4136,Baño de lava,2,79,281,Reincidente
3825,3953,Grito eterno,5,324,316,En proceso
3826,5838,Baño de lava,3,740,74,Transferida
3827,6407,Loop de reuniones,7,389,361,Sobrevive
3828,8707,Cámara de hielo,1,725,163,Sobrevive
3829,6547,Grito eterno,1,797,231,Transferida
3830,35,Cámara de hielo,1,627,40,Transferida
3831,1237,Baño de lava,1,798,323,Desintegrada
3832,1960,Laberinto sin salida,3,66,307,Transferida
3833,7233,Baño de lava,7,963,453,Reincidente
3834,1594,Laberinto sin salida,10,293,237,Transferida
3835,808,Laberinto sin salida,5,823,147,Transferida
3836,3342,Laberinto sin salida,8,733,175,Desintegrada
3837,5955,Baño de lava,9,1,230,Reincidente
3838,5470,Loop de reuniones,4,927,8,Sobrevive
3839,3688,Baño de lava,6,276,214,Transferida
3840,271,Loop de reuniones,2,823,173,Transferida
3841,412,Laberinto sin salida,9,828,168,Transferida
3842,5672,Loop de reuniones,8,793,422,Reincidente
3843,5682,Laberinto sin salida,8,597,137,Transferida
3844,6288,Grito eterno,2,115,118,Transferida
3845,374,Cámara de hielo,4,997,58,Reincidente
3846,1292,Laberinto sin salida,3,32,394,Reincidente
3847,1828,Loop de reuniones,6,320,58,Sobrevive
3848,4738,Grito eterno,9,549,114,Reincidente
3849,9026,Cámara de hielo,3,200,232,Reincidente
3850,5125,Laberinto sin salida,9,57,130,Transferida
3851,5465,Cámara de hielo,7,145,71,Desintegrada
3852,5986,Laberinto sin salida,5,522,270,Reincidente
3853,1673,Cámara de hielo,9,741,277,Transferida
3854,7756,Baño de lava,8,280,242,Desintegrada
3855,3043,Loop de reuniones,5,540,115,Reincidente
3856,582,Baño de lava,3,632,440,Reincidente
3857,783,Laberinto sin salida,10,215,439,Desintegrada
3858,6027,Cámara de hielo,4,347,8,Transferida
3859,2932,Loop de reuniones,7,531,330,Reincidente
3860,7357,Cámara de hielo,2,439,157,Reincidente
3861,793,Loop de reuniones,6,964,191,Transferida
3862,9149,Laberinto sin salida,10,879,19,Desintegrada
3863,5350,Baño de lava,9,655,80,Sobrevive
3864,6202,Grito eterno,5,609,468,Sobrevive
3865,5793,Grito eterno,3,584,491,Transferida
3866,8283,Laberinto sin salida,9,614,286,Reincidente
3867,6917,Grito eterno,8,436,361,Transferida
3868,3792,Baño de lava,8,978,109,Sobrevive
3869,3444,Cámara de hielo,7,399,387,Sobrevive
3870,2554,Laberinto sin salida,1,292,234,Sobrevive
3871,7846,Cámara de hielo,2,652,73,Reincidente
3872,5158,Laberinto sin salida,1,65,276,Desintegrada
3873,8454,Baño de lava,3,75,364,Sobrevive
3874,1068,Grito eterno,1,748,372,Reincidente
3875,9122,Grito eterno,10,778,48,Sobrevive
3876,7089,Cámara de hielo,2,343,457,Reincidente
3877,2637,Baño de lava,9,509,337,Sobrevive
3878,5446,Baño de lava,7,547,284,Sobrevive
3879,4405,Laberinto sin salida,7,562,230,Reincidente
3880,3156,Baño de lava,9,417,309,Transferida
3881,8414,Grito eterno,5,954,187,Transferida
3882,1541,Baño de lava,10,626,334,Reincidente
3883,5795,Loop de reuniones,10,214,307,Reincidente
3884,2270,Grito eterno,2,318,422,Transferida
3885,9546,Laberinto sin salida,2,60,453,Reincidente
3886,6766,Laberinto sin salida,8,626,335,Desintegrada
3887,7123,Grito eterno,2,97,219,Desintegrada
3888,4009,Grito eterno,9,875,440,Sobrevive
3889,3334,Loop de reuniones,5,83,366,Reincidente
3890,1667,Loop de reuniones,5,82,237,Sobrevive
3891,7231,Cámara de hielo,2,199,113,Reincidente
3892,6617,Baño de lava,4,960,92,Desintegrada
3893,107,Loop de reuniones,5,603,81,Transferida
3894,4889,Cámara de hielo,4,725,10,Sobrevive
3895,1958,Cámara de hielo,3,935,121,Desintegrada
3896,2634,Cámara de hielo,10,282,251,Desintegrada
3897,7480,Laberinto sin salida,6,217,446,Sobrevive
3898,7022,Grito eterno,2,697,254,Sobrevive
3899,7022,Baño de lava,8,913,496,Sobrevive
3900,2737,Baño de lava,10,874,111,En proceso
3901,5422,Baño de lava,10,86,317,Reincidente
3902,7821,Cámara de hielo,5,811,217,Sobrevive
3903,7698,Loop de reuniones,1,291,377,Desintegrada
3904,1379,Baño de lava,6,565,105,Sobrevive
3905,5447,Grito eterno,9,23,351,Transferida
3906,8432,Baño de lava,3,848,85,Desintegrada
3907,8680,Loop de reuniones,10,220,189,Sobrevive
3908,4429,Baño de lava,4,700,78,Desintegrada
3909,7111,Baño de lava,4,817,92,Sobrevive
3910,1087,Cámara de hielo,9,271,128,Sobrevive
3911,6202,Laberinto sin salida,6,706,347,Desintegrada
3912,2473,Loop de reuniones,6,708,414,Sobrevive
3913,5674,Loop de reuniones,3,500,4,Desintegrada
3914,2553,Grito eterno,3,540,227,Reincidente
3915,6510,Baño de lava,3,450,277,Transferida
3916,8517,Cámara de hielo,2,847,55,Desintegrada
3917,5734,Grito eterno,3,176,372,Sobrevive
3918,7675,Loop de reuniones,9,895,318,Reincidente
3919,3498,Cámara de hielo,6,618,136,Transferida
3920,8083,Laberinto sin salida,7,91,66,Reincidente
3921,2356,Cámara de hielo,2,354,295,Desintegrada
3922,3283,Baño de lava,3,345,16,Desintegrada
3923,9180,Laberinto sin salida,3,124,464,Desintegrada
3924,6881,Laberinto sin salida,9,197,495,Transferida
3925,9794,Cámara de hielo,10,142,495,Sobrevive
3926,8952,Grito eterno,2,670,356,Sobrevive
3927,7471,Baño de lava,1,623,414,Desintegrada
3928,5076,Grito eterno,1,124,386,Sobrevive
3929,8194,Cámara de hielo,2,653,278,Sobrevive
3930,2206,Baño de lava,4,291,347,Sobrevive
3931,8830,Grito eterno,4,448,74,Transferida
3932,670,Grito eterno,3,143,84,Reincidente
3933,5493,Loop de reuniones,9,763,16,Desintegrada
3934,8691,Loop de reuniones,10,857,322,Transferida
3935,8527,Grito eterno,1,335,441,Transferida
3936,9197,Loop de reuniones,3,896,91,Desintegrada
3937,5745,Laberinto sin salida,7,32,224,Sobrevive
3938,958,Laberinto sin salida,5,855,277,Reincidente
3939,4404,Cámara de hielo,5,420,463,Desintegrada
3940,8039,Loop de reuniones,9,799,362,Reincidente
3941,962,Loop de reuniones,1,672,121,Sobrevive
3942,9538,Baño de lava,2,466,81,Reincidente
3943,941,Baño de lava,7,841,457,Desintegrada
3944,1519,Laberinto sin salida,8,448,296,Reincidente
3945,249,Cámara de hielo,6,839,394,Desintegrada
3946,5271,Grito eterno,1,308,313,Reincidente
3947,6296,Baño de lava,5,329,448,Sobrevive
3948,9515,Cámara de hielo,10,196,111,Sobrevive
3949,8680,Loop de reuniones,5,224,240,Sobrevive
3950,1787,Grito eterno,2,272,191,Transferida
3951,5948,Loop de reuniones,10,362,112,Reincidente
3952,1862,Grito eterno,8,813,175,En proceso
3953,5572,Baño de lava,4,909,360,Desintegrada
3954,9963,Loop de reuniones,6,268,221,En proceso
3955,3956,Loop de reuniones,10,544,136,Reincidente
3956,3664,Loop de reuniones,3,874,303,Desintegrada
3957,3029,Grito eterno,1,21,483,Desintegrada
3958,6441,Grito eterno,3,554,296,Desintegrada
3959,6228,Baño de lava,10,458,278,Reincidente
3960,6347,Baño de lava,1,754,115,Transferida
3961,9800,Grito eterno,10,636,129,Desintegrada
3962,9861,Laberinto sin salida,4,160,115,Sobrevive
3963,365,Baño de lava,7,48,113,Sobrevive
3964,2717,Laberinto sin salida,8,145,119,Desintegrada
3965,1930,Loop de reuniones,5,180,73,Sobrevive
3966,4313,Baño de lava,10,737,280,Desintegrada
3967,5062,Loop de reuniones,2,595,212,Sobrevive
3968,1151,Loop de reuniones,8,652,270,Desintegrada
3969,3994,Loop de reuniones,2,772,494,Desintegrada
3970,6287,Cámara de hielo,9,792,78,Desintegrada
3971,2576,Laberinto sin salida,6,126,91,Sobrevive
3972,8216,Cámara de hielo,6,152,471,Transferida
3973,7313,Loop de reuniones,4,986,288,Desintegrada
3974,4604,Cámara de hielo,3,817,74,Desintegrada
3975,9339,Laberinto sin salida,1,125,278,Sobrevive
3976,7856,Grito eterno,4,737,445,Transferida
3977,2540,Loop de reuniones,10,900,410,Sobrevive
3978,8094,Cámara de hielo,9,725,420,Reincidente
3979,8289,Loop de reuniones,6,23,448,Transferida
3980,8322,Laberinto sin salida,6,630,480,Sobrevive
3981,1432,Cámara de hielo,5,301,2,Sobrevive
3982,962,Baño de lava,3,496,464,Sobrevive
3983,3540,Baño de lava,8,242,160,Transferida
3984,7895,Loop de reuniones,9,220,377,Transferida
3985,7113,Baño de lava,10,46,366,Reincidente
3986,2133,Laberinto sin salida,5,574,394,En proceso
3987,7895,Cámara de hielo,9,147,495,Transferida
3988,6933,Cámara de hielo,3,780,219,Desintegrada
3989,934,Baño de lava,7,301,464,Transferida
3990,9760,Cámara de hielo,4,324,446,Reincidente
3991,920,Cámara de hielo,9,931,390,Transferida
3992,4934,Grito eterno,9,226,309,Sobrevive
3993,5560,Loop de reuniones,10,222,378,Desintegrada
3994,1817,Grito eterno,8,859,481,Sobrevive
3995,2385,Baño de lava,4,265,136,Reincidente
3996,4633,Cámara de hielo,9,808,190,Transferida
3997,9913,Laberinto sin salida,1,372,390,Sobrevive
3998,343,Cámara de hielo,2,392,181,Desintegrada
3999,8135,Cámara de hielo,9,584,84,Transferida
4000,3153,Laberinto sin salida,9,66,483,Transferida
4001,566,Cámara de hielo,9,828,40,Sobrevive
4002,7601,Baño de lava,4,111,251,Desintegrada
4003,2267,Loop de reuniones,4,263,249,Transferida
4004,5009,Baño de lava,4,307,388,Transferida
4005,5171,Baño de lava,1,349,491,Sobrevive
4006,3747,Laberinto sin salida,9,195,363,Reincidente
4007,4544,Loop de reuniones,6,851,232,Desintegrada
4008,8430,Baño de lava,3,661,411,Desintegrada
4009,6558,Loop de reuniones,2,512,471,Transferida
4010,9746,Cámara de hielo,7,347,430,Reincidente
4011,7217,Laberinto sin salida,4,698,118,Sobrevive
4012,8333,Cámara de hielo,4,960,427,Sobrevive
4013,40,Laberinto sin salida,2,84,334,Desintegrada
4014,5757,Cámara de hielo,7,992,330,Reincidente
4015,9049,Laberinto sin salida,7,600,387,Transferida
4016,5363,Baño de lava,7,231,250,Sobrevive
4017,2431,Baño de lava,5,627,211,Sobrevive
4018,5492,Laberinto sin salida,8,680,86,Transferida
4019,1327,Loop de reuniones,3,636,54,En proceso
4020,4562,Loop de reuniones,9,371,209,Desintegrada
4021,3126,Loop de reuniones,8,691,81,Transferida
4022,1401,Baño de lava,2,130,92,Sobrevive
4023,5637,Loop de reuniones,1,481,76,Reincidente
4024,455,Baño de lava,3,931,263,Sobrevive
4025,5212,Grito eterno,4,785,478,Desintegrada
4026,5723,Cámara de hielo,9,89,105,Sobrevive
4027,1769,Laberinto sin salida,5,41,451,Sobrevive
4028,1303,Cámara de hielo,2,602,218,Reincidente
4029,3074,Cámara de hielo,4,174,335,Reincidente
4030,5199,Cámara de hielo,6,993,322,Reincidente
4031,5856,Cámara de hielo,10,238,349,Desintegrada
4032,8436,Baño de lava,4,103,442,Reincidente
4033,125,Baño de lava,9,916,271,Desintegrada
4034,2035,Laberinto sin salida,5,323,208,Reincidente
4035,6210,Grito eterno,9,640,191,Desintegrada
4036,5553,Loop de reuniones,8,540,99,Sobrevive
4037,4057,Cámara de hielo,4,8,481,Transferida
4038,3982,Cámara de hielo,1,271,19,Desintegrada
4039,9320,Baño de lava,1,57,42,Transferida
4040,3376,Grito eterno,9,596,206,Desintegrada
4041,1143,Loop de reuniones,4,405,89,Reincidente
4042,5295,Grito eterno,9,120,413,Reincidente
4043,7685,Cámara de hielo,10,412,99,Desintegrada
4044,2895,Grito eterno,9,600,362,Desintegrada
4045,8012,Grito eterno,9,823,159,Sobrevive
4046,8055,Cámara de hielo,6,560,495,Sobrevive
4047,2533,Baño de lava,2,658,99,Desintegrada
4048,7713,Baño de lava,10,59,364,Reincidente
4049,9298,Baño de lava,2,516,190,Transferida
4050,2341,Baño de lava,6,344,40,Sobrevive
4051,8911,Baño de lava,4,131,137,Transferida
4052,1859,Laberinto sin salida,4,613,432,Sobrevive
4053,4566,Baño de lava,5,531,114,Reincidente
4054,5690,Loop de reuniones,9,123,181,Reincidente
4055,9458,Baño de lava,9,435,112,Sobrevive
4056,2297,Grito eterno,5,658,475,Transferida
4057,4942,Baño de lava,10,347,251,Transferida
4058,3937,Loop de reuniones,2,462,372,Sobrevive
4059,6106,Laberinto sin salida,7,956,93,Desintegrada
4060,7531,Cámara de hielo,7,508,19,En proceso
4061,1303,Cámara de hielo,4,249,464,Transferida
4062,5160,Grito eterno,7,260,119,Transferida
4063,5584,Cámara de hielo,2,49,159,Reincidente
4064,10,Cámara de hielo,5,814,427,Sobrevive
4065,7144,Laberinto sin salida,8,244,165,Desintegrada
4066,6465,Loop de reuniones,4,639,10,Transferida
4067,7850,Cámara de hielo,6,162,443,Reincidente
4068,3521,Loop de reuniones,3,178,61,Transferida
4069,447,Cámara de hielo,6,696,191,Reincidente
4070,7456,Grito eterno,9,623,295,Sobrevive
4071,8104,Laberinto sin salida,1,626,160,Transferida
4072,4793,Grito eterno,5,733,168,Desintegrada
4073,8014,Loop de reuniones,3,565,337,Desintegrada
4074,6806,Grito eterno,3,81,251,Reincidente
4075,728,Grito eterno,8,200,413,Reincidente
4076,7101,Laberinto sin salida,10,35,485,Transferida
4077,4271,Laberinto sin salida,7,28,177,Sobrevive
4078,3386,Grito eterno,2,737,426,Reincidente
4079,9780,Laberinto sin salida,5,402,451,Reincidente
4080,7405,Loop de reuniones,1,674,491,Reincidente
4081,8952,Cámara de hielo,10,204,43,Reincidente
4082,8750,Baño de lava,5,45,231,Sobrevive
4083,2951,Loop de reuniones,8,266,414,Desintegrada
4084,4406,Laberinto sin salida,8,216,386,Reincidente
4085,4801,Grito eterno,5,98,388,Transferida
4086,1005,Loop de reuniones,5,855,218,Transferida
4087,2025,Laberinto sin salida,4,709,105,Transferida
4088,1297,Loop de reuniones,9,415,72,Sobrevive
4089,5942,Laberinto sin salida,7,214,444,Sobrevive
4090,9359,Laberinto sin salida,7,749,279,Sobrevive
4091,7718,Laberinto sin salida,4,51,54,Desintegrada
4092,6964,Loop de reuniones,4,234,474,Reincidente
4093,4713,Loop de reuniones,5,133,98,En proceso
4094,711,Baño de lava,8,374,418,Transferida
4095,1794,Baño de lava,2,400,180,Reincidente
4096,4553,Cámara de hielo,3,546,19,Sobrevive
4097,2600,Grito eterno,8,941,281,Desintegrada
4098,8135,Cámara de hielo,3,312,73,Reincidente
4099,7406,Baño de lava,2,818,9,Desintegrada
4100,3573,Baño de lava,2,629,349,Transferida
4101,3310,Cámara de hielo,10,93,364,Sobrevive
4102,6403,Baño de lava,3,702,496,Desintegrada
4103,6101,Cámara de hielo,7,245,226,Sobrevive
4104,2373,Grito eterno,8,156,85,Desintegrada
4105,6586,Laberinto sin salida,10,109,270,Sobrevive
4106,3023,Loop de reuniones,8,394,13,Desintegrada
4107,290,Baño de lava,2,845,116,Reincidente
4108,1479,Loop de reuniones,9,613,218,Sobrevive
4109,9237,Laberinto sin salida,4,997,309,Sobrevive
4110,9577,Laberinto sin salida,5,274,229,Desintegrada
4111,6896,Cámara de hielo,3,141,460,Reincidente
4112,9012,Baño de lava,2,237,337,Reincidente
4113,9655,Cámara de hielo,9,636,48,Transferida
4114,4735,Grito eterno,10,500,453,Transferida
4115,2928,Grito eterno,6,87,413,Sobrevive
4116,6868,Loop de reuniones,4,946,219,Sobrevive
4117,5436,Cámara de hielo,1,855,55,Reincidente
4118,525,Grito eterno,1,413,180,Transferida
4119,5176,Grito eterno,4,543,327,Transferida
4120,1180,Laberinto sin salida,6,852,93,Sobrevive
4121,3446,Baño de lava,4,465,242,Transferida
4122,4773,Grito eterno,4,35,109,Desintegrada
4123,3325,Grito eterno,2,687,93,Transferida
4124,5187,Baño de lava,8,566,249,Reincidente
4125,9718,Loop de reuniones,4,600,81,Transferida
4126,2793,Laberinto sin salida,4,710,72,Sobrevive
4127,9949,Loop de reuniones,1,332,491,Reincidente
4128,8484,Baño de lava,8,807,15,Reincidente
4129,3533,Laberinto sin salida,9,256,34,Reincidente
4130,9548,Loop de reuniones,3,44,387,Desintegrada
4131,1925,Grito eterno,7,673,351,Sobrevive
4132,9556,Grito eterno,3,234,3,Desintegrada
4133,4875,Laberinto sin salida,7,91,284,Reincidente
4134,4824,Baño de lava,8,825,45,Desintegrada
4136,620,Grito eterno,9,487,276,Sobrevive
4137,1892,Cámara de hielo,3,698,299,Sobrevive
4138,1071,Cámara de hielo,8,177,55,Desintegrada
4139,9571,Laberinto sin salida,8,729,231,Transferida
4140,8817,Loop de reuniones,6,676,337,Transferida
4141,4010,Grito eterno,5,879,422,Sobrevive
4142,2156,Laberinto sin salida,5,662,173,Transferida
4143,8301,Grito eterno,10,613,494,Desintegrada
4144,5185,Laberinto sin salida,6,561,316,Transferida
4145,8619,Laberinto sin salida,5,453,231,Transferida
4146,5304,Laberinto sin salida,6,190,271,Transferida
4147,5061,Baño de lava,3,807,86,Reincidente
4148,4340,Grito eterno,5,165,29,Sobrevive
4149,7571,Laberinto sin salida,5,237,415,Transferida
4150,4698,Cámara de hielo,2,546,361,Desintegrada
4151,9968,Cámara de hielo,5,611,217,Desintegrada
4152,2229,Cámara de hielo,5,489,158,Reincidente
4153,5658,Loop de reuniones,2,122,230,Transferida
4154,6582,Cámara de hielo,4,220,218,Transferida
4155,2908,Cámara de hielo,8,238,9,Desintegrada
4156,290,Grito eterno,8,935,50,Transferida
4157,2910,Baño de lava,7,737,55,Reincidente
4158,9976,Cámara de hielo,4,411,275,Desintegrada
4159,8291,Laberinto sin salida,7,371,227,Transferida
4160,4823,Baño de lava,6,546,218,Transferida
4161,3599,Baño de lava,5,918,345,Desintegrada
4162,8458,Loop de reuniones,4,729,135,Desintegrada
4163,2727,Laberinto sin salida,8,587,478,Reincidente
4164,1676,Baño de lava,2,530,116,Desintegrada
4165,9118,Grito eterno,5,755,284,Transferida
4166,8566,Laberinto sin salida,4,594,241,Desintegrada
4167,4718,Baño de lava,2,2,128,Desintegrada
4168,442,Loop de reuniones,9,552,426,Desintegrada
4169,1669,Baño de lava,1,829,432,Sobrevive
4170,4892,Cámara de hielo,10,986,441,Reincidente
4171,3667,Baño de lava,4,507,163,Sobrevive
4172,1400,Laberinto sin salida,9,591,488,Transferida
4173,9022,Baño de lava,7,504,129,Transferida
4174,4356,Cámara de hielo,9,546,313,Reincidente
4175,7436,Loop de reuniones,2,970,443,Transferida
4176,9908,Laberinto sin salida,4,761,442,Reincidente
4177,6891,Grito eterno,6,476,230,Sobrevive
4178,4067,Grito eterno,7,742,131,Desintegrada
4179,4340,Grito eterno,2,344,181,Transferida
4180,8660,Loop de reuniones,10,930,229,Reincidente
4181,1214,Baño de lava,6,958,329,Desintegrada
4182,4121,Loop de reuniones,8,553,448,Transferida
4183,1664,Baño de lava,8,525,15,Desintegrada
4184,1009,Baño de lava,8,418,312,Reincidente
4185,1383,Loop de reuniones,4,3,286,En proceso
4186,7528,Cámara de hielo,9,845,66,Reincidente
4187,3189,Baño de lava,3,606,410,Transferida
4188,9083,Laberinto sin salida,7,219,362,Transferida
4189,9810,Grito eterno,6,704,119,Desintegrada
4190,5259,Baño de lava,3,159,463,Reincidente
4191,4573,Cámara de hielo,1,982,386,Sobrevive
4192,6027,Cámara de hielo,5,800,209,Desintegrada
4193,4082,Loop de reuniones,6,583,40,Desintegrada
4194,5564,Baño de lava,10,845,29,Sobrevive
4195,7301,Baño de lava,6,591,315,Reincidente
4196,7740,Grito eterno,10,356,303,Reincidente
4197,8308,Baño de lava,8,161,448,Desintegrada
4198,4384,Loop de reuniones,1,643,218,Desintegrada
4199,7984,Cámara de hielo,3,719,313,Sobrevive
4200,2789,Loop de reuniones,2,570,223,Transferida
4201,4849,Baño de lava,7,64,184,Reincidente
4202,2437,Laberinto sin salida,3,601,363,Desintegrada
4203,7995,Laberinto sin salida,3,995,491,Sobrevive
4204,119,Grito eterno,4,492,446,Sobrevive
4205,6306,Baño de lava,5,313,91,Sobrevive
4206,8492,Laberinto sin salida,2,103,191,Sobrevive
4207,4741,Grito eterno,1,438,441,Reincidente
4208,3040,Grito eterno,10,611,263,Transferida
4209,8367,Laberinto sin salida,2,551,79,Reincidente
4210,338,Loop de reuniones,4,744,34,Reincidente
4211,675,Grito eterno,2,222,334,Transferida
4212,1555,Loop de reuniones,6,821,451,Desintegrada
4213,8236,Laberinto sin salida,5,155,418,Desintegrada
4214,8038,Baño de lava,6,371,330,Desintegrada
4215,2662,Cámara de hielo,2,490,190,Transferida
4216,1842,Laberinto sin salida,2,814,432,Transferida
4217,6418,Baño de lava,9,748,384,Desintegrada
4218,3353,Laberinto sin salida,7,82,356,Transferida
4219,4152,Loop de reuniones,4,495,338,Sobrevive
4220,5847,Baño de lava,9,375,240,Reincidente
4221,2626,Laberinto sin salida,5,280,212,Reincidente
4222,4905,Cámara de hielo,2,145,468,Sobrevive
4223,798,Baño de lava,3,574,360,Transferida
4224,6978,Loop de reuniones,4,322,426,Reincidente
4225,2563,Baño de lava,1,719,418,Transferida
4226,7083,Loop de reuniones,2,567,488,Reincidente
4227,4188,Cámara de hielo,7,606,218,Reincidente
4228,3603,Loop de reuniones,3,207,81,Sobrevive
4229,5243,Grito eterno,8,698,31,Desintegrada
4230,6340,Loop de reuniones,10,592,299,Desintegrada
4231,5241,Laberinto sin salida,6,601,432,Transferida
4232,2738,Grito eterno,2,368,388,Desintegrada
4233,6481,Baño de lava,3,381,234,Sobrevive
4234,2822,Laberinto sin salida,8,496,54,Reincidente
4235,381,Grito eterno,4,903,475,Sobrevive
4236,5776,Grito eterno,2,266,468,Desintegrada
4237,5183,Loop de reuniones,3,870,4,Sobrevive
4238,6636,Loop de reuniones,5,846,423,Transferida
4239,967,Laberinto sin salida,8,396,446,Sobrevive
4240,5101,Cámara de hielo,2,94,186,Reincidente
4241,6365,Laberinto sin salida,3,717,113,Reincidente
4242,7160,Baño de lava,7,748,72,Sobrevive
4243,1034,Grito eterno,1,325,423,Sobrevive
4244,9553,Laberinto sin salida,1,517,307,Sobrevive
4245,5206,Cámara de hielo,1,949,279,Sobrevive
4246,4467,Cámara de hielo,1,546,418,Reincidente
4247,2218,Baño de lava,1,476,189,Reincidente
4248,5612,Grito eterno,9,206,378,Desintegrada
4249,4251,Baño de lava,7,251,34,Transferida
4250,3776,Grito eterno,4,751,317,Transferida
4251,3015,Cámara de hielo,10,184,34,Desintegrada
4252,939,Grito eterno,10,379,361,Transferida
4253,935,Loop de reuniones,10,715,208,Transferida
4254,7610,Baño de lava,1,698,468,Desintegrada
4255,6272,Laberinto sin salida,2,427,332,Reincidente
4256,8224,Grito eterno,3,650,31,Reincidente
4257,6839,Baño de lava,8,149,218,Sobrevive
4258,4547,Cámara de hielo,4,814,245,Sobrevive
4259,9091,Cámara de hielo,9,866,378,Reincidente
4260,4505,Cámara de hielo,9,149,226,Sobrevive
4261,9308,Laberinto sin salida,3,812,442,Sobrevive
4262,2301,Cámara de hielo,5,975,112,Sobrevive
4263,1360,Cámara de hielo,9,755,448,Sobrevive
4264,2327,Cámara de hielo,5,870,332,Reincidente
4265,8237,Laberinto sin salida,9,866,72,Transferida
4266,2230,Laberinto sin salida,3,6,343,Transferida
4267,6046,Grito eterno,8,667,74,Desintegrada
4268,9462,Baño de lava,8,104,314,Transferida
4269,8628,Cámara de hielo,5,881,226,Sobrevive
4270,339,Baño de lava,7,868,495,Reincidente
4271,4419,Laberinto sin salida,5,989,485,Desintegrada
4272,9350,Grito eterno,8,604,388,Desintegrada
4273,964,Loop de reuniones,7,317,24,Desintegrada
4274,6559,Grito eterno,4,12,279,Sobrevive
4275,2970,Laberinto sin salida,10,977,348,Transferida
4276,7980,Baño de lava,6,736,41,Reincidente
4277,9559,Cámara de hielo,9,557,475,Desintegrada
4278,2561,Loop de reuniones,4,2,316,Transferida
4279,6706,Grito eterno,4,376,187,En proceso
4280,8310,Loop de reuniones,1,789,189,Transferida
4281,7587,Baño de lava,5,708,448,Desintegrada
4282,7200,Grito eterno,4,293,240,Transferida
4283,2586,Grito eterno,4,402,81,Sobrevive
4284,7760,Baño de lava,9,799,92,Transferida
4285,7283,Cámara de hielo,5,871,81,Desintegrada
4286,4257,Grito eterno,4,940,89,Desintegrada
4287,7142,Baño de lava,2,547,480,Sobrevive
4288,8292,Laberinto sin salida,8,96,226,Reincidente
4289,6267,Laberinto sin salida,8,270,387,Desintegrada
4290,3362,Grito eterno,10,862,377,Transferida
4291,9427,Laberinto sin salida,10,989,66,Reincidente
4292,9144,Baño de lava,1,996,159,Transferida
4293,5192,Cámara de hielo,9,498,211,Desintegrada
4294,1020,Grito eterno,1,221,102,Desintegrada
4295,2278,Laberinto sin salida,6,333,366,Reincidente
4296,6645,Grito eterno,6,448,357,Desintegrada
4297,6387,Cámara de hielo,3,132,475,Reincidente
4298,6510,Loop de reuniones,5,481,441,Reincidente
4299,8226,Cámara de hielo,2,731,119,Transferida
4300,1821,Cámara de hielo,8,107,281,Reincidente
4301,2962,Loop de reuniones,5,341,464,En proceso
4302,4292,Laberinto sin salida,1,427,241,Sobrevive
4303,5220,Baño de lava,7,634,427,Desintegrada
4304,9014,Loop de reuniones,10,420,115,Sobrevive
4305,9813,Laberinto sin salida,1,230,481,Sobrevive
4306,3665,Grito eterno,4,883,467,Desintegrada
4307,8605,Baño de lava,2,664,360,Reincidente
4308,7738,Laberinto sin salida,5,203,34,Desintegrada
4309,2667,Laberinto sin salida,4,420,242,Sobrevive
4310,7263,Loop de reuniones,1,878,234,Sobrevive
4311,4845,Cámara de hielo,6,319,278,Desintegrada
4312,760,Grito eterno,2,883,363,Desintegrada
4313,6575,Grito eterno,4,779,74,Sobrevive
4314,7816,Laberinto sin salida,6,557,357,Reincidente
4315,8861,Cámara de hielo,3,165,107,Reincidente
4316,3042,Cámara de hielo,3,949,192,Desintegrada
4317,5680,Cámara de hielo,7,272,467,Sobrevive
4318,3242,Baño de lava,6,871,377,Reincidente
4319,4405,Laberinto sin salida,1,300,471,Transferida
4321,6838,Laberinto sin salida,1,25,186,Reincidente
4322,4285,Grito eterno,2,700,236,Sobrevive
4323,1026,Cámara de hielo,10,687,15,Reincidente
4324,9123,Grito eterno,2,914,188,Reincidente
4325,6223,Baño de lava,2,857,368,Sobrevive
4326,6010,Baño de lava,5,992,159,Sobrevive
4327,8392,Cámara de hielo,7,238,314,Sobrevive
4328,3693,Grito eterno,2,154,422,Transferida
4329,7100,Cámara de hielo,6,725,307,Desintegrada
4330,1984,Cámara de hielo,3,685,348,Sobrevive
4331,8790,Loop de reuniones,2,459,423,Sobrevive
4332,35,Laberinto sin salida,7,868,209,Transferida
4333,2492,Loop de reuniones,6,906,314,Sobrevive
4334,6482,Grito eterno,4,117,335,Reincidente
4335,8113,Baño de lava,4,383,131,Reincidente
4336,6124,Grito eterno,1,132,9,En proceso
4337,8754,Cámara de hielo,6,43,168,Desintegrada
4338,5224,Laberinto sin salida,3,901,483,Desintegrada
4339,4898,Cámara de hielo,10,795,387,Sobrevive
4340,7318,Grito eterno,4,438,166,Desintegrada
4341,6245,Laberinto sin salida,4,842,266,Reincidente
4342,5816,Baño de lava,4,188,124,Reincidente
4343,3687,Cámara de hielo,1,840,442,Reincidente
4344,7480,Cámara de hielo,7,785,335,Reincidente
4345,8366,Grito eterno,4,745,347,Transferida
4346,6330,Cámara de hielo,4,247,330,Desintegrada
4347,3072,Grito eterno,8,362,184,Reincidente
4348,2906,Cámara de hielo,10,847,3,Transferida
4349,9602,Laberinto sin salida,9,565,337,Desintegrada
4350,8954,Cámara de hielo,1,298,278,Transferida
4351,1904,Grito eterno,10,444,322,Desintegrada
4352,8681,Cámara de hielo,10,26,377,Reincidente
4353,4675,Loop de reuniones,1,199,280,Sobrevive
4354,8562,Laberinto sin salida,4,810,234,Sobrevive
4355,2334,Laberinto sin salida,1,285,314,Transferida
4356,4079,Cámara de hielo,7,793,212,Desintegrada
4357,27,Baño de lava,1,845,129,Transferida
4358,7416,Grito eterno,6,832,478,Desintegrada
4359,1934,Loop de reuniones,6,465,128,Transferida
4360,2977,Baño de lava,4,622,286,Desintegrada
4361,2270,Laberinto sin salida,7,290,360,Reincidente
4362,1526,Grito eterno,9,501,366,Desintegrada
4363,1887,Baño de lava,1,693,79,Desintegrada
4364,210,Cámara de hielo,10,359,211,Desintegrada
4365,6863,Cámara de hielo,4,62,307,En proceso
4366,8009,Laberinto sin salida,2,235,220,Desintegrada
4367,7335,Baño de lava,4,559,474,Transferida
4368,9347,Grito eterno,1,666,481,Desintegrada
4369,847,Grito eterno,5,675,345,Reincidente
4370,461,Laberinto sin salida,9,598,105,Reincidente
4371,8920,Cámara de hielo,6,729,377,Reincidente
4372,9629,Baño de lava,10,27,187,Transferida
4373,8935,Grito eterno,2,618,226,Reincidente
4374,1978,Loop de reuniones,4,675,71,Desintegrada
4375,9652,Cámara de hielo,7,542,351,Sobrevive
4376,3549,Baño de lava,9,398,470,Sobrevive
4377,5843,Laberinto sin salida,7,923,413,Reincidente
4378,715,Laberinto sin salida,3,933,136,Transferida
4379,7579,Baño de lava,9,945,34,Desintegrada
4380,3544,Laberinto sin salida,4,287,281,Desintegrada
4381,3910,Loop de reuniones,5,966,327,Desintegrada
4382,7439,Loop de reuniones,10,218,279,Reincidente
4383,2401,Loop de reuniones,5,229,99,Reincidente
4384,1131,Loop de reuniones,9,260,157,Reincidente
4385,9121,Cámara de hielo,4,452,338,Desintegrada
4386,2761,Cámara de hielo,5,37,236,Desintegrada
4387,7977,Loop de reuniones,10,497,415,Transferida
4388,6070,Grito eterno,7,824,177,Reincidente
4389,7079,Cámara de hielo,2,345,384,Sobrevive
4390,3256,Cámara de hielo,8,531,278,Desintegrada
4391,8768,Loop de reuniones,7,290,362,Reincidente
4392,7066,Grito eterno,1,71,494,Sobrevive
4394,523,Baño de lava,2,565,485,Sobrevive
4395,522,Cámara de hielo,6,456,79,Sobrevive
4396,5307,Loop de reuniones,6,511,118,En proceso
4397,4793,Loop de reuniones,9,5,451,Sobrevive
4398,1812,Cámara de hielo,6,307,31,Desintegrada
4399,5021,Cámara de hielo,5,909,351,Sobrevive
4400,2205,Laberinto sin salida,10,394,188,Reincidente
4401,9744,Loop de reuniones,5,40,214,Desintegrada
4402,8306,Baño de lava,5,841,334,Reincidente
4403,6674,Grito eterno,6,90,241,Desintegrada
4404,938,Baño de lava,3,690,386,Sobrevive
4405,2570,Loop de reuniones,2,210,81,Reincidente
4406,3832,Cámara de hielo,6,609,316,Sobrevive
4407,9201,Baño de lava,5,516,357,Reincidente
4408,221,Laberinto sin salida,6,367,120,Sobrevive
4409,9074,Cámara de hielo,10,410,236,Desintegrada
4410,8011,Loop de reuniones,1,593,92,Transferida
4411,6862,Cámara de hielo,5,516,177,Transferida
4412,8143,Baño de lava,6,813,363,Reincidente
4413,5142,Loop de reuniones,10,381,16,Transferida
4414,9865,Cámara de hielo,8,747,478,En proceso
4415,5461,Baño de lava,3,226,323,Sobrevive
4416,8725,Laberinto sin salida,3,734,347,Desintegrada
4417,8803,Baño de lava,8,778,445,Sobrevive
4418,1308,Loop de reuniones,6,597,413,Desintegrada
4419,9564,Cámara de hielo,10,472,119,Transferida
4420,7815,Baño de lava,5,130,288,Reincidente
4421,8706,Baño de lava,1,557,309,Reincidente
4422,5564,Baño de lava,7,215,384,Desintegrada
4423,7067,Loop de reuniones,9,985,330,Transferida
4424,2354,Grito eterno,7,271,364,Sobrevive
4425,5550,Cámara de hielo,4,376,151,Desintegrada
4426,1415,Loop de reuniones,3,421,446,Transferida
4427,4141,Grito eterno,9,622,237,Sobrevive
4428,2120,Loop de reuniones,3,254,307,Transferida
4429,3084,Loop de reuniones,8,876,234,Reincidente
4430,7196,Grito eterno,2,65,124,Sobrevive
4431,7044,Cámara de hielo,2,846,387,Sobrevive
4432,2289,Grito eterno,7,214,186,Transferida
4433,3351,Baño de lava,6,69,41,Sobrevive
4434,2528,Laberinto sin salida,5,348,283,En proceso
4435,7502,Grito eterno,10,992,173,Reincidente
4436,4973,Cámara de hielo,2,349,274,Sobrevive
4437,8790,Cámara de hielo,3,176,351,Transferida
4438,4850,Grito eterno,2,899,107,Sobrevive
4439,4246,Grito eterno,5,790,4,Reincidente
4440,1927,Laberinto sin salida,1,424,166,Desintegrada
4441,516,Laberinto sin salida,5,464,464,Transferida
4442,3169,Laberinto sin salida,7,313,276,Sobrevive
4443,5927,Laberinto sin salida,1,223,116,Transferida
4444,5297,Loop de reuniones,9,876,427,Reincidente
4446,5386,Loop de reuniones,1,846,135,Sobrevive
4447,1409,Loop de reuniones,5,526,288,Transferida
4448,5070,Loop de reuniones,4,812,227,Transferida
4449,9696,Baño de lava,2,801,186,Sobrevive
4450,8593,Cámara de hielo,2,181,111,Reincidente
4451,2296,Grito eterno,1,650,278,Transferida
4452,4582,Loop de reuniones,6,48,120,Transferida
4453,4574,Loop de reuniones,6,376,111,Sobrevive
4454,5647,Grito eterno,1,40,24,Desintegrada
4455,6625,Cámara de hielo,1,909,13,Transferida
4456,4998,Laberinto sin salida,4,914,86,Desintegrada
4457,1193,Loop de reuniones,10,579,159,Sobrevive
4458,5524,Laberinto sin salida,9,428,488,Desintegrada
4459,59,Loop de reuniones,5,819,230,Desintegrada
4460,3224,Laberinto sin salida,10,347,71,Transferida
4461,7100,Baño de lava,4,864,479,Sobrevive
4462,6202,Loop de reuniones,7,612,468,Transferida
4463,8794,Loop de reuniones,4,760,220,Desintegrada
4464,3778,Grito eterno,8,951,137,Sobrevive
4465,7069,Loop de reuniones,4,873,349,Transferida
4466,3806,Grito eterno,5,640,223,Sobrevive
4467,3717,Grito eterno,2,917,142,Transferida
4468,7293,Baño de lava,8,345,119,Transferida
4469,7391,Grito eterno,10,62,217,Desintegrada
4470,578,Grito eterno,9,753,249,Desintegrada
4471,5370,Laberinto sin salida,3,458,446,Desintegrada
4472,6479,Laberinto sin salida,7,649,114,Sobrevive
4473,6497,Cámara de hielo,6,918,432,Transferida
4474,9659,Loop de reuniones,2,726,254,Reincidente
4475,3542,Grito eterno,1,211,331,Reincidente
4476,7779,Loop de reuniones,4,665,475,Desintegrada
4477,6849,Laberinto sin salida,7,638,494,Desintegrada
4478,518,Grito eterno,6,294,3,Sobrevive
4479,1015,Baño de lava,6,646,443,Reincidente
4480,2873,Grito eterno,7,752,245,Desintegrada
4481,6885,Grito eterno,8,859,50,Reincidente
4482,5173,Grito eterno,6,822,5,Reincidente
4483,6282,Cámara de hielo,5,428,234,Desintegrada
4484,8494,Laberinto sin salida,9,980,448,Desintegrada
4485,3123,Laberinto sin salida,6,388,8,Sobrevive
4486,5292,Cámara de hielo,4,543,5,Sobrevive
4487,4673,Cámara de hielo,9,45,5,Reincidente
4488,2314,Baño de lava,7,482,281,Sobrevive
4489,7231,Laberinto sin salida,5,761,275,Desintegrada
4490,1935,Cámara de hielo,2,608,278,Reincidente
4491,5671,Cámara de hielo,5,235,111,Transferida
4492,8224,Loop de reuniones,6,736,299,Sobrevive
4493,4093,Baño de lava,4,130,415,Reincidente
4494,4912,Grito eterno,10,891,43,Reincidente
4495,1593,Loop de reuniones,8,893,93,Reincidente
4496,5085,Laberinto sin salida,1,398,426,En proceso
4497,9891,Loop de reuniones,4,51,347,Transferida
4498,1311,Grito eterno,4,232,13,Reincidente
4499,2199,Baño de lava,10,25,192,Sobrevive
4500,7738,Loop de reuniones,10,277,43,Reincidente
4501,6392,Loop de reuniones,2,483,237,Reincidente
4502,3014,Loop de reuniones,3,113,386,En proceso
4503,412,Baño de lava,3,501,475,Sobrevive
4504,3499,Laberinto sin salida,4,929,485,Sobrevive
4505,5862,Baño de lava,8,248,72,Reincidente
4506,4881,Laberinto sin salida,7,339,130,Transferida
4507,2830,Loop de reuniones,4,688,116,Sobrevive
4508,3251,Grito eterno,10,295,111,Desintegrada
4509,445,Baño de lava,1,249,445,Transferida
4510,371,Baño de lava,3,858,190,Transferida
4511,9447,Cámara de hielo,10,941,118,Reincidente
4512,4331,Grito eterno,1,638,226,Sobrevive
4513,5377,Loop de reuniones,9,423,240,Desintegrada
4514,7709,Cámara de hielo,6,12,361,Reincidente
4515,2798,Loop de reuniones,2,36,463,Desintegrada
4516,9817,Baño de lava,2,245,303,Sobrevive
4517,9107,Laberinto sin salida,4,271,318,Desintegrada
4518,1863,Grito eterno,10,772,321,Reincidente
4519,3828,Baño de lava,1,599,491,Reincidente
4520,4975,Loop de reuniones,3,628,348,Sobrevive
4521,7734,Grito eterno,10,356,163,Desintegrada
4522,7247,Cámara de hielo,4,766,119,Sobrevive
4523,5861,Laberinto sin salida,8,113,296,Reincidente
4524,935,Grito eterno,10,453,284,Transferida
4525,5676,Loop de reuniones,1,917,427,Sobrevive
4526,6624,Loop de reuniones,9,416,102,Transferida
4527,6420,Grito eterno,6,446,444,Desintegrada
4528,2019,Laberinto sin salida,4,953,480,Sobrevive
4529,781,Baño de lava,4,891,226,Transferida
4530,8444,Baño de lava,7,679,446,Transferida
4531,675,Cámara de hielo,9,516,3,Sobrevive
4532,3786,Cámara de hielo,9,743,361,Transferida
4533,2276,Baño de lava,7,52,316,Sobrevive
4534,4935,Cámara de hielo,9,330,229,Reincidente
4535,6687,Loop de reuniones,4,327,377,Transferida
4536,5994,Cámara de hielo,9,456,483,Sobrevive
4537,4592,Laberinto sin salida,3,167,102,Sobrevive
4538,853,Grito eterno,5,744,209,Desintegrada
4539,6354,Grito eterno,5,938,448,Transferida
4540,2082,Loop de reuniones,5,186,453,Desintegrada
4541,5226,Cámara de hielo,10,972,236,Reincidente
4542,5605,Loop de reuniones,1,536,24,Sobrevive
4543,2665,Laberinto sin salida,6,868,234,Reincidente
4544,1853,Loop de reuniones,6,819,242,Desintegrada
4545,607,Baño de lava,8,888,2,Transferida
4546,1142,Cámara de hielo,5,652,471,Sobrevive
4547,8578,Laberinto sin salida,10,614,443,Sobrevive
4548,5568,Grito eterno,2,838,180,Reincidente
4549,8602,Grito eterno,6,828,136,Reincidente
4550,2783,Laberinto sin salida,10,82,34,Transferida
4551,7495,Grito eterno,9,599,45,Reincidente
4552,9796,Grito eterno,7,338,1,Sobrevive
4553,8738,Grito eterno,9,79,128,Desintegrada
4554,8518,Baño de lava,1,199,280,Reincidente
4555,2585,Laberinto sin salida,8,510,206,Sobrevive
4556,7403,Laberinto sin salida,8,687,191,Reincidente
4557,129,Laberinto sin salida,3,164,479,Desintegrada
4558,1594,Baño de lava,1,89,16,Reincidente
4559,2541,Loop de reuniones,8,484,212,Transferida
4560,8693,Baño de lava,7,993,496,Sobrevive
4561,6571,Laberinto sin salida,3,708,357,Sobrevive
4562,6312,Laberinto sin salida,7,834,311,Sobrevive
4563,854,Grito eterno,6,286,127,Sobrevive
4564,1285,Baño de lava,9,700,345,Reincidente
4565,5998,Cámara de hielo,7,205,240,Desintegrada
4566,4020,Cámara de hielo,4,203,440,Sobrevive
4567,2417,Grito eterno,8,963,66,Reincidente
4568,2454,Loop de reuniones,8,523,275,Transferida
4569,9284,Grito eterno,6,714,382,Reincidente
4570,7843,Grito eterno,7,486,173,Reincidente
4571,6592,Baño de lava,10,747,307,Reincidente
4572,5646,Baño de lava,5,388,483,Sobrevive
4573,8634,Baño de lava,10,986,446,En proceso
4574,3910,Laberinto sin salida,6,425,147,Desintegrada
4575,933,Loop de reuniones,1,136,457,Transferida
4576,9839,Grito eterno,7,751,116,Reincidente
4577,1071,Loop de reuniones,2,35,414,Reincidente
4578,9016,Baño de lava,6,795,362,Reincidente
4579,317,Cámara de hielo,2,305,81,Reincidente
4580,9619,Baño de lava,5,596,332,Transferida
4581,6209,Laberinto sin salida,2,10,13,Sobrevive
4582,3434,Cámara de hielo,4,211,413,Sobrevive
4583,2294,Laberinto sin salida,1,75,84,Desintegrada
4584,1547,Cámara de hielo,3,134,54,Desintegrada
4585,7654,Grito eterno,8,268,92,Desintegrada
4586,3836,Laberinto sin salida,5,17,5,Desintegrada
4587,7887,Cámara de hielo,2,760,120,En proceso
4588,3909,Loop de reuniones,5,963,457,Transferida
4589,7147,Grito eterno,4,753,142,Transferida
4590,2833,Laberinto sin salida,8,92,278,Reincidente
4591,3511,Cámara de hielo,5,505,277,Desintegrada
4592,616,Laberinto sin salida,4,78,362,Reincidente
4593,4589,Grito eterno,3,821,446,Reincidente
4594,2209,Laberinto sin salida,7,331,317,Reincidente
4595,8601,Cámara de hielo,7,76,276,En proceso
4596,7247,Loop de reuniones,7,151,427,Reincidente
4597,9507,Loop de reuniones,9,649,496,Transferida
4598,4738,Cámara de hielo,8,702,43,Desintegrada
4599,7626,Loop de reuniones,5,1,241,Reincidente
4600,6278,Grito eterno,9,602,413,Desintegrada
4601,7814,Laberinto sin salida,4,940,80,Desintegrada
4602,7151,Loop de reuniones,7,996,409,Reincidente
4603,6157,Laberinto sin salida,6,58,343,Transferida
4604,2096,Loop de reuniones,2,312,13,Sobrevive
4605,6431,Loop de reuniones,10,894,180,Transferida
4606,1783,Cámara de hielo,5,217,183,Reincidente
4607,4123,Cámara de hielo,2,821,135,En proceso
4608,3518,Cámara de hielo,1,87,427,Sobrevive
4609,2559,Baño de lava,5,110,495,Reincidente
4610,5435,Loop de reuniones,4,863,266,Sobrevive
4611,9756,Laberinto sin salida,3,263,345,Sobrevive
4612,2763,Baño de lava,10,19,276,Sobrevive
4613,988,Grito eterno,9,980,181,Reincidente
4614,2457,Cámara de hielo,7,42,286,Reincidente
4616,5913,Cámara de hielo,1,357,386,Reincidente
4617,1974,Loop de reuniones,7,841,79,Transferida
4618,9797,Grito eterno,6,619,117,Sobrevive
4619,8329,Cámara de hielo,8,15,345,Desintegrada
4620,6993,Loop de reuniones,7,889,1,Sobrevive
4621,5663,Grito eterno,7,181,231,Transferida
4622,6558,Grito eterno,7,855,410,Reincidente
4623,7780,Cámara de hielo,8,669,332,Sobrevive
4624,6783,Cámara de hielo,8,176,343,Desintegrada
4625,3703,Grito eterno,10,367,232,Transferida
4626,5979,Loop de reuniones,6,103,61,Sobrevive
4627,2788,Cámara de hielo,10,710,491,Desintegrada
4628,3630,Cámara de hielo,7,236,385,Transferida
4629,163,Loop de reuniones,7,411,127,Transferida
4630,9330,Cámara de hielo,6,913,410,Reincidente
4631,2787,Grito eterno,8,501,160,Reincidente
4632,847,Loop de reuniones,1,580,226,Desintegrada
4633,9689,Cámara de hielo,8,693,84,Desintegrada
4634,3271,Laberinto sin salida,5,69,177,Sobrevive
4635,5148,Cámara de hielo,6,845,91,Reincidente
4636,6474,Grito eterno,8,366,426,Reincidente
4637,612,Loop de reuniones,6,183,240,Reincidente
4638,7562,Loop de reuniones,10,229,444,Transferida
4639,8233,Laberinto sin salida,1,573,190,Desintegrada
4640,3560,Cámara de hielo,8,656,119,Desintegrada
4641,1753,Baño de lava,1,479,186,Transferida
4642,2600,Baño de lava,8,817,227,Sobrevive
4643,8530,Cámara de hielo,4,503,361,Reincidente
4644,4669,Cámara de hielo,10,275,127,Sobrevive
4645,5681,Cámara de hielo,4,958,113,Reincidente
4646,5107,Baño de lava,3,315,84,Sobrevive
4647,5805,Baño de lava,7,226,191,Transferida
4648,5403,Cámara de hielo,9,98,84,Reincidente
4649,1901,Cámara de hielo,4,120,183,Reincidente
4650,4386,Cámara de hielo,4,64,158,Sobrevive
4651,8753,Grito eterno,1,660,410,Sobrevive
4652,1446,Grito eterno,7,482,354,Sobrevive
4653,7860,Laberinto sin salida,6,573,219,Sobrevive
4654,2678,Grito eterno,8,1000,468,Reincidente
4655,3429,Loop de reuniones,6,624,55,Reincidente
4656,2269,Cámara de hielo,9,154,277,Transferida
4657,3543,Laberinto sin salida,2,753,73,Sobrevive
4658,4820,Loop de reuniones,8,571,390,Desintegrada
4659,5480,Grito eterno,9,535,360,Desintegrada
4660,3280,Baño de lava,3,888,254,Transferida
4661,2865,Baño de lava,3,995,316,Desintegrada
4662,348,Grito eterno,8,101,360,Desintegrada
4663,6294,Laberinto sin salida,8,181,80,Reincidente
4664,8696,Cámara de hielo,1,362,8,Reincidente
4665,5023,Baño de lava,3,605,312,Transferida
4666,9069,Baño de lava,3,535,427,Desintegrada
4667,8607,Baño de lava,9,799,314,Reincidente
4668,86,Loop de reuniones,5,499,287,Transferida
4669,3201,Grito eterno,9,865,159,Sobrevive
4670,8456,Cámara de hielo,1,491,430,Transferida
4671,3574,Loop de reuniones,7,75,163,Transferida
4672,8244,Baño de lava,9,537,330,Sobrevive
4673,5847,Laberinto sin salida,6,780,184,Transferida
4674,416,Loop de reuniones,3,345,198,Transferida
4675,1946,Loop de reuniones,6,134,249,Sobrevive
4676,6265,Loop de reuniones,2,310,266,Desintegrada
4678,7640,Laberinto sin salida,7,633,102,Reincidente
4679,9556,Grito eterno,8,644,13,Transferida
4680,4698,Laberinto sin salida,1,159,190,Reincidente
4681,7263,Baño de lava,5,668,116,Sobrevive
4682,4454,Laberinto sin salida,9,140,287,Sobrevive
4683,4049,Loop de reuniones,8,10,116,Reincidente
4684,6046,Baño de lava,3,449,98,Transferida
4685,4296,Laberinto sin salida,5,586,226,Transferida
4686,7741,Baño de lava,4,260,331,Reincidente
4687,2741,Cámara de hielo,5,73,264,En proceso
4688,5336,Baño de lava,10,752,327,Sobrevive
4689,8411,Cámara de hielo,9,260,315,Transferida
4690,5934,Cámara de hielo,9,553,118,Sobrevive
4691,3214,Cámara de hielo,7,145,5,Transferida
4692,3616,Laberinto sin salida,3,341,317,Desintegrada
4693,8,Baño de lava,4,935,151,Sobrevive
4694,3540,Grito eterno,1,63,494,Reincidente
4695,9007,Cámara de hielo,10,345,347,Reincidente
4696,886,Loop de reuniones,8,736,24,En proceso
4697,2154,Laberinto sin salida,8,390,217,Reincidente
4698,7025,Baño de lava,6,521,229,Sobrevive
4699,3217,Laberinto sin salida,6,650,34,Transferida
4700,4299,Laberinto sin salida,10,266,8,Sobrevive
4701,4508,Loop de reuniones,9,640,191,Sobrevive
4702,9145,Loop de reuniones,10,831,91,Reincidente
4703,6228,Grito eterno,7,799,180,Transferida
4704,7829,Baño de lava,7,998,88,Reincidente
4705,1908,Baño de lava,5,679,29,Transferida
4706,1870,Grito eterno,8,758,351,Transferida
4707,1279,Loop de reuniones,8,303,92,Transferida
4708,3624,Cámara de hielo,5,186,332,Desintegrada
4709,2558,Baño de lava,8,241,198,Reincidente
4710,6275,Baño de lava,7,210,368,Reincidente
4711,7696,Loop de reuniones,2,288,283,Reincidente
4712,8370,Baño de lava,8,752,311,Transferida
4713,1322,Grito eterno,3,482,327,Transferida
4714,9647,Cámara de hielo,4,136,115,Transferida
4715,1243,Laberinto sin salida,3,3,363,Sobrevive
4716,778,Laberinto sin salida,1,495,136,Transferida
4717,9870,Baño de lava,6,412,9,Transferida
4718,9534,Baño de lava,5,491,266,Transferida
4719,1923,Laberinto sin salida,7,56,464,Transferida
4720,9347,Loop de reuniones,2,702,165,Sobrevive
4721,3154,Loop de reuniones,10,366,91,Transferida
4722,1772,Laberinto sin salida,2,741,361,Transferida
4723,8607,Loop de reuniones,2,188,115,Sobrevive
4724,6043,Cámara de hielo,5,653,495,Desintegrada
4725,1009,Loop de reuniones,6,464,491,Sobrevive
4726,9758,Grito eterno,2,575,13,Desintegrada
4727,7615,Baño de lava,10,928,79,Reincidente
4728,987,Baño de lava,6,129,479,Sobrevive
4729,8038,Cámara de hielo,6,585,479,Sobrevive
4730,6078,Loop de reuniones,2,333,71,Reincidente
4731,2968,Loop de reuniones,7,912,48,Reincidente
4732,1803,Baño de lava,5,122,288,Desintegrada
4733,3290,Baño de lava,6,30,332,Sobrevive
4734,9513,Cámara de hielo,6,624,468,Transferida
4735,4865,Cámara de hielo,10,212,276,Transferida
4736,4575,Laberinto sin salida,2,431,316,Reincidente
4737,2369,Loop de reuniones,1,684,366,Sobrevive
4738,8788,Grito eterno,4,68,223,Sobrevive
4739,8477,Grito eterno,10,888,478,Reincidente
4740,4499,Grito eterno,6,301,230,Sobrevive
4741,3647,Laberinto sin salida,9,794,214,Desintegrada
4742,4245,Laberinto sin salida,5,316,335,Desintegrada
4743,4458,Loop de reuniones,5,939,443,Sobrevive
4744,7726,Grito eterno,5,352,217,Desintegrada
4745,7402,Cámara de hielo,10,928,351,Sobrevive
4746,4039,Grito eterno,8,465,314,Reincidente
4747,309,Laberinto sin salida,2,101,81,Transferida
4748,3080,Loop de reuniones,4,495,385,Sobrevive
4749,9133,Loop de reuniones,4,273,315,Transferida
4750,8460,Grito eterno,3,371,163,Desintegrada
4751,5273,Grito eterno,1,681,479,Desintegrada
4752,3325,Baño de lava,6,997,198,Transferida
4753,6640,Laberinto sin salida,5,398,464,Desintegrada
4754,6773,Loop de reuniones,3,200,2,Sobrevive
4755,9191,Laberinto sin salida,6,583,411,Sobrevive
4756,1691,Laberinto sin salida,9,726,151,Reincidente
4757,6415,Laberinto sin salida,7,394,441,Desintegrada
4758,7142,Laberinto sin salida,5,451,19,Sobrevive
4759,795,Grito eterno,6,962,387,Transferida
4760,1432,Cámara de hielo,6,81,494,Sobrevive
4761,3638,Laberinto sin salida,4,95,81,Sobrevive
4762,5779,Baño de lava,8,596,491,Reincidente
4763,5019,Loop de reuniones,1,643,378,Reincidente
4764,8784,Loop de reuniones,5,568,444,Sobrevive
4765,4740,Cámara de hielo,5,680,142,Desintegrada
4766,4735,Grito eterno,7,73,343,Desintegrada
4767,1745,Baño de lava,6,144,24,Reincidente
4768,9168,Loop de reuniones,5,63,92,Reincidente
4769,2266,Grito eterno,3,860,311,Reincidente
4770,108,Grito eterno,9,319,224,Desintegrada
4771,5924,Loop de reuniones,2,412,386,Sobrevive
4772,1073,Loop de reuniones,9,458,311,Sobrevive
4773,1795,Loop de reuniones,10,679,460,Transferida
4774,1833,Cámara de hielo,1,724,40,Sobrevive
4775,7205,Cámara de hielo,5,694,279,Desintegrada
4776,2017,Cámara de hielo,8,499,366,Desintegrada
4777,9402,Cámara de hielo,6,225,211,Transferida
4778,6537,Laberinto sin salida,9,375,443,Reincidente
4779,8148,Laberinto sin salida,7,926,234,Desintegrada
4780,5114,Baño de lava,3,832,1,Sobrevive
4781,4518,Loop de reuniones,9,444,78,Reincidente
4782,5108,Laberinto sin salida,1,844,280,Sobrevive
4783,5443,Grito eterno,7,30,92,Desintegrada
4784,6333,Cámara de hielo,5,905,15,Desintegrada
4785,4095,Baño de lava,4,616,191,Transferida
4786,7582,Baño de lava,2,422,363,Transferida
4787,6944,Loop de reuniones,7,259,250,Desintegrada
4788,6063,Baño de lava,1,741,372,Sobrevive
4789,7959,Baño de lava,8,702,177,Reincidente
4790,4548,Loop de reuniones,3,964,245,Reincidente
4791,9649,Cámara de hielo,2,522,219,Desintegrada
4792,2903,Baño de lava,3,251,321,Sobrevive
4793,8699,Laberinto sin salida,7,943,356,Reincidente
4794,1093,Laberinto sin salida,4,274,474,Reincidente
4795,2477,Baño de lava,4,937,130,Sobrevive
4796,6603,Baño de lava,4,421,420,Transferida
4797,2198,Grito eterno,6,381,390,En proceso
4798,7031,Baño de lava,10,529,314,Desintegrada
4799,844,Grito eterno,6,485,387,Sobrevive
4800,4076,Grito eterno,1,844,137,Reincidente
4801,8017,Cámara de hielo,4,320,315,Transferida
4802,3415,Loop de reuniones,10,685,460,Desintegrada
4803,6715,Laberinto sin salida,8,738,444,Desintegrada
4804,1081,Grito eterno,5,482,446,Sobrevive
4805,8032,Loop de reuniones,2,667,120,Transferida
4806,334,Cámara de hielo,5,347,312,Desintegrada
4807,5251,Baño de lava,9,35,337,En proceso
4808,8755,Laberinto sin salida,4,712,117,Sobrevive
4809,1985,Loop de reuniones,10,183,131,Sobrevive
4810,9721,Cámara de hielo,3,365,158,Reincidente
4811,335,Baño de lava,2,14,163,En proceso
4812,2,Cámara de hielo,6,4,208,Reincidente
4813,5286,Loop de reuniones,10,168,413,Transferida
4814,773,Laberinto sin salida,3,497,242,Transferida
4815,1489,Baño de lava,3,349,386,Transferida
4816,8112,Loop de reuniones,2,43,131,Sobrevive
4817,5616,Laberinto sin salida,3,617,442,Transferida
4818,4586,Loop de reuniones,4,271,79,Desintegrada
4819,5890,Grito eterno,6,878,441,Reincidente
4820,7182,Grito eterno,9,256,183,Sobrevive
4821,9544,Loop de reuniones,10,337,45,Desintegrada
4822,7086,Laberinto sin salida,10,262,137,Desintegrada
4823,6451,Cámara de hielo,4,755,372,Desintegrada
4824,6293,Loop de reuniones,4,992,296,Transferida
4825,8634,Grito eterno,10,472,384,Desintegrada
4826,8662,Grito eterno,8,894,288,Sobrevive
4827,4122,Cámara de hielo,6,250,274,Reincidente
4828,8523,Grito eterno,10,553,315,Reincidente
4829,9941,Baño de lava,1,321,189,Reincidente
4830,8388,Cámara de hielo,1,952,218,Sobrevive
4831,1707,Laberinto sin salida,10,850,286,Reincidente
4832,5157,Grito eterno,8,315,394,Transferida
4833,783,Laberinto sin salida,9,803,481,Sobrevive
4834,5706,Cámara de hielo,10,511,485,Reincidente
4835,9975,Grito eterno,7,529,495,Reincidente
4836,2336,Baño de lava,4,580,186,Transferida
4837,9905,Loop de reuniones,4,814,450,Transferida
4838,7187,Baño de lava,4,772,29,Sobrevive
4839,8749,Laberinto sin salida,1,834,88,Sobrevive
4840,9183,Laberinto sin salida,6,717,50,Reincidente
4841,8533,Laberinto sin salida,10,790,478,Sobrevive
4842,4127,Baño de lava,1,211,126,Sobrevive
4843,9592,Loop de reuniones,5,826,8,Reincidente
4844,4595,Laberinto sin salida,3,193,128,Reincidente
4846,5776,Baño de lava,3,442,448,Desintegrada
4847,7319,Baño de lava,3,717,288,Desintegrada
4848,1277,Cámara de hielo,5,131,357,Desintegrada
4849,9331,Laberinto sin salida,7,541,198,Desintegrada
4850,1757,Loop de reuniones,4,595,350,Desintegrada
4851,9786,Cámara de hielo,4,107,439,Desintegrada
4852,1286,Loop de reuniones,6,374,372,Sobrevive
4853,6306,Loop de reuniones,4,896,475,Transferida
4854,7138,Cámara de hielo,10,919,40,Reincidente
4855,7860,Laberinto sin salida,1,453,19,Reincidente
4856,6882,Baño de lava,6,811,254,Reincidente
4857,4827,Baño de lava,3,72,283,Sobrevive
4858,3663,Laberinto sin salida,5,511,296,Transferida
4859,8380,Grito eterno,3,563,488,Reincidente
4860,3302,Cámara de hielo,10,671,420,Sobrevive
4861,9812,Cámara de hielo,9,138,284,Transferida
4862,1623,Cámara de hielo,8,339,276,Reincidente
4863,2617,Laberinto sin salida,3,829,163,Reincidente
4864,2063,Cámara de hielo,7,216,421,Transferida
4865,7974,Baño de lava,6,539,468,Transferida
4866,8010,Grito eterno,9,169,231,Desintegrada
4867,9967,Grito eterno,7,924,377,Reincidente
4868,3097,Laberinto sin salida,2,467,45,Desintegrada
4869,2297,Baño de lava,1,323,432,Desintegrada
4870,9498,Grito eterno,6,575,234,Sobrevive
4871,7370,Laberinto sin salida,4,944,192,Reincidente
4872,9049,Baño de lava,9,890,495,Reincidente
4873,8066,Baño de lava,7,793,496,Reincidente
4874,5670,Cámara de hielo,1,143,418,Reincidente
4875,9004,Loop de reuniones,10,517,453,Sobrevive
4876,5462,Laberinto sin salida,8,737,102,Desintegrada
4877,5314,Cámara de hielo,8,273,29,Reincidente
4878,35,Loop de reuniones,3,690,409,Desintegrada
4879,486,Cámara de hielo,3,610,410,Reincidente
4880,2454,Laberinto sin salida,7,248,356,Sobrevive
4881,6579,Cámara de hielo,10,865,173,Reincidente
4882,2122,Cámara de hielo,7,571,372,Reincidente
4883,2318,Loop de reuniones,7,199,184,Transferida
4884,1153,Baño de lava,9,260,190,Desintegrada
4885,5950,Laberinto sin salida,7,556,343,Reincidente
4886,4804,Loop de reuniones,6,996,66,Reincidente
4887,3169,Laberinto sin salida,4,289,450,Desintegrada
4888,9027,Baño de lava,10,908,409,Desintegrada
4889,5843,Loop de reuniones,10,326,322,Sobrevive
4890,5430,Baño de lava,9,958,495,Sobrevive
4891,6065,Grito eterno,2,297,329,Sobrevive
4892,4499,Cámara de hielo,4,509,357,Transferida
4893,1032,Grito eterno,5,807,448,Sobrevive
4894,8013,Cámara de hielo,6,750,467,Reincidente
4895,7483,Baño de lava,10,675,350,Sobrevive
4896,8144,Grito eterno,2,512,323,Sobrevive
4897,7851,Laberinto sin salida,4,789,147,Reincidente
4898,1201,Baño de lava,6,412,242,Sobrevive
4899,8365,Cámara de hielo,7,40,446,Desintegrada
4900,2431,Grito eterno,6,99,323,Desintegrada
4901,8252,Grito eterno,5,77,98,Reincidente
4902,6697,Grito eterno,10,921,72,Desintegrada
4903,1492,Laberinto sin salida,3,237,91,Reincidente
4904,8356,Grito eterno,8,205,409,Transferida
4905,1422,Cámara de hielo,7,845,9,Sobrevive
4906,1204,Laberinto sin salida,1,967,66,Sobrevive
4907,2330,Loop de reuniones,10,801,184,Reincidente
4908,612,Loop de reuniones,10,544,277,Transferida
4909,1043,Cámara de hielo,8,242,485,Transferida
4910,8417,Grito eterno,8,552,394,Transferida
4911,6634,Cámara de hielo,4,724,73,Transferida
4912,1639,Cámara de hielo,10,981,270,Desintegrada
4913,6202,Laberinto sin salida,5,130,227,Desintegrada
4914,6686,Laberinto sin salida,6,764,221,Desintegrada
4915,2500,Laberinto sin salida,7,431,271,Sobrevive
4916,3491,Loop de reuniones,6,535,105,Reincidente
4917,6800,Grito eterno,4,884,158,Transferida
4918,8158,Loop de reuniones,5,224,316,Reincidente
4919,1376,Baño de lava,7,49,15,Reincidente
4920,2740,Laberinto sin salida,2,377,160,Transferida
4921,9470,Loop de reuniones,2,667,349,Desintegrada
4922,4159,Baño de lava,2,331,406,Desintegrada
4923,8601,Grito eterno,2,850,115,Transferida
4924,3169,Cámara de hielo,2,511,8,Reincidente
4925,5900,Cámara de hielo,1,541,177,Desintegrada
4926,3483,Laberinto sin salida,3,997,159,Reincidente
4927,5819,Laberinto sin salida,3,35,426,Sobrevive
4928,7980,Laberinto sin salida,1,943,323,Reincidente
4929,3036,Grito eterno,8,611,55,Reincidente
4930,8253,Grito eterno,7,137,446,Desintegrada
4931,6531,Cámara de hielo,4,870,338,Desintegrada
4932,5646,Cámara de hielo,8,568,446,Sobrevive
4933,5892,Laberinto sin salida,3,213,66,Transferida
4934,7464,Loop de reuniones,10,221,343,Reincidente
4935,7612,Laberinto sin salida,7,811,4,Transferida
4936,1680,Grito eterno,5,555,426,Sobrevive
4937,9132,Loop de reuniones,7,494,415,Transferida
4938,1119,Grito eterno,2,77,192,Desintegrada
4939,8915,Grito eterno,7,83,177,Desintegrada
4940,1666,Loop de reuniones,8,886,279,Sobrevive
4941,6578,Loop de reuniones,8,553,115,Desintegrada
4942,4279,Laberinto sin salida,4,99,460,Reincidente
4943,2690,Cámara de hielo,4,396,81,Desintegrada
4944,7474,Cámara de hielo,7,913,186,Reincidente
4945,4021,Baño de lava,7,933,31,Sobrevive
4946,7292,Laberinto sin salida,1,584,312,Transferida
4947,3831,Laberinto sin salida,1,85,232,Desintegrada
4948,2044,Laberinto sin salida,5,478,66,Desintegrada
4949,4927,Cámara de hielo,2,453,313,Sobrevive
4950,2773,Laberinto sin salida,9,339,442,Desintegrada
4951,3093,Baño de lava,4,65,142,Reincidente
4952,6010,Loop de reuniones,9,898,229,Desintegrada
4953,7698,Cámara de hielo,2,785,72,Desintegrada
4954,3994,Cámara de hielo,6,242,165,Transferida
4955,349,Cámara de hielo,9,41,186,Transferida
4956,9263,Cámara de hielo,9,656,423,Reincidente
4957,7258,Loop de reuniones,5,504,448,Transferida
4958,4623,Cámara de hielo,2,343,254,Reincidente
4959,5245,Baño de lava,6,867,124,Sobrevive
4960,6152,Baño de lava,9,995,460,Desintegrada
4961,290,Loop de reuniones,7,417,343,Reincidente
4962,4640,Cámara de hielo,5,121,422,En proceso
4963,5496,Grito eterno,9,682,10,Transferida
4964,6500,Grito eterno,4,11,411,Reincidente
4965,2739,Grito eterno,4,240,422,Reincidente
4966,7126,Baño de lava,9,805,166,Sobrevive
4967,2018,Baño de lava,1,100,136,Reincidente
4968,8619,Baño de lava,2,747,362,Transferida
4969,6005,Grito eterno,10,578,45,Reincidente
4970,787,Loop de reuniones,8,257,382,Reincidente
4971,8833,Loop de reuniones,10,36,406,Desintegrada
4972,5541,Baño de lava,2,119,491,Sobrevive
4973,4327,Grito eterno,8,433,58,Sobrevive
4974,4328,Laberinto sin salida,4,441,382,Reincidente
4975,2891,Loop de reuniones,1,737,157,Desintegrada
4976,9048,Grito eterno,6,606,160,Desintegrada
4977,4039,Laberinto sin salida,2,510,245,Sobrevive
4978,7488,Cámara de hielo,9,839,187,Sobrevive
4979,1968,Loop de reuniones,5,206,48,Reincidente
4980,6188,Cámara de hielo,6,326,467,Desintegrada
4981,6805,Laberinto sin salida,1,632,357,Desintegrada
4982,7959,Cámara de hielo,3,597,112,Reincidente
4983,1195,Loop de reuniones,10,193,184,Sobrevive
4984,5236,Laberinto sin salida,4,284,441,Desintegrada
4985,2897,Loop de reuniones,6,571,44,Desintegrada
4986,3266,Grito eterno,3,672,93,Transferida
4987,2689,Grito eterno,1,605,284,Reincidente
4988,9696,Baño de lava,2,195,415,En proceso
4989,2310,Grito eterno,9,92,414,Transferida
4990,3840,Loop de reuniones,9,261,206,Reincidente
4991,8082,Baño de lava,1,902,362,Sobrevive
4992,3422,Grito eterno,3,176,166,Desintegrada
4993,806,Cámara de hielo,5,904,8,Sobrevive
4994,7909,Loop de reuniones,10,69,307,Desintegrada
4995,2522,Loop de reuniones,9,775,287,Transferida
4996,4909,Cámara de hielo,9,225,360,Reincidente
4997,243,Cámara de hielo,9,390,241,Desintegrada
4998,7718,Laberinto sin salida,2,968,385,Transferida
4999,8371,Laberinto sin salida,8,250,263,Sobrevive
5000,1330,Grito eterno,5,770,495,Reincidente
5001,7877,Grito eterno,9,613,1,Reincidente
5002,1213,Loop de reuniones,3,292,92,En proceso
5003,8183,Baño de lava,6,796,349,Desintegrada
5004,5019,Cámara de hielo,7,976,81,Desintegrada
5005,9072,Loop de reuniones,5,907,115,Desintegrada
5006,8987,Cámara de hielo,6,417,241,Sobrevive
5007,6442,Cámara de hielo,5,333,327,Reincidente
5008,1415,Loop de reuniones,5,629,378,Desintegrada
5009,887,Loop de reuniones,1,483,31,Desintegrada
5010,3008,Grito eterno,5,409,318,Reincidente
5011,722,Cámara de hielo,10,786,364,Transferida
5012,3529,Loop de reuniones,4,736,74,Reincidente
5013,896,Baño de lava,6,831,321,Reincidente
5014,2929,Grito eterno,7,672,378,Desintegrada
5015,2378,Laberinto sin salida,9,45,229,Desintegrada
5016,8545,Baño de lava,3,709,411,Desintegrada
5017,3256,Cámara de hielo,3,623,121,Transferida
5018,7112,Grito eterno,9,612,475,Transferida
5019,1573,Baño de lava,3,314,3,Sobrevive
5020,7187,Laberinto sin salida,7,675,54,Desintegrada
5021,8300,Grito eterno,3,433,277,Sobrevive
5022,6330,Cámara de hielo,2,458,50,Reincidente
5023,5780,Cámara de hielo,9,14,19,Sobrevive
5024,9891,Grito eterno,3,683,126,Desintegrada
5025,4671,Baño de lava,8,103,159,Transferida
5026,6096,Grito eterno,8,703,41,Desintegrada
5027,7670,Loop de reuniones,7,160,249,Transferida
5028,7968,Baño de lava,10,587,31,Transferida
5029,1782,Laberinto sin salida,10,522,446,Desintegrada
5030,7704,Baño de lava,4,46,166,Reincidente
5031,4500,Cámara de hielo,6,619,467,Transferida
5032,6569,Baño de lava,4,670,414,Reincidente
5033,731,Cámara de hielo,6,65,124,Desintegrada
5035,2283,Loop de reuniones,10,562,315,Reincidente
5036,4807,Baño de lava,1,841,58,Transferida
5037,5747,Baño de lava,10,579,135,Reincidente
5038,6867,Laberinto sin salida,2,864,286,Reincidente
5039,4348,Grito eterno,2,656,483,Transferida
5040,7946,Laberinto sin salida,3,197,413,Sobrevive
5041,8583,Laberinto sin salida,7,580,117,Desintegrada
5042,8145,Cámara de hielo,2,204,76,Reincidente
5043,5576,Laberinto sin salida,4,303,338,Sobrevive
5044,7227,Cámara de hielo,7,759,117,En proceso
5045,9095,Loop de reuniones,7,225,430,Reincidente
5046,4028,Loop de reuniones,6,65,284,Sobrevive
5047,1555,Grito eterno,8,502,186,Reincidente
5048,7821,Grito eterno,2,30,109,En proceso
5049,531,Baño de lava,10,128,186,Reincidente
5050,1837,Cámara de hielo,5,870,303,Sobrevive
5051,3009,Loop de reuniones,10,380,335,Transferida
5052,699,Cámara de hielo,7,608,10,Desintegrada
5053,5895,Cámara de hielo,5,472,19,Transferida
5054,5241,Grito eterno,5,773,158,En proceso
5055,1872,Cámara de hielo,5,1,58,Transferida
5056,9400,Laberinto sin salida,10,332,442,Reincidente
5057,4034,Cámara de hielo,1,244,55,Transferida
5058,8708,Laberinto sin salida,5,628,192,Transferida
5059,4448,Baño de lava,7,17,309,Desintegrada
5060,2933,Laberinto sin salida,9,930,411,Sobrevive
5061,1934,Loop de reuniones,7,938,415,Desintegrada
5062,2212,Loop de reuniones,3,520,338,Reincidente
5063,5751,Loop de reuniones,5,971,318,Reincidente
5064,324,Baño de lava,7,179,102,Transferida
5065,1391,Cámara de hielo,6,452,105,Transferida
5066,4862,Baño de lava,4,19,480,Transferida
5067,7445,Baño de lava,3,529,387,Reincidente
5068,184,Cámara de hielo,7,898,254,Desintegrada
5069,2582,Grito eterno,5,172,263,Transferida
5070,1903,Loop de reuniones,3,253,186,Transferida
5071,8405,Loop de reuniones,1,432,445,Reincidente
5072,4543,Loop de reuniones,10,484,372,Reincidente
5073,3659,Grito eterno,3,199,275,Transferida
5074,2414,Grito eterno,2,650,55,Reincidente
5075,6287,Laberinto sin salida,4,276,335,Reincidente
5076,6526,Grito eterno,3,740,351,Desintegrada
5077,5652,Laberinto sin salida,2,855,50,Desintegrada
5078,7841,Baño de lava,10,630,184,Reincidente
5079,3927,Loop de reuniones,3,716,349,Transferida
5080,6190,Grito eterno,7,940,227,Desintegrada
5081,6145,Loop de reuniones,10,182,1,Transferida
5082,6902,Laberinto sin salida,7,841,117,Desintegrada
5083,7010,Baño de lava,9,976,332,Reincidente
5084,3407,Loop de reuniones,6,577,50,Transferida
5085,9235,Grito eterno,8,583,54,En proceso
5086,5988,Baño de lava,10,299,318,Reincidente
5087,5310,Cámara de hielo,9,130,237,Sobrevive
5088,9999,Baño de lava,6,771,127,Transferida
5089,4991,Laberinto sin salida,8,136,76,Reincidente
5090,9130,Cámara de hielo,6,19,263,Transferida
5091,7228,Cámara de hielo,1,272,288,Sobrevive
5092,3336,Baño de lava,6,484,68,En proceso
5093,8238,Loop de reuniones,4,615,394,Desintegrada
5094,3786,Cámara de hielo,10,672,385,Reincidente
5095,8258,Baño de lava,4,171,92,Transferida
5096,7658,Cámara de hielo,1,844,410,Transferida
5097,4712,Loop de reuniones,8,615,31,Reincidente
5098,8664,Cámara de hielo,8,847,386,Transferida
5099,7856,Grito eterno,6,470,175,Reincidente
5100,9814,Grito eterno,3,486,361,Transferida
5101,7,Loop de reuniones,10,877,43,Sobrevive
5102,5600,Grito eterno,7,86,307,Sobrevive
5103,9795,Laberinto sin salida,10,25,483,Reincidente
5104,304,Cámara de hielo,9,453,91,Transferida
5105,6708,Grito eterno,5,517,71,En proceso
5106,1408,Loop de reuniones,9,468,442,Desintegrada
5107,1869,Loop de reuniones,3,405,411,Transferida
5108,1922,Grito eterno,10,401,387,Reincidente
5109,6827,Grito eterno,5,711,157,Transferida
5110,2425,Laberinto sin salida,8,234,494,Transferida
5111,439,Grito eterno,10,704,186,Reincidente
5112,331,Grito eterno,4,291,54,Transferida
5113,9815,Grito eterno,8,279,321,Desintegrada
5114,8483,Loop de reuniones,8,726,40,Transferida
5115,4236,Laberinto sin salida,7,666,450,Desintegrada
5116,7864,Laberinto sin salida,4,32,315,Sobrevive
5117,6953,Baño de lava,4,894,245,Sobrevive
5118,7236,Loop de reuniones,10,321,327,Transferida
5119,6892,Grito eterno,10,117,467,Reincidente
5120,1663,Grito eterno,4,14,354,Sobrevive
5121,1233,Loop de reuniones,5,347,181,Desintegrada
5122,7089,Laberinto sin salida,7,976,240,Transferida
5123,9785,Loop de reuniones,5,935,421,Sobrevive
5124,8119,Loop de reuniones,2,642,166,Desintegrada
5125,9541,Cámara de hielo,3,985,450,Transferida
5126,2969,Grito eterno,1,962,89,Transferida
5127,9080,Laberinto sin salida,5,59,13,Reincidente
5128,6968,Laberinto sin salida,8,309,327,Transferida
5129,9123,Baño de lava,9,452,8,Reincidente
5130,9988,Laberinto sin salida,9,695,345,Sobrevive
5131,7097,Cámara de hielo,8,650,491,Transferida
5132,7393,Laberinto sin salida,3,65,363,Transferida
5133,8032,Laberinto sin salida,3,609,120,Transferida
5134,8283,Loop de reuniones,9,255,439,Reincidente
5135,1625,Grito eterno,6,980,330,En proceso
5136,1149,Loop de reuniones,4,778,98,Desintegrada
5137,2061,Grito eterno,5,934,423,Transferida
5138,3910,Laberinto sin salida,1,678,278,Transferida
5139,2797,Laberinto sin salida,5,626,483,Transferida
5140,2126,Baño de lava,8,664,444,Reincidente
5141,4888,Baño de lava,5,781,481,Sobrevive
5142,1045,Grito eterno,5,231,230,Reincidente
5143,953,Grito eterno,2,727,254,Desintegrada
5144,7355,Laberinto sin salida,7,743,480,Sobrevive
5145,9757,Laberinto sin salida,6,416,40,Sobrevive
5146,3139,Cámara de hielo,7,429,177,Sobrevive
5147,4769,Cámara de hielo,7,959,135,Desintegrada
5148,9375,Loop de reuniones,2,200,277,Reincidente
5149,6846,Grito eterno,1,932,121,Reincidente
5150,1401,Loop de reuniones,2,361,410,Desintegrada
5151,167,Baño de lava,10,43,121,Sobrevive
5152,5028,Grito eterno,4,778,420,Desintegrada
5153,8416,Loop de reuniones,9,942,337,Transferida
5154,6751,Grito eterno,5,274,414,Desintegrada
5155,7893,Baño de lava,5,636,415,Reincidente
5156,2768,Cámara de hielo,10,222,385,Transferida
5157,5601,Loop de reuniones,1,882,415,Desintegrada
5158,2465,Cámara de hielo,5,378,135,Transferida
5159,4115,Baño de lava,5,131,44,Sobrevive
5160,2740,Loop de reuniones,9,420,41,Sobrevive
5161,4694,Grito eterno,5,969,274,Reincidente
5162,2611,Baño de lava,9,173,442,Reincidente
5163,4302,Laberinto sin salida,7,783,121,Sobrevive
5164,2179,Loop de reuniones,4,228,147,Reincidente
5165,308,Cámara de hielo,6,969,163,Sobrevive
5166,5310,Grito eterno,7,664,356,Desintegrada
5167,1096,Grito eterno,8,172,220,Sobrevive
5168,8308,Cámara de hielo,1,799,471,Reincidente
5169,7743,Grito eterno,1,934,327,Transferida
5170,8038,Laberinto sin salida,9,221,309,Reincidente
5171,9190,Grito eterno,4,824,463,Desintegrada
5172,1648,Grito eterno,8,966,479,Transferida
5173,9923,Baño de lava,6,466,188,Sobrevive
5174,2151,Cámara de hielo,6,486,327,Transferida
5175,5664,Laberinto sin salida,4,916,480,Transferida
5176,4834,Grito eterno,1,703,72,Desintegrada
5177,1684,Grito eterno,6,985,165,Desintegrada
5178,7905,Baño de lava,8,93,16,Transferida
5179,8735,Grito eterno,9,117,411,Desintegrada
5180,2832,Loop de reuniones,8,520,91,Transferida
5181,457,Baño de lava,7,845,430,Reincidente
5182,2466,Baño de lava,9,992,212,Transferida
5183,9507,Laberinto sin salida,3,930,73,Transferida
5184,4591,Cámara de hielo,6,398,496,Desintegrada
5185,7045,Grito eterno,9,503,390,Transferida
5186,778,Grito eterno,5,73,278,Transferida
5187,4921,Baño de lava,3,203,208,Sobrevive
5188,457,Grito eterno,2,740,331,Reincidente
5189,5012,Baño de lava,5,624,231,Reincidente
5191,5888,Cámara de hielo,5,347,45,Transferida
5192,855,Loop de reuniones,8,494,31,Transferida
5193,5569,Baño de lava,3,491,241,Sobrevive
5194,86,Cámara de hielo,10,708,274,Sobrevive
5195,8243,Laberinto sin salida,2,965,16,Reincidente
5196,2389,Laberinto sin salida,2,891,423,Transferida
5197,2848,Laberinto sin salida,5,464,430,Desintegrada
5198,6641,Laberinto sin salida,1,551,349,Transferida
5199,8519,Cámara de hielo,3,864,177,Sobrevive
5200,7400,Baño de lava,2,971,71,Sobrevive
5201,8093,Loop de reuniones,3,51,474,Reincidente
5202,1502,Cámara de hielo,8,462,8,Reincidente
5203,8509,Cámara de hielo,5,11,85,Reincidente
5204,6788,Cámara de hielo,4,693,66,Desintegrada
5205,9086,Grito eterno,5,263,284,Desintegrada
5206,7612,Cámara de hielo,8,592,386,Transferida
5207,6888,Grito eterno,6,104,147,Sobrevive
5208,1671,Cámara de hielo,8,112,91,Reincidente
5209,3220,Loop de reuniones,7,754,236,Desintegrada
5210,6130,Cámara de hielo,5,702,240,Desintegrada
5211,8054,Baño de lava,1,154,421,Sobrevive
5212,1314,Cámara de hielo,4,342,142,Transferida
5213,2840,Laberinto sin salida,4,380,92,Desintegrada
5214,2053,Loop de reuniones,1,76,121,Sobrevive
5215,9221,Grito eterno,3,352,175,Desintegrada
5216,4950,Cámara de hielo,6,931,316,Sobrevive
5217,5074,Grito eterno,5,553,439,Reincidente
5218,2712,Cámara de hielo,5,581,413,Desintegrada
5219,3865,Baño de lava,7,576,159,Reincidente
5220,6041,Grito eterno,4,863,191,Transferida
5221,1772,Grito eterno,8,5,111,Reincidente
5222,6111,Grito eterno,9,735,439,Transferida
5223,7704,Cámara de hielo,6,269,332,Transferida
5224,7494,Loop de reuniones,8,961,173,Sobrevive
5225,9489,Grito eterno,1,823,349,Reincidente
5226,6623,Cámara de hielo,9,492,184,Desintegrada
5227,5038,Loop de reuniones,4,641,335,Reincidente
5228,7412,Cámara de hielo,5,363,147,Transferida
5229,5577,Laberinto sin salida,5,666,330,Transferida
5230,5907,Grito eterno,2,534,288,Reincidente
5231,4064,Laberinto sin salida,9,622,337,Transferida
5232,4990,Grito eterno,1,916,317,Reincidente
5233,924,Loop de reuniones,3,478,394,Reincidente
5234,3760,Baño de lava,5,439,217,Sobrevive
5235,6830,Loop de reuniones,9,306,330,Transferida
5236,3892,Grito eterno,7,277,316,Reincidente
5237,7263,Laberinto sin salida,4,487,478,Transferida
5238,6617,Loop de reuniones,1,543,80,Sobrevive
5239,9570,Cámara de hielo,3,782,218,Sobrevive
5240,5184,Baño de lava,9,222,496,Sobrevive
5241,6309,Cámara de hielo,3,435,240,Reincidente
5242,1601,Loop de reuniones,4,264,406,Transferida
5243,8153,Grito eterno,9,575,427,Desintegrada
5244,1476,Baño de lava,8,860,190,Transferida
5245,419,Laberinto sin salida,10,721,2,Desintegrada
5246,3560,Baño de lava,8,203,445,Transferida
5247,2562,Cámara de hielo,8,855,73,Desintegrada
5248,1146,Cámara de hielo,7,359,361,Transferida
5249,4271,Grito eterno,8,468,460,Desintegrada
5250,6861,Baño de lava,4,810,224,Reincidente
5251,3524,Baño de lava,4,695,410,Reincidente
5252,9556,Loop de reuniones,5,103,314,Sobrevive
5253,7031,Baño de lava,7,85,318,Sobrevive
5254,3018,Grito eterno,4,924,317,Reincidente
5255,4701,Baño de lava,6,226,151,Sobrevive
5256,8593,Cámara de hielo,4,465,229,Reincidente
5257,3119,Grito eterno,4,231,309,Reincidente
5258,4997,Grito eterno,3,845,296,Reincidente
5259,4483,Baño de lava,4,316,478,Sobrevive
5260,4650,Grito eterno,10,16,131,Sobrevive
5261,9285,Cámara de hielo,2,228,209,Sobrevive
5262,6712,Baño de lava,4,707,378,Desintegrada
5263,1650,Cámara de hielo,1,813,327,Desintegrada
5264,2474,Baño de lava,10,768,31,Reincidente
5265,1349,Baño de lava,7,736,127,Transferida
5266,9914,Baño de lava,4,237,45,Transferida
5268,9985,Cámara de hielo,6,886,209,Desintegrada
5269,6950,Cámara de hielo,10,745,181,Reincidente
5270,2479,Baño de lava,8,748,338,Desintegrada
5271,4014,Baño de lava,5,795,237,Sobrevive
5272,799,Grito eterno,1,403,322,Desintegrada
5273,523,Baño de lava,10,809,313,Transferida
5274,6125,Baño de lava,2,337,478,Transferida
5275,9818,Loop de reuniones,7,881,281,Desintegrada
5276,2209,Loop de reuniones,9,734,446,Transferida
5277,4556,Laberinto sin salida,3,825,119,Transferida
5278,7325,Cámara de hielo,2,490,334,Reincidente
5279,5670,Loop de reuniones,9,746,111,Sobrevive
5280,843,Baño de lava,2,897,474,Desintegrada
5281,5172,Loop de reuniones,8,440,446,Sobrevive
5282,2236,Grito eterno,3,301,214,Transferida
5283,3995,Baño de lava,9,583,423,Desintegrada
5284,6145,Loop de reuniones,10,358,467,Sobrevive
5285,6813,Cámara de hielo,4,433,479,Desintegrada
5286,6304,Loop de reuniones,6,118,232,Desintegrada
5287,4152,Baño de lava,8,352,91,Sobrevive
5288,2875,Cámara de hielo,2,592,335,Reincidente
5289,6135,Baño de lava,5,574,421,Transferida
5290,2220,Loop de reuniones,9,174,183,Transferida
5291,2350,Baño de lava,4,15,99,Sobrevive
5292,3334,Cámara de hielo,8,620,211,Transferida
5293,1918,Laberinto sin salida,8,380,165,Desintegrada
5294,4625,Laberinto sin salida,1,120,406,Reincidente
5295,2147,Baño de lava,5,676,118,Desintegrada
5296,3624,Loop de reuniones,3,209,382,Transferida
5297,7238,Cámara de hielo,7,173,240,Sobrevive
5298,2659,Laberinto sin salida,6,396,111,Sobrevive
5299,540,Loop de reuniones,8,791,4,Desintegrada
5300,5978,Laberinto sin salida,6,823,270,Desintegrada
5301,3410,Laberinto sin salida,1,919,13,Sobrevive
5302,5538,Grito eterno,1,266,72,Sobrevive
5303,8050,Loop de reuniones,7,929,8,Reincidente
5304,8406,Laberinto sin salida,8,334,348,Desintegrada
5305,4509,Baño de lava,8,232,263,Transferida
5306,3863,Laberinto sin salida,10,559,136,Reincidente
5307,6042,Grito eterno,4,923,251,Desintegrada
5308,5396,Grito eterno,7,369,209,Sobrevive
5309,713,Cámara de hielo,7,275,120,Reincidente
5310,5674,Baño de lava,7,179,443,Sobrevive
5311,1642,Grito eterno,5,990,316,Sobrevive
5312,4836,Loop de reuniones,8,967,85,Sobrevive
5313,5146,Grito eterno,1,829,226,Reincidente
5314,9491,Cámara de hielo,9,870,409,Sobrevive
5315,9047,Grito eterno,3,690,315,Sobrevive
5316,7969,Grito eterno,5,503,10,Desintegrada
5317,9468,Grito eterno,9,908,327,Desintegrada
5318,6843,Baño de lava,5,491,135,Sobrevive
5319,7523,Loop de reuniones,5,818,443,Sobrevive
5320,3434,Grito eterno,2,784,348,Transferida
5321,4155,Cámara de hielo,2,757,184,Transferida
5322,3987,Baño de lava,3,188,119,Transferida
5323,4009,Baño de lava,10,470,137,Reincidente
5324,9745,Loop de reuniones,4,520,166,Sobrevive
5325,967,Grito eterno,9,558,250,Sobrevive
5326,5252,Loop de reuniones,6,918,119,Sobrevive
5327,2574,Laberinto sin salida,5,227,221,Reincidente
5328,2858,Loop de reuniones,6,882,485,Reincidente
5329,1849,Grito eterno,2,608,457,Reincidente
5330,5208,Grito eterno,2,66,495,Sobrevive
5331,5910,Cámara de hielo,3,155,415,Transferida
5332,9691,Laberinto sin salida,7,401,249,Transferida
5333,334,Baño de lava,10,51,61,Transferida
5334,6810,Baño de lava,2,175,474,Desintegrada
5335,5677,Loop de reuniones,9,610,9,Sobrevive
5336,9061,Loop de reuniones,4,714,406,Sobrevive
5337,7085,Cámara de hielo,9,459,157,Desintegrada
5338,544,Laberinto sin salida,10,335,166,Sobrevive
5339,6449,Grito eterno,3,735,209,Sobrevive
5340,2181,Baño de lava,6,579,414,Reincidente
5341,1935,Loop de reuniones,9,259,264,Reincidente
5342,9269,Grito eterno,8,614,266,Transferida
5343,4906,Laberinto sin salida,6,869,427,Transferida
5344,4993,Laberinto sin salida,9,985,270,Transferida
5345,4158,Baño de lava,7,112,115,Sobrevive
5346,9850,Laberinto sin salida,2,337,413,Reincidente
5347,9851,Loop de reuniones,3,397,45,Sobrevive
5348,3355,Grito eterno,10,589,147,Desintegrada
5349,3896,Grito eterno,7,977,4,Desintegrada
5350,5072,Loop de reuniones,3,962,309,Reincidente
5351,973,Baño de lava,2,767,249,Desintegrada
5352,2341,Laberinto sin salida,8,867,105,Transferida
5353,4109,Loop de reuniones,8,78,191,Desintegrada
5354,8746,Grito eterno,6,852,467,Desintegrada
5355,6343,Grito eterno,5,3,296,Sobrevive
5356,9257,Cámara de hielo,2,956,3,Desintegrada
5357,5188,Grito eterno,4,160,249,Reincidente
5358,2548,Laberinto sin salida,10,924,85,Sobrevive
5359,8288,Laberinto sin salida,10,96,363,Sobrevive
5360,6865,Cámara de hielo,9,452,214,Transferida
5361,1550,Cámara de hielo,6,443,29,Desintegrada
5362,886,Laberinto sin salida,2,78,177,Reincidente
5363,4920,Laberinto sin salida,6,617,406,Reincidente
5364,5560,Cámara de hielo,3,70,418,Transferida
5365,2876,Baño de lava,4,93,483,Transferida
5366,6468,Laberinto sin salida,8,394,19,Reincidente
5367,645,Loop de reuniones,5,661,214,Transferida
5368,4973,Cámara de hielo,8,951,175,Transferida
5369,2651,Loop de reuniones,2,259,19,Sobrevive
5370,6453,Loop de reuniones,10,843,279,Desintegrada
5371,8177,Laberinto sin salida,6,362,168,Transferida
5372,9783,Baño de lava,10,295,54,Sobrevive
5373,5300,Baño de lava,10,177,91,Desintegrada
5374,6944,Cámara de hielo,4,434,479,Transferida
5375,3532,Grito eterno,8,908,237,Sobrevive
5376,1941,Cámara de hielo,8,592,303,Sobrevive
5377,8017,Laberinto sin salida,6,976,287,Transferida
5378,7237,Loop de reuniones,9,588,496,Desintegrada
5379,1184,Cámara de hielo,6,181,112,Transferida
5380,3324,Baño de lava,6,469,271,Desintegrada
5381,2541,Cámara de hielo,8,24,368,Sobrevive
5382,256,Baño de lava,6,20,184,Transferida
5383,8056,Loop de reuniones,8,3,470,Sobrevive
5384,7790,Loop de reuniones,2,270,166,Desintegrada
5385,7400,Laberinto sin salida,7,225,409,Transferida
5386,2854,Laberinto sin salida,4,810,214,Desintegrada
5387,4254,Cámara de hielo,2,211,198,Transferida
5388,5154,Grito eterno,4,221,337,Transferida
5389,7419,Loop de reuniones,3,292,274,Sobrevive
5390,7544,Cámara de hielo,4,6,441,Desintegrada
5391,2115,Baño de lava,9,893,232,Reincidente
5392,3052,Loop de reuniones,7,122,109,Sobrevive
5393,8862,Laberinto sin salida,2,894,356,Reincidente
5394,8444,Baño de lava,2,773,72,Desintegrada
5395,8556,Loop de reuniones,5,951,105,Transferida
5396,6894,Baño de lava,2,902,471,Reincidente
5397,747,Baño de lava,4,626,157,Sobrevive
5398,410,Loop de reuniones,5,58,219,Desintegrada
5399,9997,Grito eterno,9,779,495,Desintegrada
5400,3322,Grito eterno,1,146,89,Reincidente
5401,6321,Loop de reuniones,5,214,163,Sobrevive
5402,5242,Cámara de hielo,3,751,386,Sobrevive
5403,5130,Loop de reuniones,8,139,107,Sobrevive
5404,3881,Baño de lava,6,805,446,Reincidente
5406,9729,Baño de lava,6,209,92,Transferida
5407,3941,Baño de lava,10,425,111,Desintegrada
5408,5587,Loop de reuniones,1,502,488,Desintegrada
5409,8034,Baño de lava,6,920,116,Sobrevive
5410,3389,Cámara de hielo,8,941,212,Reincidente
5411,5939,Baño de lava,5,252,299,Transferida
5412,1671,Cámara de hielo,10,750,286,Desintegrada
5413,1951,Grito eterno,9,762,420,Transferida
5414,9348,Cámara de hielo,4,849,296,Sobrevive
5415,4166,Grito eterno,4,168,79,Transferida
5416,5020,Baño de lava,7,167,189,Sobrevive
5418,8838,Cámara de hielo,10,821,135,Transferida
5419,3047,Laberinto sin salida,9,613,3,Reincidente
5420,3123,Grito eterno,7,462,113,Reincidente
5421,2878,Laberinto sin salida,10,51,274,Sobrevive
5422,4580,Laberinto sin salida,4,349,212,Sobrevive
5423,5667,Baño de lava,4,531,116,Sobrevive
5424,2820,Laberinto sin salida,9,968,191,Sobrevive
5425,9335,Grito eterno,6,188,263,Desintegrada
5426,3817,Laberinto sin salida,10,324,312,Transferida
5427,9899,Cámara de hielo,5,797,72,Transferida
5428,550,Laberinto sin salida,4,964,410,Transferida
5429,2044,Grito eterno,6,11,394,Desintegrada
5430,5376,Laberinto sin salida,5,409,227,Sobrevive
5431,4811,Grito eterno,10,428,34,Reincidente
5432,9753,Baño de lava,9,455,479,Reincidente
5433,8516,Loop de reuniones,3,297,173,Desintegrada
5434,3410,Loop de reuniones,6,578,119,Sobrevive
5435,7344,Baño de lava,3,912,347,Sobrevive
5436,5516,Grito eterno,7,833,120,Sobrevive
5437,3611,Loop de reuniones,8,386,76,Reincidente
5438,2941,Loop de reuniones,1,603,394,Sobrevive
5439,5141,Loop de reuniones,3,922,16,Transferida
5440,6387,Grito eterno,6,921,364,Desintegrada
5441,7399,Loop de reuniones,5,837,71,Reincidente
5442,6354,Laberinto sin salida,8,813,445,Desintegrada
5443,4153,Grito eterno,4,817,296,Transferida
5444,9262,Grito eterno,9,519,109,Transferida
5445,5184,Baño de lava,6,912,186,Desintegrada
5446,3921,Baño de lava,9,716,481,Reincidente
5447,9088,Laberinto sin salida,6,14,427,Desintegrada
5448,9689,Grito eterno,6,68,354,Desintegrada
5449,4972,Grito eterno,1,993,55,Sobrevive
5450,4089,Cámara de hielo,9,402,368,Desintegrada
5451,5593,Laberinto sin salida,9,48,413,Transferida
5452,9574,Loop de reuniones,7,799,111,Sobrevive
5453,9659,Baño de lava,2,206,190,Sobrevive
5454,7479,Grito eterno,4,549,115,Desintegrada
5455,3431,Loop de reuniones,9,35,271,Desintegrada
5456,8372,Grito eterno,1,637,147,Sobrevive
5457,7886,Laberinto sin salida,1,999,99,Transferida
5458,8983,Grito eterno,4,856,187,Sobrevive
5459,286,Grito eterno,7,234,422,Desintegrada
5460,340,Cámara de hielo,4,7,315,Reincidente
5461,4906,Laberinto sin salida,2,471,361,Sobrevive
5462,4132,Loop de reuniones,9,204,364,Sobrevive
5463,321,Laberinto sin salida,1,721,116,Sobrevive
5464,4214,Baño de lava,1,906,245,Desintegrada
5465,9477,Loop de reuniones,9,367,50,Desintegrada
5466,8574,Cámara de hielo,5,254,288,Sobrevive
5467,4522,Laberinto sin salida,6,713,79,Transferida
5468,2064,Baño de lava,5,153,288,Desintegrada
5469,4566,Laberinto sin salida,6,946,348,Transferida
5470,1477,Grito eterno,8,810,48,Desintegrada
5471,1583,Loop de reuniones,6,597,4,Sobrevive
5472,1849,Baño de lava,10,251,187,Desintegrada
5473,7085,Cámara de hielo,5,834,24,Sobrevive
5474,548,Grito eterno,2,828,446,Desintegrada
5475,1305,Cámara de hielo,7,226,432,Desintegrada
5476,5770,Baño de lava,8,982,440,Reincidente
5477,9294,Grito eterno,7,669,394,Transferida
5478,9112,Grito eterno,6,583,218,Transferida
5479,3663,Laberinto sin salida,8,9,79,Sobrevive
5480,9240,Cámara de hielo,9,498,245,Sobrevive
5481,8089,Baño de lava,6,993,43,Reincidente
5482,5937,Cámara de hielo,1,749,363,Transferida
5483,2934,Cámara de hielo,8,342,303,Sobrevive
5484,8214,Cámara de hielo,4,89,102,Desintegrada
5485,2723,Laberinto sin salida,4,862,347,Sobrevive
5486,3246,Laberinto sin salida,6,447,453,Reincidente
5487,1852,Cámara de hielo,8,469,177,En proceso
5488,6530,Loop de reuniones,5,249,349,Transferida
5489,7304,Cámara de hielo,9,169,189,Sobrevive
5490,4405,Baño de lava,7,226,357,Sobrevive
5491,5288,Loop de reuniones,4,249,212,Desintegrada
5492,6214,Baño de lava,6,749,481,Reincidente
5493,1156,Baño de lava,7,449,322,Sobrevive
5494,1065,Grito eterno,4,116,494,Reincidente
5495,8713,Laberinto sin salida,3,157,311,Desintegrada
5496,2718,Grito eterno,10,754,230,Transferida
5497,8975,Baño de lava,1,502,31,Transferida
5498,9082,Laberinto sin salida,7,265,5,Reincidente
5499,5692,Grito eterno,4,885,191,Desintegrada
5500,9432,Cámara de hielo,7,690,450,Transferida
5501,599,Baño de lava,1,583,126,Sobrevive
5502,6574,Loop de reuniones,8,936,158,Desintegrada
5503,6380,Baño de lava,7,559,313,Reincidente
5504,3537,Grito eterno,10,900,390,Transferida
5505,9308,Cámara de hielo,9,414,2,Desintegrada
5506,360,Loop de reuniones,6,526,136,Sobrevive
5507,5703,Grito eterno,7,34,318,Desintegrada
5508,6322,Grito eterno,4,725,117,Sobrevive
5509,278,Baño de lava,5,603,5,Transferida
5510,7688,Loop de reuniones,8,854,322,Desintegrada
5511,831,Cámara de hielo,9,517,8,Transferida
5512,4553,Cámara de hielo,9,368,168,Sobrevive
5513,1995,Laberinto sin salida,9,645,81,Sobrevive
5514,3658,Grito eterno,8,674,81,Reincidente
5515,4861,Cámara de hielo,7,579,115,Reincidente
5516,3594,Baño de lava,3,575,332,Reincidente
5517,5910,Baño de lava,10,486,479,Desintegrada
5518,5036,Laberinto sin salida,3,273,227,Transferida
5519,5996,Cámara de hielo,2,269,234,Reincidente
5520,6711,Grito eterno,6,173,361,Sobrevive
5521,3701,Grito eterno,4,386,495,Transferida
5522,825,Cámara de hielo,5,639,483,Reincidente
5523,4662,Laberinto sin salida,8,771,441,Sobrevive
5524,5563,Loop de reuniones,3,502,274,Desintegrada
5525,8554,Baño de lava,10,391,242,Reincidente
5526,792,Cámara de hielo,1,38,19,Reincidente
5527,3070,Laberinto sin salida,9,370,263,En proceso
5528,8630,Loop de reuniones,7,868,330,Reincidente
5529,7201,Grito eterno,3,42,54,Transferida
5530,3213,Loop de reuniones,4,853,220,Transferida
5531,5659,Laberinto sin salida,5,666,468,Desintegrada
5532,1139,Laberinto sin salida,1,601,41,Transferida
5533,1797,Grito eterno,10,46,84,Transferida
5534,4291,Laberinto sin salida,7,327,45,Sobrevive
5535,9904,Cámara de hielo,5,874,432,Transferida
5536,6809,Loop de reuniones,9,922,221,Transferida
5537,3703,Laberinto sin salida,10,258,44,Transferida
5538,3738,Laberinto sin salida,2,768,281,Sobrevive
5539,2222,Baño de lava,2,324,388,Reincidente
5540,466,Laberinto sin salida,3,119,384,Reincidente
5541,96,Grito eterno,8,346,409,Desintegrada
5542,9730,Baño de lava,8,142,73,Desintegrada
5543,5658,Loop de reuniones,10,854,445,Transferida
5545,7957,Grito eterno,1,819,192,Reincidente
5546,45,Loop de reuniones,4,475,55,Sobrevive
5547,1107,Baño de lava,10,460,217,Sobrevive
5548,5856,Cámara de hielo,3,150,187,En proceso
5549,7442,Loop de reuniones,2,626,10,Desintegrada
5550,3919,Baño de lava,6,985,286,Transferida
5551,2168,Baño de lava,9,273,198,Desintegrada
5553,2245,Loop de reuniones,1,918,221,Reincidente
5554,220,Grito eterno,2,646,474,Transferida
5555,2359,Grito eterno,4,169,442,Transferida
5556,1085,Grito eterno,3,991,175,Transferida
5557,5033,Loop de reuniones,10,379,223,Transferida
5558,8299,Laberinto sin salida,8,734,86,Reincidente
5559,7409,Laberinto sin salida,10,871,335,Desintegrada
5560,7797,Baño de lava,5,924,29,Transferida
5561,8285,Grito eterno,3,9,475,Transferida
5562,6699,Laberinto sin salida,9,341,157,Desintegrada
5563,6654,Grito eterno,9,820,2,Desintegrada
5564,7288,Cámara de hielo,10,685,236,Reincidente
5565,7591,Grito eterno,10,522,232,Reincidente
5566,7952,Cámara de hielo,5,770,79,Sobrevive
5567,9242,Baño de lava,8,421,410,Desintegrada
5568,894,Grito eterno,3,371,219,Reincidente
5569,2344,Laberinto sin salida,5,100,129,Sobrevive
5570,4761,Loop de reuniones,8,284,327,Reincidente
5571,3770,Cámara de hielo,7,263,468,En proceso
5572,5900,Baño de lava,2,207,43,Sobrevive
5573,6334,Laberinto sin salida,9,394,241,Reincidente
5574,4317,Laberinto sin salida,3,518,85,Sobrevive
5575,8066,Grito eterno,4,18,119,Transferida
5576,6999,Laberinto sin salida,1,935,198,Sobrevive
5577,7888,Baño de lava,8,726,483,Reincidente
5578,9176,Grito eterno,5,631,317,Transferida
5579,7188,Loop de reuniones,2,968,117,Sobrevive
5580,8700,Laberinto sin salida,3,95,242,Desintegrada
5581,528,Cámara de hielo,6,839,221,Reincidente
5582,29,Grito eterno,4,543,29,Reincidente
5583,3965,Loop de reuniones,1,942,427,Sobrevive
5584,5117,Baño de lava,7,748,488,Desintegrada
5585,154,Laberinto sin salida,2,623,427,Sobrevive
5586,9359,Laberinto sin salida,3,986,192,Reincidente
5587,8389,Baño de lava,3,696,457,Desintegrada
5588,2061,Baño de lava,7,742,312,Sobrevive
5589,4367,Laberinto sin salida,4,839,41,Transferida
5590,4576,Baño de lava,10,822,488,Desintegrada
5591,4797,Laberinto sin salida,9,799,54,Transferida
5592,4746,Laberinto sin salida,7,285,460,Reincidente
5593,1140,Loop de reuniones,4,243,454,En proceso
5594,6476,Baño de lava,5,508,430,Sobrevive
5595,4170,Laberinto sin salida,9,603,166,Desintegrada
5596,7967,Cámara de hielo,4,587,478,Reincidente
5597,8609,Laberinto sin salida,4,99,254,Sobrevive
5598,709,Loop de reuniones,4,950,454,Sobrevive
5599,5884,Baño de lava,8,108,251,Transferida
5600,4394,Baño de lava,7,348,471,Transferida
5601,4749,Baño de lava,6,353,130,Sobrevive
5602,6568,Loop de reuniones,9,609,224,Sobrevive
5603,6011,Loop de reuniones,8,553,284,Reincidente
5604,4672,Grito eterno,3,473,309,Transferida
5605,3638,Laberinto sin salida,2,42,451,Desintegrada
5606,5017,Grito eterno,2,518,240,Reincidente
5607,7741,Cámara de hielo,3,728,180,Reincidente
5608,5321,Loop de reuniones,9,32,55,Transferida
5609,6115,Cámara de hielo,10,135,491,Sobrevive
5610,2312,Baño de lava,1,40,61,Transferida
5611,339,Laberinto sin salida,10,842,126,Desintegrada
5612,3924,Laberinto sin salida,2,642,354,Reincidente
5613,5473,Cámara de hielo,3,346,321,Reincidente
5614,9085,Grito eterno,1,875,24,Desintegrada
5615,5093,Grito eterno,9,998,41,Transferida
5616,6174,Cámara de hielo,9,813,451,Sobrevive
5617,5366,Grito eterno,7,219,5,Reincidente
5618,8753,Loop de reuniones,9,847,377,Sobrevive
5619,8376,Loop de reuniones,3,283,1,Transferida
5620,648,Baño de lava,2,887,330,Reincidente
5621,8933,Cámara de hielo,3,740,84,Sobrevive
5622,7538,Grito eterno,9,55,91,Sobrevive
5623,6308,Cámara de hielo,2,66,409,Reincidente
5624,9088,Loop de reuniones,8,327,357,Desintegrada
5625,3602,Loop de reuniones,2,493,245,Reincidente
5626,8970,Cámara de hielo,3,767,364,Desintegrada
5627,8485,Laberinto sin salida,3,886,311,Reincidente
5628,7389,Grito eterno,6,620,432,Reincidente
5629,5414,Grito eterno,2,241,322,Desintegrada
5630,375,Cámara de hielo,10,74,91,Sobrevive
5631,5787,Baño de lava,8,75,299,Reincidente
5632,4260,Grito eterno,2,322,166,Transferida
5633,698,Grito eterno,4,920,93,Reincidente
5634,1121,Grito eterno,7,353,71,Desintegrada
5635,8306,Baño de lava,7,813,277,Transferida
5636,7090,Baño de lava,1,787,15,Sobrevive
5637,6447,Baño de lava,6,337,312,Transferida
5638,6909,Laberinto sin salida,7,957,116,Sobrevive
5639,1182,Grito eterno,8,256,382,Reincidente
5640,2215,Laberinto sin salida,6,624,323,Transferida
5641,9264,Baño de lava,2,338,231,Reincidente
5642,4853,Cámara de hielo,5,476,147,Reincidente
5643,1208,Laberinto sin salida,6,351,29,Desintegrada
5644,9226,Laberinto sin salida,9,564,29,En proceso
5645,7609,Laberinto sin salida,2,265,159,Desintegrada
5646,8483,Cámara de hielo,5,145,230,Sobrevive
5647,3190,Loop de reuniones,7,491,119,Desintegrada
5648,8595,Grito eterno,1,658,394,Desintegrada
5649,6477,Laberinto sin salida,6,100,19,Desintegrada
5650,8286,Baño de lava,7,363,186,Reincidente
5652,2780,Grito eterno,4,190,15,Reincidente
5653,9907,Laberinto sin salida,7,616,385,Transferida
5654,9544,Baño de lava,7,167,147,Reincidente
5655,7055,Loop de reuniones,5,359,187,Desintegrada
5656,3575,Laberinto sin salida,3,307,212,Reincidente
5657,8861,Loop de reuniones,8,49,1,Reincidente
5658,9068,Baño de lava,4,686,232,Desintegrada
5659,9770,Loop de reuniones,9,810,423,Sobrevive
5660,7741,Laberinto sin salida,5,720,80,Reincidente
5661,9982,Grito eterno,1,49,475,Reincidente
5662,745,Baño de lava,1,750,266,Transferida
5663,8311,Cámara de hielo,4,154,43,Reincidente
5664,2170,Grito eterno,1,520,71,Transferida
5665,9510,Baño de lava,6,100,349,Transferida
5666,9860,Baño de lava,10,485,264,Sobrevive
5667,8111,Grito eterno,2,950,10,Desintegrada
5668,3926,Cámara de hielo,10,139,142,Reincidente
5669,3242,Baño de lava,9,512,334,Sobrevive
5670,2321,Laberinto sin salida,7,310,357,Transferida
5671,6806,Grito eterno,2,358,409,Transferida
5672,3355,Cámara de hielo,5,751,217,Transferida
5673,9092,Cámara de hielo,10,470,411,Sobrevive
5674,9180,Laberinto sin salida,2,542,2,Transferida
5675,2198,Loop de reuniones,7,102,1,Desintegrada
5676,8944,Loop de reuniones,2,410,129,Reincidente
5677,3969,Grito eterno,3,895,471,Transferida
5678,9456,Loop de reuniones,5,355,464,Sobrevive
5679,4461,Cámara de hielo,3,298,312,Reincidente
5680,9150,Grito eterno,3,798,114,Desintegrada
5681,4362,Cámara de hielo,2,100,463,Sobrevive
5682,9250,Cámara de hielo,9,193,254,Desintegrada
5683,4234,Laberinto sin salida,3,661,250,Desintegrada
5684,9557,Laberinto sin salida,6,972,160,Transferida
5685,1879,Baño de lava,2,152,48,Sobrevive
5687,3854,Grito eterno,7,490,223,Reincidente
5688,1782,Baño de lava,8,638,445,Desintegrada
5689,5211,Cámara de hielo,6,364,98,Desintegrada
5690,8941,Laberinto sin salida,1,486,121,Sobrevive
5691,726,Loop de reuniones,3,737,209,Reincidente
5692,4271,Cámara de hielo,8,948,266,En proceso
5693,3667,Grito eterno,1,267,474,Reincidente
5694,3637,Grito eterno,4,958,34,Sobrevive
5695,4527,Grito eterno,1,680,415,Reincidente
5696,7531,Grito eterno,7,346,356,Transferida
5697,4574,Cámara de hielo,2,300,229,Desintegrada
5698,4280,Grito eterno,1,444,418,Reincidente
5699,9821,Grito eterno,1,568,481,Desintegrada
5700,414,Baño de lava,9,439,219,Desintegrada
5701,9066,Loop de reuniones,7,683,231,Transferida
5702,5414,Loop de reuniones,4,962,421,Sobrevive
5703,4809,Loop de reuniones,5,761,61,Reincidente
5704,8189,Grito eterno,5,123,236,Reincidente
5705,9422,Grito eterno,7,374,463,Reincidente
5706,6140,Loop de reuniones,1,95,217,Transferida
5707,4693,Laberinto sin salida,10,391,323,Reincidente
5708,8646,Loop de reuniones,3,805,343,Sobrevive
5709,9866,Grito eterno,10,549,451,Sobrevive
5710,9756,Loop de reuniones,5,193,409,Sobrevive
5711,9351,Cámara de hielo,5,23,323,Desintegrada
5712,3452,Laberinto sin salida,6,250,15,Sobrevive
5713,3477,Grito eterno,9,403,99,Transferida
5714,6619,Grito eterno,2,419,483,Sobrevive
5715,1410,Baño de lava,8,712,271,Desintegrada
5716,8012,Cámara de hielo,9,459,360,Reincidente
5717,3431,Grito eterno,10,899,183,Sobrevive
5718,4889,Baño de lava,1,399,9,Sobrevive
5719,3907,Cámara de hielo,1,191,236,Reincidente
5720,4774,Laberinto sin salida,5,136,475,Sobrevive
5721,2809,Laberinto sin salida,7,278,234,Transferida
5722,5380,Grito eterno,2,622,89,Transferida
5723,9673,Baño de lava,6,905,444,Transferida
5724,3318,Loop de reuniones,2,494,322,Sobrevive
5725,157,Cámara de hielo,9,688,113,Transferida
5726,7051,Loop de reuniones,10,613,72,Desintegrada
5727,1671,Grito eterno,6,710,173,Sobrevive
5728,987,Baño de lava,4,906,124,Sobrevive
5729,5177,Grito eterno,5,899,322,Desintegrada
5730,7782,Loop de reuniones,1,762,329,Desintegrada
5731,1601,Cámara de hielo,1,507,312,Reincidente
5732,5821,Laberinto sin salida,2,395,221,Transferida
5733,3097,Laberinto sin salida,3,138,160,En proceso
5734,3971,Loop de reuniones,5,685,413,Reincidente
5735,9784,Baño de lava,6,523,481,Sobrevive
5736,2673,Loop de reuniones,3,175,88,Sobrevive
5737,9783,Baño de lava,10,351,2,Reincidente
5738,192,Grito eterno,3,28,10,Sobrevive
5739,6669,Laberinto sin salida,10,464,286,Reincidente
5740,9625,Laberinto sin salida,10,244,116,Transferida
5741,8175,Cámara de hielo,6,66,137,Reincidente
5742,2823,Laberinto sin salida,6,682,270,Desintegrada
5743,6499,Baño de lava,7,643,218,Sobrevive
5744,192,Grito eterno,5,400,495,Transferida
5745,860,Loop de reuniones,1,460,58,Desintegrada
5746,5217,Grito eterno,10,245,277,Sobrevive
5747,6000,Grito eterno,5,34,166,Desintegrada
5748,345,Cámara de hielo,5,737,364,Transferida
5749,6773,Baño de lava,10,304,288,Transferida
5750,3985,Loop de reuniones,8,265,226,Desintegrada
5751,7357,Baño de lava,9,291,198,Sobrevive
5752,2341,Laberinto sin salida,8,501,157,Desintegrada
5753,3926,Laberinto sin salida,8,557,50,Reincidente
5754,9234,Cámara de hielo,10,154,254,Reincidente
5755,7875,Laberinto sin salida,7,26,390,Transferida
5756,1689,Cámara de hielo,4,196,79,Sobrevive
5758,1441,Laberinto sin salida,3,806,481,Transferida
5759,2051,Cámara de hielo,5,408,43,Desintegrada
5760,7514,Baño de lava,3,250,55,Reincidente
5761,2793,Laberinto sin salida,9,747,66,Reincidente
5762,6652,Baño de lava,6,456,1,Reincidente
5763,6796,Loop de reuniones,5,58,232,Reincidente
5764,8449,Baño de lava,5,466,76,Reincidente
5765,5832,Grito eterno,9,731,88,Desintegrada
5766,7401,Cámara de hielo,9,66,386,Transferida
5767,115,Grito eterno,8,609,278,Sobrevive
5768,8360,Grito eterno,5,816,451,Transferida
5769,9821,Cámara de hielo,9,56,481,Desintegrada
5770,2574,Laberinto sin salida,6,735,116,Sobrevive
5771,4303,Laberinto sin salida,3,799,91,Desintegrada
5772,6722,Baño de lava,4,95,129,Sobrevive
5773,8089,Cámara de hielo,8,684,443,Reincidente
5774,5779,Baño de lava,5,334,105,Transferida
5775,1810,Laberinto sin salida,4,3,317,Sobrevive
5776,9955,Grito eterno,3,499,475,Reincidente
5777,2721,Baño de lava,4,97,279,Transferida
5778,9930,Grito eterno,10,409,349,Transferida
5779,3034,Grito eterno,7,110,414,Desintegrada
5780,2398,Loop de reuniones,4,779,411,Reincidente
5781,8262,Cámara de hielo,7,634,19,Sobrevive
5782,4244,Laberinto sin salida,4,823,463,Sobrevive
5783,2277,Laberinto sin salida,8,956,43,Reincidente
5784,3705,Laberinto sin salida,6,853,351,Reincidente
5785,6551,Grito eterno,8,819,478,Sobrevive
5786,1973,Loop de reuniones,10,832,394,Transferida
5787,6106,Laberinto sin salida,4,505,136,Sobrevive
5788,9490,Laberinto sin salida,3,63,479,Desintegrada
5789,7239,Baño de lava,2,993,427,Desintegrada
5790,5940,Cámara de hielo,6,664,313,Desintegrada
5791,2138,Grito eterno,9,872,102,Reincidente
5792,8059,Grito eterno,2,307,263,Transferida
5793,2312,Cámara de hielo,5,73,378,Reincidente
5794,6799,Cámara de hielo,1,882,406,Sobrevive
5795,3068,Baño de lava,10,811,495,Transferida
5796,9502,Baño de lava,2,435,250,Desintegrada
5797,9566,Grito eterno,10,714,496,Transferida
5798,665,Loop de reuniones,9,522,88,Desintegrada
5799,8519,Grito eterno,5,810,245,Reincidente
5800,2641,Cámara de hielo,2,960,446,Desintegrada
5801,8399,Cámara de hielo,5,402,444,Reincidente
5802,6755,Cámara de hielo,6,363,422,Desintegrada
5803,6336,Grito eterno,4,949,137,Transferida
5804,1743,Loop de reuniones,2,779,430,Reincidente
5805,742,Laberinto sin salida,6,752,116,Transferida
5806,6036,Grito eterno,8,817,102,Desintegrada
5807,9058,Loop de reuniones,8,895,66,Sobrevive
5808,8532,Cámara de hielo,1,861,360,Transferida
5809,2312,Laberinto sin salida,6,266,81,Desintegrada
5810,5157,Baño de lava,10,959,443,Sobrevive
5811,2928,Grito eterno,10,708,84,Sobrevive
5812,541,Grito eterno,1,754,357,Transferida
5813,8812,Grito eterno,7,974,471,Sobrevive
5814,4764,Grito eterno,3,137,334,Desintegrada
5815,8852,Laberinto sin salida,8,255,348,Reincidente
5816,4345,Baño de lava,5,404,299,Transferida
5817,241,Cámara de hielo,5,152,163,Transferida
5818,8471,Laberinto sin salida,4,21,277,Reincidente
5819,7311,Loop de reuniones,9,470,335,Transferida
5820,6384,Cámara de hielo,5,777,115,Transferida
5821,9799,Grito eterno,1,712,68,Transferida
5822,5565,Cámara de hielo,4,347,19,Transferida
5823,5636,Loop de reuniones,9,499,10,Sobrevive
5824,4356,Cámara de hielo,9,425,80,Transferida
5825,481,Loop de reuniones,1,950,189,Reincidente
5826,5698,Laberinto sin salida,4,581,274,Transferida
5827,5375,Baño de lava,4,66,166,Sobrevive
5828,5810,Grito eterno,8,205,299,Transferida
5829,7163,Cámara de hielo,5,117,212,Sobrevive
5830,7507,Laberinto sin salida,6,187,495,Reincidente
5831,8132,Grito eterno,7,432,42,Sobrevive
5832,3860,Loop de reuniones,9,841,250,Transferida
5833,8182,Laberinto sin salida,4,199,245,Transferida
5834,4861,Baño de lava,1,288,3,Sobrevive
5835,9843,Cámara de hielo,7,984,151,Desintegrada
5836,1861,Grito eterno,2,326,91,Reincidente
5837,6371,Grito eterno,4,604,93,Reincidente
5838,9187,Grito eterno,8,318,68,Transferida
5839,1832,Laberinto sin salida,6,906,107,Transferida
5840,6913,Baño de lava,10,199,159,Sobrevive
5841,474,Laberinto sin salida,4,849,137,Sobrevive
5842,6095,Laberinto sin salida,1,617,348,Sobrevive
5843,8440,Baño de lava,6,74,463,Reincidente
5844,6789,Cámara de hielo,2,316,241,Reincidente
5845,8031,Baño de lava,7,648,232,Transferida
5846,1488,Grito eterno,8,856,468,Reincidente
5847,8584,Baño de lava,6,988,10,Desintegrada
5848,1207,Cámara de hielo,2,752,73,Desintegrada
5849,2022,Loop de reuniones,9,828,240,Desintegrada
5850,6334,Cámara de hielo,7,688,279,Transferida
5851,9769,Laberinto sin salida,7,266,478,Reincidente
5852,9888,Baño de lava,5,993,168,Desintegrada
5853,5078,Laberinto sin salida,5,203,251,Reincidente
5854,2908,Laberinto sin salida,9,82,211,Desintegrada
5855,8969,Laberinto sin salida,3,302,485,Sobrevive
5856,9031,Grito eterno,1,387,10,Transferida
5857,5815,Baño de lava,10,440,313,Reincidente
5858,2712,Loop de reuniones,10,394,454,Desintegrada
5859,5458,Cámara de hielo,5,167,189,Desintegrada
5860,1337,Cámara de hielo,8,443,158,Reincidente
5861,3227,Baño de lava,3,217,81,Desintegrada
5862,9540,Baño de lava,2,107,208,Sobrevive
5863,4157,Cámara de hielo,3,499,5,Reincidente
5864,7374,Baño de lava,8,617,29,Desintegrada
5865,6185,Grito eterno,6,440,471,Sobrevive
5866,8064,Grito eterno,1,58,173,Reincidente
5867,6377,Baño de lava,2,221,480,Desintegrada
5868,3150,Laberinto sin salida,6,881,467,Sobrevive
5869,9177,Loop de reuniones,9,848,343,Desintegrada
5870,2896,Baño de lava,9,178,74,Desintegrada
5871,6758,Loop de reuniones,2,815,40,Desintegrada
5872,3235,Grito eterno,9,77,377,Transferida
5873,1771,Baño de lava,1,921,93,Transferida
5874,6072,Laberinto sin salida,10,740,338,Transferida
5875,5561,Cámara de hielo,2,520,112,Sobrevive
5876,972,Cámara de hielo,8,137,232,Reincidente
5877,144,Laberinto sin salida,3,921,432,Reincidente
5878,9195,Laberinto sin salida,7,749,334,Transferida
5879,7385,Cámara de hielo,1,777,394,Desintegrada
5880,867,Cámara de hielo,9,261,314,Desintegrada
5881,7801,Baño de lava,1,876,226,Reincidente
5882,8722,Loop de reuniones,7,335,13,Reincidente
5883,9946,Loop de reuniones,8,406,418,Desintegrada
5884,5553,Cámara de hielo,5,80,240,Transferida
5885,2647,Loop de reuniones,8,621,284,Desintegrada
5886,5031,Cámara de hielo,8,619,55,Desintegrada
5887,5448,Grito eterno,4,949,274,Desintegrada
5888,8025,Laberinto sin salida,8,898,93,Reincidente
5889,1043,Baño de lava,8,278,45,Transferida
5890,4108,Grito eterno,5,703,457,Desintegrada
5891,8378,Baño de lava,7,91,384,Desintegrada
5892,5610,Grito eterno,9,991,224,Transferida
5893,1950,Laberinto sin salida,2,951,147,Reincidente
5895,8465,Cámara de hielo,7,545,58,Desintegrada
5896,6749,Cámara de hielo,9,461,439,Reincidente
5897,3354,Cámara de hielo,3,45,418,Desintegrada
5898,3699,Baño de lava,5,353,357,Desintegrada
5899,4881,Loop de reuniones,3,695,135,Desintegrada
5900,5042,Loop de reuniones,10,764,180,Transferida
5901,8079,Cámara de hielo,6,712,89,Transferida
5902,9101,Laberinto sin salida,7,218,92,Reincidente
5903,1165,Loop de reuniones,1,766,117,Reincidente
5904,3854,Baño de lava,5,775,81,Reincidente
5905,3139,Grito eterno,9,486,115,Sobrevive
5906,907,Baño de lava,5,544,406,Reincidente
5907,7442,Baño de lava,3,897,345,Desintegrada
5908,4529,Grito eterno,6,91,384,Reincidente
5909,8346,Grito eterno,5,864,237,Transferida
5910,6770,Grito eterno,3,782,73,Transferida
5911,9117,Laberinto sin salida,8,881,488,Reincidente
5912,2078,Cámara de hielo,5,812,1,Sobrevive
5913,690,Laberinto sin salida,6,862,322,En proceso
5914,3344,Baño de lava,8,546,287,Desintegrada
5915,4075,Baño de lava,2,930,71,Sobrevive
5916,3769,Baño de lava,7,208,414,Desintegrada
5917,8414,Grito eterno,9,444,280,Desintegrada
5918,8985,Loop de reuniones,2,272,321,Sobrevive
5919,2757,Grito eterno,3,481,109,Reincidente
5920,9925,Grito eterno,7,439,98,Desintegrada
5921,7114,Laberinto sin salida,6,98,129,Desintegrada
5922,1463,Laberinto sin salida,9,231,212,Reincidente
5923,2911,Loop de reuniones,10,345,181,Reincidente
5924,6823,Grito eterno,8,750,24,Desintegrada
5925,6985,Loop de reuniones,2,36,73,Desintegrada
5926,4622,Laberinto sin salida,1,950,366,Reincidente
5927,6554,Baño de lava,1,959,478,Desintegrada
5929,4915,Baño de lava,4,11,440,Sobrevive
5930,2869,Loop de reuniones,5,648,271,Sobrevive
5931,180,Loop de reuniones,8,202,378,Reincidente
5932,1136,Grito eterno,10,47,443,Sobrevive
5933,5336,Grito eterno,8,52,278,Transferida
5934,1532,Grito eterno,10,805,478,Reincidente
5935,2377,Cámara de hielo,5,417,254,Reincidente
5936,1438,Grito eterno,10,213,439,Desintegrada
5937,5308,Cámara de hielo,5,695,372,Reincidente
5938,8341,Grito eterno,1,89,427,Reincidente
5939,4278,Loop de reuniones,6,149,386,Transferida
5940,1710,Cámara de hielo,10,675,120,Desintegrada
5941,2817,Cámara de hielo,5,613,136,Transferida
5942,2829,Loop de reuniones,2,346,54,Reincidente
5943,8674,Laberinto sin salida,3,869,317,Reincidente
5944,9910,Grito eterno,4,416,4,Sobrevive
5945,3001,Grito eterno,7,608,331,Transferida
5946,7050,Laberinto sin salida,10,293,107,Reincidente
5947,6812,Cámara de hielo,1,848,329,Transferida
5948,6811,Loop de reuniones,1,443,180,Desintegrada
5949,3714,Cámara de hielo,5,927,181,Transferida
5950,3449,Cámara de hielo,3,707,345,Reincidente
5951,8900,Loop de reuniones,8,452,24,Transferida
5952,4862,Baño de lava,1,139,460,Transferida
5953,6771,Grito eterno,10,547,2,Reincidente
5954,657,Grito eterno,6,512,107,Reincidente
5955,6485,Loop de reuniones,3,470,495,Desintegrada
5956,4213,Loop de reuniones,9,710,16,Sobrevive
5957,6710,Baño de lava,10,734,136,Transferida
5958,6363,Baño de lava,1,752,457,Reincidente
5959,496,Laberinto sin salida,9,588,481,Desintegrada
5960,3194,Laberinto sin salida,10,274,151,Reincidente
5961,1165,Loop de reuniones,4,58,315,Transferida
5962,2762,Cámara de hielo,1,37,120,Reincidente
5963,4093,Cámara de hielo,5,547,315,Desintegrada
5964,3419,Cámara de hielo,4,651,347,Transferida
5965,850,Laberinto sin salida,9,393,208,Transferida
5966,9144,Laberinto sin salida,4,131,460,Transferida
5967,6613,Laberinto sin salida,5,873,406,Desintegrada
5969,2622,Cámara de hielo,6,654,128,Desintegrada
5970,7847,Loop de reuniones,2,733,332,Sobrevive
5971,9978,Laberinto sin salida,6,465,439,Reincidente
5972,2340,Grito eterno,9,879,191,Sobrevive
5973,712,Laberinto sin salida,10,961,3,Desintegrada
5974,8091,Grito eterno,2,399,242,Transferida
5975,1519,Grito eterno,9,664,136,Reincidente
5976,1666,Grito eterno,1,232,348,Transferida
5977,7742,Grito eterno,8,543,121,En proceso
5978,9482,Laberinto sin salida,1,404,208,Reincidente
5979,5226,Loop de reuniones,5,982,483,Sobrevive
5980,5968,Cámara de hielo,1,68,180,Reincidente
5981,8642,Loop de reuniones,7,653,470,Sobrevive
5982,6017,Laberinto sin salida,7,339,264,Transferida
5983,6176,Cámara de hielo,4,106,232,Desintegrada
5984,3918,Grito eterno,9,669,127,Reincidente
5985,2836,Laberinto sin salida,3,135,208,Transferida
5986,6400,Grito eterno,7,49,42,Sobrevive
5987,7406,Cámara de hielo,7,141,386,Desintegrada
5988,5191,Loop de reuniones,4,823,223,Transferida
5989,6348,Cámara de hielo,10,20,446,Desintegrada
5990,4148,Loop de reuniones,8,968,163,Reincidente
5991,3704,Loop de reuniones,7,237,279,Desintegrada
5992,1138,Laberinto sin salida,8,593,460,Reincidente
5993,6110,Baño de lava,8,831,48,Reincidente
5994,2972,Grito eterno,5,675,165,Transferida
5995,7707,Cámara de hielo,1,597,219,Transferida
5996,3257,Cámara de hielo,10,446,142,Transferida
5997,528,Laberinto sin salida,10,834,251,Reincidente
5998,9472,Loop de reuniones,9,803,219,Transferida
5999,6862,Laberinto sin salida,4,916,177,Transferida
6000,1518,Baño de lava,3,324,263,Transferida
6001,3314,Cámara de hielo,8,422,288,Reincidente
6002,9263,Grito eterno,9,963,3,Transferida
6003,7200,Cámara de hielo,10,484,111,Sobrevive
6004,7464,Laberinto sin salida,5,459,131,Sobrevive
6005,9065,Cámara de hielo,5,560,109,Desintegrada
6006,3957,Laberinto sin salida,8,955,245,Desintegrada
6007,5152,Baño de lava,1,605,187,Transferida
6008,1557,Grito eterno,7,440,387,Transferida
6009,1123,Baño de lava,4,26,131,Desintegrada
6010,321,Laberinto sin salida,6,342,311,Reincidente
6011,2030,Cámara de hielo,3,60,303,Desintegrada
6012,9143,Baño de lava,4,858,180,Reincidente
6013,5057,Grito eterno,1,220,422,En proceso
6014,9113,Loop de reuniones,8,141,128,Sobrevive
6015,1516,Baño de lava,5,614,281,Desintegrada
6016,9614,Loop de reuniones,1,592,286,Sobrevive
6017,7514,Baño de lava,4,257,124,Desintegrada
6018,5299,Baño de lava,7,115,330,Reincidente
6019,2189,Loop de reuniones,10,500,45,Sobrevive
6020,4526,Laberinto sin salida,5,504,24,Transferida
6021,1585,Laberinto sin salida,5,619,98,Reincidente
6022,5486,Baño de lava,8,111,147,Reincidente
6023,6949,Laberinto sin salida,7,465,441,Sobrevive
6024,756,Baño de lava,6,653,327,Desintegrada
6025,253,Baño de lava,4,303,494,Desintegrada
6026,4115,Loop de reuniones,1,749,387,Transferida
6027,8156,Baño de lava,3,28,281,Reincidente
6028,4869,Grito eterno,9,671,295,Desintegrada
6029,8917,Cámara de hielo,3,287,474,Desintegrada
6030,8896,Laberinto sin salida,1,497,157,Transferida
6031,9575,Grito eterno,3,865,287,Reincidente
6032,3096,Cámara de hielo,8,405,117,Desintegrada
6033,8558,Cámara de hielo,4,80,186,Transferida
6034,1731,Loop de reuniones,9,89,441,Reincidente
6035,428,Grito eterno,7,341,446,Sobrevive
6036,1565,Grito eterno,2,683,430,Sobrevive
6037,6250,Cámara de hielo,7,213,317,Transferida
6038,4324,Cámara de hielo,8,172,187,Transferida
6039,4504,Loop de reuniones,9,138,131,Reincidente
6040,6798,Cámara de hielo,8,374,99,Reincidente
6041,1243,Loop de reuniones,6,297,364,Desintegrada
6042,5478,Grito eterno,8,762,227,Desintegrada
6043,6479,Grito eterno,5,386,363,Transferida
6044,8071,Loop de reuniones,9,234,460,Sobrevive
6045,4784,Baño de lava,9,945,444,Desintegrada
6046,2146,Loop de reuniones,5,510,237,Desintegrada
6047,8820,Grito eterno,6,281,475,Sobrevive
6048,8867,Loop de reuniones,6,930,76,Reincidente
6049,6972,Loop de reuniones,9,918,335,Transferida
6050,3451,Cámara de hielo,5,319,208,Sobrevive
6051,5142,Baño de lava,4,53,432,Desintegrada
6052,1284,Loop de reuniones,1,452,318,Sobrevive
6053,3100,Loop de reuniones,8,315,61,Reincidente
6054,6236,Grito eterno,9,294,93,Desintegrada
6055,3763,Loop de reuniones,4,15,479,Sobrevive
6056,4357,Laberinto sin salida,8,668,16,Sobrevive
6057,239,Cámara de hielo,5,970,192,Transferida
6058,5408,Laberinto sin salida,3,219,388,Reincidente
6059,2433,Baño de lava,6,779,220,Desintegrada
6060,4401,Baño de lava,1,406,494,Reincidente
6061,4612,Loop de reuniones,6,872,360,Sobrevive
6062,9912,Grito eterno,4,230,356,Desintegrada
6063,8234,Laberinto sin salida,5,951,361,Desintegrada
6064,1992,Grito eterno,8,849,175,Desintegrada
6065,359,Laberinto sin salida,9,328,84,Reincidente
6066,9050,Baño de lava,8,999,411,Transferida
6067,2296,Grito eterno,8,780,137,Reincidente
6068,4927,Baño de lava,5,549,323,Desintegrada
6069,8935,Baño de lava,9,478,378,Sobrevive
6070,5712,Baño de lava,5,344,338,Desintegrada
6072,3866,Baño de lava,1,425,80,Reincidente
6073,9501,Grito eterno,10,855,13,Desintegrada
6074,7553,Grito eterno,7,422,180,Desintegrada
6075,5236,Cámara de hielo,10,21,126,Transferida
6076,5037,Grito eterno,4,808,3,Sobrevive
6077,8962,Loop de reuniones,4,158,58,Desintegrada
6078,3837,Grito eterno,10,950,168,Transferida
6079,3870,Loop de reuniones,10,296,55,Reincidente
6080,2348,Cámara de hielo,3,448,446,Desintegrada
6081,2343,Cámara de hielo,5,844,117,Desintegrada
6082,3995,Cámara de hielo,9,114,135,Reincidente
6083,4655,Loop de reuniones,6,861,423,Desintegrada
6084,7420,Laberinto sin salida,2,912,98,Reincidente
6085,7081,Loop de reuniones,2,455,378,Desintegrada
6086,2994,Grito eterno,8,48,386,Sobrevive
6087,5069,Baño de lava,4,438,312,Transferida
6088,8920,Loop de reuniones,3,453,276,Desintegrada
6089,5635,Loop de reuniones,8,893,327,Transferida
6090,7870,Laberinto sin salida,1,785,382,Desintegrada
6091,2197,Laberinto sin salida,1,645,329,Sobrevive
6092,2874,Baño de lava,2,141,230,Reincidente
6093,5736,Cámara de hielo,1,371,58,Desintegrada
6094,3419,Cámara de hielo,5,266,441,Desintegrada
6095,3490,Baño de lava,4,61,309,Desintegrada
6096,4180,Grito eterno,4,510,485,Transferida
6097,6414,Loop de reuniones,7,198,334,Transferida
6098,2628,Cámara de hielo,9,869,307,Transferida
6099,4718,Baño de lava,5,245,19,Desintegrada
6100,6115,Grito eterno,8,171,266,Desintegrada
6101,2054,Cámara de hielo,1,389,1,Reincidente
6102,9541,Baño de lava,1,381,24,Desintegrada
6103,5720,Loop de reuniones,4,472,446,Desintegrada
6104,6512,Loop de reuniones,5,679,98,Reincidente
6105,3029,Loop de reuniones,10,713,230,Desintegrada
6106,5294,Grito eterno,4,46,281,Transferida
6107,5488,Cámara de hielo,3,783,31,Sobrevive
6108,8898,Laberinto sin salida,6,825,79,Desintegrada
6109,6629,Grito eterno,8,433,413,Desintegrada
6110,4270,Loop de reuniones,4,101,89,Reincidente
6111,7848,Grito eterno,8,977,450,Transferida
6112,251,Grito eterno,6,414,317,Desintegrada
6113,2392,Grito eterno,8,514,219,Sobrevive
6114,4004,Loop de reuniones,4,38,443,Reincidente
6115,8370,Cámara de hielo,8,675,31,Transferida
6116,99,Laberinto sin salida,5,140,218,Desintegrada
6117,3964,Laberinto sin salida,9,983,88,Desintegrada
6118,1844,Laberinto sin salida,5,484,223,Reincidente
6119,9517,Laberinto sin salida,4,426,4,Transferida
6120,2325,Grito eterno,4,716,406,Sobrevive
6121,2972,Baño de lava,4,762,345,Reincidente
6122,1662,Baño de lava,4,465,175,Desintegrada
6123,1618,Loop de reuniones,6,442,130,Sobrevive
6124,7536,Baño de lava,8,922,92,Transferida
6125,5820,Cámara de hielo,3,593,218,Sobrevive
6126,3912,Baño de lava,3,753,84,Reincidente
6127,2154,Laberinto sin salida,3,174,478,Sobrevive
6128,6070,Grito eterno,3,449,218,Transferida
6129,7153,Cámara de hielo,3,239,240,Transferida
6130,4943,Loop de reuniones,8,683,284,Desintegrada
6131,1821,Cámara de hielo,1,694,334,Desintegrada
6132,7336,Loop de reuniones,7,452,231,Desintegrada
6133,4852,Loop de reuniones,8,805,468,Transferida
6134,9167,Loop de reuniones,9,521,44,Reincidente
6135,1810,Loop de reuniones,8,187,299,Transferida
6136,9889,Cámara de hielo,8,238,85,Desintegrada
6137,2303,Baño de lava,8,85,44,Sobrevive
6138,6906,Loop de reuniones,2,193,217,Reincidente
6139,1827,Loop de reuniones,3,133,485,Desintegrada
6140,2493,Baño de lava,2,407,72,Transferida
6141,6824,Loop de reuniones,2,520,307,Desintegrada
6142,461,Laberinto sin salida,10,525,10,Transferida
6143,8972,Loop de reuniones,9,555,390,Sobrevive
6144,7868,Cámara de hielo,8,860,16,Sobrevive
6145,7440,Cámara de hielo,4,201,98,Desintegrada
6146,7297,Laberinto sin salida,5,27,338,En proceso
6147,3924,Laberinto sin salida,8,223,229,Desintegrada
6148,9732,Baño de lava,10,361,159,Transferida
6149,603,Cámara de hielo,6,11,93,Desintegrada
6150,4625,Baño de lava,3,721,230,Transferida
6151,4346,Loop de reuniones,7,422,241,Sobrevive
6152,1006,Baño de lava,2,991,281,Sobrevive
6153,7533,Loop de reuniones,4,450,321,Reincidente
6154,2294,Cámara de hielo,1,180,54,Sobrevive
6155,8876,Baño de lava,5,784,335,Sobrevive
6156,9879,Loop de reuniones,10,489,78,Sobrevive
6157,6551,Cámara de hielo,7,581,251,Transferida
6158,1957,Grito eterno,6,144,48,Reincidente
6159,1510,Laberinto sin salida,4,599,471,Transferida
6160,5543,Loop de reuniones,7,520,136,Transferida
6161,2439,Loop de reuniones,2,279,303,Reincidente
6162,6064,Laberinto sin salida,7,497,9,Transferida
6163,6659,Baño de lava,6,829,406,Reincidente
6164,9584,Laberinto sin salida,1,644,50,Sobrevive
6165,6274,Loop de reuniones,6,602,131,Sobrevive
6166,9076,Baño de lava,5,345,105,Desintegrada
6167,3346,Cámara de hielo,7,561,31,Reincidente
6168,6857,Loop de reuniones,1,101,126,Reincidente
6169,6266,Baño de lava,2,214,8,Reincidente
6170,6171,Cámara de hielo,8,472,446,Reincidente
6171,7907,Baño de lava,10,755,329,Reincidente
6172,8856,Grito eterno,4,507,128,Transferida
6173,4771,Cámara de hielo,4,964,44,Sobrevive
6174,3991,Cámara de hielo,8,820,279,Transferida
6175,1106,Laberinto sin salida,7,556,427,En proceso
6176,8100,Laberinto sin salida,3,252,54,Sobrevive
6177,7094,Grito eterno,6,315,423,Sobrevive
6178,2295,Laberinto sin salida,3,361,363,Desintegrada
6179,2628,Grito eterno,10,667,406,Sobrevive
6180,127,Loop de reuniones,10,938,44,Reincidente
6181,6087,Loop de reuniones,10,558,42,Transferida
6182,6564,Grito eterno,3,24,223,Sobrevive
6183,3359,Laberinto sin salida,5,713,198,Transferida
6184,8964,Grito eterno,8,287,74,Reincidente
6185,6020,Baño de lava,4,389,478,Desintegrada
6186,8938,Baño de lava,8,977,168,Transferida
6187,6120,Cámara de hielo,5,597,296,Transferida
6188,8090,Loop de reuniones,9,606,386,Desintegrada
6189,679,Grito eterno,10,418,157,Reincidente
6190,6917,Loop de reuniones,5,732,242,Desintegrada
6191,2127,Laberinto sin salida,9,907,384,Desintegrada
6192,3455,Grito eterno,3,371,126,Reincidente
6193,5933,Baño de lava,9,865,474,Desintegrada
6194,9458,Baño de lava,8,851,441,Sobrevive
6195,2066,Grito eterno,9,469,384,Sobrevive
6196,2479,Baño de lava,5,235,471,Reincidente
6197,633,Laberinto sin salida,6,63,230,Reincidente
6198,2456,Grito eterno,8,850,330,Sobrevive
6199,430,Loop de reuniones,1,281,107,Transferida
6200,4020,Loop de reuniones,10,256,470,Reincidente
6201,3647,Grito eterno,6,493,58,Reincidente
6202,5935,Grito eterno,10,462,387,Sobrevive
6203,3866,Grito eterno,3,603,362,Reincidente
6204,7266,Grito eterno,8,544,175,Transferida
6205,6860,Cámara de hielo,9,302,322,Desintegrada
6206,3688,Cámara de hielo,5,28,24,Transferida
6207,3297,Laberinto sin salida,5,724,491,Transferida
6208,9676,Laberinto sin salida,8,636,313,Sobrevive
6209,588,Cámara de hielo,4,698,50,Reincidente
6210,624,Baño de lava,10,328,135,Desintegrada
6211,6059,Cámara de hielo,2,683,24,Transferida
6212,3547,Cámara de hielo,3,779,234,Reincidente
6213,2751,Loop de reuniones,5,972,58,Sobrevive
6214,441,Baño de lava,10,949,471,Transferida
6215,4335,Cámara de hielo,1,611,227,Desintegrada
6216,3789,Grito eterno,7,377,312,Transferida
6217,1000,Cámara de hielo,1,703,76,Reincidente
6218,7493,Baño de lava,5,435,274,Desintegrada
6219,1790,Grito eterno,10,863,198,Desintegrada
6220,3593,Cámara de hielo,5,4,113,En proceso
6221,3148,Laberinto sin salida,5,115,283,Sobrevive
6222,1980,Baño de lava,3,366,120,Transferida
6223,7817,Cámara de hielo,4,163,219,Desintegrada
6224,114,Laberinto sin salida,3,322,474,Sobrevive
6225,1386,Cámara de hielo,6,309,214,Sobrevive
6226,6179,Laberinto sin salida,1,951,286,Transferida
6227,6554,Baño de lava,4,519,322,Reincidente
6228,96,Cámara de hielo,2,594,329,Transferida
6229,907,Cámara de hielo,5,972,314,Desintegrada
6230,9972,Loop de reuniones,9,404,286,Reincidente
6231,1214,Baño de lava,5,409,2,Sobrevive
6232,7297,Baño de lava,10,660,347,Transferida
6233,6335,Laberinto sin salida,5,12,175,Desintegrada
6234,2292,Laberinto sin salida,4,774,151,Desintegrada
6235,4001,Grito eterno,6,614,186,Reincidente
6236,6476,Laberinto sin salida,3,240,264,Sobrevive
6237,1949,Baño de lava,8,341,181,Desintegrada
6238,3492,Loop de reuniones,4,327,409,Desintegrada
6239,6039,Cámara de hielo,9,504,180,Transferida
6240,8865,Loop de reuniones,5,822,241,Reincidente
6241,3157,Cámara de hielo,2,675,390,Desintegrada
6242,8658,Laberinto sin salida,5,864,187,Transferida
6243,8366,Baño de lava,2,519,406,Reincidente
6244,1291,Loop de reuniones,6,88,378,Transferida
6245,2759,Loop de reuniones,6,885,9,Desintegrada
6246,3196,Loop de reuniones,6,991,249,Transferida
6247,160,Baño de lava,2,795,188,Reincidente
6248,9230,Baño de lava,8,437,218,Desintegrada
6249,387,Cámara de hielo,3,191,137,Desintegrada
6250,5269,Grito eterno,10,443,111,Transferida
6251,6088,Baño de lava,5,555,88,Reincidente
6252,560,Baño de lava,7,291,491,Desintegrada
6253,3268,Baño de lava,3,840,177,Transferida
6254,836,Cámara de hielo,1,326,362,Sobrevive
6255,4116,Loop de reuniones,1,201,81,Transferida
6256,1484,Grito eterno,9,193,279,Transferida
6257,5514,Grito eterno,9,522,72,Sobrevive
6258,8362,Loop de reuniones,9,478,315,Reincidente
6259,1048,Loop de reuniones,3,545,151,Reincidente
6260,6918,Loop de reuniones,10,634,131,Reincidente
6261,6558,Grito eterno,5,970,93,Transferida
6262,4141,Laberinto sin salida,1,685,368,Transferida
6263,3897,Baño de lava,2,452,98,Sobrevive
6264,7035,Cámara de hielo,3,87,175,Desintegrada
6265,2811,Cámara de hielo,2,235,113,Desintegrada
6266,2472,Baño de lava,9,586,475,Sobrevive
6267,1179,Cámara de hielo,2,202,332,Sobrevive
6268,3859,Baño de lava,6,883,364,Sobrevive
6269,2610,Loop de reuniones,5,370,384,Transferida
6270,9842,Baño de lava,2,955,86,Reincidente
6271,163,Grito eterno,2,260,357,Desintegrada
6272,515,Baño de lava,1,297,92,Transferida
6273,8696,Baño de lava,3,911,450,Desintegrada
6275,2976,Baño de lava,10,216,80,Sobrevive
6276,2130,Cámara de hielo,7,435,223,Desintegrada
6277,152,Baño de lava,5,518,78,Sobrevive
6278,9886,Cámara de hielo,1,91,470,Desintegrada
6279,3658,Loop de reuniones,1,500,276,Sobrevive
6280,1152,Loop de reuniones,4,700,166,Reincidente
6281,3958,Cámara de hielo,5,103,177,Transferida
6282,383,Grito eterno,10,516,418,Reincidente
6283,6306,Cámara de hielo,7,240,254,Transferida
6284,2721,Cámara de hielo,4,73,384,Sobrevive
6285,7475,Loop de reuniones,8,965,231,Sobrevive
6286,3370,Grito eterno,2,205,312,Reincidente
6287,1334,Baño de lava,9,849,411,Desintegrada
6288,8086,Baño de lava,8,894,9,Sobrevive
6289,1800,Baño de lava,1,219,48,Reincidente
6290,737,Grito eterno,10,161,130,Sobrevive
6291,9298,Cámara de hielo,2,181,111,Reincidente
6293,1497,Baño de lava,3,133,251,Sobrevive
6294,503,Grito eterno,6,157,335,Desintegrada
6295,2294,Laberinto sin salida,9,430,234,Transferida
6296,734,Grito eterno,1,269,337,Sobrevive
6297,8841,Loop de reuniones,8,199,227,Transferida
6298,1266,Baño de lava,3,461,214,Sobrevive
6299,3764,Grito eterno,6,738,296,Transferida
6300,252,Grito eterno,9,731,348,Desintegrada
6301,2280,Loop de reuniones,8,7,45,Sobrevive
6302,5589,Grito eterno,5,962,93,Desintegrada
6303,1848,Cámara de hielo,8,445,184,Sobrevive
6304,1288,Loop de reuniones,10,159,240,Sobrevive
6305,9893,Laberinto sin salida,8,355,72,En proceso
6306,9551,Laberinto sin salida,8,904,279,Sobrevive
6307,9071,Laberinto sin salida,4,703,126,Reincidente
6308,9834,Baño de lava,9,526,303,Transferida
6309,8421,Grito eterno,7,243,184,Reincidente
6310,7355,Grito eterno,1,42,232,Desintegrada
6311,2503,Cámara de hielo,6,590,295,Desintegrada
6312,4601,Laberinto sin salida,4,634,296,Desintegrada
6313,6805,Grito eterno,6,322,137,Desintegrada
6314,5872,Loop de reuniones,1,901,237,Transferida
6315,6833,Cámara de hielo,7,434,127,Sobrevive
6316,9001,Cámara de hielo,9,289,231,Sobrevive
6317,5511,Loop de reuniones,5,296,231,Transferida
6318,3231,Loop de reuniones,8,945,44,Sobrevive
6319,6737,Baño de lava,2,866,135,Desintegrada
6320,4079,Baño de lava,9,388,423,Desintegrada
6321,6498,Laberinto sin salida,3,909,440,Sobrevive
6322,1231,Loop de reuniones,5,745,454,Transferida
6323,2848,Cámara de hielo,6,534,275,Sobrevive
6324,10,Laberinto sin salida,7,449,55,Transferida
6325,119,Baño de lava,7,805,13,Desintegrada
6326,9786,Grito eterno,2,118,31,Desintegrada
6327,315,Grito eterno,1,694,126,Transferida
6328,8234,Loop de reuniones,8,964,322,Reincidente
6329,9568,Loop de reuniones,7,146,15,Sobrevive
6330,1348,Laberinto sin salida,9,852,427,Sobrevive
6331,5224,Cámara de hielo,7,714,237,Transferida
6332,3247,Laberinto sin salida,6,5,13,Sobrevive
6333,1886,Grito eterno,5,644,236,Transferida
6334,6894,Cámara de hielo,1,720,242,Desintegrada
6335,2989,Grito eterno,6,211,413,Sobrevive
6336,8599,Laberinto sin salida,5,525,332,Sobrevive
6337,6710,Grito eterno,10,22,135,Transferida
6338,4716,Loop de reuniones,5,298,303,Transferida
6339,6857,Cámara de hielo,8,964,432,Transferida
6340,3004,Grito eterno,1,157,159,Sobrevive
6341,3896,Cámara de hielo,1,281,414,Transferida
6342,1324,Baño de lava,2,363,99,Desintegrada
6343,6332,Grito eterno,7,406,124,Transferida
6344,4082,Baño de lava,9,394,309,Reincidente
6345,433,Cámara de hielo,10,921,208,Reincidente
6346,1621,Baño de lava,9,353,142,Transferida
6347,7015,Loop de reuniones,4,333,183,Sobrevive
6348,7000,Loop de reuniones,1,417,116,Sobrevive
6349,9571,Baño de lava,2,73,128,Sobrevive
6350,3964,Laberinto sin salida,5,332,211,Desintegrada
6351,7127,Loop de reuniones,6,466,79,Transferida
6352,3996,Baño de lava,7,947,120,Transferida
6353,3178,Baño de lava,6,985,126,Reincidente
6354,5365,Cámara de hielo,1,417,315,Sobrevive
6355,2430,Grito eterno,10,345,128,Transferida
6356,9481,Loop de reuniones,3,271,426,Reincidente
6357,6493,Loop de reuniones,9,44,317,Transferida
6358,2825,Laberinto sin salida,5,154,41,Reincidente
6359,4201,Cámara de hielo,7,988,102,Transferida
6360,9905,Grito eterno,3,713,303,Transferida
6361,8811,Grito eterno,3,191,42,Desintegrada
6362,7753,Grito eterno,4,975,198,Reincidente
6363,6779,Baño de lava,4,961,440,En proceso
6364,7099,Grito eterno,6,877,117,Desintegrada
6365,8984,Loop de reuniones,10,547,329,Reincidente
6366,5834,Cámara de hielo,2,845,126,En proceso
6367,9344,Cámara de hielo,8,315,151,Reincidente
6368,1262,Cámara de hielo,5,682,394,Reincidente
6369,5203,Grito eterno,9,667,10,Desintegrada
6370,9335,Laberinto sin salida,9,589,180,Sobrevive
6371,2581,Grito eterno,8,354,278,Sobrevive
6372,2877,Grito eterno,4,157,286,Sobrevive
6373,2935,Loop de reuniones,10,947,287,Sobrevive
6374,9957,Loop de reuniones,2,795,322,Sobrevive
6375,8237,Baño de lava,2,523,394,Sobrevive
6376,7342,Baño de lava,1,168,279,Reincidente
6377,492,Loop de reuniones,3,304,322,Transferida
6378,4782,Cámara de hielo,5,574,107,Desintegrada
6379,3545,Laberinto sin salida,3,614,479,Desintegrada
6380,8555,Loop de reuniones,5,32,445,Reincidente
6381,1,Laberinto sin salida,7,639,378,Sobrevive
6382,7688,Baño de lava,4,41,377,Reincidente
6383,4812,Loop de reuniones,5,792,478,Transferida
6384,5448,Baño de lava,7,893,356,Sobrevive
6385,1265,Cámara de hielo,2,294,478,Reincidente
6386,6420,Loop de reuniones,2,626,129,Sobrevive
6387,1919,Grito eterno,7,943,343,Transferida
6388,3287,Cámara de hielo,7,937,136,Transferida
6389,3918,Cámara de hielo,6,829,44,Sobrevive
6390,1341,Loop de reuniones,4,74,99,Reincidente
6391,1753,Grito eterno,5,976,448,Reincidente
6392,7042,Laberinto sin salida,5,479,89,Sobrevive
6393,1794,Baño de lava,7,288,372,Reincidente
6394,5950,Baño de lava,8,246,377,Desintegrada
6395,3080,Grito eterno,3,622,218,Transferida
6396,2684,Baño de lava,5,683,446,Desintegrada
6397,9591,Cámara de hielo,8,805,318,Reincidente
6398,9230,Loop de reuniones,10,293,317,Reincidente
6399,6580,Grito eterno,5,999,45,Sobrevive
6400,672,Baño de lava,4,937,232,Reincidente
6401,8373,Loop de reuniones,1,514,295,Desintegrada
6402,2660,Cámara de hielo,9,988,354,Sobrevive
6403,5886,Cámara de hielo,8,433,415,Reincidente
6404,882,Grito eterno,3,489,296,Reincidente
6405,5259,Loop de reuniones,7,925,237,Sobrevive
6406,3798,Cámara de hielo,7,438,345,Sobrevive
6407,2250,Laberinto sin salida,10,265,79,Reincidente
6408,5286,Cámara de hielo,4,814,281,Sobrevive
6409,6877,Baño de lava,6,362,347,Transferida
6410,8614,Loop de reuniones,3,238,474,Desintegrada
6411,9365,Cámara de hielo,9,948,321,Desintegrada
6412,7095,Loop de reuniones,2,345,331,Sobrevive
6413,105,Cámara de hielo,1,41,129,Desintegrada
6414,5608,Loop de reuniones,6,482,76,Reincidente
6415,2517,Laberinto sin salida,1,415,119,Reincidente
6416,8022,Baño de lava,2,567,440,Transferida
6417,2099,Loop de reuniones,2,877,410,Sobrevive
6418,1917,Baño de lava,3,289,13,Desintegrada
6419,8110,Cámara de hielo,9,739,387,Sobrevive
6420,7763,Cámara de hielo,10,726,348,Sobrevive
6421,7846,Loop de reuniones,6,921,316,Reincidente
6422,6508,Loop de reuniones,5,865,390,Reincidente
6423,6313,Baño de lava,1,831,372,Reincidente
6424,4325,Grito eterno,4,898,251,Transferida
6425,9869,Laberinto sin salida,7,605,16,Desintegrada
6426,583,Baño de lava,1,746,276,Transferida
6427,8216,Loop de reuniones,1,742,237,Desintegrada
6428,862,Grito eterno,7,49,223,Sobrevive
6429,6582,Loop de reuniones,6,361,330,Reincidente
6430,8036,Cámara de hielo,2,420,286,Desintegrada
6431,2310,Loop de reuniones,7,176,491,Transferida
6432,4812,Cámara de hielo,3,675,390,Transferida
6433,9408,Grito eterno,9,678,157,Reincidente
6434,8822,Cámara de hielo,10,440,415,Sobrevive
6435,7399,Loop de reuniones,9,443,313,Transferida
6436,2494,Loop de reuniones,10,235,151,Desintegrada
6437,1088,Laberinto sin salida,9,632,432,Sobrevive
6438,1891,Baño de lava,2,168,126,Reincidente
6439,1230,Loop de reuniones,8,431,177,Sobrevive
6440,4531,Laberinto sin salida,1,320,251,Desintegrada
6441,4393,Loop de reuniones,5,795,41,Sobrevive
6442,4295,Grito eterno,6,526,334,Sobrevive
6443,559,Grito eterno,10,800,480,Desintegrada
6444,9408,Loop de reuniones,8,824,360,Reincidente
6445,9624,Loop de reuniones,3,422,307,Reincidente
6446,2424,Cámara de hielo,1,416,366,Reincidente
6447,127,Laberinto sin salida,3,497,283,Desintegrada
6448,590,Baño de lava,8,511,189,Transferida
6449,2358,Loop de reuniones,9,117,251,Transferida
6450,3551,Cámara de hielo,6,139,2,Transferida
6451,7341,Baño de lava,6,200,165,Reincidente
6452,585,Grito eterno,10,785,116,Transferida
6453,3189,Cámara de hielo,7,13,121,Sobrevive
6454,9378,Cámara de hielo,5,653,78,Sobrevive
6455,3995,Loop de reuniones,3,515,76,Sobrevive
6456,8165,Loop de reuniones,3,462,366,Reincidente
6457,216,Cámara de hielo,2,415,41,Desintegrada
6458,3986,Cámara de hielo,8,487,9,Reincidente
6459,730,Baño de lava,1,334,168,Transferida
6460,9319,Loop de reuniones,1,314,286,Sobrevive
6461,7790,Loop de reuniones,4,786,127,Desintegrada
6462,1893,Cámara de hielo,8,981,351,Reincidente
6463,416,Loop de reuniones,2,864,224,Reincidente
6464,4970,Loop de reuniones,8,389,86,Sobrevive
6465,4599,Baño de lava,5,686,231,Reincidente
6466,8538,Loop de reuniones,2,309,40,Transferida
6467,2527,Loop de reuniones,1,437,382,Sobrevive
6468,7317,Baño de lava,10,90,488,Transferida
6469,7137,Baño de lava,2,720,107,Reincidente
6470,4786,Cámara de hielo,3,671,218,Sobrevive
6471,9128,Laberinto sin salida,7,251,136,Reincidente
6473,5613,Laberinto sin salida,8,790,54,Transferida
6474,9206,Baño de lava,7,618,242,Sobrevive
6475,4668,Laberinto sin salida,9,962,329,Desintegrada
6476,9598,Loop de reuniones,6,310,331,Transferida
6477,8317,Cámara de hielo,5,970,19,Desintegrada
6478,5564,Baño de lava,7,710,475,Reincidente
6479,343,Cámara de hielo,8,564,127,Transferida
6480,1705,Loop de reuniones,4,128,406,Desintegrada
6481,8139,Baño de lava,6,645,444,Sobrevive
6482,4894,Cámara de hielo,1,157,454,Sobrevive
6483,4390,Grito eterno,3,211,92,Desintegrada
6484,4737,Cámara de hielo,9,491,50,Reincidente
6485,6022,Laberinto sin salida,5,539,208,Desintegrada
6486,5901,Cámara de hielo,8,954,284,Desintegrada
6488,7043,Loop de reuniones,8,579,363,Sobrevive
6489,3316,Laberinto sin salida,9,934,128,Desintegrada
6490,7113,Laberinto sin salida,2,244,92,Transferida
6491,2418,Cámara de hielo,9,114,323,Sobrevive
6492,3369,Grito eterno,5,728,42,Transferida
6493,2237,Loop de reuniones,3,451,128,Transferida
6494,7112,Grito eterno,7,137,432,Desintegrada
6495,6768,Grito eterno,8,763,130,Transferida
6496,1739,Grito eterno,1,907,208,Sobrevive
6497,5573,Laberinto sin salida,7,484,86,Sobrevive
6498,8993,Loop de reuniones,4,204,72,En proceso
6499,7057,Baño de lava,5,41,329,Reincidente
6500,5667,Grito eterno,7,78,338,Sobrevive
6501,3530,Baño de lava,7,414,219,Transferida
6502,3199,Baño de lava,8,961,286,Sobrevive
6503,1118,Cámara de hielo,1,343,470,Sobrevive
6504,5313,Baño de lava,7,831,264,Desintegrada
6505,5614,Cámara de hielo,1,619,78,Transferida
6506,2307,Loop de reuniones,6,580,457,En proceso
6507,296,Grito eterno,5,370,451,Reincidente
6508,4998,Baño de lava,4,284,287,Reincidente
6509,2760,Baño de lava,1,630,190,Sobrevive
6510,9166,Cámara de hielo,3,948,89,Sobrevive
6511,6385,Laberinto sin salida,6,607,183,Transferida
6512,9404,Cámara de hielo,7,66,322,Desintegrada
6513,7377,Baño de lava,5,476,263,Sobrevive
6514,6551,Cámara de hielo,2,329,136,Sobrevive
6515,1279,Cámara de hielo,10,796,274,Reincidente
6516,1575,Laberinto sin salida,8,526,296,Desintegrada
6517,6242,Baño de lava,10,384,335,Sobrevive
6518,9639,Loop de reuniones,5,785,335,Transferida
6519,3278,Laberinto sin salida,9,119,190,Reincidente
6520,591,Laberinto sin salida,4,97,281,En proceso
6521,973,Laberinto sin salida,2,575,240,Desintegrada
6522,8781,Laberinto sin salida,4,425,89,En proceso
6523,6769,Laberinto sin salida,10,592,130,Desintegrada
6524,1563,Loop de reuniones,7,727,206,Transferida
6525,6711,Cámara de hielo,5,526,107,Reincidente
6526,3336,Laberinto sin salida,5,485,479,Desintegrada
6527,4552,Cámara de hielo,10,71,276,Transferida
6528,3849,Loop de reuniones,10,147,230,Sobrevive
6529,9598,Baño de lava,6,305,331,Transferida
6530,2129,Grito eterno,4,131,454,Sobrevive
6531,9743,Laberinto sin salida,4,343,464,Transferida
6532,5830,Cámara de hielo,2,351,384,Reincidente
6533,902,Grito eterno,1,337,24,Reincidente
6534,2143,Cámara de hielo,9,747,450,Transferida
6535,6290,Cámara de hielo,10,466,467,Reincidente
6536,9610,Cámara de hielo,1,720,494,Reincidente
6537,9259,Baño de lava,7,967,99,Transferida
6538,9105,Loop de reuniones,3,709,284,Desintegrada
6539,2476,Cámara de hielo,1,296,112,Sobrevive
6540,9241,Cámara de hielo,5,367,117,Transferida
6541,3594,Baño de lava,9,720,254,Desintegrada
6542,8496,Grito eterno,3,149,363,Desintegrada
6543,544,Cámara de hielo,3,538,223,Reincidente
6544,8076,Baño de lava,10,217,242,Sobrevive
6545,6787,Laberinto sin salida,2,470,98,Transferida
6546,5937,Grito eterno,9,881,230,Transferida
6547,2717,Cámara de hielo,4,144,442,Desintegrada
6548,1320,Loop de reuniones,8,559,5,Reincidente
6549,6131,Laberinto sin salida,8,707,377,Sobrevive
6550,9494,Laberinto sin salida,7,216,335,Reincidente
6551,1986,Grito eterno,7,486,58,Reincidente
6552,2054,Laberinto sin salida,9,863,316,Sobrevive
6553,1552,Cámara de hielo,4,160,295,Transferida
6554,6233,Loop de reuniones,4,661,10,Desintegrada
6555,6760,Laberinto sin salida,2,508,453,Reincidente
6556,1015,Cámara de hielo,5,699,16,Desintegrada
6557,2482,Loop de reuniones,4,520,191,Reincidente
6558,6876,Loop de reuniones,9,942,54,Transferida
6559,1573,Baño de lava,7,961,450,Transferida
6560,1938,Grito eterno,8,220,388,Sobrevive
6561,554,Grito eterno,5,687,102,Transferida
6562,6558,Laberinto sin salida,8,799,130,Desintegrada
6563,4256,Cámara de hielo,7,275,413,Reincidente
6564,4133,Baño de lava,9,988,127,Sobrevive
6565,8374,Cámara de hielo,3,530,43,Sobrevive
6566,6579,Baño de lava,7,267,483,Desintegrada
6567,3535,Cámara de hielo,3,895,89,Transferida
6568,7027,Baño de lava,1,65,460,Reincidente
6569,5214,Grito eterno,10,462,242,Desintegrada
6570,9569,Loop de reuniones,6,694,115,Transferida
6571,1350,Grito eterno,4,852,3,Sobrevive
6572,728,Loop de reuniones,5,227,173,Sobrevive
6573,7396,Grito eterno,3,39,295,Sobrevive
6574,3598,Cámara de hielo,8,79,453,Sobrevive
6575,7230,Baño de lava,2,843,385,Desintegrada
6576,7620,Loop de reuniones,2,202,130,Sobrevive
6577,4562,Grito eterno,5,544,254,Desintegrada
6578,6653,Cámara de hielo,2,602,426,Sobrevive
6579,2328,Laberinto sin salida,4,575,157,Desintegrada
6580,8960,Laberinto sin salida,2,412,314,Reincidente
6581,1449,Grito eterno,3,780,270,Reincidente
6582,9278,Baño de lava,8,975,335,Transferida
6583,9179,Baño de lava,6,452,198,Transferida
6584,3502,Cámara de hielo,10,370,363,Reincidente
6585,7358,Cámara de hielo,8,149,2,Transferida
6586,4280,Grito eterno,7,797,208,Transferida
6587,1309,Cámara de hielo,9,37,377,En proceso
6588,2567,Loop de reuniones,10,973,93,Transferida
6589,4612,Grito eterno,9,732,488,Sobrevive
6590,9561,Loop de reuniones,10,61,415,Sobrevive
6591,207,Baño de lava,6,753,76,Desintegrada
6592,7547,Loop de reuniones,7,294,191,Desintegrada
6593,3790,Loop de reuniones,3,218,426,Sobrevive
6594,8304,Grito eterno,4,986,68,Sobrevive
6595,4844,Cámara de hielo,10,217,229,Sobrevive
6596,298,Grito eterno,2,421,471,Reincidente
6597,9661,Cámara de hielo,1,414,10,Desintegrada
6598,9799,Loop de reuniones,7,1,446,Desintegrada
6599,9058,Cámara de hielo,8,378,296,Desintegrada
6600,3712,Cámara de hielo,5,626,137,Sobrevive
6601,1893,Grito eterno,10,379,426,Reincidente
6602,7311,Baño de lava,5,626,142,Transferida
6603,7624,Cámara de hielo,4,249,372,Reincidente
6604,9301,Loop de reuniones,3,243,48,Transferida
6605,7861,Cámara de hielo,7,322,89,Transferida
6606,4730,Cámara de hielo,2,129,488,Transferida
6607,8749,Baño de lava,7,533,478,Reincidente
6608,7054,Grito eterno,1,668,136,Sobrevive
6609,231,Grito eterno,7,539,311,Sobrevive
6610,9373,Grito eterno,4,759,361,En proceso
6611,9336,Loop de reuniones,8,103,78,Sobrevive
6612,1277,Grito eterno,4,516,418,Sobrevive
6613,1877,Laberinto sin salida,8,740,385,Transferida
6614,7,Grito eterno,10,167,130,Transferida
6615,1344,Baño de lava,2,288,151,Sobrevive
6616,5975,Laberinto sin salida,4,958,441,Transferida
6617,6556,Laberinto sin salida,8,774,71,Transferida
6618,9531,Loop de reuniones,5,112,93,Transferida
6619,4079,Cámara de hielo,2,607,280,Transferida
6620,2952,Loop de reuniones,2,28,330,Reincidente
6621,7634,Laberinto sin salida,4,258,491,Reincidente
6622,8441,Grito eterno,1,237,480,Sobrevive
6623,4831,Cámara de hielo,2,489,112,Reincidente
6624,3515,Baño de lava,3,8,414,Sobrevive
6625,9560,Cámara de hielo,6,921,214,Reincidente
6626,3905,Grito eterno,1,150,277,Transferida
6627,9762,Loop de reuniones,5,435,366,Sobrevive
6628,9624,Cámara de hielo,4,41,338,Transferida
6629,2247,Baño de lava,9,442,314,Desintegrada
6631,3744,Grito eterno,4,949,236,Desintegrada
6632,4497,Baño de lava,5,750,112,Sobrevive
6633,8591,Baño de lava,8,286,481,Sobrevive
6634,1423,Laberinto sin salida,4,421,390,Desintegrada
6635,9515,Cámara de hielo,2,335,283,Desintegrada
6636,948,Laberinto sin salida,6,382,314,Reincidente
6637,5961,Cámara de hielo,9,342,318,Transferida
6638,8674,Grito eterno,10,367,165,Reincidente
6639,4590,Grito eterno,2,781,98,Reincidente
6640,2588,Loop de reuniones,8,804,19,Desintegrada
6641,8656,Cámara de hielo,7,897,464,Transferida
6642,8459,Loop de reuniones,10,712,364,Reincidente
6643,2860,Baño de lava,7,665,360,Transferida
6644,1903,Cámara de hielo,2,773,284,Sobrevive
6645,4924,Laberinto sin salida,10,710,283,Desintegrada
6646,2150,Baño de lava,8,805,240,Desintegrada
6647,2404,Laberinto sin salida,4,337,107,Sobrevive
6648,5215,Laberinto sin salida,2,439,45,Transferida
6649,4235,Loop de reuniones,8,325,323,Desintegrada
6650,2552,Laberinto sin salida,1,576,278,Desintegrada
6651,1089,Grito eterno,10,842,274,Reincidente
6652,1225,Laberinto sin salida,4,264,421,En proceso
6653,533,Grito eterno,9,992,48,Desintegrada
6654,4502,Grito eterno,8,925,79,Desintegrada
6655,5089,Baño de lava,6,505,3,Transferida
6656,7781,Grito eterno,2,256,283,Desintegrada
6657,2301,Laberinto sin salida,9,690,117,Desintegrada
6658,8297,Baño de lava,5,260,206,Reincidente
6659,8179,Loop de reuniones,10,584,68,Transferida
6660,1501,Laberinto sin salida,6,67,468,Desintegrada
6661,6411,Grito eterno,10,994,48,Reincidente
6662,6625,Cámara de hielo,4,483,184,Sobrevive
6663,8178,Laberinto sin salida,7,275,409,Sobrevive
6664,5623,Laberinto sin salida,5,703,130,Sobrevive
6665,4929,Baño de lava,3,662,121,Desintegrada
6666,8782,Grito eterno,5,612,227,Desintegrada
6667,9629,Baño de lava,2,941,453,Sobrevive
6668,423,Baño de lava,9,903,283,Reincidente
6669,661,Loop de reuniones,1,230,356,Sobrevive
6670,7601,Cámara de hielo,6,831,211,Desintegrada
6671,6202,Cámara de hielo,8,686,337,Reincidente
6672,439,Cámara de hielo,7,692,71,Transferida
6673,2540,Grito eterno,10,121,231,Sobrevive
6674,4706,Baño de lava,6,851,68,Transferida
6675,2799,Grito eterno,8,350,5,Reincidente
6676,3774,Grito eterno,9,91,313,Reincidente
6677,4824,Baño de lava,1,776,421,Sobrevive
6678,9144,Baño de lava,7,974,211,Sobrevive
6679,1507,Laberinto sin salida,1,889,384,Sobrevive
6680,2833,Baño de lava,5,380,129,Desintegrada
6681,9613,Loop de reuniones,7,732,488,Reincidente
6682,5082,Cámara de hielo,1,728,142,Sobrevive
6683,8508,Loop de reuniones,6,903,218,Sobrevive
6684,9828,Grito eterno,7,336,99,Reincidente
6685,1550,Loop de reuniones,3,211,126,Transferida
6686,1765,Grito eterno,6,34,166,Reincidente
6687,7448,Laberinto sin salida,2,189,124,En proceso
6688,8575,Grito eterno,10,290,409,Reincidente
6689,4533,Cámara de hielo,6,278,236,Transferida
6690,797,Loop de reuniones,7,352,73,Sobrevive
6691,8303,Baño de lava,8,248,68,Reincidente
6692,4008,Laberinto sin salida,8,378,451,Reincidente
6693,5881,Loop de reuniones,3,117,295,Transferida
6694,2309,Baño de lava,8,962,229,Sobrevive
6695,7580,Loop de reuniones,1,347,166,Sobrevive
6696,4239,Loop de reuniones,2,230,463,Transferida
6697,1330,Cámara de hielo,7,350,386,Sobrevive
6698,149,Laberinto sin salida,9,49,296,Transferida
6699,1230,Loop de reuniones,3,839,147,Transferida
6700,7368,Baño de lava,4,51,418,Sobrevive
6701,3000,Baño de lava,2,989,410,Desintegrada
6702,4526,Cámara de hielo,9,740,388,Sobrevive
6703,9609,Baño de lava,3,986,454,Sobrevive
6704,1333,Laberinto sin salida,1,958,72,Transferida
6705,8449,Loop de reuniones,3,468,71,Sobrevive
6706,7224,Loop de reuniones,3,568,454,Desintegrada
6707,3196,Laberinto sin salida,9,841,317,Transferida
6708,479,Baño de lava,8,101,481,Reincidente
6709,4637,Laberinto sin salida,9,849,112,Sobrevive
6710,3069,Loop de reuniones,3,61,34,Reincidente
6711,4681,Cámara de hielo,10,709,495,Desintegrada
6712,241,Grito eterno,6,285,206,Sobrevive
6713,1885,Grito eterno,7,981,409,Desintegrada
6714,1616,Cámara de hielo,6,393,113,Transferida
6715,4692,Baño de lava,3,679,80,Reincidente
6716,8881,Baño de lava,2,691,480,Sobrevive
6717,9379,Baño de lava,3,962,440,Reincidente
6718,6939,Loop de reuniones,4,133,446,Reincidente
6719,643,Loop de reuniones,3,367,432,Reincidente
6720,4531,Baño de lava,5,405,43,Transferida
6721,2163,Baño de lava,8,504,191,Reincidente
6722,3133,Grito eterno,3,202,58,Reincidente
6723,1104,Loop de reuniones,8,720,309,Reincidente
6724,1548,Laberinto sin salida,3,50,406,Reincidente
6725,8271,Cámara de hielo,4,634,280,Transferida
6726,4957,Baño de lava,3,838,78,Reincidente
6727,3124,Grito eterno,1,519,442,Transferida
6728,7463,Loop de reuniones,4,754,127,Desintegrada
6729,2841,Grito eterno,6,870,445,Reincidente
6730,1735,Baño de lava,8,78,299,Sobrevive
6731,7033,Laberinto sin salida,1,670,463,Desintegrada
6732,9171,Cámara de hielo,4,804,287,Desintegrada
6733,5698,Loop de reuniones,2,513,226,Sobrevive
6734,4702,Laberinto sin salida,9,100,468,Reincidente
6735,1963,Cámara de hielo,7,999,126,Reincidente
6736,8432,Cámara de hielo,9,564,212,Transferida
6737,7969,Loop de reuniones,4,446,280,Sobrevive
6738,3527,Grito eterno,8,793,168,Sobrevive
6739,5931,Loop de reuniones,6,946,2,Reincidente
6740,9273,Baño de lava,1,897,356,Transferida
6741,9069,Cámara de hielo,9,259,439,Desintegrada
6742,1223,Laberinto sin salida,1,698,119,Transferida
6743,4514,Laberinto sin salida,3,482,166,Transferida
6744,9698,Laberinto sin salida,10,644,491,Transferida
6745,1733,Cámara de hielo,1,593,13,Transferida
6746,7168,Cámara de hielo,6,181,19,Reincidente
6747,7863,Loop de reuniones,6,596,390,Desintegrada
6748,8304,Laberinto sin salida,8,159,377,Sobrevive
6749,6757,Laberinto sin salida,9,213,142,Desintegrada
6750,7290,Cámara de hielo,1,488,127,Transferida
6751,1052,Laberinto sin salida,3,560,84,Sobrevive
6752,1460,Laberinto sin salida,6,763,350,Desintegrada
6753,8567,Baño de lava,7,975,366,Sobrevive
6754,2430,Grito eterno,7,351,299,Reincidente
6755,173,Grito eterno,7,420,467,Sobrevive
6756,5045,Laberinto sin salida,2,128,309,Reincidente
6757,9134,Laberinto sin salida,1,663,109,Sobrevive
6758,7469,Grito eterno,2,93,31,Reincidente
6759,1860,Grito eterno,2,238,384,Transferida
6760,1455,Grito eterno,1,185,274,Sobrevive
6761,5656,Cámara de hielo,6,754,366,Transferida
6762,9451,Grito eterno,6,332,418,Reincidente
6763,2707,Baño de lava,9,751,112,Reincidente
6764,1265,Laberinto sin salida,8,272,116,Reincidente
6765,4143,Laberinto sin salida,4,860,457,Sobrevive
6766,8633,Laberinto sin salida,5,160,8,Reincidente
6767,6455,Baño de lava,4,308,321,Transferida
6768,1073,Laberinto sin salida,9,959,296,Sobrevive
6769,1275,Laberinto sin salida,6,469,450,Transferida
6770,1808,Baño de lava,1,142,275,Sobrevive
6771,4550,Loop de reuniones,2,926,251,Transferida
6772,6339,Laberinto sin salida,7,489,322,Desintegrada
6773,5416,Grito eterno,10,748,266,Reincidente
6774,687,Laberinto sin salida,1,365,362,Transferida
6775,677,Baño de lava,9,682,186,Desintegrada
6776,2476,Loop de reuniones,5,975,76,Sobrevive
6777,118,Loop de reuniones,5,863,334,Desintegrada
6778,2802,Baño de lava,7,710,281,Sobrevive
6779,112,Baño de lava,7,245,173,Desintegrada
6780,7287,Grito eterno,6,275,281,Sobrevive
6781,4979,Cámara de hielo,1,634,117,Desintegrada
6782,9253,Cámara de hielo,10,781,184,Sobrevive
6783,5553,Cámara de hielo,7,782,206,Desintegrada
6784,7433,Loop de reuniones,4,626,480,Desintegrada
6785,8479,Loop de reuniones,7,220,317,Transferida
6786,2213,Grito eterno,2,78,463,Reincidente
6787,1165,Cámara de hielo,8,486,19,Transferida
6788,8852,Grito eterno,5,734,129,Desintegrada
6789,9595,Grito eterno,7,161,471,Transferida
6790,1087,Grito eterno,10,683,99,Sobrevive
6791,3908,Grito eterno,7,972,81,Transferida
6792,1781,Laberinto sin salida,5,970,54,Transferida
6793,6553,Baño de lava,9,406,86,Transferida
6794,8470,Laberinto sin salida,5,292,327,Reincidente
6795,4679,Cámara de hielo,5,283,163,Reincidente
6796,3569,Grito eterno,7,202,337,Desintegrada
6797,1174,Cámara de hielo,8,548,234,Reincidente
6798,2104,Grito eterno,1,54,76,Desintegrada
6799,2178,Baño de lava,10,813,413,Reincidente
6800,1705,Loop de reuniones,3,872,314,Sobrevive
6801,38,Loop de reuniones,10,327,427,Sobrevive
6802,6198,Cámara de hielo,8,942,463,Sobrevive
6803,4193,Grito eterno,5,404,314,Reincidente
6804,3370,Loop de reuniones,1,784,411,Desintegrada
6805,2125,Laberinto sin salida,2,282,270,Transferida
6806,9522,Grito eterno,4,563,127,Transferida
6807,5598,Laberinto sin salida,6,299,159,Transferida
6808,9966,Loop de reuniones,6,206,48,Desintegrada
6809,7730,Grito eterno,1,816,159,Reincidente
6810,2138,Baño de lava,3,324,338,Transferida
6811,4547,Grito eterno,8,457,147,Transferida
6812,8216,Loop de reuniones,8,462,93,Sobrevive
6813,2576,Grito eterno,9,999,89,Transferida
6814,6505,Grito eterno,9,627,229,Sobrevive
6815,9859,Grito eterno,6,456,409,Sobrevive
6816,5356,Grito eterno,10,460,191,Transferida
6817,9453,Laberinto sin salida,8,249,9,Sobrevive
6818,1485,Cámara de hielo,1,989,350,Sobrevive
6819,7299,Laberinto sin salida,2,409,29,Reincidente
6820,9636,Laberinto sin salida,5,312,66,Reincidente
6821,3982,Laberinto sin salida,2,678,494,Desintegrada
6822,8777,Baño de lava,5,442,136,Reincidente
6823,1756,Laberinto sin salida,5,213,224,Sobrevive
6824,3181,Laberinto sin salida,3,220,151,Reincidente
6825,3556,Laberinto sin salida,5,477,73,Sobrevive
6826,785,Cámara de hielo,6,651,281,Transferida
6827,8296,Laberinto sin salida,8,601,295,Transferida
6828,6756,Grito eterno,5,195,335,Transferida
6829,3730,Laberinto sin salida,2,98,385,Transferida
6830,261,Laberinto sin salida,9,662,321,Reincidente
6831,2107,Grito eterno,6,433,274,Sobrevive
6832,3337,Loop de reuniones,7,101,356,Desintegrada
6833,253,Loop de reuniones,8,910,448,Sobrevive
6834,6138,Grito eterno,3,828,126,Sobrevive
6835,9829,Grito eterno,7,198,183,Reincidente
6836,5265,Cámara de hielo,3,317,254,Sobrevive
6837,300,Loop de reuniones,4,717,271,Transferida
6838,5033,Loop de reuniones,5,744,279,Desintegrada
6839,1116,Grito eterno,4,163,321,Desintegrada
6840,5051,Laberinto sin salida,3,309,418,Sobrevive
6841,5018,Cámara de hielo,10,327,411,Transferida
6842,9811,Grito eterno,4,599,43,Reincidente
6843,3962,Loop de reuniones,8,908,173,Reincidente
6844,4957,Loop de reuniones,1,341,126,Desintegrada
6845,847,Baño de lava,6,928,61,Transferida
6846,5557,Baño de lava,4,474,323,Sobrevive
6847,6769,Laberinto sin salida,3,646,418,Reincidente
6848,3602,Loop de reuniones,7,140,299,Desintegrada
6850,9941,Baño de lava,5,694,278,Desintegrada
6851,9325,Grito eterno,4,103,15,Desintegrada
6852,2738,Loop de reuniones,9,662,54,Sobrevive
6853,2296,Loop de reuniones,3,265,413,Sobrevive
6854,7752,Loop de reuniones,3,452,378,Desintegrada
6855,850,Laberinto sin salida,1,840,286,Sobrevive
6856,7512,Loop de reuniones,3,115,160,Desintegrada
6857,2501,Laberinto sin salida,6,231,236,Desintegrada
6858,1043,Cámara de hielo,1,464,468,Sobrevive
6859,4308,Grito eterno,10,163,422,Desintegrada
6860,6448,Cámara de hielo,2,523,54,Reincidente
6861,3711,Laberinto sin salida,6,329,432,Transferida
6862,3664,Laberinto sin salida,5,290,249,Sobrevive
6863,7663,Grito eterno,5,867,111,Desintegrada
6864,3824,Baño de lava,5,928,318,Sobrevive
6865,5358,Cámara de hielo,5,494,361,Sobrevive
6866,8115,Cámara de hielo,5,429,73,Sobrevive
6867,8267,Laberinto sin salida,9,979,322,Transferida
6868,8334,Grito eterno,3,205,188,Transferida
6870,7331,Laberinto sin salida,3,339,29,Desintegrada
6871,6147,Laberinto sin salida,8,478,85,Sobrevive
6872,360,Grito eterno,2,342,116,Transferida
6873,6160,Laberinto sin salida,7,308,124,Reincidente
6874,8646,Grito eterno,4,459,220,Sobrevive
6875,2839,Baño de lava,7,700,470,Sobrevive
6876,6913,Loop de reuniones,7,934,159,Transferida
6877,3966,Cámara de hielo,8,924,111,Reincidente
6878,8627,Baño de lava,7,928,88,Reincidente
6879,5326,Grito eterno,6,792,89,Desintegrada
6880,6818,Laberinto sin salida,4,794,470,Transferida
6881,3824,Loop de reuniones,5,760,163,Sobrevive
6882,8679,Grito eterno,9,174,242,Sobrevive
6883,3332,Grito eterno,4,684,350,Sobrevive
6884,8526,Cámara de hielo,7,337,485,Sobrevive
6885,4563,Cámara de hielo,2,668,263,Desintegrada
6886,593,Cámara de hielo,6,941,93,Reincidente
6887,4413,Baño de lava,4,526,448,Reincidente
6888,2203,Loop de reuniones,9,483,331,Sobrevive
6889,3816,Baño de lava,8,185,130,Reincidente
6890,1743,Loop de reuniones,7,732,270,Reincidente
6891,4637,Laberinto sin salida,10,769,157,Reincidente
6892,6990,Baño de lava,10,870,191,Desintegrada
6893,6498,Laberinto sin salida,9,193,335,Desintegrada
6894,1653,Baño de lava,9,632,111,Sobrevive
6895,9270,Grito eterno,4,604,54,Desintegrada
6896,637,Laberinto sin salida,10,154,279,Desintegrada
6897,2524,Cámara de hielo,1,982,230,Sobrevive
6898,2803,Loop de reuniones,2,917,446,Transferida
6899,423,Baño de lava,6,169,274,Reincidente
6900,4689,Baño de lava,5,939,295,Transferida
6901,2242,Loop de reuniones,3,519,446,Desintegrada
6902,38,Cámara de hielo,1,489,384,Sobrevive
6903,2347,Grito eterno,2,113,217,Reincidente
6904,979,Cámara de hielo,10,9,264,Desintegrada
6905,4047,Laberinto sin salida,4,534,54,Reincidente
6906,3149,Loop de reuniones,2,893,444,En proceso
6907,3803,Laberinto sin salida,4,897,84,Transferida
6908,792,Baño de lava,9,238,158,Desintegrada
6909,1932,Baño de lava,8,560,128,Sobrevive
6910,4735,Loop de reuniones,8,74,337,Desintegrada
6911,957,Laberinto sin salida,7,627,363,Desintegrada
6912,1316,Baño de lava,1,225,19,Desintegrada
6913,2601,Loop de reuniones,6,106,322,Desintegrada
6914,3127,Loop de reuniones,6,65,276,Desintegrada
6915,4258,Baño de lava,10,728,221,Reincidente
6916,1551,Grito eterno,6,280,322,Sobrevive
6917,3530,Loop de reuniones,2,893,72,Desintegrada
6918,8041,Cámara de hielo,8,437,250,Sobrevive
6919,4283,Baño de lava,10,993,460,Desintegrada
6920,8397,Baño de lava,6,850,242,Reincidente
6921,5525,Loop de reuniones,5,495,9,Transferida
6922,557,Grito eterno,6,51,189,Sobrevive
6923,6472,Laberinto sin salida,6,919,119,Transferida
6924,8730,Baño de lava,7,46,388,Reincidente
6925,3917,Baño de lava,8,170,184,Sobrevive
6926,4444,Laberinto sin salida,6,159,279,Desintegrada
6927,1014,Grito eterno,10,165,71,Sobrevive
6928,9290,Loop de reuniones,10,510,93,Sobrevive
6929,4863,Cámara de hielo,6,713,454,Sobrevive
6930,5409,Baño de lava,4,712,157,Transferida
6931,8298,Laberinto sin salida,5,498,43,Reincidente
6932,2380,Loop de reuniones,3,437,454,Transferida
6933,5296,Loop de reuniones,4,621,280,Sobrevive
6934,4313,Grito eterno,5,975,286,Reincidente
6935,4467,Laberinto sin salida,9,564,91,Sobrevive
6937,2613,Grito eterno,2,790,441,Sobrevive
6938,8366,Laberinto sin salida,4,617,117,Transferida
6939,5842,Grito eterno,8,657,368,Transferida
6940,1262,Cámara de hielo,5,1000,420,Desintegrada
6941,2090,Baño de lava,8,70,264,Sobrevive
6942,2380,Cámara de hielo,5,645,50,Transferida
6943,853,Cámara de hielo,2,472,270,Reincidente
6944,1013,Loop de reuniones,1,761,254,Sobrevive
6945,1454,Laberinto sin salida,3,151,316,Reincidente
6946,507,Cámara de hielo,10,881,8,Reincidente
6947,3039,Laberinto sin salida,2,873,186,Transferida
6948,9095,Laberinto sin salida,2,728,88,Reincidente
6949,6303,Loop de reuniones,1,247,89,Transferida
6950,9644,Loop de reuniones,4,576,254,Sobrevive
6951,9269,Loop de reuniones,9,961,117,Desintegrada
6952,1050,Cámara de hielo,5,334,299,Desintegrada
6953,8447,Grito eterno,4,385,43,Desintegrada
6954,5550,Loop de reuniones,10,573,420,Desintegrada
6955,7245,Grito eterno,3,549,71,Desintegrada
6956,3836,Baño de lava,8,634,479,Transferida
6957,4365,Laberinto sin salida,10,436,5,Sobrevive
6958,4816,Baño de lava,3,787,420,Sobrevive
6959,4615,Loop de reuniones,5,591,318,Desintegrada
6960,2095,Baño de lava,5,894,173,Transferida
6961,8234,Laberinto sin salida,4,368,15,Transferida
6962,1313,Grito eterno,3,451,180,Sobrevive
6963,8241,Laberinto sin salida,10,42,254,Reincidente
6964,5604,Baño de lava,3,263,245,Reincidente
6965,8723,Laberinto sin salida,7,672,16,Transferida
6966,8440,Loop de reuniones,2,473,348,Transferida
6967,9108,Grito eterno,10,979,432,Transferida
6968,674,Loop de reuniones,9,743,209,Transferida
6969,966,Laberinto sin salida,9,860,91,Transferida
6970,7127,Cámara de hielo,7,309,130,Sobrevive
6971,3212,Baño de lava,4,358,491,Desintegrada
6972,5940,Grito eterno,6,221,105,Desintegrada
6973,8995,Cámara de hielo,3,997,315,Sobrevive
6974,6685,Loop de reuniones,8,293,113,En proceso
6975,5631,Laberinto sin salida,3,71,413,Reincidente
6976,9864,Laberinto sin salida,8,174,72,Desintegrada
6977,6273,Baño de lava,10,351,390,Transferida
6978,5268,Grito eterno,10,367,357,Transferida
6979,9437,Grito eterno,4,274,467,Transferida
6980,8219,Grito eterno,10,237,426,Transferida
6981,5057,Grito eterno,4,20,426,Reincidente
6982,8147,Grito eterno,2,437,231,Reincidente
6983,741,Baño de lava,7,284,9,Sobrevive
6984,374,Cámara de hielo,6,440,165,Desintegrada
6985,3848,Cámara de hielo,3,703,347,Reincidente
6986,78,Baño de lava,8,343,40,Transferida
6987,6924,Cámara de hielo,2,757,136,Transferida
6988,7339,Loop de reuniones,4,424,470,Reincidente
6989,9103,Loop de reuniones,4,734,275,Sobrevive
6990,8402,Laberinto sin salida,10,447,192,Transferida
6991,2661,Baño de lava,4,195,323,Transferida
6992,2734,Grito eterno,10,300,295,Sobrevive
6993,8457,Grito eterno,7,808,136,Sobrevive
6994,38,Baño de lava,7,853,378,Sobrevive
6995,2383,Grito eterno,5,543,147,Reincidente
6996,1877,Loop de reuniones,8,669,312,Transferida
6997,9841,Baño de lava,3,405,366,Transferida
6998,3334,Baño de lava,8,961,470,Transferida
6999,6498,Loop de reuniones,9,849,356,Sobrevive
7000,2746,Grito eterno,1,478,322,Reincidente
7001,2898,Grito eterno,6,593,227,Reincidente
7002,5223,Grito eterno,6,791,471,Reincidente
7003,8276,Cámara de hielo,6,851,250,Transferida
7004,4408,Laberinto sin salida,10,83,327,Desintegrada
7005,366,Grito eterno,7,195,9,Transferida
7006,889,Baño de lava,5,987,159,Desintegrada
7007,703,Laberinto sin salida,9,457,450,Desintegrada
7009,7300,Baño de lava,1,730,481,Transferida
7010,5510,Cámara de hielo,8,934,283,Transferida
7011,1393,Baño de lava,1,388,496,Reincidente
7012,9652,Laberinto sin salida,8,260,390,Transferida
7013,9683,Baño de lava,5,681,286,Sobrevive
7014,1378,Grito eterno,8,266,190,Transferida
7015,3517,Cámara de hielo,5,26,4,Reincidente
7016,6863,Grito eterno,5,975,422,Desintegrada
7017,6676,Loop de reuniones,2,761,4,Transferida
7018,9878,Loop de reuniones,8,341,102,Desintegrada
7019,3180,Loop de reuniones,8,397,347,Transferida
7020,6513,Grito eterno,6,496,209,Reincidente
7021,9121,Grito eterno,3,971,15,En proceso
7022,7629,Baño de lava,9,61,84,Sobrevive
7023,8887,Laberinto sin salida,3,911,413,Desintegrada
7024,8636,Cámara de hielo,4,264,112,Reincidente
7025,109,Loop de reuniones,4,95,40,Desintegrada
7026,7019,Grito eterno,5,827,206,Sobrevive
7027,7136,Laberinto sin salida,4,464,209,Transferida
7028,4588,Cámara de hielo,1,812,241,Reincidente
7029,7389,Cámara de hielo,7,652,107,Transferida
7030,9998,Loop de reuniones,8,878,441,Desintegrada
7031,211,Grito eterno,3,14,151,Sobrevive
7032,851,Laberinto sin salida,1,953,142,Sobrevive
7033,1940,Grito eterno,2,43,85,Desintegrada
7034,6397,Laberinto sin salida,3,595,55,Sobrevive
7035,4363,Cámara de hielo,6,875,107,Transferida
7036,8840,Laberinto sin salida,9,254,471,Reincidente
7037,2728,Cámara de hielo,9,795,322,Reincidente
7038,1809,Cámara de hielo,2,236,241,Desintegrada
7039,9037,Loop de reuniones,9,635,93,Desintegrada
7040,2923,Loop de reuniones,2,823,99,Sobrevive
7041,5591,Cámara de hielo,3,239,491,Reincidente
7042,9543,Loop de reuniones,9,313,495,Sobrevive
7043,1109,Cámara de hielo,3,769,277,Sobrevive
7044,4808,Laberinto sin salida,6,217,327,Transferida
7045,26,Grito eterno,4,6,240,Sobrevive
7046,3979,Grito eterno,3,632,454,En proceso
7047,7339,Cámara de hielo,5,295,118,Desintegrada
7048,9253,Loop de reuniones,10,883,188,Transferida
7049,3856,Loop de reuniones,4,379,348,Transferida
7050,4927,Cámara de hielo,10,400,120,Transferida
7051,9839,Grito eterno,9,785,409,Transferida
7052,8613,Laberinto sin salida,6,589,451,Reincidente
7053,8492,Grito eterno,3,340,71,Reincidente
7054,8981,Laberinto sin salida,4,612,481,Desintegrada
7055,7405,Loop de reuniones,9,233,334,Reincidente
7056,5095,Cámara de hielo,2,343,84,Sobrevive
7057,9869,Laberinto sin salida,6,96,188,Reincidente
7058,2833,Cámara de hielo,10,8,229,Sobrevive
7059,3422,Baño de lava,4,607,323,Sobrevive
7060,3794,Cámara de hielo,1,651,368,Transferida
7061,8467,Baño de lava,5,608,119,Sobrevive
7062,122,Grito eterno,7,692,312,Desintegrada
7063,1046,Baño de lava,7,34,432,Sobrevive
7064,1657,Loop de reuniones,4,257,448,Desintegrada
7065,9623,Baño de lava,8,916,9,Transferida
7066,4455,Laberinto sin salida,3,714,311,Reincidente
7067,9806,Loop de reuniones,6,375,184,Sobrevive
7068,7941,Grito eterno,4,320,76,Desintegrada
7069,6065,Grito eterno,5,242,423,Reincidente
7070,8145,Cámara de hielo,2,558,29,Reincidente
7071,908,Cámara de hielo,7,241,387,Desintegrada
7072,6113,Laberinto sin salida,8,22,451,Sobrevive
7073,7888,Baño de lava,4,98,309,Reincidente
7074,1620,Cámara de hielo,5,694,147,Reincidente
7075,4122,Baño de lava,6,104,453,Reincidente
7076,4325,Cámara de hielo,2,445,187,Sobrevive
7077,7225,Laberinto sin salida,7,621,432,Reincidente
7078,5812,Grito eterno,5,257,173,Sobrevive
7079,4315,Loop de reuniones,4,680,128,Sobrevive
7080,5489,Cámara de hielo,4,122,266,Sobrevive
7081,6457,Grito eterno,4,949,356,Sobrevive
7082,7494,Cámara de hielo,4,664,254,Reincidente
7083,1334,Laberinto sin salida,6,127,119,Desintegrada
7084,5957,Baño de lava,10,173,284,Sobrevive
7085,5044,Baño de lava,2,913,439,Reincidente
7086,2122,Cámara de hielo,1,257,295,Transferida
7087,4530,Laberinto sin salida,8,361,158,Desintegrada
7088,6701,Laberinto sin salida,1,145,483,Desintegrada
7089,1927,Baño de lava,8,690,453,Transferida
7090,1565,Cámara de hielo,4,598,254,Sobrevive
7091,4679,Grito eterno,7,723,303,Reincidente
7092,6782,Laberinto sin salida,5,11,158,Sobrevive
7093,5547,Cámara de hielo,4,427,287,Reincidente
7094,8868,Baño de lava,7,356,295,Sobrevive
7095,7187,Baño de lava,7,60,276,Reincidente
7096,5692,Cámara de hielo,7,468,362,Desintegrada
7097,7534,Grito eterno,5,264,426,Reincidente
7098,1902,Grito eterno,7,444,45,Reincidente
7099,2008,Baño de lava,1,838,208,Sobrevive
7100,3918,Laberinto sin salida,3,618,115,Desintegrada
7101,3038,Baño de lava,6,588,475,Reincidente
7102,9714,Cámara de hielo,4,530,421,Sobrevive
7103,6230,Loop de reuniones,8,960,234,Transferida
7104,4733,Loop de reuniones,1,392,283,Transferida
7105,4063,Cámara de hielo,8,287,147,Transferida
7106,1682,Cámara de hielo,2,465,329,Desintegrada
7107,4055,Grito eterno,9,996,279,Reincidente
7108,8944,Baño de lava,9,719,266,Reincidente
7109,5077,Loop de reuniones,5,186,124,Sobrevive
7110,1757,Loop de reuniones,5,618,363,Transferida
7111,2441,Laberinto sin salida,6,399,24,Sobrevive
7112,838,Baño de lava,5,366,422,Transferida
7113,252,Grito eterno,4,794,432,Desintegrada
7114,7242,Laberinto sin salida,2,72,478,Reincidente
7115,5387,Loop de reuniones,1,403,468,Desintegrada
7116,8360,Grito eterno,7,952,422,Reincidente
7117,4046,Baño de lava,1,124,121,Reincidente
7118,726,Grito eterno,8,795,351,Transferida
7119,8505,Cámara de hielo,6,845,163,Sobrevive
7120,8992,Baño de lava,2,830,451,Transferida
7121,5399,Grito eterno,6,422,479,Transferida
7122,1558,Laberinto sin salida,5,917,446,Reincidente
7123,1967,Grito eterno,7,153,318,Desintegrada
7124,5384,Grito eterno,10,441,337,Sobrevive
7125,4849,Grito eterno,2,735,316,Sobrevive
7126,6600,Cámara de hielo,6,497,322,Reincidente
7127,2126,Laberinto sin salida,6,610,415,Desintegrada
7128,6847,Laberinto sin salida,6,790,448,Transferida
7129,6326,Grito eterno,5,680,475,Reincidente
7130,2881,Laberinto sin salida,5,648,363,Desintegrada
7131,3627,Baño de lava,8,281,277,Sobrevive
7132,9846,Laberinto sin salida,8,462,129,Transferida
7133,1485,Grito eterno,1,470,13,Reincidente
7134,3249,Grito eterno,5,858,368,Transferida
7135,5846,Cámara de hielo,7,127,295,Reincidente
7136,3661,Cámara de hielo,4,585,107,Sobrevive
7138,892,Laberinto sin salida,3,127,116,Sobrevive
7139,9580,Cámara de hielo,4,357,334,Reincidente
7140,9399,Grito eterno,4,675,117,Transferida
7142,3557,Laberinto sin salida,4,121,444,Reincidente
7143,3336,Laberinto sin salida,5,424,386,Sobrevive
7144,4409,Laberinto sin salida,1,100,453,Reincidente
7145,3301,Laberinto sin salida,9,190,356,Reincidente
7146,482,Laberinto sin salida,3,773,230,Reincidente
7147,6471,Laberinto sin salida,2,102,55,Reincidente
7148,6785,Baño de lava,10,601,384,Desintegrada
7149,8806,Loop de reuniones,7,75,421,Desintegrada
7150,648,Loop de reuniones,6,154,421,Sobrevive
7151,4358,Loop de reuniones,1,730,74,Reincidente
7152,8461,Baño de lava,3,879,107,Transferida
7153,8098,Laberinto sin salida,10,995,366,Sobrevive
7154,7618,Loop de reuniones,4,353,316,Reincidente
7155,176,Cámara de hielo,4,928,223,Sobrevive
7156,3122,Cámara de hielo,6,655,206,Sobrevive
7157,3038,Baño de lava,1,556,186,Reincidente
7158,6760,Cámara de hielo,1,125,13,Transferida
7159,2021,Grito eterno,5,83,135,Transferida
7160,923,Loop de reuniones,8,748,496,Reincidente
7161,6949,Laberinto sin salida,4,76,43,Reincidente
7162,4793,Grito eterno,5,367,274,Desintegrada
7163,8867,Cámara de hielo,5,603,163,Reincidente
7164,6300,Laberinto sin salida,8,859,457,Reincidente
7165,3837,Baño de lava,6,247,212,Sobrevive
7166,1737,Grito eterno,9,980,422,Desintegrada
7167,7760,Laberinto sin salida,5,982,448,Desintegrada
7168,5653,Cámara de hielo,3,542,15,Reincidente
7169,5150,Laberinto sin salida,3,109,151,Sobrevive
7170,4528,Loop de reuniones,9,465,460,Transferida
7171,2901,Cámara de hielo,2,448,441,Desintegrada
7172,7397,Laberinto sin salida,9,662,350,Transferida
7173,7650,Laberinto sin salida,1,264,286,Desintegrada
7174,7991,Baño de lava,8,482,263,Sobrevive
7175,6803,Baño de lava,3,829,354,Reincidente
7176,9871,Laberinto sin salida,9,742,313,Desintegrada
7177,4707,Cámara de hielo,4,527,322,Transferida
7178,321,Laberinto sin salida,7,738,450,Reincidente
7179,9063,Grito eterno,1,382,327,Sobrevive
7180,1277,Loop de reuniones,5,379,86,Transferida
7181,3009,Loop de reuniones,8,885,44,Sobrevive
7182,8719,Loop de reuniones,10,77,334,Desintegrada
7183,3110,Grito eterno,9,522,463,Sobrevive
7184,8844,Cámara de hielo,8,711,86,Transferida
7185,1076,Cámara de hielo,9,31,229,Reincidente
7186,8523,Baño de lava,2,341,366,Sobrevive
7187,8003,Baño de lava,10,269,279,Sobrevive
7188,8084,Laberinto sin salida,2,674,224,Transferida
7189,4181,Cámara de hielo,8,972,237,Reincidente
7190,8414,Cámara de hielo,4,197,212,Sobrevive
7191,8077,Cámara de hielo,10,398,372,Transferida
7192,2509,Baño de lava,3,516,40,Desintegrada
7193,2681,Loop de reuniones,9,207,312,Transferida
7194,9578,Baño de lava,3,596,234,Transferida
7195,3073,Loop de reuniones,5,748,275,Reincidente
7196,1270,Cámara de hielo,5,668,331,Sobrevive
7197,6774,Loop de reuniones,6,144,274,Transferida
7198,1629,Grito eterno,2,88,478,Sobrevive
7199,3453,Laberinto sin salida,1,67,251,Sobrevive
7200,8161,Laberinto sin salida,5,344,254,Desintegrada
7201,9586,Baño de lava,1,64,117,Transferida
7202,4906,Grito eterno,2,440,137,Desintegrada
7203,1444,Loop de reuniones,2,101,98,Transferida
7204,1273,Loop de reuniones,4,743,175,Reincidente
7205,4557,Laberinto sin salida,6,936,66,Transferida
7206,4366,Baño de lava,6,193,190,Sobrevive
7207,5349,Baño de lava,8,889,15,Transferida
7208,2204,Laberinto sin salida,4,422,73,Desintegrada
7209,4250,Baño de lava,6,993,478,Transferida
7210,7323,Grito eterno,9,68,115,Desintegrada
7211,4639,Laberinto sin salida,2,857,363,Desintegrada
7212,7816,Grito eterno,6,424,214,Reincidente
7213,2425,Loop de reuniones,4,704,457,Desintegrada
7214,4449,Loop de reuniones,7,551,5,Sobrevive
7215,301,Cámara de hielo,3,98,44,Reincidente
7216,2472,Baño de lava,2,618,61,Reincidente
7217,4537,Baño de lava,7,843,361,Desintegrada
7218,663,Laberinto sin salida,3,191,147,Desintegrada
7219,7923,Grito eterno,8,584,406,Desintegrada
7220,7534,Grito eterno,10,361,485,Reincidente
7221,4166,Baño de lava,1,22,74,Reincidente
7222,469,Cámara de hielo,7,551,10,Sobrevive
7223,9951,Baño de lava,4,913,362,Desintegrada
7224,4345,Laberinto sin salida,6,476,423,Reincidente
7225,5168,Loop de reuniones,7,501,283,Reincidente
7226,1459,Loop de reuniones,10,659,388,Transferida
7227,8725,Cámara de hielo,3,234,347,Reincidente
7228,4849,Baño de lava,7,262,158,Transferida
7229,409,Cámara de hielo,7,742,284,Reincidente
7230,2974,Grito eterno,4,5,363,Reincidente
7231,9878,Loop de reuniones,5,605,384,En proceso
7232,5376,Grito eterno,10,680,80,Transferida
7233,6602,Cámara de hielo,3,994,175,Reincidente
7234,1497,Grito eterno,4,967,177,Reincidente
7235,3618,Laberinto sin salida,9,189,99,Desintegrada
7236,9089,Loop de reuniones,10,137,471,Reincidente
7237,5423,Grito eterno,1,751,102,Desintegrada
7238,7541,Loop de reuniones,10,843,439,Transferida
7239,6282,Loop de reuniones,8,601,337,Transferida
7240,5057,Loop de reuniones,7,96,420,Sobrevive
7241,4150,Loop de reuniones,7,221,214,Desintegrada
7242,2217,Cámara de hielo,8,853,220,Sobrevive
7243,1666,Grito eterno,10,27,78,Sobrevive
7244,5311,Cámara de hielo,6,208,219,Sobrevive
7245,948,Laberinto sin salida,5,843,129,Desintegrada
7246,1537,Grito eterno,3,95,316,Desintegrada
7247,6730,Laberinto sin salida,9,50,229,Reincidente
7248,370,Cámara de hielo,8,583,366,Desintegrada
7249,5316,Cámara de hielo,7,107,317,Sobrevive
7250,8467,Baño de lava,7,151,335,Reincidente
7251,4894,Cámara de hielo,8,127,440,Reincidente
7252,5425,Grito eterno,2,941,377,Desintegrada
7253,9813,Baño de lava,1,431,175,Sobrevive
7254,2005,Grito eterno,10,563,488,Sobrevive
7255,8370,Grito eterno,5,273,206,Reincidente
7256,2736,Laberinto sin salida,5,157,10,Reincidente
7257,2462,Laberinto sin salida,4,86,198,Sobrevive
7258,8701,Grito eterno,3,681,411,Reincidente
7259,7963,Cámara de hielo,1,534,151,Transferida
7260,2269,Cámara de hielo,3,27,388,Reincidente
7261,4639,Cámara de hielo,8,85,491,Reincidente
7262,3106,Laberinto sin salida,4,699,72,Transferida
7263,8217,Grito eterno,10,926,175,Reincidente
7264,518,Baño de lava,4,442,88,Sobrevive
7265,7406,Grito eterno,10,20,251,Desintegrada
7266,5484,Grito eterno,6,763,45,Reincidente
7267,9589,Loop de reuniones,9,571,219,Reincidente
7268,7114,Cámara de hielo,3,495,349,Sobrevive
7269,220,Loop de reuniones,1,657,303,Reincidente
7270,1014,Cámara de hielo,2,600,448,Reincidente
7271,3519,Laberinto sin salida,10,788,303,Reincidente
7272,4529,Baño de lava,4,295,275,Reincidente
7273,3995,Baño de lava,9,604,40,Sobrevive
7274,8476,Loop de reuniones,9,492,457,Desintegrada
7275,583,Laberinto sin salida,3,43,266,Desintegrada
7276,4007,Cámara de hielo,10,695,288,Sobrevive
7277,6604,Cámara de hielo,10,495,44,Sobrevive
7278,1540,Cámara de hielo,9,94,441,Sobrevive
7279,9482,Baño de lava,5,684,457,Reincidente
7280,2117,Loop de reuniones,9,663,251,Transferida
7281,5113,Loop de reuniones,4,740,223,Reincidente
7282,3105,Laberinto sin salida,10,412,115,Transferida
7283,1107,Baño de lava,9,259,315,Sobrevive
7284,40,Laberinto sin salida,9,2,230,Desintegrada
7285,7341,Laberinto sin salida,1,405,420,Reincidente
7286,7423,Cámara de hielo,5,625,220,Reincidente
7287,3258,Cámara de hielo,2,335,334,Transferida
7288,100,Laberinto sin salida,1,303,450,Sobrevive
7289,7337,Loop de reuniones,3,261,277,Transferida
7290,981,Grito eterno,3,479,350,Desintegrada
7291,1579,Baño de lava,1,970,281,Desintegrada
7292,4744,Grito eterno,2,15,74,Sobrevive
7293,7824,Grito eterno,7,783,420,Reincidente
7294,5495,Baño de lava,5,211,271,Transferida
7296,556,Laberinto sin salida,6,719,188,Sobrevive
7297,8565,Baño de lava,6,857,181,Desintegrada
7298,6271,Cámara de hielo,10,294,479,Transferida
7299,5274,Laberinto sin salida,1,512,41,Reincidente
7300,4905,Laberinto sin salida,5,199,61,Transferida
7301,8837,Grito eterno,7,321,105,Transferida
7302,6812,Laberinto sin salida,2,409,277,Sobrevive
7303,1979,Laberinto sin salida,9,435,281,Reincidente
7304,1529,Baño de lava,2,566,43,Desintegrada
7305,1129,Cámara de hielo,8,976,464,Sobrevive
7306,5470,Loop de reuniones,2,247,286,Reincidente
7307,8923,Grito eterno,10,432,361,Desintegrada
7308,3966,Laberinto sin salida,5,226,45,En proceso
7309,4008,Grito eterno,8,545,211,Sobrevive
7310,4924,Cámara de hielo,10,973,296,Desintegrada
7311,2062,Grito eterno,8,198,330,Reincidente
7312,5093,Laberinto sin salida,8,199,5,Sobrevive
7313,3614,Baño de lava,9,599,5,Sobrevive
7314,24,Grito eterno,10,867,187,Transferida
7315,880,Laberinto sin salida,4,441,483,Reincidente
7316,1181,Grito eterno,9,617,332,Transferida
7317,2469,Laberinto sin salida,7,317,468,Transferida
7318,8402,Baño de lava,5,807,295,Transferida
7319,1522,Loop de reuniones,5,814,187,Sobrevive
7320,8482,Loop de reuniones,8,724,189,Desintegrada
7321,3371,Cámara de hielo,10,567,99,Sobrevive
7322,6744,Laberinto sin salida,1,398,249,Desintegrada
7323,5574,Cámara de hielo,1,372,10,Transferida
7324,303,Baño de lava,4,828,334,Desintegrada
7325,7260,Baño de lava,3,868,121,Reincidente
7326,5630,Grito eterno,5,285,2,Reincidente
7327,8349,Grito eterno,4,60,348,Desintegrada
7328,209,Loop de reuniones,9,900,58,Reincidente
7329,5116,Loop de reuniones,6,284,322,Desintegrada
7330,4966,Loop de reuniones,2,570,136,Sobrevive
7331,1896,Baño de lava,4,703,276,Desintegrada
7332,1176,Baño de lava,3,314,80,Sobrevive
7333,2030,Grito eterno,3,277,85,Reincidente
7334,937,Baño de lava,10,714,76,Desintegrada
7335,3767,Baño de lava,1,557,175,Desintegrada
7336,1435,Baño de lava,4,192,184,Transferida
7337,7008,Grito eterno,10,837,323,Transferida
7338,2132,Grito eterno,3,499,454,Reincidente
7339,7369,Baño de lava,1,542,221,Desintegrada
7340,9830,Laberinto sin salida,3,947,93,Reincidente
7341,9223,Cámara de hielo,5,500,394,Reincidente
7342,1811,Laberinto sin salida,5,896,444,Transferida
7343,6171,Grito eterno,5,551,485,Desintegrada
7344,9814,Loop de reuniones,7,977,223,Desintegrada
7345,8372,Grito eterno,4,489,440,Transferida
7346,3224,Loop de reuniones,8,730,160,Desintegrada
7347,5639,Grito eterno,9,443,368,Transferida
7348,4351,Baño de lava,3,358,443,Sobrevive
7349,5454,Baño de lava,10,689,382,Reincidente
7350,8055,Grito eterno,10,520,274,Sobrevive
7351,4061,Baño de lava,7,592,92,Sobrevive
7352,4947,Cámara de hielo,10,543,211,Transferida
7353,3667,Grito eterno,4,839,307,Reincidente
7354,527,Loop de reuniones,7,400,464,Transferida
7355,867,Cámara de hielo,8,649,136,Sobrevive
7356,7665,Baño de lava,7,452,183,Desintegrada
7357,5551,Grito eterno,7,857,232,Transferida
7358,8163,Baño de lava,7,666,394,Desintegrada
7359,3030,Grito eterno,10,415,451,Desintegrada
7360,2137,Cámara de hielo,10,448,323,Transferida
7361,2154,Cámara de hielo,1,613,335,Transferida
7362,6114,Loop de reuniones,4,255,362,Transferida
7363,7935,Grito eterno,6,821,180,Desintegrada
7364,4601,Cámara de hielo,6,590,378,Sobrevive
7365,9440,Baño de lava,5,298,413,Sobrevive
7366,6466,Cámara de hielo,7,921,250,Transferida
7367,256,Loop de reuniones,6,314,348,Transferida
7368,5028,Loop de reuniones,8,786,89,Transferida
7369,3767,Baño de lava,4,515,382,Transferida
7370,681,Laberinto sin salida,5,58,384,Sobrevive
7371,3123,Laberinto sin salida,2,278,388,Transferida
7372,6214,Baño de lava,4,495,99,Desintegrada
7373,965,Loop de reuniones,2,758,78,Transferida
7374,5939,Loop de reuniones,8,807,245,Transferida
7375,5757,Grito eterno,6,761,128,Transferida
7376,8405,Baño de lava,6,999,157,Transferida
7377,8638,Baño de lava,3,492,212,Sobrevive
7378,4300,Cámara de hielo,3,281,347,Desintegrada
7379,4561,Cámara de hielo,5,201,337,Desintegrada
7381,835,Loop de reuniones,7,394,9,Reincidente
7382,3829,Cámara de hielo,10,10,454,Reincidente
7383,9374,Cámara de hielo,4,748,331,Transferida
7384,325,Laberinto sin salida,4,623,206,Reincidente
7385,1399,Baño de lava,5,548,430,Desintegrada
7386,9197,Baño de lava,10,705,237,Reincidente
7387,3277,Laberinto sin salida,6,839,147,Transferida
7388,3597,Loop de reuniones,2,795,232,Desintegrada
7389,4704,Laberinto sin salida,2,92,91,Sobrevive
7390,6433,Laberinto sin salida,6,975,423,Reincidente
7391,6489,Grito eterno,6,374,136,Sobrevive
7392,4324,Baño de lava,7,777,366,Sobrevive
7393,6145,Baño de lava,4,410,91,Sobrevive
7394,6199,Baño de lava,6,193,226,Sobrevive
7395,110,Laberinto sin salida,1,819,443,Reincidente
7396,7515,Loop de reuniones,1,707,15,Desintegrada
7397,7339,Cámara de hielo,5,892,295,Desintegrada
7398,2799,Grito eterno,7,239,322,Transferida
7399,3285,Laberinto sin salida,10,785,278,Desintegrada
7400,8863,Cámara de hielo,3,315,377,Transferida
7401,8232,Grito eterno,6,115,183,Sobrevive
7402,9734,Baño de lava,6,84,457,Desintegrada
7403,1249,Grito eterno,1,976,418,Desintegrada
7404,7077,Grito eterno,1,555,2,Transferida
7405,4985,Laberinto sin salida,9,50,231,Reincidente
7406,3735,Baño de lava,4,204,414,Sobrevive
7407,3742,Baño de lava,10,645,483,Sobrevive
7408,2573,Grito eterno,9,61,24,Desintegrada
7409,8759,Baño de lava,4,180,74,Reincidente
7410,5141,Grito eterno,2,307,158,Desintegrada
7411,8557,Loop de reuniones,6,77,131,Reincidente
7412,2981,Laberinto sin salida,6,164,135,Reincidente
7413,3536,Laberinto sin salida,10,60,209,Sobrevive
7414,2086,Baño de lava,7,139,118,Reincidente
7415,8733,Laberinto sin salida,8,917,351,Sobrevive
7416,7723,Cámara de hielo,2,700,316,Reincidente
7417,7672,Cámara de hielo,3,546,68,En proceso
7418,7741,Baño de lava,10,88,188,Sobrevive
7419,9995,Baño de lava,6,567,283,Reincidente
7420,1957,Laberinto sin salida,7,213,72,Desintegrada
7421,9134,Baño de lava,2,750,72,Reincidente
7422,7089,Loop de reuniones,2,198,464,Reincidente
7423,6198,Cámara de hielo,6,154,441,Desintegrada
7424,9301,Baño de lava,10,458,241,Sobrevive
7425,1869,Laberinto sin salida,2,564,329,Reincidente
7426,8380,Grito eterno,5,109,446,Sobrevive
7427,8939,Baño de lava,2,543,427,Sobrevive
7428,1862,Cámara de hielo,4,37,16,Transferida
7429,8040,Laberinto sin salida,1,23,214,Reincidente
7430,5657,Laberinto sin salida,4,788,411,Sobrevive
7431,217,Baño de lava,2,299,15,Reincidente
7432,2645,Laberinto sin salida,5,579,278,Transferida
7433,4570,Baño de lava,7,314,351,Reincidente
7434,1680,Baño de lava,2,696,387,Transferida
7435,1133,Loop de reuniones,4,284,31,Transferida
7436,2587,Loop de reuniones,8,459,40,Desintegrada
7437,751,Grito eterno,2,687,330,Sobrevive
7438,535,Baño de lava,7,734,286,Reincidente
7439,8196,Cámara de hielo,3,908,420,Sobrevive
7440,4153,Cámara de hielo,9,667,356,Reincidente
7441,5219,Loop de reuniones,6,131,151,Reincidente
7442,1029,Grito eterno,3,169,390,Sobrevive
7443,3207,Cámara de hielo,10,518,307,Transferida
7444,1585,Cámara de hielo,8,598,457,Desintegrada
7445,2483,Laberinto sin salida,8,921,116,Reincidente
7446,6867,Grito eterno,7,868,157,Reincidente
7447,1670,Grito eterno,5,44,251,Transferida
7448,1132,Grito eterno,2,940,296,Sobrevive
7449,3475,Loop de reuniones,10,631,241,Transferida
7450,8121,Laberinto sin salida,7,986,494,Transferida
7451,8237,Loop de reuniones,8,505,430,Reincidente
7452,5786,Baño de lava,6,713,226,Transferida
7453,3911,Cámara de hielo,10,62,180,Sobrevive
7454,332,Laberinto sin salida,1,969,131,Reincidente
7455,6588,Baño de lava,7,932,45,Reincidente
7456,1969,Laberinto sin salida,6,349,480,Reincidente
7457,2093,Cámara de hielo,8,577,314,Reincidente
7458,9835,Cámara de hielo,5,631,421,Reincidente
7459,2898,Laberinto sin salida,6,96,422,Transferida
7460,6513,Baño de lava,2,48,335,Sobrevive
7461,4061,Laberinto sin salida,5,339,72,Reincidente
7462,6940,Cámara de hielo,1,953,349,Desintegrada
7463,9763,Laberinto sin salida,7,193,184,Sobrevive
7464,6628,Grito eterno,4,804,338,Sobrevive
7465,1325,Grito eterno,5,495,224,Sobrevive
7466,6038,Grito eterno,10,253,485,Desintegrada
7467,8404,Grito eterno,9,680,105,Desintegrada
7468,9502,Cámara de hielo,8,850,242,Transferida
7469,1204,Loop de reuniones,6,458,234,Transferida
7470,8018,Grito eterno,5,778,295,Sobrevive
7471,1314,Grito eterno,8,784,281,Transferida
7472,4127,Loop de reuniones,5,632,448,Desintegrada
7473,4802,Loop de reuniones,2,486,474,Sobrevive
7474,4285,Loop de reuniones,1,640,237,Transferida
7475,3351,Grito eterno,4,166,349,Reincidente
7476,4990,Baño de lava,10,557,119,Sobrevive
7477,2705,Cámara de hielo,6,601,72,En proceso
7478,6486,Baño de lava,3,300,442,Sobrevive
7479,2775,Baño de lava,5,820,368,Reincidente
7480,3743,Cámara de hielo,7,26,232,Transferida
7481,5374,Loop de reuniones,10,592,81,Reincidente
7482,193,Laberinto sin salida,7,168,223,Transferida
7483,8989,Grito eterno,7,734,475,Desintegrada
7484,2628,Baño de lava,7,606,88,Desintegrada
7485,9352,Baño de lava,7,672,316,Sobrevive
7486,9003,Grito eterno,2,790,19,Desintegrada
7487,5784,Cámara de hielo,6,796,350,Transferida
7488,3725,Cámara de hielo,9,311,372,En proceso
7489,5855,Cámara de hielo,5,252,330,Sobrevive
7490,9567,Baño de lava,5,1000,348,Sobrevive
7491,5678,Laberinto sin salida,8,147,460,Desintegrada
7492,8872,Cámara de hielo,6,886,377,En proceso
7493,324,Laberinto sin salida,5,476,343,Transferida
7494,3965,Cámara de hielo,8,588,41,Reincidente
7495,1412,Cámara de hielo,9,248,266,Reincidente
7496,3100,Grito eterno,8,294,286,Transferida
7497,9335,Baño de lava,8,60,295,Reincidente
7498,1329,Loop de reuniones,5,368,188,Sobrevive
7499,9971,Laberinto sin salida,5,372,137,Desintegrada
7500,17,Laberinto sin salida,2,865,279,Desintegrada
7501,8111,Cámara de hielo,5,871,295,Reincidente
7502,7539,Grito eterno,9,475,317,Sobrevive
7503,8675,Cámara de hielo,5,535,245,Reincidente
7504,7185,Grito eterno,2,653,274,Reincidente
7505,7821,Grito eterno,8,899,366,Sobrevive
7506,6408,Laberinto sin salida,6,257,410,Transferida
7507,4141,Laberinto sin salida,6,774,92,Transferida
7508,8528,Cámara de hielo,2,577,211,Sobrevive
7509,4729,Laberinto sin salida,2,352,470,Reincidente
7510,1126,Loop de reuniones,6,44,198,Transferida
7511,4472,Grito eterno,5,965,136,Sobrevive
7512,3222,Laberinto sin salida,8,606,496,Desintegrada
7513,9461,Laberinto sin salida,1,996,44,Desintegrada
7514,918,Laberinto sin salida,7,408,271,Transferida
7515,7795,Loop de reuniones,3,881,9,Sobrevive
7516,3095,Cámara de hielo,5,556,327,Sobrevive
7517,1350,Baño de lava,6,254,9,Sobrevive
7518,7775,Cámara de hielo,5,190,299,Sobrevive
7519,7764,Loop de reuniones,10,208,467,Desintegrada
7520,273,Grito eterno,8,901,444,Transferida
7521,3888,Loop de reuniones,5,359,406,Desintegrada
7522,3847,Cámara de hielo,10,715,209,Sobrevive
7523,4701,Baño de lava,8,942,173,Sobrevive
7524,3780,Loop de reuniones,6,645,296,Sobrevive
7525,4147,Baño de lava,7,901,296,Sobrevive
7526,9459,Cámara de hielo,5,242,474,Sobrevive
7527,608,Grito eterno,2,413,464,Transferida
7528,6036,Cámara de hielo,1,434,180,Transferida
7529,3653,Laberinto sin salida,7,109,478,Desintegrada
7530,7249,Loop de reuniones,9,436,159,Desintegrada
7531,368,Grito eterno,9,443,206,Sobrevive
7532,8632,Laberinto sin salida,6,620,229,Sobrevive
7533,1782,Laberinto sin salida,8,803,45,Transferida
7534,7842,Cámara de hielo,3,625,184,Desintegrada
7535,5891,Cámara de hielo,8,770,66,Sobrevive
7536,723,Loop de reuniones,4,989,2,Transferida
7537,2540,Laberinto sin salida,9,740,24,Reincidente
7538,9861,Cámara de hielo,8,733,418,Desintegrada
7539,6585,Loop de reuniones,6,568,495,Transferida
7540,8877,Cámara de hielo,2,271,478,Desintegrada
7541,3583,Grito eterno,5,636,177,Sobrevive
7542,4285,Grito eterno,10,869,34,Desintegrada
7543,217,Baño de lava,8,37,362,Sobrevive
7544,5365,Baño de lava,3,293,288,Desintegrada
7545,5618,Cámara de hielo,5,63,343,Reincidente
7546,9239,Laberinto sin salida,1,150,2,Reincidente
7547,9159,Baño de lava,8,759,66,En proceso
7548,8626,Cámara de hielo,7,98,422,Desintegrada
7549,634,Cámara de hielo,2,541,413,Transferida
7550,5405,Grito eterno,3,855,350,Reincidente
7551,9902,Cámara de hielo,5,123,317,Sobrevive
7552,5388,Grito eterno,10,454,58,Desintegrada
7553,2980,Laberinto sin salida,7,779,102,Reincidente
7554,272,Baño de lava,9,756,315,Sobrevive
7555,5962,Loop de reuniones,10,983,188,Transferida
7556,9072,Cámara de hielo,3,376,281,Sobrevive
7557,5091,Baño de lava,1,106,413,Transferida
7558,3407,Grito eterno,2,248,345,Reincidente
7559,2471,Baño de lava,7,557,479,Reincidente
7560,9051,Loop de reuniones,5,844,427,Reincidente
7561,2530,Baño de lava,2,224,112,Reincidente
7562,1310,Laberinto sin salida,9,348,409,Desintegrada
7563,4001,Baño de lava,3,421,299,Sobrevive
7564,196,Grito eterno,2,445,177,Transferida
7565,3956,Laberinto sin salida,6,787,89,Reincidente
7566,5715,Grito eterno,2,135,61,Transferida
7567,1589,Laberinto sin salida,8,319,91,Reincidente
7568,4955,Grito eterno,1,688,321,Sobrevive
7569,2095,Laberinto sin salida,5,980,151,Transferida
7570,2898,Laberinto sin salida,1,691,61,Desintegrada
7571,7008,Loop de reuniones,8,144,410,Desintegrada
7572,2905,Loop de reuniones,2,22,264,Reincidente
7573,5784,Baño de lava,4,364,335,Desintegrada
7574,8325,Loop de reuniones,9,579,356,Sobrevive
7575,6516,Baño de lava,3,541,45,Desintegrada
7576,1079,Grito eterno,9,379,209,Sobrevive
7577,7576,Grito eterno,3,64,334,Reincidente
7578,2907,Cámara de hielo,1,57,323,Sobrevive
7579,1084,Laberinto sin salida,5,394,364,Transferida
7580,6962,Laberinto sin salida,9,779,190,Sobrevive
7581,4106,Cámara de hielo,3,282,357,Transferida
7582,3941,Cámara de hielo,1,512,3,Transferida
7583,9342,Laberinto sin salida,1,82,136,Desintegrada
7584,5946,Cámara de hielo,10,867,117,Sobrevive
7585,4528,Grito eterno,2,602,317,Desintegrada
7586,8778,Cámara de hielo,6,649,368,Desintegrada
7587,2510,Grito eterno,9,449,421,Desintegrada
7588,5755,Laberinto sin salida,7,772,427,Reincidente
7589,5259,Baño de lava,4,974,231,Desintegrada
7590,2967,Loop de reuniones,5,1,42,Sobrevive
7591,8979,Grito eterno,5,841,427,Reincidente
7592,4724,Laberinto sin salida,1,335,158,Sobrevive
7593,6929,Cámara de hielo,2,8,277,Desintegrada
7594,4552,Grito eterno,4,748,48,Desintegrada
7596,8367,Laberinto sin salida,4,265,313,Sobrevive
7597,2827,Grito eterno,3,329,68,Reincidente
7598,9886,Grito eterno,6,449,363,Transferida
7599,8588,Baño de lava,8,762,54,Desintegrada
7600,7735,Loop de reuniones,8,576,131,Sobrevive
7601,3883,Grito eterno,4,49,236,Transferida
7602,8399,Cámara de hielo,5,110,81,Transferida
7603,6814,Baño de lava,10,77,218,Desintegrada
7604,6834,Baño de lava,3,848,221,Reincidente
7605,9525,Grito eterno,5,696,318,Reincidente
7606,4869,Baño de lava,3,3,54,Transferida
7607,6079,Baño de lava,5,69,250,Sobrevive
7608,5118,Cámara de hielo,2,134,451,Transferida
7610,2384,Grito eterno,2,141,280,Desintegrada
7611,2843,Grito eterno,10,716,321,Reincidente
7612,1840,Cámara de hielo,10,199,221,Reincidente
7613,71,Baño de lava,8,873,42,Desintegrada
7614,7766,Laberinto sin salida,7,360,274,Sobrevive
7615,964,Grito eterno,1,152,441,En proceso
7616,1061,Grito eterno,9,336,214,Reincidente
7617,4535,Baño de lava,2,203,361,Sobrevive
7618,3670,Cámara de hielo,6,112,283,Reincidente
7619,7700,Baño de lava,4,173,135,Reincidente
7620,6622,Loop de reuniones,2,115,251,Reincidente
7621,1634,Cámara de hielo,2,315,218,Desintegrada
7622,2416,Grito eterno,2,599,266,Sobrevive
7623,4637,Grito eterno,10,24,254,Desintegrada
7624,5868,Loop de reuniones,1,344,192,Sobrevive
7625,1452,Baño de lava,4,573,5,Reincidente
7626,1810,Laberinto sin salida,2,646,3,Sobrevive
7627,8817,Grito eterno,5,680,55,Reincidente
7628,7552,Baño de lava,10,949,307,Desintegrada
7629,6973,Laberinto sin salida,10,930,377,Desintegrada
7630,8682,Grito eterno,7,275,316,Reincidente
7631,166,Loop de reuniones,9,81,264,Desintegrada
7632,4449,Cámara de hielo,7,392,211,Reincidente
7633,4895,Baño de lava,7,162,192,Transferida
7634,8646,Grito eterno,5,548,448,Reincidente
7635,8858,Grito eterno,5,835,168,Desintegrada
7636,1974,Laberinto sin salida,6,863,444,Sobrevive
7637,9112,Loop de reuniones,2,109,159,Sobrevive
7638,6642,Grito eterno,5,19,496,Desintegrada
7639,7790,Loop de reuniones,1,117,121,Desintegrada
7640,7800,Grito eterno,2,219,445,Sobrevive
7641,6776,Loop de reuniones,2,521,214,Transferida
7642,8548,Grito eterno,2,230,206,Transferida
7643,2256,Baño de lava,5,564,191,Sobrevive
7644,8579,Loop de reuniones,5,920,384,Transferida
7645,678,Grito eterno,2,773,464,Transferida
7646,5355,Laberinto sin salida,8,382,151,Reincidente
7647,2224,Laberinto sin salida,3,534,93,Desintegrada
7648,2615,Cámara de hielo,10,188,74,Sobrevive
7649,7024,Laberinto sin salida,2,162,430,Sobrevive
7650,6491,Laberinto sin salida,1,878,15,Reincidente
7651,4513,Grito eterno,9,30,295,Transferida
7652,9945,Loop de reuniones,1,767,61,Transferida
7653,6494,Loop de reuniones,1,231,240,Transferida
7654,7593,Laberinto sin salida,1,265,250,Desintegrada
7655,7335,Laberinto sin salida,2,906,8,Sobrevive
7656,5040,Cámara de hielo,8,590,163,Transferida
7657,6173,Cámara de hielo,4,771,322,Sobrevive
7658,8547,Grito eterno,5,932,92,Desintegrada
7659,2306,Grito eterno,10,876,454,Transferida
7660,829,Laberinto sin salida,1,322,68,Reincidente
7661,7489,Loop de reuniones,2,627,249,Sobrevive
7662,1159,Grito eterno,1,297,168,Desintegrada
7663,2870,Cámara de hielo,4,124,470,Sobrevive
7664,2117,Loop de reuniones,6,249,288,Reincidente
7665,9191,Grito eterno,8,36,147,Transferida
7666,7914,Loop de reuniones,2,288,50,Sobrevive
7667,1689,Loop de reuniones,2,529,439,Sobrevive
7668,6147,Baño de lava,9,525,468,Transferida
7669,1120,Baño de lava,9,870,3,Sobrevive
7670,7417,Loop de reuniones,3,821,311,Sobrevive
7671,8904,Grito eterno,8,568,377,Reincidente
7672,8125,Grito eterno,6,303,450,Transferida
7673,5242,Laberinto sin salida,8,889,126,Sobrevive
7674,9299,Grito eterno,5,929,471,Sobrevive
7675,7547,Cámara de hielo,5,479,331,Sobrevive
7676,9247,Loop de reuniones,9,633,394,Desintegrada
7677,2999,Baño de lava,6,13,223,Desintegrada
7678,5753,Baño de lava,5,262,479,Desintegrada
7679,9736,Cámara de hielo,7,563,180,Transferida
7680,6639,Loop de reuniones,2,401,163,Transferida
7681,1273,Loop de reuniones,1,52,24,Transferida
7682,3523,Cámara de hielo,4,398,275,Reincidente
7683,5595,Loop de reuniones,9,634,480,Reincidente
7684,7458,Grito eterno,1,726,322,Reincidente
7685,8571,Laberinto sin salida,4,124,173,Transferida
7686,9075,Laberinto sin salida,6,730,467,Transferida
7687,8396,Loop de reuniones,8,159,212,Sobrevive
7688,5069,Loop de reuniones,4,869,406,Reincidente
7689,3975,Cámara de hielo,5,47,463,En proceso
7690,4903,Loop de reuniones,1,824,181,Transferida
7691,6443,Baño de lava,6,992,372,Desintegrada
7692,72,Baño de lava,6,475,311,Desintegrada
7693,2425,Grito eterno,10,737,115,Reincidente
7694,406,Cámara de hielo,7,974,158,Reincidente
7695,29,Baño de lava,8,871,111,Transferida
7696,6023,Loop de reuniones,5,380,394,Reincidente
7697,2398,Baño de lava,6,305,19,Desintegrada
7698,8546,Baño de lava,9,251,415,Sobrevive
7699,9725,Baño de lava,10,772,330,Sobrevive
7700,2966,Grito eterno,2,913,411,Transferida
7701,2605,Baño de lava,4,720,29,Transferida
7702,2317,Baño de lava,6,907,236,Transferida
7703,4314,Loop de reuniones,9,259,314,Sobrevive
7704,8690,Grito eterno,1,331,137,Reincidente
7705,7724,Baño de lava,9,763,451,Sobrevive
7706,4624,Grito eterno,9,985,318,Sobrevive
7707,3693,Cámara de hielo,7,327,278,Sobrevive
7708,2829,Laberinto sin salida,6,752,351,Sobrevive
7709,7580,Cámara de hielo,1,575,274,Reincidente
7710,7259,Laberinto sin salida,2,779,415,Transferida
7711,1453,Baño de lava,6,228,236,Reincidente
7712,1220,Laberinto sin salida,6,343,264,Reincidente
7713,855,Grito eterno,8,904,43,Desintegrada
7714,4019,Laberinto sin salida,1,718,158,Reincidente
7715,5395,Laberinto sin salida,10,662,218,Sobrevive
7716,9182,Laberinto sin salida,3,814,142,Desintegrada
7717,5498,Grito eterno,1,877,283,Sobrevive
7718,6988,Cámara de hielo,8,907,61,Reincidente
7719,9226,Baño de lava,4,273,250,Reincidente
7720,4213,Cámara de hielo,5,265,337,Sobrevive
7721,4001,Cámara de hielo,5,443,479,Sobrevive
7722,3501,Cámara de hielo,4,655,443,Desintegrada
7723,8776,Laberinto sin salida,1,656,183,Reincidente
7724,867,Baño de lava,8,128,485,Sobrevive
7725,5977,Laberinto sin salida,3,51,3,Desintegrada
7726,5805,Grito eterno,4,748,230,Transferida
7727,367,Laberinto sin salida,1,635,13,Sobrevive
7728,9393,Baño de lava,10,83,31,Transferida
7729,2212,Baño de lava,5,549,218,Transferida
7730,6854,Grito eterno,5,935,130,Desintegrada
7731,2412,Baño de lava,2,231,85,Transferida
7732,7879,Laberinto sin salida,4,416,188,Sobrevive
7733,7148,Cámara de hielo,2,514,329,Sobrevive
7734,1746,Grito eterno,1,598,409,Reincidente
7735,24,Baño de lava,5,655,276,Transferida
7736,6508,Cámara de hielo,4,817,345,Desintegrada
7737,3347,Laberinto sin salida,1,293,113,Desintegrada
7738,3599,Grito eterno,8,571,420,Transferida
7739,679,Grito eterno,5,335,206,Sobrevive
7740,1657,Loop de reuniones,7,549,361,Reincidente
7741,4867,Cámara de hielo,8,346,264,Sobrevive
7742,971,Cámara de hielo,9,99,107,Reincidente
7743,7614,Loop de reuniones,6,435,113,Sobrevive
7744,8878,Laberinto sin salida,9,906,91,Sobrevive
7745,9425,Laberinto sin salida,10,564,464,Sobrevive
7746,1677,Cámara de hielo,1,627,221,Desintegrada
7747,1920,Baño de lava,3,567,242,Sobrevive
7748,5701,Baño de lava,7,147,190,Desintegrada
7749,7529,Baño de lava,6,129,318,Sobrevive
7750,1413,Cámara de hielo,2,244,280,Transferida
7751,4772,Cámara de hielo,5,777,76,Transferida
7752,139,Loop de reuniones,10,649,337,Sobrevive
7753,4583,Grito eterno,7,911,130,Transferida
7754,6664,Loop de reuniones,3,796,384,Reincidente
7755,3588,Baño de lava,5,356,264,Transferida
7756,4391,Cámara de hielo,6,468,299,Sobrevive
7757,3817,Grito eterno,8,49,43,Reincidente
7758,9919,Laberinto sin salida,5,597,159,Sobrevive
7759,5291,Cámara de hielo,7,467,276,Reincidente
7760,6757,Baño de lava,1,838,331,Desintegrada
7761,4497,Cámara de hielo,2,917,50,Transferida
7762,88,Baño de lava,1,822,441,Reincidente
7763,592,Grito eterno,7,610,356,Desintegrada
7764,9423,Laberinto sin salida,2,629,362,Desintegrada
7765,7448,Loop de reuniones,2,172,483,Transferida
7766,4639,Cámara de hielo,7,615,448,Sobrevive
7767,5467,Cámara de hielo,9,139,309,Sobrevive
7768,5214,Loop de reuniones,4,841,230,Sobrevive
7769,5594,Loop de reuniones,2,584,236,Sobrevive
7770,8323,Baño de lava,10,677,29,Sobrevive
7771,5349,Grito eterno,2,878,331,Sobrevive
7772,5548,Loop de reuniones,7,69,224,Transferida
7773,5694,Loop de reuniones,3,946,79,Reincidente
7774,5915,Baño de lava,2,541,277,Desintegrada
7775,8798,Cámara de hielo,3,2,181,Sobrevive
7776,1889,Baño de lava,3,188,453,Desintegrada
7777,7494,Laberinto sin salida,8,210,422,Transferida
7778,820,Cámara de hielo,9,886,111,Desintegrada
7779,387,Loop de reuniones,10,724,414,Transferida
7780,171,Cámara de hielo,7,174,457,Reincidente
7781,100,Baño de lava,5,116,209,Desintegrada
7782,7987,Laberinto sin salida,6,678,347,Sobrevive
7783,9412,Laberinto sin salida,10,710,295,Reincidente
7784,2309,Loop de reuniones,6,768,4,Desintegrada
7785,7756,Loop de reuniones,7,598,394,Reincidente
7786,4467,Grito eterno,7,778,80,Reincidente
7787,5289,Baño de lava,6,560,234,Reincidente
7788,6331,Grito eterno,3,714,79,Sobrevive
7789,7676,Laberinto sin salida,10,127,338,Reincidente
7790,8982,Laberinto sin salida,8,11,4,Sobrevive
7791,8240,Cámara de hielo,10,885,363,Reincidente
7792,1042,Loop de reuniones,10,957,277,Reincidente
7793,8932,Cámara de hielo,10,564,230,Reincidente
7794,2864,Cámara de hielo,4,283,168,Reincidente
7795,5608,Cámara de hielo,1,188,142,Sobrevive
7796,1694,Cámara de hielo,3,288,388,Desintegrada
7797,9648,Cámara de hielo,1,352,114,Transferida
7798,3421,Grito eterno,8,420,361,Desintegrada
7799,6738,Loop de reuniones,3,752,118,Transferida
7800,2077,Laberinto sin salida,7,985,337,Transferida
7801,8480,Laberinto sin salida,9,613,43,Transferida
7802,6309,Baño de lava,7,818,40,Reincidente
7803,5217,Cámara de hielo,7,820,9,Transferida
7804,6063,Laberinto sin salida,8,106,232,Transferida
7805,7856,Cámara de hielo,4,490,79,Transferida
7806,6671,Baño de lava,8,362,131,Transferida
7807,4469,Grito eterno,8,764,323,Sobrevive
7808,4089,Loop de reuniones,7,339,4,Desintegrada
7809,2123,Cámara de hielo,4,341,441,Transferida
7810,9047,Cámara de hielo,10,382,421,Reincidente
7811,7344,Laberinto sin salida,8,323,29,Reincidente
7812,7951,Grito eterno,7,866,3,Desintegrada
7813,8318,Grito eterno,2,311,427,Desintegrada
7814,7290,Cámara de hielo,6,513,295,Desintegrada
7815,3159,Baño de lava,6,243,451,Sobrevive
7816,5617,Baño de lava,9,99,159,Sobrevive
7817,3104,Loop de reuniones,7,610,219,Sobrevive
7818,8602,Loop de reuniones,3,797,361,Transferida
7819,6149,Laberinto sin salida,9,180,112,Transferida
7820,8656,Loop de reuniones,8,148,454,Transferida
7821,1937,Grito eterno,3,912,480,Reincidente
7822,5636,Grito eterno,6,571,107,Reincidente
7823,7110,Laberinto sin salida,10,544,142,Desintegrada
7824,1230,Laberinto sin salida,2,660,264,Reincidente
7826,4598,Laberinto sin salida,1,334,234,Reincidente
7827,6185,Cámara de hielo,5,670,50,Desintegrada
7828,6287,Cámara de hielo,7,954,224,Reincidente
7829,6740,Loop de reuniones,6,515,315,Sobrevive
7830,3007,Loop de reuniones,6,789,318,Reincidente
7831,7489,Baño de lava,8,982,314,Desintegrada
7832,5003,Cámara de hielo,6,692,163,Sobrevive
7833,17,Laberinto sin salida,2,871,287,Transferida
7834,1624,Baño de lava,5,747,315,Transferida
7835,7107,Baño de lava,3,606,363,Transferida
7836,4580,Laberinto sin salida,4,984,227,En proceso
7837,1800,Grito eterno,10,959,117,Sobrevive
7838,7642,Cámara de hielo,3,190,496,Sobrevive
7839,8073,Loop de reuniones,3,639,287,Reincidente
7840,5187,Grito eterno,2,709,495,Reincidente
7841,733,Laberinto sin salida,5,937,99,Desintegrada
7842,4001,Grito eterno,1,335,120,Sobrevive
7843,8644,Baño de lava,5,795,220,Transferida
7844,4190,Cámara de hielo,5,754,420,Transferida
7845,900,Loop de reuniones,5,199,296,Reincidente
7846,9542,Grito eterno,7,581,303,Reincidente
7847,6433,Baño de lava,7,188,357,Sobrevive
7848,8509,Baño de lava,3,983,219,Transferida
7849,3501,Loop de reuniones,10,56,1,Desintegrada
7850,9798,Baño de lava,1,502,147,Desintegrada
7851,5631,Grito eterno,5,203,406,Desintegrada
7852,935,Grito eterno,9,260,68,Reincidente
7853,5421,Loop de reuniones,6,973,115,Transferida
7854,9239,Cámara de hielo,10,510,274,Reincidente
7855,7458,Laberinto sin salida,1,489,410,Transferida
7856,8278,Loop de reuniones,1,921,453,Desintegrada
7857,5511,Baño de lava,4,423,230,Transferida
7858,5123,Baño de lava,7,59,315,Desintegrada
7859,4787,Grito eterno,5,736,198,Reincidente
7860,2761,Cámara de hielo,6,944,372,Desintegrada
7861,7709,Loop de reuniones,6,618,234,Desintegrada
7862,7160,Baño de lava,4,471,42,Desintegrada
7863,1171,Grito eterno,3,839,345,Reincidente
7864,6067,Grito eterno,7,581,337,Sobrevive
7865,9764,Loop de reuniones,6,261,450,Transferida
7866,7686,Grito eterno,4,254,468,Reincidente
7867,6113,Loop de reuniones,1,227,74,Desintegrada
7868,3984,Loop de reuniones,8,839,230,Reincidente
7869,7770,Grito eterno,4,650,187,Reincidente
7870,1988,Loop de reuniones,8,6,15,Reincidente
7872,5899,Loop de reuniones,7,565,271,Sobrevive
7873,7072,Laberinto sin salida,2,257,278,Desintegrada
7874,9608,Grito eterno,6,957,245,Reincidente
7875,2239,Grito eterno,5,758,279,Reincidente
7876,7676,Loop de reuniones,3,495,227,Transferida
7877,3963,Baño de lava,4,614,180,Sobrevive
7878,103,Grito eterno,2,917,432,Desintegrada
7879,6427,Loop de reuniones,6,403,345,Reincidente
7880,10,Cámara de hielo,5,456,211,Reincidente
7881,9381,Loop de reuniones,5,168,356,Desintegrada
7882,6651,Baño de lava,9,769,78,Sobrevive
7883,407,Baño de lava,3,540,388,Desintegrada
7884,366,Cámara de hielo,6,889,224,Transferida
7885,6336,Cámara de hielo,9,298,50,Sobrevive
7886,7536,Loop de reuniones,1,759,270,Sobrevive
7887,6517,Grito eterno,7,786,356,Transferida
7888,7496,Baño de lava,4,691,286,Sobrevive
7889,5124,Cámara de hielo,6,340,189,Reincidente
7890,7295,Baño de lava,7,218,93,Sobrevive
7891,1832,Cámara de hielo,9,338,422,Transferida
7892,7146,Baño de lava,9,874,468,Transferida
7893,2389,Grito eterno,1,31,338,Sobrevive
7894,1203,Cámara de hielo,8,671,445,Reincidente
7895,5265,Cámara de hielo,3,143,286,Desintegrada
7896,1314,Laberinto sin salida,6,253,68,Transferida
7897,6559,Baño de lava,3,436,120,Reincidente
7898,1481,Baño de lava,9,50,229,Sobrevive
7899,7448,Loop de reuniones,5,409,224,Sobrevive
7900,659,Grito eterno,8,841,316,Transferida
7901,5331,Baño de lava,5,791,495,Reincidente
7902,9531,Cámara de hielo,3,965,113,Desintegrada
7903,2161,Laberinto sin salida,8,588,1,Sobrevive
7904,2461,Laberinto sin salida,8,368,121,Desintegrada
7905,9193,Loop de reuniones,8,242,147,Desintegrada
7906,8276,Laberinto sin salida,7,339,159,Reincidente
7907,323,Loop de reuniones,5,853,351,Reincidente
7908,6038,Grito eterno,4,352,423,Sobrevive
7909,774,Baño de lava,8,107,307,Transferida
7910,8020,Grito eterno,3,630,98,Transferida
7911,6171,Baño de lava,7,594,440,Transferida
7912,2994,Laberinto sin salida,6,473,495,Transferida
7913,969,Cámara de hielo,7,595,93,Desintegrada
7914,2696,Baño de lava,1,509,384,Transferida
7915,8698,Laberinto sin salida,5,944,406,Desintegrada
7916,6372,Loop de reuniones,1,58,206,Transferida
7917,4871,Loop de reuniones,3,647,114,Reincidente
7918,3990,Baño de lava,4,971,496,Sobrevive
7919,5332,Baño de lava,3,653,231,Transferida
7920,8844,Grito eterno,8,815,309,Transferida
7921,1491,Cámara de hielo,3,876,91,Transferida
7922,5219,Cámara de hielo,10,804,317,Transferida
7923,4547,Baño de lava,4,97,284,Transferida
7924,3346,Baño de lava,10,915,386,Transferida
7925,4955,Laberinto sin salida,7,913,4,Reincidente
7926,8558,Loop de reuniones,1,232,113,Desintegrada
7927,6345,Cámara de hielo,8,880,220,Desintegrada
7928,2372,Grito eterno,8,137,288,Sobrevive
7929,2251,Laberinto sin salida,10,661,474,Reincidente
7930,6238,Loop de reuniones,2,495,93,Desintegrada
7931,2346,Cámara de hielo,6,339,495,Transferida
7932,9730,Laberinto sin salida,6,935,439,Transferida
7933,9437,Cámara de hielo,6,116,281,Transferida
7934,8037,Cámara de hielo,5,935,430,Desintegrada
7935,9435,Baño de lava,4,837,224,Reincidente
7936,7648,Grito eterno,8,669,280,Reincidente
7937,7697,Loop de reuniones,7,382,223,Sobrevive
7938,9029,Baño de lava,8,22,386,Reincidente
7939,5459,Cámara de hielo,5,955,93,Reincidente
7940,9770,Loop de reuniones,7,563,382,Reincidente
7941,6593,Baño de lava,5,734,157,Transferida
7942,9156,Loop de reuniones,5,645,241,Desintegrada
7943,36,Loop de reuniones,4,394,142,Desintegrada
7944,9396,Laberinto sin salida,9,746,299,Desintegrada
7945,2200,Grito eterno,3,678,209,Sobrevive
7946,3742,Cámara de hielo,10,618,275,Desintegrada
7947,1737,Grito eterno,8,836,130,Reincidente
7948,1640,Loop de reuniones,7,990,181,Transferida
7949,3315,Cámara de hielo,5,584,409,Sobrevive
7950,3274,Baño de lava,5,600,188,Desintegrada
7951,5973,Cámara de hielo,7,753,283,Sobrevive
7952,8462,Grito eterno,9,347,129,Transferida
7953,730,Baño de lava,9,262,120,Sobrevive
7954,2789,Grito eterno,6,504,491,Desintegrada
7955,5111,Laberinto sin salida,4,711,480,Reincidente
7956,6340,Baño de lava,2,641,118,Desintegrada
7957,1105,Baño de lava,9,930,276,Reincidente
7958,4402,Baño de lava,9,627,242,Transferida
7959,1112,Cámara de hielo,2,788,463,Sobrevive
7960,6973,Laberinto sin salida,6,38,102,Desintegrada
7961,3389,Baño de lava,6,616,3,Desintegrada
7962,4680,Grito eterno,1,123,13,Reincidente
7963,6724,Baño de lava,9,653,410,Transferida
7964,2724,Loop de reuniones,6,647,347,Transferida
7965,6224,Grito eterno,2,685,454,Desintegrada
7966,7065,Loop de reuniones,9,29,315,Transferida
7967,9616,Loop de reuniones,4,87,217,Reincidente
7968,7790,Grito eterno,2,171,251,Reincidente
7969,1531,Laberinto sin salida,10,9,224,Sobrevive
7970,7283,Loop de reuniones,4,655,321,Reincidente
7971,6060,Grito eterno,10,107,475,Desintegrada
7972,998,Grito eterno,2,989,187,En proceso
7973,9445,Baño de lava,2,336,231,Transferida
7975,4371,Cámara de hielo,5,913,468,Sobrevive
7976,6353,Baño de lava,5,862,230,Desintegrada
7977,956,Laberinto sin salida,8,363,41,Transferida
7978,4014,Cámara de hielo,7,760,386,Desintegrada
7979,9031,Grito eterno,7,483,231,Sobrevive
7980,3878,Loop de reuniones,8,628,160,Desintegrada
7981,5473,Loop de reuniones,2,879,432,Reincidente
7982,2978,Baño de lava,6,906,485,Desintegrada
7983,2308,Laberinto sin salida,2,719,496,Transferida
7984,529,Baño de lava,9,889,479,Sobrevive
7985,8034,Grito eterno,10,419,495,Reincidente
7986,8171,Laberinto sin salida,3,787,198,Desintegrada
7987,7270,Cámara de hielo,9,87,327,Desintegrada
7988,815,Grito eterno,4,850,217,Desintegrada
7989,2046,Cámara de hielo,7,831,105,Sobrevive
7990,7387,Loop de reuniones,1,384,15,Sobrevive
7991,2159,Grito eterno,5,899,80,Sobrevive
7992,5827,Loop de reuniones,4,444,219,Reincidente
7993,548,Laberinto sin salida,5,392,105,Sobrevive
7994,4786,Cámara de hielo,1,210,190,Transferida
7995,3321,Baño de lava,6,644,481,Reincidente
7996,1673,Grito eterno,4,721,287,Transferida
7997,1768,Loop de reuniones,4,454,58,En proceso
7998,2258,Grito eterno,2,428,343,Sobrevive
7999,1417,Grito eterno,5,903,316,Transferida
8000,5615,Baño de lava,4,355,24,Sobrevive
8001,1243,Grito eterno,5,940,102,Sobrevive
8002,2555,Cámara de hielo,4,795,332,Sobrevive
8003,9286,Loop de reuniones,7,728,136,Reincidente
8004,753,Cámara de hielo,9,354,175,Sobrevive
8005,4465,Loop de reuniones,8,317,76,Sobrevive
8006,6042,Baño de lava,10,201,129,Sobrevive
8007,8794,Laberinto sin salida,8,416,457,Sobrevive
8008,7258,Cámara de hielo,3,646,4,Transferida
8009,1640,Laberinto sin salida,10,368,453,Desintegrada
8010,1509,Cámara de hielo,6,112,92,Sobrevive
8011,964,Cámara de hielo,9,733,115,En proceso
8012,1830,Grito eterno,5,327,309,Reincidente
8013,8179,Cámara de hielo,10,402,479,Transferida
8014,4016,Cámara de hielo,7,448,129,Sobrevive
8015,9037,Baño de lava,9,918,232,Transferida
8016,5946,Baño de lava,6,37,186,Transferida
8017,9459,Cámara de hielo,8,150,136,Reincidente
8018,182,Baño de lava,2,269,72,Reincidente
8019,3538,Loop de reuniones,10,468,250,Desintegrada
8020,1594,Cámara de hielo,7,104,121,Sobrevive
8021,9809,Laberinto sin salida,3,200,323,Sobrevive
8022,6627,Grito eterno,7,897,421,Transferida
8023,6273,Grito eterno,1,241,183,Desintegrada
8024,176,Laberinto sin salida,6,462,99,Sobrevive
8025,7384,Laberinto sin salida,10,394,483,Sobrevive
8026,3199,Baño de lava,4,22,311,Desintegrada
8027,5024,Cámara de hielo,9,479,271,Desintegrada
8028,5756,Baño de lava,6,866,338,Transferida
8029,3280,Laberinto sin salida,4,711,295,Sobrevive
8030,3038,Cámara de hielo,3,375,137,Reincidente
8031,5760,Loop de reuniones,2,236,451,Desintegrada
8032,4038,Baño de lava,3,860,481,Transferida
8033,6544,Laberinto sin salida,10,742,242,Desintegrada
8034,3181,Grito eterno,2,194,372,Transferida
8035,6479,Cámara de hielo,3,580,5,Transferida
8036,9287,Cámara de hielo,8,419,198,Reincidente
8037,4981,Loop de reuniones,8,894,130,Reincidente
8038,8429,Baño de lava,10,83,411,Transferida
8039,6388,Baño de lava,4,107,181,Desintegrada
8040,9979,Laberinto sin salida,2,346,362,Transferida
8041,8667,Cámara de hielo,1,693,4,Transferida
8042,2590,Grito eterno,5,936,245,Sobrevive
8043,1975,Grito eterno,5,140,86,Desintegrada
8044,7735,Grito eterno,10,750,136,Transferida
8045,2396,Baño de lava,8,507,454,Transferida
8046,8492,Baño de lava,10,616,124,Reincidente
8047,8780,Loop de reuniones,5,275,81,Sobrevive
8048,3043,Baño de lava,8,743,209,Transferida
8049,1363,Loop de reuniones,7,968,470,Sobrevive
8050,1027,Loop de reuniones,1,922,296,Reincidente
8051,6272,Cámara de hielo,4,957,478,Desintegrada
8052,7976,Loop de reuniones,3,765,45,Sobrevive
8053,8189,Grito eterno,3,637,440,Desintegrada
8054,9328,Loop de reuniones,7,312,263,Sobrevive
8055,4636,Cámara de hielo,8,334,321,Desintegrada
8056,9534,Loop de reuniones,1,935,313,Sobrevive
8057,3134,Cámara de hielo,3,790,72,Desintegrada
8058,2350,Laberinto sin salida,3,6,251,Reincidente
8059,1794,Laberinto sin salida,4,153,311,Reincidente
8060,878,Grito eterno,2,613,413,Reincidente
8061,2587,Grito eterno,5,365,50,Reincidente
8062,8047,Cámara de hielo,10,455,5,Transferida
8063,7649,Loop de reuniones,2,473,114,Transferida
8064,667,Laberinto sin salida,10,609,198,Sobrevive
8065,1119,Grito eterno,2,204,230,Sobrevive
8066,2411,Baño de lava,5,614,189,Transferida
8067,7892,Baño de lava,8,9,74,Sobrevive
8068,7878,Grito eterno,10,618,130,Desintegrada
8069,5255,Grito eterno,10,787,85,Sobrevive
8070,8224,Grito eterno,4,255,231,Sobrevive
8071,3987,Loop de reuniones,3,905,494,Reincidente
8072,9584,Laberinto sin salida,9,441,479,Desintegrada
8073,2177,Cámara de hielo,10,546,354,Reincidente
8074,3371,Loop de reuniones,3,848,488,Desintegrada
8075,6267,Laberinto sin salida,10,170,147,Transferida
8076,4883,Grito eterno,5,720,483,Sobrevive
8077,2809,Laberinto sin salida,9,208,79,Sobrevive
8078,1684,Laberinto sin salida,2,863,439,Desintegrada
8079,4185,Grito eterno,3,786,422,Sobrevive
8080,3394,Laberinto sin salida,9,97,54,Transferida
8081,3267,Grito eterno,3,476,338,Reincidente
8082,7770,Laberinto sin salida,9,331,117,En proceso
8083,2176,Laberinto sin salida,10,793,430,Desintegrada
8084,654,Laberinto sin salida,1,735,218,Desintegrada
8085,2101,Loop de reuniones,5,543,363,Transferida
8086,5109,Baño de lava,5,525,114,Transferida
8087,2367,Grito eterno,2,629,71,Reincidente
8088,2235,Laberinto sin salida,8,412,184,Desintegrada
8089,7775,Baño de lava,5,549,166,Sobrevive
8090,128,Grito eterno,3,971,5,Transferida
8091,5279,Cámara de hielo,8,799,303,Reincidente
8092,3205,Cámara de hielo,8,22,430,En proceso
8093,707,Laberinto sin salida,3,273,313,Transferida
8094,7474,Baño de lava,4,698,78,Sobrevive
8095,4512,Grito eterno,5,129,422,En proceso
8096,3819,Laberinto sin salida,1,978,189,Desintegrada
8097,6692,Baño de lava,4,203,475,Sobrevive
8098,2237,Cámara de hielo,10,698,186,Sobrevive
8099,5736,Baño de lava,5,441,240,Reincidente
8100,8197,Cámara de hielo,4,631,42,Transferida
8101,2940,Baño de lava,1,647,363,Reincidente
8102,7864,Grito eterno,1,263,422,Transferida
8103,3575,Loop de reuniones,4,934,314,Transferida
8104,9822,Grito eterno,9,786,303,Desintegrada
8105,1490,Loop de reuniones,4,157,218,Reincidente
8106,8460,Loop de reuniones,10,177,214,Transferida
8107,9608,Laberinto sin salida,8,997,147,Reincidente
8108,7873,Cámara de hielo,10,271,71,Transferida
8109,4202,Cámara de hielo,2,272,151,Sobrevive
8110,4230,Loop de reuniones,2,877,192,Desintegrada
8111,2449,Baño de lava,6,20,314,Sobrevive
8112,8264,Grito eterno,2,812,454,Sobrevive
8113,6715,Laberinto sin salida,7,916,386,Reincidente
8114,1776,Cámara de hielo,7,12,173,Sobrevive
8115,6832,Cámara de hielo,3,732,440,Transferida
8116,7379,Cámara de hielo,6,868,271,Desintegrada
8117,4395,Loop de reuniones,5,995,321,Reincidente
8118,2771,Loop de reuniones,1,195,356,Desintegrada
8119,9716,Laberinto sin salida,4,573,24,Transferida
8120,8160,Baño de lava,10,16,275,Sobrevive
8121,7676,Baño de lava,4,166,80,Reincidente
8122,943,Laberinto sin salida,5,734,5,Reincidente
8123,7241,Grito eterno,5,566,189,Desintegrada
8124,6052,Baño de lava,7,417,281,Transferida
8125,1272,Laberinto sin salida,8,480,102,Transferida
8126,2822,Baño de lava,7,680,356,Transferida
8127,9424,Loop de reuniones,6,503,440,Transferida
8128,2707,Grito eterno,4,519,368,Reincidente
8129,7097,Laberinto sin salida,1,797,29,Desintegrada
8130,9260,Grito eterno,5,718,234,Desintegrada
8131,2406,Grito eterno,6,480,276,Reincidente
8132,4086,Laberinto sin salida,8,446,234,Sobrevive
8133,7756,Baño de lava,4,721,89,En proceso
8134,8615,Baño de lava,4,721,163,Reincidente
8135,5829,Cámara de hielo,4,280,159,Reincidente
8136,8767,Loop de reuniones,2,812,283,Sobrevive
8137,2732,Baño de lava,6,597,478,Sobrevive
8138,1744,Baño de lava,10,962,81,Transferida
8139,1785,Cámara de hielo,10,540,354,Reincidente
8140,1418,Baño de lava,3,725,443,Desintegrada
8141,1878,Loop de reuniones,2,378,288,Desintegrada
8142,5774,Baño de lava,3,14,214,Transferida
8143,118,Cámara de hielo,2,340,121,Reincidente
8144,3485,Laberinto sin salida,8,134,338,Sobrevive
8145,7151,Baño de lava,1,526,430,Desintegrada
8146,7659,Cámara de hielo,5,700,44,Desintegrada
8147,4278,Cámara de hielo,4,212,470,Desintegrada
8148,8435,Laberinto sin salida,3,575,410,Reincidente
8149,2367,Loop de reuniones,10,817,130,Transferida
8150,3021,Grito eterno,6,46,31,Desintegrada
8151,9874,Grito eterno,10,871,89,Desintegrada
8152,647,Laberinto sin salida,1,552,111,Reincidente
8154,4352,Laberinto sin salida,2,478,136,Desintegrada
8155,1518,Grito eterno,3,54,288,Sobrevive
8156,7019,Baño de lava,5,513,91,Reincidente
8157,1993,Baño de lava,5,684,415,Transferida
8158,3256,Laberinto sin salida,5,417,450,Transferida
8159,4185,Laberinto sin salida,8,700,335,Desintegrada
8160,8958,Laberinto sin salida,5,913,357,Transferida
8161,7445,Loop de reuniones,4,886,217,Desintegrada
8162,8633,Cámara de hielo,6,309,166,Reincidente
8163,1462,Loop de reuniones,3,226,338,Desintegrada
8164,827,Loop de reuniones,3,701,460,Desintegrada
8165,6456,Baño de lava,2,556,163,Sobrevive
8166,2376,Loop de reuniones,4,732,494,Transferida
8167,6578,Baño de lava,9,445,115,Transferida
8168,9640,Laberinto sin salida,1,389,227,Sobrevive
8169,8445,Baño de lava,7,654,427,Transferida
8170,1941,Grito eterno,5,269,440,Transferida
8171,9513,Loop de reuniones,3,807,309,Transferida
8172,5081,Laberinto sin salida,8,147,354,Transferida
8173,7905,Baño de lava,5,562,217,Transferida
8174,6770,Laberinto sin salida,8,814,360,Sobrevive
8175,3402,Laberinto sin salida,1,888,44,Sobrevive
8176,1883,Loop de reuniones,7,422,463,Sobrevive
8177,6590,Grito eterno,10,218,331,Reincidente
8178,3505,Laberinto sin salida,10,131,414,Sobrevive
8179,3135,Loop de reuniones,1,859,384,Transferida
8180,5020,Cámara de hielo,7,776,444,Transferida
8181,7788,Cámara de hielo,2,363,208,Desintegrada
8182,3401,Baño de lava,5,764,348,Sobrevive
8183,8238,Loop de reuniones,8,736,317,Reincidente
8184,2911,Laberinto sin salida,1,637,366,Desintegrada
8185,4491,Loop de reuniones,6,118,66,Desintegrada
8186,7557,Loop de reuniones,3,292,317,Reincidente
8187,4985,Cámara de hielo,7,235,439,Transferida
8188,4055,Laberinto sin salida,10,927,9,Transferida
8189,4473,Loop de reuniones,6,100,443,Reincidente
8190,6329,Loop de reuniones,10,938,130,Reincidente
8191,6225,Laberinto sin salida,8,657,249,Transferida
8192,5620,Laberinto sin salida,9,570,281,Transferida
8193,3032,Baño de lava,8,563,418,Reincidente
8194,8431,Baño de lava,2,799,211,Reincidente
8195,1554,Loop de reuniones,2,964,316,Reincidente
8196,5997,Grito eterno,1,808,99,En proceso
8197,2986,Laberinto sin salida,3,418,312,Transferida
8198,2734,Grito eterno,10,537,347,Sobrevive
8199,9789,Baño de lava,2,930,117,Sobrevive
8200,4103,Grito eterno,9,758,86,Reincidente
8201,2559,Baño de lava,6,589,211,Sobrevive
8202,1803,Loop de reuniones,9,640,186,Sobrevive
8203,2651,Grito eterno,10,322,488,Desintegrada
8204,831,Loop de reuniones,7,706,406,Desintegrada
8205,8596,Laberinto sin salida,5,616,288,Desintegrada
8206,7734,Loop de reuniones,8,805,343,Desintegrada
8207,2049,Loop de reuniones,1,648,331,Transferida
8208,1443,Laberinto sin salida,10,647,454,Reincidente
8209,1147,Laberinto sin salida,3,987,211,Reincidente
8210,7074,Loop de reuniones,2,64,317,Reincidente
8211,716,Baño de lava,9,562,360,Transferida
8212,1306,Loop de reuniones,3,472,118,Reincidente
8213,8180,Cámara de hielo,2,897,427,Reincidente
8214,8336,Baño de lava,2,482,219,Reincidente
8215,7339,Cámara de hielo,4,845,281,Desintegrada
8216,7459,Laberinto sin salida,4,109,360,Transferida
8217,3899,Baño de lava,9,279,345,Reincidente
8218,3820,Grito eterno,6,240,387,Sobrevive
8219,9085,Grito eterno,2,30,124,Sobrevive
8220,8971,Cámara de hielo,9,752,8,Sobrevive
8221,1938,Cámara de hielo,10,347,295,Reincidente
8223,9096,Grito eterno,3,166,168,Transferida
8224,4369,Cámara de hielo,6,559,332,Sobrevive
8225,6247,Loop de reuniones,8,895,177,Sobrevive
8226,3056,Grito eterno,2,270,309,Desintegrada
8227,2349,Grito eterno,9,566,278,Desintegrada
8228,5918,Cámara de hielo,9,881,467,Sobrevive
8229,4864,Loop de reuniones,3,224,234,Transferida
8230,1692,Baño de lava,7,124,250,Sobrevive
8231,4855,Baño de lava,9,58,280,Desintegrada
8232,5454,Baño de lava,5,682,286,Sobrevive
8233,3982,Baño de lava,9,496,271,Transferida
8234,3862,Laberinto sin salida,5,26,451,Desintegrada
8235,1339,Baño de lava,10,236,357,Sobrevive
8236,7875,Baño de lava,4,846,372,Transferida
8237,1221,Loop de reuniones,8,903,240,Sobrevive
8238,7563,Cámara de hielo,3,787,345,Sobrevive
8239,2951,Grito eterno,2,648,114,Desintegrada
8240,7811,Loop de reuniones,2,937,423,Desintegrada
8241,1301,Loop de reuniones,7,217,323,Sobrevive
8242,5524,Laberinto sin salida,10,31,115,Transferida
8243,1099,Grito eterno,10,824,327,Transferida
8244,528,Grito eterno,5,304,44,Reincidente
8245,3064,Grito eterno,7,240,163,Reincidente
8246,332,Loop de reuniones,9,858,309,Transferida
8247,5850,Baño de lava,1,377,481,Reincidente
8248,7543,Laberinto sin salida,8,277,441,Transferida
8249,6072,Loop de reuniones,8,485,316,Sobrevive
8250,7715,Laberinto sin salida,5,321,491,Reincidente
8251,9693,Grito eterno,9,820,219,Reincidente
8252,651,Loop de reuniones,10,787,129,Sobrevive
8253,436,Laberinto sin salida,9,745,413,Transferida
8254,3261,Loop de reuniones,6,750,263,Sobrevive
8255,6271,Cámara de hielo,1,695,175,Reincidente
8256,6795,Loop de reuniones,3,73,415,Reincidente
8257,2472,Cámara de hielo,5,824,432,Reincidente
8258,5441,Grito eterno,6,656,323,Reincidente
8259,3053,Baño de lava,8,700,191,Transferida
8260,5643,Laberinto sin salida,6,499,72,Transferida
8261,8817,Baño de lava,5,909,427,Transferida
8262,5878,Laberinto sin salida,5,23,99,Desintegrada
8263,5160,Laberinto sin salida,9,218,495,Sobrevive
8264,3377,Loop de reuniones,2,513,287,Transferida
8265,2007,Laberinto sin salida,8,695,227,Reincidente
8266,7626,Grito eterno,10,964,180,Desintegrada
8267,4238,Grito eterno,7,614,229,Sobrevive
8268,3274,Loop de reuniones,10,450,45,Transferida
8269,4323,Cámara de hielo,4,639,422,Transferida
8270,5571,Loop de reuniones,3,121,168,Reincidente
8271,6488,Grito eterno,4,742,279,Desintegrada
8272,4451,Laberinto sin salida,4,7,378,Desintegrada
8273,1739,Cámara de hielo,10,169,250,Desintegrada
8274,3964,Baño de lava,4,710,327,Desintegrada
8275,9059,Loop de reuniones,7,819,278,Reincidente
8276,1768,Laberinto sin salida,4,631,491,Desintegrada
8277,578,Cámara de hielo,8,890,364,Desintegrada
8278,7220,Baño de lava,4,244,93,Transferida
8279,5254,Baño de lava,6,894,223,Reincidente
8280,5204,Grito eterno,5,667,241,Sobrevive
8281,7928,Cámara de hielo,2,79,242,Transferida
8282,4902,Cámara de hielo,5,881,331,Desintegrada
8283,8100,Grito eterno,6,680,317,Desintegrada
8284,3008,Baño de lava,5,777,137,Sobrevive
8285,3604,Cámara de hielo,5,910,348,Transferida
8286,4385,Loop de reuniones,7,160,230,Sobrevive
8287,4329,Grito eterno,9,981,384,Transferida
8288,5152,Grito eterno,2,386,249,Sobrevive
8289,8763,Loop de reuniones,3,190,463,Desintegrada
8290,8645,Grito eterno,1,519,105,Transferida
8291,9450,Baño de lava,6,411,198,Transferida
8292,7515,Cámara de hielo,10,245,491,Transferida
8293,4509,Cámara de hielo,2,203,131,Sobrevive
8294,129,Grito eterno,4,746,173,Reincidente
8295,8208,Loop de reuniones,2,454,13,Sobrevive
8296,7875,Loop de reuniones,2,426,485,Transferida
8297,3586,Cámara de hielo,5,859,317,Sobrevive
8298,2017,Baño de lava,6,410,191,Reincidente
8299,7968,Cámara de hielo,7,115,73,Sobrevive
8300,9783,Cámara de hielo,9,761,160,Reincidente
8301,585,Laberinto sin salida,1,798,303,Desintegrada
8302,4473,Baño de lava,4,481,322,Sobrevive
8303,6870,Cámara de hielo,3,897,118,Transferida
8304,449,Baño de lava,2,519,313,Reincidente
8305,8874,Loop de reuniones,5,254,118,Desintegrada
8306,9325,Cámara de hielo,10,390,93,Reincidente
8307,3463,Grito eterno,1,90,191,Sobrevive
8308,4260,Laberinto sin salida,3,915,61,Desintegrada
8309,1096,Baño de lava,4,417,361,Transferida
8310,9498,Loop de reuniones,5,944,237,Transferida
8311,1322,Laberinto sin salida,7,527,88,Desintegrada
8312,6929,Baño de lava,7,91,331,Transferida
8313,6558,Grito eterno,4,658,329,Reincidente
8314,4045,Laberinto sin salida,2,380,173,Reincidente
8315,3319,Baño de lava,10,355,347,Sobrevive
8316,173,Grito eterno,2,608,177,Transferida
8317,6036,Cámara de hielo,7,395,474,En proceso
8318,701,Laberinto sin salida,2,598,40,Reincidente
8319,8140,Grito eterno,7,680,191,Sobrevive
8320,2648,Laberinto sin salida,6,141,453,Sobrevive
8321,987,Baño de lava,3,814,386,Desintegrada
8322,139,Grito eterno,9,318,410,Desintegrada
8323,3581,Grito eterno,7,303,470,Desintegrada
8324,8784,Baño de lava,9,776,386,Transferida
8325,2645,Laberinto sin salida,3,704,191,Desintegrada
8326,3178,Loop de reuniones,3,844,354,Reincidente
8327,2235,Laberinto sin salida,6,857,124,Sobrevive
8328,6604,Grito eterno,6,331,181,Reincidente
8329,2515,Loop de reuniones,9,369,41,Reincidente
8330,2145,Loop de reuniones,4,571,311,Sobrevive
8331,7426,Loop de reuniones,2,254,137,Sobrevive
8332,4960,Baño de lava,4,694,168,Sobrevive
8333,6090,Loop de reuniones,9,787,240,Transferida
8334,7678,Laberinto sin salida,10,581,54,Transferida
8335,3311,Loop de reuniones,8,885,5,Transferida
8336,186,Cámara de hielo,4,771,485,Reincidente
8337,4033,Cámara de hielo,4,130,426,Sobrevive
8338,3276,Grito eterno,3,380,2,Sobrevive
8339,9816,Loop de reuniones,10,101,45,Desintegrada
8340,6216,Laberinto sin salida,8,483,81,Transferida
8341,1021,Laberinto sin salida,2,705,223,Sobrevive
8342,5528,Cámara de hielo,7,500,42,Reincidente
8343,1992,Laberinto sin salida,6,120,114,En proceso
8344,9777,Loop de reuniones,9,551,73,Desintegrada
8345,3345,Cámara de hielo,1,999,479,Reincidente
8346,6499,Cámara de hielo,10,861,126,Reincidente
8347,1516,Cámara de hielo,2,155,137,Desintegrada
8348,7449,Laberinto sin salida,3,116,237,En proceso
8349,9443,Grito eterno,6,761,50,Desintegrada
8350,8682,Baño de lava,4,666,191,Transferida
8351,2340,Grito eterno,1,982,283,Reincidente
8352,9245,Grito eterno,10,913,223,Reincidente
8353,7991,Laberinto sin salida,6,800,348,Desintegrada
8354,7214,Grito eterno,1,611,349,Reincidente
8355,7601,Laberinto sin salida,10,551,242,Sobrevive
8356,745,Loop de reuniones,3,673,329,Transferida
8357,637,Loop de reuniones,4,680,240,Sobrevive
8358,4727,Loop de reuniones,7,222,286,Sobrevive
8359,5530,Loop de reuniones,7,575,173,Sobrevive
8360,3711,Grito eterno,9,407,157,Sobrevive
8361,8649,Laberinto sin salida,7,831,147,Transferida
8362,1384,Cámara de hielo,8,25,177,Reincidente
8363,5616,Laberinto sin salida,8,349,471,Desintegrada
8364,9045,Cámara de hielo,7,943,157,Sobrevive
8365,2253,Grito eterno,3,800,318,Reincidente
8366,900,Loop de reuniones,10,470,330,Reincidente
8367,1975,Laberinto sin salida,7,933,80,Transferida
8368,2277,Laberinto sin salida,5,915,363,Sobrevive
8369,5006,Grito eterno,6,602,102,Desintegrada
8370,6894,Grito eterno,2,634,116,Desintegrada
8371,7875,Baño de lava,5,415,485,Desintegrada
8372,2321,Loop de reuniones,10,336,276,Transferida
8373,1862,Baño de lava,5,973,45,Transferida
8374,342,Laberinto sin salida,7,344,192,Reincidente
8375,5733,Cámara de hielo,9,392,209,Transferida
8376,6863,Cámara de hielo,4,435,88,Transferida
8377,8710,Cámara de hielo,3,799,34,Sobrevive
8378,9571,Baño de lava,8,588,88,Reincidente
8379,3991,Baño de lava,4,132,114,Reincidente
8380,426,Loop de reuniones,10,169,372,Transferida
8381,9726,Baño de lava,1,780,366,Sobrevive
8382,1668,Grito eterno,6,164,479,Desintegrada
8383,4976,Cámara de hielo,9,890,120,Desintegrada
8384,879,Loop de reuniones,8,242,309,Reincidente
8385,9365,Baño de lava,10,958,71,Sobrevive
8386,8846,Laberinto sin salida,1,879,99,Transferida
8387,6760,Grito eterno,3,617,478,Desintegrada
8388,2979,Cámara de hielo,6,750,372,Reincidente
8389,567,Grito eterno,8,205,72,Desintegrada
8390,1764,Baño de lava,10,83,271,Desintegrada
8391,3738,Laberinto sin salida,6,233,226,Desintegrada
8392,1541,Loop de reuniones,6,545,44,Desintegrada
8393,800,Baño de lava,2,123,229,Transferida
8394,9582,Grito eterno,10,329,43,Sobrevive
8395,2215,Grito eterno,6,271,413,Transferida
8396,7092,Cámara de hielo,1,650,8,Transferida
8397,234,Baño de lava,3,835,316,Reincidente
8398,9251,Cámara de hielo,3,848,446,Transferida
8399,1595,Baño de lava,5,199,309,Sobrevive
8400,1298,Grito eterno,8,830,76,Transferida
8401,1962,Baño de lava,9,756,227,Desintegrada
8402,3695,Loop de reuniones,10,295,249,Reincidente
8403,7619,Grito eterno,10,520,128,Desintegrada
8404,4501,Grito eterno,7,113,314,Transferida
8405,438,Cámara de hielo,5,752,220,Desintegrada
8406,8575,Grito eterno,3,32,229,Sobrevive
8407,9039,Grito eterno,1,292,98,Reincidente
8408,6418,Laberinto sin salida,5,214,378,Sobrevive
8409,231,Loop de reuniones,4,92,423,Reincidente
8410,9701,Loop de reuniones,4,629,281,Reincidente
8412,6062,Cámara de hielo,8,293,415,Reincidente
8413,1206,Grito eterno,5,988,10,Transferida
8414,8079,Cámara de hielo,10,908,234,Reincidente
8415,1065,Grito eterno,9,760,457,Desintegrada
8416,878,Loop de reuniones,6,676,414,Reincidente
8417,1843,Baño de lava,5,91,165,Sobrevive
8418,2647,Loop de reuniones,4,832,422,Sobrevive
8419,4704,Loop de reuniones,3,758,158,Reincidente
8420,2907,Laberinto sin salida,10,96,457,Reincidente
8421,387,Loop de reuniones,1,862,423,Transferida
8422,1856,Baño de lava,9,374,241,Reincidente
8423,6632,Loop de reuniones,2,106,229,Transferida
8424,9451,Grito eterno,10,394,394,Sobrevive
8425,7196,Grito eterno,8,88,464,Transferida
8426,6788,Loop de reuniones,9,680,109,Sobrevive
8427,4736,Baño de lava,1,555,127,Reincidente
8428,1469,Laberinto sin salida,8,426,184,Sobrevive
8429,4838,Cámara de hielo,9,756,50,Sobrevive
8430,9325,Cámara de hielo,3,652,330,Sobrevive
8431,1051,Grito eterno,6,434,29,Sobrevive
8432,9989,Laberinto sin salida,8,284,377,Reincidente
8433,3547,Loop de reuniones,6,746,42,Desintegrada
8434,32,Laberinto sin salida,10,425,488,Desintegrada
8435,5306,Grito eterno,1,158,446,Desintegrada
8436,3144,Cámara de hielo,4,359,245,Desintegrada
8437,7318,Loop de reuniones,7,55,311,Transferida
8438,9946,Laberinto sin salida,9,180,189,Transferida
8439,2218,Loop de reuniones,1,177,242,Desintegrada
8440,5641,Laberinto sin salida,6,887,226,Reincidente
8441,3509,Grito eterno,3,729,136,Reincidente
8442,9023,Laberinto sin salida,2,989,303,Sobrevive
8443,5393,Cámara de hielo,5,64,271,Sobrevive
8444,4156,Grito eterno,6,882,311,Desintegrada
8445,5544,Grito eterno,9,207,348,Transferida
8446,1655,Cámara de hielo,10,697,460,Desintegrada
8447,5275,Cámara de hielo,1,466,330,Sobrevive
8448,3487,Baño de lava,1,913,446,Transferida
8449,8817,Grito eterno,5,58,307,En proceso
8450,8094,Laberinto sin salida,4,811,485,Sobrevive
8451,4394,Cámara de hielo,4,577,226,Transferida
8452,8171,Loop de reuniones,3,159,115,Reincidente
8454,389,Grito eterno,1,87,61,En proceso
8455,6155,Laberinto sin salida,5,441,55,Desintegrada
8456,1431,Baño de lava,9,689,224,Transferida
8457,4732,Cámara de hielo,5,747,8,Sobrevive
8458,2559,Grito eterno,2,34,4,Desintegrada
8459,638,Cámara de hielo,10,595,283,Desintegrada
8460,8108,Loop de reuniones,9,512,317,Transferida
8461,2479,Grito eterno,3,63,368,Reincidente
8462,4515,Cámara de hielo,5,985,223,Transferida
8463,9196,Cámara de hielo,2,255,126,Sobrevive
8464,4083,Laberinto sin salida,6,612,180,Desintegrada
8465,3376,Cámara de hielo,6,177,180,Desintegrada
8466,5515,Laberinto sin salida,2,54,231,Desintegrada
8467,6908,Cámara de hielo,3,35,107,Sobrevive
8468,2678,Cámara de hielo,6,882,307,Reincidente
8469,6531,Loop de reuniones,5,882,224,Sobrevive
8470,699,Grito eterno,2,156,186,Sobrevive
8471,8035,Baño de lava,5,526,372,Sobrevive
8472,7250,Grito eterno,1,219,351,Reincidente
8473,4338,Baño de lava,8,210,198,Desintegrada
8474,6885,Laberinto sin salida,5,751,488,Sobrevive
8475,7507,Grito eterno,7,484,263,Desintegrada
8476,9172,Grito eterno,9,152,10,Desintegrada
8477,6434,Laberinto sin salida,9,456,448,Sobrevive
8478,6181,Grito eterno,8,815,388,Reincidente
8479,7657,Cámara de hielo,4,393,89,Transferida
8480,1397,Laberinto sin salida,8,877,263,Desintegrada
8481,4309,Laberinto sin salida,5,543,190,Reincidente
8482,9326,Cámara de hielo,3,611,86,Desintegrada
8483,7439,Grito eterno,4,120,188,Sobrevive
8484,2658,Grito eterno,6,663,495,Reincidente
8485,1281,Laberinto sin salida,10,613,271,Transferida
8486,1188,Laberinto sin salida,1,912,480,Desintegrada
8487,4236,Laberinto sin salida,7,587,448,Reincidente
8488,6480,Grito eterno,6,33,8,Reincidente
8489,7060,Cámara de hielo,8,972,236,Desintegrada
8490,9031,Baño de lava,10,924,31,Reincidente
8491,3010,Loop de reuniones,2,6,329,Desintegrada
8492,7269,Grito eterno,2,648,350,Transferida
8493,6583,Loop de reuniones,7,645,390,Transferida
8494,8827,Grito eterno,5,262,360,Reincidente
8495,1911,Cámara de hielo,6,50,98,Sobrevive
8496,7137,Loop de reuniones,3,507,284,Sobrevive
8497,1429,Laberinto sin salida,2,943,48,En proceso
8498,7459,Grito eterno,7,133,187,Transferida
8499,1931,Grito eterno,7,561,280,Sobrevive
8500,7209,Cámara de hielo,5,81,10,Reincidente
8501,7011,Loop de reuniones,10,651,180,Desintegrada
8502,4396,Grito eterno,8,53,240,Transferida
8503,7967,Cámara de hielo,9,272,240,Reincidente
8504,5055,Baño de lava,1,73,348,Reincidente
8505,5268,Loop de reuniones,9,8,334,Sobrevive
8507,4107,Loop de reuniones,9,975,287,Reincidente
8508,5152,Laberinto sin salida,7,854,356,Desintegrada
8509,7832,Laberinto sin salida,7,467,128,Sobrevive
8510,2757,Grito eterno,9,442,385,Reincidente
8511,7484,Loop de reuniones,5,790,76,Reincidente
8512,7976,Cámara de hielo,1,462,286,Reincidente
8513,1919,Loop de reuniones,6,810,266,Sobrevive
8514,8198,Loop de reuniones,8,539,227,Sobrevive
8515,1377,Grito eterno,5,992,105,Reincidente
8516,2782,Baño de lava,6,442,16,Sobrevive
8517,5729,Grito eterno,8,622,464,Transferida
8518,1185,Loop de reuniones,5,155,488,Transferida
8519,5902,Grito eterno,5,262,19,Desintegrada
8520,3296,Loop de reuniones,3,516,120,Transferida
8521,1196,Grito eterno,6,632,137,Desintegrada
8522,822,Grito eterno,1,565,10,Reincidente
8523,4807,Baño de lava,10,340,303,Sobrevive
8524,5993,Baño de lava,7,162,249,Desintegrada
8525,8754,Loop de reuniones,6,247,448,Transferida
8526,3511,Cámara de hielo,6,627,448,Reincidente
8527,6820,Cámara de hielo,10,148,208,Sobrevive
8528,4267,Cámara de hielo,3,422,496,Reincidente
8529,5401,Loop de reuniones,9,699,13,Desintegrada
8530,1715,Grito eterno,9,864,135,Reincidente
8531,7117,Grito eterno,3,410,274,Transferida
8532,3125,Loop de reuniones,5,215,440,Reincidente
8533,7242,Cámara de hielo,2,140,360,En proceso
8534,6696,Loop de reuniones,1,966,254,Reincidente
8535,2136,Baño de lava,3,176,81,Sobrevive
8536,5310,Cámara de hielo,2,709,432,Desintegrada
8537,8329,Loop de reuniones,10,150,85,Transferida
8538,2686,Loop de reuniones,5,365,463,Reincidente
8539,5518,Laberinto sin salida,8,805,322,Reincidente
8540,3680,Laberinto sin salida,5,539,451,Reincidente
8541,3086,Cámara de hielo,6,502,168,Reincidente
8542,3571,Baño de lava,3,695,277,Transferida
8543,7780,Cámara de hielo,5,24,135,Transferida
8544,1874,Cámara de hielo,8,46,177,Desintegrada
8545,7060,Laberinto sin salida,8,216,450,Desintegrada
8546,7124,Baño de lava,7,807,183,Reincidente
8547,9028,Grito eterno,7,259,206,Transferida
8548,3546,Cámara de hielo,10,760,271,Transferida
8549,8072,Grito eterno,10,355,343,Sobrevive
8550,9225,Laberinto sin salida,3,143,112,Desintegrada
8551,3257,Loop de reuniones,2,520,275,Reincidente
8552,1447,Grito eterno,2,896,286,Desintegrada
8553,9177,Baño de lava,9,879,93,Sobrevive
8554,4755,Baño de lava,1,372,159,Desintegrada
8555,2276,Loop de reuniones,10,862,130,Reincidente
8556,7295,Baño de lava,7,890,91,Sobrevive
8557,6105,Cámara de hielo,5,472,281,Transferida
8558,2629,Cámara de hielo,3,999,279,Desintegrada
8559,9144,Loop de reuniones,6,83,34,Sobrevive
8560,8790,Cámara de hielo,10,507,345,Reincidente
8561,7112,Loop de reuniones,8,567,470,Sobrevive
8562,4237,Cámara de hielo,9,777,44,Reincidente
8563,2204,Cámara de hielo,5,148,364,Desintegrada
8564,6492,Loop de reuniones,9,795,413,Desintegrada
8565,7851,Baño de lava,5,297,198,Reincidente
8566,2054,Loop de reuniones,2,303,211,Sobrevive
8567,5556,Baño de lava,3,9,418,Reincidente
8568,6395,Loop de reuniones,7,580,129,Sobrevive
8569,6330,Loop de reuniones,7,792,335,Reincidente
8570,9914,Grito eterno,4,720,364,Desintegrada
8571,6084,Laberinto sin salida,1,988,460,Reincidente
8572,5806,Grito eterno,2,776,481,Transferida
8573,1048,Grito eterno,9,362,86,Reincidente
8574,1095,Cámara de hielo,1,365,117,En proceso
8575,1679,Cámara de hielo,8,682,128,Transferida
8576,2621,Laberinto sin salida,2,568,421,Reincidente
8577,7474,Laberinto sin salida,4,870,186,Desintegrada
8578,9972,Baño de lava,10,748,58,Sobrevive
8579,5781,Laberinto sin salida,2,937,394,Desintegrada
8580,4300,Cámara de hielo,7,803,386,Reincidente
8581,8083,Baño de lava,4,297,88,Reincidente
8582,1422,Laberinto sin salida,5,339,19,Desintegrada
8583,5042,Baño de lava,7,792,254,Sobrevive
8584,5298,Loop de reuniones,8,876,245,Desintegrada
8585,5118,Baño de lava,5,724,9,Desintegrada
8586,4757,Grito eterno,10,682,230,Reincidente
8587,8039,Cámara de hielo,4,993,142,Sobrevive
8588,5453,Loop de reuniones,7,93,159,Reincidente
8589,1914,Laberinto sin salida,8,410,126,Sobrevive
8590,1580,Baño de lava,8,753,263,Transferida
8591,6124,Loop de reuniones,10,193,173,Reincidente
8592,1280,Laberinto sin salida,8,198,219,Desintegrada
8593,1283,Laberinto sin salida,1,725,3,Reincidente
8594,2409,Baño de lava,2,327,58,Desintegrada
8595,4184,Cámara de hielo,6,228,226,En proceso
8596,2947,Cámara de hielo,10,269,217,Sobrevive
8597,1529,Baño de lava,5,102,286,Desintegrada
8598,4844,Grito eterno,1,499,84,Sobrevive
8599,1190,Grito eterno,2,716,453,Transferida
8600,5779,Baño de lava,2,373,441,Reincidente
8601,1800,Laberinto sin salida,6,599,317,Desintegrada
8602,9547,Baño de lava,3,231,186,Sobrevive
8603,1715,Baño de lava,2,641,440,Transferida
8604,5046,Baño de lava,8,902,494,Reincidente
8605,6487,Baño de lava,7,785,251,Transferida
8606,8705,Cámara de hielo,2,94,485,Reincidente
8607,5635,Baño de lava,3,1,423,Desintegrada
8608,573,Cámara de hielo,8,944,10,Reincidente
8609,9795,Cámara de hielo,1,321,208,Reincidente
8610,5347,Cámara de hielo,5,454,377,Desintegrada
8611,5460,Loop de reuniones,5,485,354,Sobrevive
8612,5187,Loop de reuniones,8,844,221,Reincidente
8613,4124,Grito eterno,3,294,206,Desintegrada
8614,2338,Cámara de hielo,3,14,316,Desintegrada
8615,4155,Baño de lava,3,205,468,Reincidente
8616,3848,Cámara de hielo,2,256,241,Reincidente
8617,8097,Loop de reuniones,5,51,345,Desintegrada
8618,6127,Grito eterno,7,49,120,Reincidente
8619,1535,Laberinto sin salida,4,349,85,Desintegrada
8620,5771,Laberinto sin salida,8,704,217,Sobrevive
8621,9927,Cámara de hielo,7,847,206,Desintegrada
8622,6910,Cámara de hielo,10,158,4,Reincidente
8623,9162,Loop de reuniones,7,473,286,Transferida
8624,5900,Cámara de hielo,9,712,442,Transferida
8625,3335,Baño de lava,1,726,446,Transferida
8626,2781,Grito eterno,5,918,386,Reincidente
8627,7211,Cámara de hielo,2,236,463,Sobrevive
8628,755,Loop de reuniones,9,920,129,Transferida
8629,2868,Baño de lava,6,570,495,Reincidente
8630,3870,Baño de lava,7,831,50,Desintegrada
8631,4870,Loop de reuniones,6,806,241,Reincidente
8632,1840,Grito eterno,4,529,220,Sobrevive
8633,7739,Loop de reuniones,3,373,483,Reincidente
8635,9919,Baño de lava,9,701,159,En proceso
8636,4581,Grito eterno,7,869,270,Sobrevive
8637,8313,Baño de lava,8,256,313,Sobrevive
8638,2298,Baño de lava,1,457,42,Desintegrada
8639,8005,Loop de reuniones,8,263,495,Reincidente
8640,467,Laberinto sin salida,4,457,72,Desintegrada
8641,9918,Laberinto sin salida,8,330,168,Sobrevive
8642,8257,Loop de reuniones,4,730,413,Desintegrada
8643,308,Laberinto sin salida,2,278,275,Transferida
8644,1508,Grito eterno,6,721,19,Desintegrada
8645,8578,Cámara de hielo,10,547,321,Sobrevive
8646,2328,Laberinto sin salida,7,485,277,Desintegrada
8647,5487,Baño de lava,2,369,231,Sobrevive
8648,8658,Loop de reuniones,5,905,92,Sobrevive
8649,1203,Cámara de hielo,7,334,334,Transferida
8650,6597,Loop de reuniones,5,97,232,Desintegrada
8651,3639,Cámara de hielo,4,920,34,En proceso
8652,6980,Laberinto sin salida,5,468,251,Transferida
8653,6967,Baño de lava,5,611,120,Sobrevive
8654,7413,Grito eterno,1,852,45,Reincidente
8655,1053,Laberinto sin salida,7,29,219,Reincidente
8656,713,Grito eterno,5,446,351,Transferida
8657,4128,Loop de reuniones,6,831,234,Sobrevive
8658,500,Grito eterno,1,320,232,Desintegrada
8659,2221,Cámara de hielo,5,32,481,Transferida
8660,4697,Grito eterno,6,33,118,Desintegrada
8661,8431,Loop de reuniones,6,310,44,Reincidente
8662,778,Grito eterno,7,133,151,Reincidente
8663,8336,Loop de reuniones,1,674,218,Desintegrada
8664,2706,Loop de reuniones,7,144,237,Transferida
8665,4973,Loop de reuniones,10,449,314,Desintegrada
8666,159,Grito eterno,6,760,24,Reincidente
8667,3372,Loop de reuniones,1,149,218,Sobrevive
8668,5570,Laberinto sin salida,2,366,34,Desintegrada
8669,8895,Grito eterno,9,750,318,Transferida
8670,5396,Laberinto sin salida,2,821,279,Sobrevive
8671,3976,Baño de lava,4,266,406,Sobrevive
8672,9364,Baño de lava,8,412,4,Sobrevive
8673,7042,Baño de lava,1,757,485,Sobrevive
8674,832,Baño de lava,6,769,312,Sobrevive
8675,3070,Baño de lava,6,9,208,Transferida
8676,679,Laberinto sin salida,8,222,494,Sobrevive
8677,3345,Grito eterno,8,660,80,Desintegrada
8678,56,Grito eterno,3,312,443,Transferida
8679,1342,Loop de reuniones,5,492,283,Sobrevive
8680,5676,Loop de reuniones,2,942,442,Reincidente
8681,7026,Baño de lava,4,233,173,Sobrevive
8682,1370,Laberinto sin salida,7,715,116,Transferida
8683,1151,Loop de reuniones,3,16,347,Transferida
8684,8365,Baño de lava,8,670,485,Reincidente
8685,9861,Cámara de hielo,4,1000,382,Reincidente
8686,2807,Cámara de hielo,4,324,118,Desintegrada
8687,156,Laberinto sin salida,2,808,72,Transferida
8688,9999,Cámara de hielo,2,51,250,Transferida
8689,5591,Loop de reuniones,4,393,137,En proceso
8690,8964,Loop de reuniones,10,613,321,Reincidente
8691,1649,Loop de reuniones,7,11,327,Desintegrada
8692,7023,Cámara de hielo,5,425,331,Reincidente
8693,2919,Laberinto sin salida,7,698,58,Reincidente
8694,5421,Loop de reuniones,1,184,129,Desintegrada
8695,8837,Loop de reuniones,5,608,54,Sobrevive
8696,4310,Cámara de hielo,8,334,241,Desintegrada
8697,179,Baño de lava,7,435,263,Desintegrada
8698,8715,Laberinto sin salida,1,698,448,Reincidente
8699,3598,Cámara de hielo,9,575,80,Transferida
8700,9038,Grito eterno,2,123,79,En proceso
8701,1389,Baño de lava,1,850,190,Sobrevive
8703,5364,Grito eterno,7,157,384,Sobrevive
8704,1189,Baño de lava,8,200,54,Desintegrada
8705,4364,Cámara de hielo,10,801,454,Reincidente
8706,1827,Grito eterno,10,966,384,Reincidente
8707,455,Cámara de hielo,4,627,71,Sobrevive
8708,2102,Laberinto sin salida,10,592,288,Reincidente
8709,8661,Loop de reuniones,10,420,318,Reincidente
8710,7131,Grito eterno,6,187,214,Desintegrada
8711,2697,Loop de reuniones,10,573,112,Reincidente
8712,4639,Grito eterno,8,486,309,Sobrevive
8713,8088,Loop de reuniones,10,865,245,Sobrevive
8714,9268,Laberinto sin salida,5,368,266,Transferida
8715,381,Cámara de hielo,7,745,1,Transferida
8716,8407,Laberinto sin salida,9,207,105,Desintegrada
8717,5390,Loop de reuniones,3,887,448,Transferida
8718,7462,Baño de lava,4,308,165,Desintegrada
8719,2178,Grito eterno,1,975,364,Sobrevive
8720,1987,Cámara de hielo,2,172,440,Desintegrada
8721,1284,Baño de lava,1,538,441,Reincidente
8722,4252,Grito eterno,4,781,61,Sobrevive
8723,3432,Laberinto sin salida,3,592,13,Reincidente
8724,525,Loop de reuniones,9,475,229,Desintegrada
8725,9666,Grito eterno,1,833,453,Sobrevive
8726,618,Cámara de hielo,5,565,348,Reincidente
8727,9514,Baño de lava,2,766,270,Desintegrada
8728,2668,Grito eterno,2,187,283,Reincidente
8729,8928,Cámara de hielo,8,552,166,Sobrevive
8730,8775,Loop de reuniones,1,658,420,Reincidente
8731,5794,Baño de lava,5,216,299,Reincidente
8732,4618,Cámara de hielo,8,23,117,Transferida
8733,7537,Baño de lava,5,605,378,Sobrevive
8734,802,Laberinto sin salida,5,125,316,Sobrevive
8735,6387,Laberinto sin salida,7,122,24,Reincidente
8736,2765,Cámara de hielo,2,463,131,Reincidente
8737,7454,Loop de reuniones,3,401,157,Transferida
8738,6373,Baño de lava,10,684,335,Transferida
8739,9409,Cámara de hielo,5,745,236,Sobrevive
8740,366,Laberinto sin salida,8,938,135,Sobrevive
8741,2084,Cámara de hielo,9,790,277,Transferida
8742,3763,Laberinto sin salida,4,584,378,Transferida
8743,601,Baño de lava,5,329,276,Sobrevive
8744,6508,Loop de reuniones,1,792,343,Sobrevive
8745,4309,Loop de reuniones,2,590,463,Desintegrada
8746,6882,Laberinto sin salida,2,880,468,Desintegrada
8747,7519,Grito eterno,4,656,218,Reincidente
8748,152,Loop de reuniones,9,675,363,Desintegrada
8749,7517,Grito eterno,1,914,218,Sobrevive
8750,6749,Loop de reuniones,7,627,357,Sobrevive
8751,352,Cámara de hielo,9,904,390,Reincidente
8752,2278,Laberinto sin salida,6,45,4,Reincidente
8753,1894,Baño de lava,4,327,422,Reincidente
8754,3413,Loop de reuniones,4,934,427,Desintegrada
8755,3762,Loop de reuniones,3,898,223,Desintegrada
8756,7286,Grito eterno,8,45,187,Reincidente
8757,797,Baño de lava,7,459,321,Transferida
8758,5205,Baño de lava,9,517,107,Reincidente
8759,8412,Baño de lava,5,11,40,Transferida
8760,7442,Loop de reuniones,6,216,479,Desintegrada
8761,6577,Grito eterno,6,759,388,Reincidente
8762,3058,Laberinto sin salida,5,392,316,Sobrevive
8763,5043,Loop de reuniones,4,691,446,Reincidente
8764,2692,Baño de lava,2,958,423,Reincidente
8765,8578,Loop de reuniones,4,45,263,Transferida
8766,862,Laberinto sin salida,7,496,147,Transferida
8767,6994,Cámara de hielo,9,556,440,Transferida
8768,9349,Loop de reuniones,5,166,345,Transferida
8769,4948,Grito eterno,5,979,45,Reincidente
8771,5463,Laberinto sin salida,4,978,68,Transferida
8772,6046,Grito eterno,1,462,432,Desintegrada
8773,7406,Loop de reuniones,8,142,495,Desintegrada
8774,2645,Grito eterno,4,615,485,Transferida
8776,6715,Laberinto sin salida,9,661,263,Sobrevive
8777,6494,Grito eterno,5,438,206,Desintegrada
8778,495,Laberinto sin salida,4,718,296,Desintegrada
8779,1836,Grito eterno,6,896,474,Transferida
8780,5368,Cámara de hielo,7,46,232,Reincidente
8781,1986,Loop de reuniones,3,99,303,Desintegrada
8782,1282,Grito eterno,3,558,276,Sobrevive
8783,1173,Grito eterno,5,163,44,Sobrevive
8784,6555,Grito eterno,10,41,312,Transferida
8785,3389,Laberinto sin salida,5,718,488,Transferida
8786,2644,Baño de lava,1,974,41,Reincidente
8787,3557,Cámara de hielo,3,666,432,Reincidente
8788,4695,Laberinto sin salida,5,679,366,Desintegrada
8789,6984,Laberinto sin salida,1,61,483,Sobrevive
8790,369,Loop de reuniones,2,555,464,Transferida
8791,3533,Laberinto sin salida,5,670,317,Transferida
8792,1705,Laberinto sin salida,5,952,270,Sobrevive
8793,9802,Grito eterno,8,685,422,Transferida
8794,4707,Laberinto sin salida,8,671,278,Desintegrada
8795,4830,Cámara de hielo,10,497,488,Sobrevive
8796,7989,Laberinto sin salida,1,854,279,Desintegrada
8797,2157,Baño de lava,5,868,303,Reincidente
8798,7743,Baño de lava,3,929,495,Transferida
8799,3840,Grito eterno,7,934,226,Transferida
8800,1033,Laberinto sin salida,4,320,321,Desintegrada
8801,4093,Laberinto sin salida,8,517,350,Reincidente
8802,5929,Laberinto sin salida,9,138,74,Reincidente
8803,6471,Grito eterno,2,552,163,Desintegrada
8804,5748,Loop de reuniones,1,472,9,Reincidente
8805,3191,Laberinto sin salida,8,338,85,Reincidente
8806,3819,Grito eterno,3,351,105,Transferida
8807,8431,Baño de lava,8,632,343,Reincidente
8808,8527,Cámara de hielo,9,226,382,Sobrevive
8809,2626,Loop de reuniones,6,918,163,Sobrevive
8810,2480,Cámara de hielo,4,711,211,Desintegrada
8811,4589,Laberinto sin salida,2,939,115,Transferida
8812,3728,Cámara de hielo,10,13,142,Transferida
8813,3415,Laberinto sin salida,6,436,415,Transferida
8814,624,Loop de reuniones,1,72,360,Transferida
8815,9890,Baño de lava,2,463,166,Desintegrada
8816,6535,Cámara de hielo,2,934,181,Transferida
8817,1261,Loop de reuniones,1,478,48,Transferida
8818,8528,Grito eterno,10,519,50,Reincidente
8819,7991,Cámara de hielo,3,647,48,Transferida
8820,560,Cámara de hielo,3,759,345,Desintegrada
8821,64,Cámara de hielo,6,187,250,Desintegrada
8822,8423,Laberinto sin salida,4,684,296,Desintegrada
8823,1830,Laberinto sin salida,8,854,5,Transferida
8824,4863,Baño de lava,6,998,361,Sobrevive
8825,7704,Baño de lava,5,200,40,Transferida
8826,933,Cámara de hielo,2,738,80,Desintegrada
8827,2275,Cámara de hielo,7,974,354,Sobrevive
8828,9037,Laberinto sin salida,4,605,129,Sobrevive
8829,7574,Cámara de hielo,4,602,218,Sobrevive
8830,4101,Grito eterno,6,504,130,Reincidente
8831,9764,Loop de reuniones,8,377,277,Reincidente
8832,9126,Grito eterno,8,964,187,Desintegrada
8833,7493,Grito eterno,1,426,13,Sobrevive
8834,5128,Laberinto sin salida,6,149,357,Transferida
8835,8246,Loop de reuniones,3,158,19,Reincidente
8836,1036,Baño de lava,8,555,121,Transferida
8837,913,Laberinto sin salida,7,699,31,Reincidente
8838,3016,Baño de lava,1,477,183,Sobrevive
8839,4930,Baño de lava,4,31,385,Reincidente
8840,2469,Baño de lava,3,634,321,En proceso
8841,1980,Cámara de hielo,3,265,73,Reincidente
8842,9115,Grito eterno,6,536,421,Transferida
8843,8217,Grito eterno,6,28,214,Transferida
8844,3808,Grito eterno,7,353,242,Desintegrada
8845,379,Grito eterno,10,606,34,Sobrevive
8846,545,Cámara de hielo,6,830,318,Desintegrada
8847,9976,Loop de reuniones,9,479,126,Transferida
8848,5550,Grito eterno,6,789,394,Transferida
8849,1309,Laberinto sin salida,3,320,448,Desintegrada
8850,915,Laberinto sin salida,5,490,382,Reincidente
8851,5398,Baño de lava,4,768,312,Desintegrada
8852,2014,Loop de reuniones,5,516,330,Sobrevive
8853,5921,Grito eterno,9,841,488,Sobrevive
8854,6150,Baño de lava,2,1,312,Sobrevive
8855,1436,Cámara de hielo,9,700,93,Desintegrada
8856,5583,Grito eterno,9,807,329,Sobrevive
8857,2396,Laberinto sin salida,5,497,281,Reincidente
8858,1565,Baño de lava,6,165,361,Sobrevive
8859,5391,Baño de lava,2,816,74,Reincidente
8860,4627,Baño de lava,10,538,386,Sobrevive
8861,2618,Grito eterno,3,492,390,Reincidente
8862,2361,Laberinto sin salida,8,532,288,Transferida
8863,7592,Cámara de hielo,10,59,92,Desintegrada
8864,4129,Grito eterno,9,793,241,Reincidente
8865,5873,Laberinto sin salida,10,38,1,Desintegrada
8866,8868,Grito eterno,4,120,474,Desintegrada
8867,594,Baño de lava,8,863,388,Sobrevive
8868,7625,Cámara de hielo,10,732,444,Transferida
8869,5044,Cámara de hielo,1,551,481,Sobrevive
8870,769,Cámara de hielo,6,289,31,Transferida
8871,9687,Baño de lava,4,186,485,Reincidente
8872,3184,Grito eterno,8,664,175,Desintegrada
8873,4654,Grito eterno,9,175,250,Transferida
8874,6783,Cámara de hielo,6,658,463,Transferida
8875,2259,Cámara de hielo,1,590,368,Transferida
8876,3716,Cámara de hielo,9,516,249,Sobrevive
8877,8147,Cámara de hielo,4,770,126,Reincidente
8878,4972,Laberinto sin salida,1,23,127,Desintegrada
8879,4605,Baño de lava,5,708,4,Reincidente
8880,8584,Baño de lava,5,872,279,Sobrevive
8881,7997,Baño de lava,1,353,451,Transferida
8882,7312,Cámara de hielo,9,838,361,Desintegrada
8883,9142,Loop de reuniones,2,917,307,Reincidente
8884,6549,Grito eterno,5,404,114,Desintegrada
8885,1284,Laberinto sin salida,7,543,93,Desintegrada
8886,9794,Loop de reuniones,4,801,80,Reincidente
8887,9699,Laberinto sin salida,3,14,281,Reincidente
8888,3297,Baño de lava,7,52,349,Reincidente
8889,9381,Baño de lava,6,194,368,Transferida
8890,4109,Grito eterno,2,744,44,Desintegrada
8891,1502,Cámara de hielo,7,68,448,Sobrevive
8892,7713,Laberinto sin salida,1,173,284,Sobrevive
8893,2612,Baño de lava,7,578,451,Desintegrada
8894,7733,Laberinto sin salida,8,423,114,Reincidente
8895,2448,Grito eterno,2,754,230,Desintegrada
8896,4071,Loop de reuniones,2,580,351,Sobrevive
8897,2354,Grito eterno,1,403,92,Desintegrada
8898,1546,Laberinto sin salida,9,957,117,Desintegrada
8899,7005,Baño de lava,5,363,303,Sobrevive
8900,6684,Laberinto sin salida,6,228,480,Sobrevive
8901,8195,Cámara de hielo,7,408,467,Reincidente
8902,9961,Cámara de hielo,3,132,454,Transferida
8903,6451,Loop de reuniones,6,292,279,Desintegrada
8904,3616,Laberinto sin salida,7,935,480,Sobrevive
8905,1394,Loop de reuniones,9,58,280,Desintegrada
8906,1284,Baño de lava,3,823,450,Desintegrada
8907,7836,Laberinto sin salida,3,714,409,Sobrevive
8908,4357,Baño de lava,10,261,414,Reincidente
8909,1690,Cámara de hielo,10,387,387,Desintegrada
8910,2113,Loop de reuniones,6,145,284,Desintegrada
8911,5844,Baño de lava,10,412,409,Desintegrada
8912,952,Loop de reuniones,2,479,72,Transferida
8913,5478,Cámara de hielo,2,377,81,Reincidente
8914,3611,Cámara de hielo,5,935,414,Reincidente
8915,2929,Baño de lava,8,152,275,En proceso
8916,1483,Grito eterno,9,491,192,Reincidente
8917,4755,Cámara de hielo,9,747,496,Desintegrada
8918,650,Laberinto sin salida,5,700,151,Desintegrada
8919,8782,Loop de reuniones,3,802,175,Transferida
8920,8296,Loop de reuniones,10,617,191,Transferida
8921,9466,Baño de lava,10,934,491,Desintegrada
8922,3494,Grito eterno,2,599,413,Reincidente
8923,931,Baño de lava,1,504,418,Reincidente
8924,3338,Loop de reuniones,4,248,227,Reincidente
8925,9652,Grito eterno,6,380,445,Sobrevive
8926,6534,Loop de reuniones,10,228,270,Reincidente
8927,8455,Laberinto sin salida,7,187,348,Reincidente
8928,6540,Baño de lava,10,818,227,Desintegrada
8929,9936,Baño de lava,1,199,495,Sobrevive
8930,91,Cámara de hielo,8,768,453,Desintegrada
8931,6096,Cámara de hielo,4,428,439,Transferida
8932,1100,Baño de lava,6,852,31,Transferida
8933,8241,Grito eterno,5,473,44,Sobrevive
8934,799,Laberinto sin salida,3,405,102,En proceso
8935,3562,Cámara de hielo,3,58,299,Sobrevive
8936,9762,Baño de lava,10,232,115,Reincidente
8937,8397,Baño de lava,10,782,184,Desintegrada
8938,8203,Cámara de hielo,7,154,442,Transferida
8939,3025,Cámara de hielo,5,59,186,Transferida
8940,590,Grito eterno,7,8,362,Reincidente
8941,6330,Loop de reuniones,5,576,183,Sobrevive
8942,311,Loop de reuniones,10,383,86,Sobrevive
8943,4051,Laberinto sin salida,4,331,227,Sobrevive
8944,2138,Cámara de hielo,3,248,183,Desintegrada
8945,9197,Baño de lava,4,362,420,Sobrevive
8946,382,Baño de lava,10,784,331,Sobrevive
8947,437,Cámara de hielo,1,112,124,Desintegrada
8948,7586,Baño de lava,9,677,80,Transferida
8949,2687,Baño de lava,8,804,377,Reincidente
8950,8423,Baño de lava,8,861,124,Desintegrada
8951,3377,Laberinto sin salida,9,625,191,Desintegrada
8952,4634,Grito eterno,3,144,214,Transferida
8953,853,Laberinto sin salida,4,724,137,Sobrevive
8954,8290,Loop de reuniones,5,955,491,Reincidente
8955,3961,Cámara de hielo,3,880,118,Desintegrada
8956,4500,Grito eterno,2,133,234,Reincidente
8957,7436,Cámara de hielo,4,464,92,Desintegrada
8958,8322,Loop de reuniones,3,777,129,Reincidente
8959,3815,Loop de reuniones,9,215,480,Reincidente
8960,3924,Cámara de hielo,5,859,80,Reincidente
8961,7079,Grito eterno,9,508,394,Reincidente
8962,7244,Grito eterno,3,146,128,Desintegrada
8963,1856,Baño de lava,3,164,280,Transferida
8964,9546,Loop de reuniones,4,419,332,Sobrevive
8965,8229,Baño de lava,9,746,198,Sobrevive
8966,8188,Baño de lava,2,667,131,Transferida
8967,9799,Cámara de hielo,5,817,481,Transferida
8968,5017,Baño de lava,9,313,81,Transferida
8969,9347,Grito eterno,7,984,387,En proceso
8970,5492,Baño de lava,8,979,187,Desintegrada
8971,9120,Laberinto sin salida,6,567,135,Desintegrada
8972,5256,Cámara de hielo,5,364,366,Reincidente
8973,9748,Grito eterno,5,293,76,Reincidente
8974,2001,Laberinto sin salida,8,943,159,Desintegrada
8975,8722,Baño de lava,5,980,475,Transferida
8976,6261,Cámara de hielo,5,980,287,Desintegrada
8977,2562,Loop de reuniones,2,733,68,Transferida
8978,3037,Baño de lava,8,203,157,Reincidente
8979,7983,Laberinto sin salida,8,766,495,Sobrevive
8980,4382,Grito eterno,6,476,166,Sobrevive
8981,6082,Cámara de hielo,9,662,413,Desintegrada
8982,8598,Baño de lava,1,400,41,Sobrevive
8983,3908,Laberinto sin salida,5,706,188,Desintegrada
8984,412,Grito eterno,7,592,224,Reincidente
8985,2987,Baño de lava,5,229,29,Transferida
8986,9825,Grito eterno,7,604,423,Sobrevive
8987,8794,Grito eterno,10,689,231,Sobrevive
8988,3767,Laberinto sin salida,1,231,54,En proceso
8989,1988,Laberinto sin salida,10,135,330,Sobrevive
8990,1618,Cámara de hielo,5,127,177,Reincidente
8991,1994,Laberinto sin salida,3,586,1,Transferida
8992,510,Laberinto sin salida,5,626,448,Sobrevive
8993,1466,Laberinto sin salida,5,312,29,Sobrevive
8994,8286,Grito eterno,1,643,24,En proceso
8995,2351,Loop de reuniones,3,623,168,Transferida
8996,8244,Grito eterno,2,337,234,Reincidente
8997,9557,Laberinto sin salida,8,735,266,Reincidente
8998,8489,Grito eterno,1,338,467,En proceso
8999,6534,Baño de lava,8,786,309,Sobrevive
9000,6104,Loop de reuniones,8,244,208,Reincidente
