id_contrato,id_alma,fecha_firma,valor_en_almas,clausulas,cumplido,demonio_firmante
1,5343,1957-04-03,421.0,Cesión de alma secundaria,N,277
2,1466,1986-06-30,40.0,Cláusula 66A,N,248
3,6675,2007-10-11,469.0,Renovación automática,S,458
4,8877,2009-09-13,96.0,Renovación automática,N,91
5,5321,1972-08-05,460.0,Cláusula 66A,S,422
6,9648,1955-10-20,925.0,Renovación automática,N,352
7,8594,2018-01-06,579.0,Renovación automática,S,471
8,6983,1967-08-18,933.0,Renovación automática,S,376
9,3783,1938-02-02,987.0,Cesión de alma secundaria,N,370
10,4499,1972-11-04,79.0,Cesión de alma secundaria,S,264
11,1253,2000-03-12,13.0,Anexo 13,S,244
12,9186,2019-01-10,832.0,Anexo 13,N,399
13,1961,1931-03-21,254.0,Contrato eterno,S,480
14,2672,2019-06-03,479.0,Renovación automática,N,103
15,6360,1951-01-30,628.0,Cesión de alma secundaria,N,279
16,9746,1982-09-15,679.0,Contrato eterno,N,40
17,2240,1940-08-04,357.0,Cesión de alma secundaria,S,164
18,868,2003-10-01,955.0,Cláusula 66A,N,479
19,9371,1999-04-12,557.0,Renovación automática,S,281
20,3373,3000-13-40,234.0,Renovación automática,N,78
21,4612,2011-09-29,785.0,Contrato eterno,S,87
22,7829,2011-03-09,944.0,Anexo 13,S,480
23,9056,1983-05-07,18.0,Cláusula 66A,N,79
24,3015,2024-02-11,534.0,Contrato eterno,S,229
25,2463,3000-13-40,648.0,Renovación automática,N,28
26,5729,2023-03-14,179.0,Cláusula 66A,N,61
27,2721,1949-02-26,104.0,Cesión de alma secundaria,S,468
28,1413,1950-07-21,854.0,Renovación automática,N,122
29,79,1987-06-06,369.0,Contrato eterno,S,245
30,3511,1997-11-12,76.0,Renovación automática,N,446
31,6268,1968-03-10,653.0,Cesión de alma secundaria,S,160
32,1923,1964-08-22,227.0,Contrato eterno,N,357
33,4891,2021-11-25,52.0,Cláusula 66A,S,191
34,9845,1935-06-05,38.0,Contrato eterno,S,308
35,7552,2023-10-05,67.0,Anexo 13,S,464
36,3871,1989-09-03,984.0,Cláusula 66A,N,470
37,6131,2008-09-16,599.0,Cláusula 66A,S,408
38,7167,1957-06-13,574.0,Contrato eterno,S,173
39,6840,2002-10-06,864.0,Contrato eterno,N,123
40,7921,1975-02-10,581.0,Anexo 13,S,317
41,3193,1946-05-09,620.0,Cláusula 66A,S,405
42,528,2022-12-20,94.0,Anexo 13,S,85
43,8649,1991-10-24,808.0,Anexo 13,N,403
44,4930,2007-11-12,788.0,Contrato eterno,S,7
45,2689,1934-05-13,582.0,Cláusula 66A,S,156
46,3277,2021-10-07,581.0,Cesión de alma secundaria,N,27
47,709,1982-04-02,620.0,Contrato eterno,S,209
48,2967,1994-08-29,109.0,Cláusula 66A,N,263
49,5972,1973-03-25,716.0,Anexo 13,N,305
50,9540,2012-11-01,872.0,Anexo 13,N,3
51,4816,2011-11-20,401.0,Renovación automática,N,488
52,868,1954-02-04,990.0,Cláusula 66A,S,123
53,804,2020-10-21,846.0,Cesión de alma secundaria,S,285
54,5101,2008-04-09,35.0,Contrato eterno,S,281
55,5122,1969-05-16,416.0,Cesión de alma secundaria,S,179
56,967,2012-06-22,533.0,Renovación automática,S,58
57,772,1963-04-25,659.0,Contrato eterno,N,225
58,3162,2008-02-17,432.0,Cláusula 66A,S,338
59,9673,1943-06-02,679.0,Anexo 13,N,274
60,4771,2008-12-02,309.0,Cláusula 66A,N,67
61,9903,1978-02-05,62.0,Cesión de alma secundaria,S,420
62,8793,1978-05-11,299.0,Anexo 13,N,28
63,9138,2010-10-19,578.0,Contrato eterno,S,500
64,5095,1960-03-27,432.0,Renovación automática,S,256
65,9258,1986-12-12,421.0,Cesión de alma secundaria,S,322
66,8011,2016-10-26,482.0,Cesión de alma secundaria,S,108
67,9785,1990-02-14,132.0,Cláusula 66A,S,180
68,67,2022-11-18,897.0,Renovación automática,N,134
69,682,1931-04-12,317.0,Renovación automática,S,283
70,1012,1972-10-22,749.0,Renovación automática,N,257
71,3624,2001-02-08,782.0,Cesión de alma secundaria,N,497
72,4940,1970-08-18,906.0,Cláusula 66A,N,268
73,8558,1955-07-13,551.0,Cesión de alma secundaria,N,26
74,8445,1968-05-30,877.0,Contrato eterno,N,9
75,9533,1959-12-05,902.0,Anexo 13,S,61
76,8761,1948-06-19,786.0,Cesión de alma secundaria,S,216
77,2659,1965-04-17,976.0,Cesión de alma secundaria,S,62
78,6432,2024-01-19,275.0,Contrato eterno,N,101
79,4,2005-01-07,595.0,Cláusula 66A,N,467
80,3922,1996-01-27,68.0,Anexo 13,N,212
81,8989,1931-08-18,478.0,Cesión de alma secundaria,S,300
82,934,1935-08-19,439.0,Cesión de alma secundaria,S,130
83,8445,1959-10-22,438.0,Cesión de alma secundaria,S,44
84,8355,2016-08-06,329.0,Anexo 13,S,77
85,573,1962-04-25,987.0,Cláusula 66A,N,101
86,549,2005-12-16,755.0,Renovación automática,S,220
87,4010,2005-10-28,573.0,Contrato eterno,S,170
88,2720,2004-07-31,307.0,Renovación automática,S,390
89,7342,1963-11-28,899.0,Cláusula 66A,N,345
90,4355,3000-13-40,465.0,Contrato eterno,N,188
91,749,1962-04-19,600.0,Anexo 13,N,294
92,1216,1988-12-22,731.0,Cláusula 66A,S,91
93,291,2014-05-16,28.0,Contrato eterno,N,308
94,8690,1941-10-11,950.0,Anexo 13,S,57
95,4316,1936-04-23,719.0,Cláusula 66A,N,288
96,3756,1945-08-01,294.0,Renovación automática,N,214
97,9590,1969-09-12,451.0,Anexo 13,N,104
98,4177,1962-05-31,507.0,Renovación automática,N,307
99,3759,1983-12-23,882.0,Anexo 13,N,225
100,2723,1974-10-29,129.0,Cláusula 66A,S,174
101,6170,1993-04-23,111.0,Contrato eterno,S,31
102,6739,1971-02-10,328.0,Renovación automática,S,67
103,5389,1985-11-03,229.0,Anexo 13,S,76
104,8084,1929-03-27,791.0,Cláusula 66A,N,284
105,7293,1969-03-17,556.0,Contrato eterno,N,232
106,4599,1978-05-01,921.0,Contrato eterno,N,354
107,2527,1948-07-15,953.0,Renovación automática,N,416
108,2109,1937-12-31,,Cláusula 66A,S,55
109,7931,2022-05-02,415.0,Cláusula 66A,N,487
110,9661,1927-12-02,377.0,Cesión de alma secundaria,N,36
111,8236,1999-04-18,446.0,Cesión de alma secundaria,N,168
112,862,1978-01-18,294.0,Anexo 13,N,415
113,8276,1974-06-19,203.0,Cláusula 66A,N,129
114,795,2002-01-19,838.0,Renovación automática,S,195
115,6687,1947-05-06,122.0,Contrato eterno,S,9999
116,8107,1949-06-30,371.0,Anexo 13,N,376
117,5806,1954-08-24,882.0,Cesión de alma secundaria,S,239
118,2210,2008-06-03,32.0,Renovación automática,S,425
119,5362,1983-10-30,210.0,Anexo 13,N,368
120,9088,1935-12-28,485.0,Cláusula 66A,N,113
121,4902,1960-05-21,241.0,Contrato eterno,N,163
122,6404,1986-08-30,930.0,Cesión de alma secundaria,N,398
123,646,1985-07-01,669.0,Cesión de alma secundaria,S,395
124,5828,2020-09-17,624.0,Cesión de alma secundaria,N,307
125,8264,2006-02-10,309.0,Contrato eterno,N,390
126,2409,1989-02-05,281.0,Renovación automática,S,424
127,6770,1963-09-27,67.0,Cláusula 66A,S,356
128,8328,2025-09-14,283.0,Renovación automática,S,7
129,4284,1929-02-01,149.0,Renovación automática,N,228
130,837,1953-03-24,760.0,Renovación automática,S,147
131,9674,2022-10-26,959.0,Contrato eterno,S,124
132,8162,1935-09-11,121.0,Anexo 13,N,366
133,5198,3000-13-40,468.0,Renovación automática,N,498
134,2524,1975-09-01,569.0,Cesión de alma secundaria,S,468
135,3867,1967-01-26,76.0,Cesión de alma secundaria,N,393
136,5179,1982-08-18,356.0,Renovación automática,S,10
137,6341,1971-02-15,360.0,Anexo 13,S,87
138,2576,1942-10-30,820.0,Cláusula 66A,S,409
139,2166,1945-11-24,317.0,Contrato eterno,N,138
140,8737,1949-07-18,472.0,Anexo 13,N,424
141,1860,2003-09-14,664.0,Cláusula 66A,N,9999
142,4708,2009-07-30,665.0,Contrato eterno,N,117
143,7707,1990-06-05,296.0,Cláusula 66A,N,217
144,4032,1982-11-02,140.0,Anexo 13,N,280
145,47,1941-04-15,390.0,Renovación automática,S,319
146,5380,2012-04-02,226.0,Contrato eterno,S,64
147,6458,1942-06-11,22.0,Contrato eterno,N,5
148,3714,1929-09-04,901.0,Contrato eterno,S,336
149,6779,1988-04-18,279.0,Contrato eterno,S,123
150,4160,1967-04-07,411.0,Contrato eterno,S,262
151,4967,1971-11-03,243.0,Cláusula 66A,N,207
152,7787,1955-01-16,732.0,Contrato eterno,N,58
153,5158,2006-09-28,500.0,Contrato eterno,N,200
154,2587,1939-12-06,274.0,Contrato eterno,S,277
155,1114,2013-12-24,32.0,Anexo 13,N,341
156,9510,1946-02-14,357.0,Cláusula 66A,N,56
157,4059,1972-09-17,271.0,Cláusula 66A,S,318
158,6155,2022-05-19,987.0,Cláusula 66A,N,344
159,4559,2025-06-05,767.0,Cesión de alma secundaria,N,402
160,5557,1946-04-15,286.0,Cláusula 66A,S,81
161,554,1960-06-18,166.0,Cláusula 66A,N,87
162,7,2011-02-19,493.0,Cláusula 66A,S,352
163,6216,1929-05-21,908.0,Anexo 13,S,392
164,345,2021-11-07,253.0,Renovación automática,N,195
165,5631,2014-07-19,143.0,Contrato eterno,N,293
166,2823,2005-01-31,303.0,Cláusula 66A,S,349
167,1926,1936-10-22,98.0,Cesión de alma secundaria,S,287
168,1353,3000-13-40,244.0,Cláusula 66A,S,403
169,3183,1963-09-21,648.0,Anexo 13,S,484
170,7917,1985-06-24,815.0,Contrato eterno,S,233
171,8178,1949-04-18,489.0,Cesión de alma secundaria,S,268
172,810,1943-08-17,889.0,Cláusula 66A,S,108
173,2529,1989-11-07,766.0,Contrato eterno,N,155
174,8379,1945-11-04,39.0,Cesión de alma secundaria,S,284
175,3067,1986-06-01,369.0,Renovación automática,N,464
176,7702,1983-04-17,193.0,Renovación automática,N,32
177,8256,2025-06-30,64.0,Contrato eterno,N,259
178,8019,1939-05-13,221.0,Renovación automática,S,472
179,1920,2019-01-28,514.0,Contrato eterno,N,9999
180,5320,2021-09-27,727.0,Contrato eterno,S,305
181,15,2020-09-02,453.0,Contrato eterno,N,304
182,2115,1953-01-12,575.0,Renovación automática,S,433
183,5982,2003-05-03,421.0,Anexo 13,N,26
184,4870,1994-06-09,490.0,Renovación automática,N,231
185,3569,1941-09-04,740.0,Cláusula 66A,N,494
186,420,2021-05-27,820.0,Anexo 13,S,379
187,2747,1979-02-14,64.0,Anexo 13,N,17
188,1373,2015-09-30,469.0,Renovación automática,N,290
189,9787,1927-09-06,956.0,Cesión de alma secundaria,S,265
190,7213,2005-01-27,57.0,Contrato eterno,S,423
191,5246,1994-06-15,259.0,Cláusula 66A,N,124
192,2610,2001-05-12,873.0,Cláusula 66A,N,65
193,5149,1992-03-21,796.0,Contrato eterno,S,428
194,1642,1974-01-09,296.0,Cláusula 66A,N,48
195,2373,1974-07-27,615.0,Anexo 13,S,63
196,3974,1976-09-11,105.0,Cesión de alma secundaria,N,177
197,6356,1964-06-18,530.0,Contrato eterno,S,124
198,6829,2018-10-01,808.0,Renovación automática,N,173
199,1003,1990-02-28,342.0,Cláusula 66A,S,7
200,8623,1965-07-14,,Contrato eterno,N,187
201,6005,2003-07-05,377.0,Contrato eterno,N,460
202,2883,2016-07-17,702.0,Cláusula 66A,N,106
203,9265,3000-13-40,37.0,Contrato eterno,S,361
204,9100,1973-06-27,209.0,Cláusula 66A,S,294
205,7469,1975-07-04,757.0,Anexo 13,N,413
206,6778,3000-13-40,112.0,Contrato eterno,S,436
207,5393,1926-12-08,184.0,Renovación automática,N,405
208,2720,1986-05-25,651.0,Anexo 13,N,375
209,2519,1959-02-05,43.0,Anexo 13,S,374
210,3062,1946-12-30,579.0,Anexo 13,S,277
211,3438,1967-09-21,240.0,Contrato eterno,N,431
212,4347,1934-02-03,940.0,Contrato eterno,N,437
213,7993,2018-04-16,284.0,Renovación automática,S,410
214,8459,2020-07-21,82.0,Cesión de alma secundaria,S,163
215,4428,2016-10-22,631.0,Cláusula 66A,S,295
216,5702,1973-09-02,422.0,Renovación automática,S,196
217,1496,1983-10-04,358.0,Anexo 13,S,19
218,8496,1928-11-12,719.0,Anexo 13,N,494
219,6333,1926-05-03,639.0,Anexo 13,S,116
220,1929,1980-12-02,149.0,Cláusula 66A,S,411
221,1251,2013-01-17,241.0,Contrato eterno,S,468
222,5480,1927-11-28,928.0,Cesión de alma secundaria,S,434
223,364,1974-05-06,491.0,Cláusula 66A,S,235
224,4922,1942-07-17,295.0,Contrato eterno,N,363
225,5141,1929-09-07,875.0,Cláusula 66A,N,163
226,3228,2011-12-31,470.0,Renovación automática,S,493
227,586,1964-12-27,216.0,Cesión de alma secundaria,S,93
228,6898,2005-11-21,,Anexo 13,N,383
229,2168,1949-12-15,480.0,Cláusula 66A,S,2
230,7106,1943-08-21,708.0,Cláusula 66A,S,157
231,9561,1956-02-12,,Cláusula 66A,S,123
232,3000,1950-05-29,707.0,Anexo 13,S,407
233,9672,2016-09-07,842.0,Cesión de alma secundaria,N,378
234,3236,1937-02-03,679.0,Anexo 13,S,466
235,4881,2021-06-19,813.0,Anexo 13,S,148
236,8802,1941-03-25,489.0,Contrato eterno,N,11
237,9044,1927-04-21,31.0,Cláusula 66A,N,426
238,3494,1980-09-01,994.0,Cesión de alma secundaria,N,221
239,5050,1982-07-18,925.0,Renovación automática,S,78
240,7523,1957-08-07,529.0,Cláusula 66A,S,30
241,2043,1976-04-13,861.0,Contrato eterno,N,171
242,2399,1928-05-10,20.0,Renovación automática,N,303
243,7241,1988-05-23,206.0,Anexo 13,N,277
244,7978,2003-12-31,752.0,Anexo 13,N,473
245,7773,1992-01-10,,Renovación automática,N,143
246,5208,1959-11-25,198.0,Contrato eterno,S,9
247,4004,1951-05-13,859.0,Anexo 13,N,11
248,8820,1963-11-02,252.0,Cláusula 66A,S,149
249,8834,1978-01-20,942.0,Cláusula 66A,S,331
250,5302,2009-05-29,833.0,Anexo 13,N,233
251,8969,1972-12-09,431.0,Cesión de alma secundaria,S,301
252,1752,2005-03-22,590.0,Cesión de alma secundaria,N,178
253,9975,1989-11-23,442.0,Cláusula 66A,S,298
254,8131,1991-02-20,14.0,Anexo 13,N,33
255,3451,2007-01-22,729.0,Renovación automática,S,482
256,2102,1974-08-08,906.0,Anexo 13,S,260
257,4610,1951-09-28,720.0,Anexo 13,N,221
258,2087,1972-02-28,100.0,Contrato eterno,N,450
259,8100,1971-04-08,452.0,Cláusula 66A,S,367
260,7696,1950-11-02,780.0,Anexo 13,S,271
261,1688,1937-10-22,817.0,Contrato eterno,N,281
262,6261,1999-05-23,560.0,Cláusula 66A,N,107
263,575,1963-10-21,770.0,Cláusula 66A,N,197
264,8295,3000-13-40,863.0,Cesión de alma secundaria,N,338
265,8148,1995-10-06,463.0,Cesión de alma secundaria,S,135
266,2954,1986-07-15,761.0,Renovación automática,N,249
267,8675,1990-06-14,,Cláusula 66A,N,292
268,5913,1965-11-27,116.0,Cláusula 66A,S,336
269,6729,1992-12-04,190.0,Cesión de alma secundaria,N,9999
270,7421,2000-04-07,417.0,Anexo 13,S,288
271,6091,1953-02-06,586.0,Contrato eterno,N,170
272,1548,1970-03-27,835.0,Anexo 13,N,327
273,5505,1938-08-11,623.0,Cesión de alma secundaria,N,386
274,6326,1955-04-10,353.0,Anexo 13,N,266
275,5517,1941-08-11,26.0,Contrato eterno,S,486
276,8120,2020-09-13,401.0,Contrato eterno,N,269
277,1445,1926-11-30,38.0,Cláusula 66A,N,136
278,3529,2001-07-15,654.0,Cláusula 66A,S,456
279,8727,1949-06-22,503.0,Contrato eterno,S,207
280,6049,1933-11-01,899.0,Renovación automática,N,288
281,1637,1968-08-29,187.0,Renovación automática,S,498
282,9979,1948-08-14,881.0,Cláusula 66A,S,343
283,6015,1936-05-12,831.0,Renovación automática,N,226
284,6817,2025-09-27,151.0,Anexo 13,N,86
285,9270,1934-06-03,18.0,Anexo 13,N,364
286,8949,1936-12-27,341.0,Cláusula 66A,S,450
287,3970,2009-02-25,178.0,Renovación automática,S,385
288,4516,2013-01-29,254.0,Cláusula 66A,N,247
289,5278,1955-01-20,399.0,Cesión de alma secundaria,S,470
290,3289,1962-01-14,701.0,Contrato eterno,S,53
291,508,1952-08-09,949.0,Contrato eterno,S,109
292,9039,1990-07-17,363.0,Cesión de alma secundaria,N,293
293,2905,1973-02-03,456.0,Cesión de alma secundaria,N,220
294,9500,1944-01-18,340.0,Cesión de alma secundaria,S,106
295,6141,1932-06-06,98.0,Cesión de alma secundaria,N,176
296,4645,3000-13-40,860.0,Contrato eterno,N,112
297,2832,3000-13-40,519.0,Cesión de alma secundaria,N,399
298,181,1988-02-05,405.0,Contrato eterno,S,130
299,5437,2004-02-15,320.0,Contrato eterno,S,5
300,4464,2003-09-02,185.0,Contrato eterno,S,153
301,623,2017-09-01,401.0,Renovación automática,S,217
302,1994,3000-13-40,820.0,Cláusula 66A,N,272
303,4640,1977-10-19,38.0,Renovación automática,S,474
304,2842,1940-08-22,982.0,Anexo 13,N,98
305,5182,1969-07-18,233.0,Contrato eterno,N,187
306,7985,1974-02-22,169.0,Anexo 13,S,415
307,7604,2006-10-25,794.0,Cláusula 66A,N,83
308,3202,1981-09-22,779.0,Anexo 13,S,120
309,2511,2023-09-26,60.0,Anexo 13,S,6
310,4149,1978-10-31,861.0,Cláusula 66A,N,158
311,9487,3000-13-40,776.0,Anexo 13,S,11
312,9347,1991-05-29,178.0,Anexo 13,S,366
313,3836,1956-05-18,407.0,Cesión de alma secundaria,N,29
314,5623,3000-13-40,736.0,Anexo 13,N,297
315,2411,1939-09-02,946.0,Cláusula 66A,N,499
316,3902,1958-04-11,261.0,Renovación automática,N,157
317,7520,2003-05-08,412.0,Renovación automática,S,303
318,8845,1991-05-27,141.0,Cesión de alma secundaria,S,280
319,241,2022-11-21,,Contrato eterno,N,59
320,6947,1998-11-04,880.0,Contrato eterno,S,449
321,7471,1988-11-18,963.0,Anexo 13,N,77
322,1118,1988-07-16,381.0,Cláusula 66A,N,437
323,8150,1969-03-19,188.0,Anexo 13,N,157
324,4882,2011-10-12,699.0,Anexo 13,S,346
325,1369,1984-09-28,248.0,Renovación automática,S,490
326,4697,1952-09-13,989.0,Cláusula 66A,N,221
327,660,1960-12-11,652.0,Cláusula 66A,N,30
328,9442,1985-11-17,309.0,Cláusula 66A,N,78
329,8352,2025-08-21,788.0,Cláusula 66A,S,115
330,1937,1951-07-03,996.0,Contrato eterno,N,98
331,1083,1943-06-30,925.0,Contrato eterno,N,64
332,8506,1997-05-09,558.0,Cláusula 66A,S,272
333,2484,2003-10-21,711.0,Contrato eterno,N,26
334,1901,2009-02-08,,Cesión de alma secundaria,N,376
335,4158,1976-02-12,658.0,Cláusula 66A,S,331
336,5936,2022-02-15,666.0,Anexo 13,S,84
337,5195,2007-01-10,392.0,Contrato eterno,N,464
338,2507,1972-01-01,923.0,Cláusula 66A,S,399
339,6976,1990-02-18,360.0,Cesión de alma secundaria,N,199
340,5874,1940-07-28,652.0,Cláusula 66A,S,36
341,8355,1958-04-01,84.0,Cesión de alma secundaria,S,360
342,7364,1994-01-27,311.0,Renovación automática,N,11
343,7906,2007-01-24,11.0,Cláusula 66A,S,454
344,2209,1941-05-22,392.0,Cláusula 66A,S,90
345,2577,1988-01-12,,Cláusula 66A,S,424
346,9583,1969-07-14,671.0,Contrato eterno,S,8
347,8477,2025-10-26,919.0,Renovación automática,S,113
348,5028,1962-01-05,437.0,Anexo 13,S,153
349,8868,2022-10-10,633.0,Anexo 13,N,438
350,2447,1930-03-27,717.0,Contrato eterno,N,220
351,5899,1982-09-30,444.0,Cláusula 66A,S,201
352,9441,2004-12-15,119.0,Anexo 13,N,299
353,7803,1976-01-21,,Renovación automática,N,236
354,3045,1953-05-30,466.0,Anexo 13,S,143
355,1549,1942-01-10,94.0,Cesión de alma secundaria,S,476
356,5805,2006-04-22,644.0,Cláusula 66A,S,54
357,1821,1974-03-04,11.0,Contrato eterno,N,187
358,7990,1937-04-06,544.0,Anexo 13,N,313
359,4012,2007-07-15,594.0,Contrato eterno,S,30
360,4403,2020-01-17,484.0,Cláusula 66A,S,106
361,9513,2020-04-24,791.0,Anexo 13,N,414
362,6227,2025-01-02,234.0,Cesión de alma secundaria,N,389
363,9248,1948-07-01,114.0,Anexo 13,N,240
364,6151,1973-04-15,85.0,Renovación automática,N,61
365,6804,1934-04-30,912.0,Renovación automática,S,377
366,2974,1971-09-13,60.0,Cláusula 66A,S,188
367,7474,1944-11-18,852.0,Renovación automática,N,26
368,8303,1989-06-20,308.0,Cesión de alma secundaria,S,128
369,6205,1934-10-25,178.0,Cláusula 66A,N,411
370,1394,2006-12-14,587.0,Cláusula 66A,S,358
371,6577,2017-02-10,313.0,Contrato eterno,S,374
372,1971,1928-05-03,954.0,Cesión de alma secundaria,S,230
373,9255,1952-06-13,29.0,Anexo 13,S,157
374,6189,2015-08-30,,Renovación automática,N,344
375,8986,1967-09-17,805.0,Cláusula 66A,N,82
376,764,1972-04-17,271.0,Renovación automática,S,50
377,1639,1977-04-16,759.0,Renovación automática,N,362
378,3033,1992-06-12,579.0,Anexo 13,N,407
379,5755,2024-01-22,,Renovación automática,N,384
380,6871,2000-03-26,873.0,Contrato eterno,S,404
381,709,1999-06-23,76.0,Renovación automática,N,296
382,1526,2015-04-28,407.0,Renovación automática,N,77
383,5017,1931-06-23,578.0,Anexo 13,S,147
384,688,1951-01-04,844.0,Contrato eterno,N,261
385,8082,1960-05-24,521.0,Cesión de alma secundaria,S,166
386,4093,1975-02-18,630.0,Anexo 13,N,229
387,784,1977-02-24,882.0,Cláusula 66A,S,402
388,843,1948-10-15,848.0,Contrato eterno,S,58
389,796,1993-04-14,311.0,Anexo 13,S,376
390,9014,2002-09-07,126.0,Cláusula 66A,N,130
391,697,1946-02-27,674.0,Contrato eterno,S,45
392,4853,1996-03-03,820.0,Contrato eterno,S,57
393,7888,2011-05-21,622.0,Cesión de alma secundaria,S,71
394,9909,1998-04-14,955.0,Renovación automática,N,8
395,777,1938-06-04,733.0,Anexo 13,N,20
396,7025,1925-10-29,647.0,Cláusula 66A,S,366
397,1192,1942-07-16,992.0,Renovación automática,S,166
398,1477,2024-08-31,889.0,Contrato eterno,S,4
399,8375,1958-04-09,832.0,Contrato eterno,N,215
400,2478,1982-11-24,96.0,Renovación automática,S,127
401,2332,1961-06-16,791.0,Cesión de alma secundaria,N,125
402,1033,1948-02-14,595.0,Cesión de alma secundaria,S,9
403,9515,1952-08-14,485.0,Cláusula 66A,S,369
404,299,1957-12-13,128.0,Cesión de alma secundaria,N,450
405,5919,2002-09-01,936.0,Anexo 13,N,454
406,7724,1981-06-04,823.0,Renovación automática,N,9999
407,2798,1999-06-13,14.0,Cesión de alma secundaria,S,307
408,6452,2014-10-11,556.0,Contrato eterno,N,470
409,3489,1942-05-26,833.0,Renovación automática,S,137
410,9499,1935-01-28,925.0,Renovación automática,N,196
411,9442,1998-05-02,992.0,Renovación automática,S,386
412,8816,1938-04-04,777.0,Contrato eterno,S,30
413,4496,3000-13-40,546.0,Anexo 13,S,321
414,3368,1996-01-15,156.0,Cesión de alma secundaria,S,484
415,6353,2013-05-11,101.0,Contrato eterno,S,385
416,918,1982-05-27,239.0,Renovación automática,S,222
417,9638,1984-01-08,613.0,Anexo 13,S,109
418,2182,2021-06-20,283.0,Cesión de alma secundaria,S,76
419,7438,1940-04-27,974.0,Anexo 13,S,414
420,3867,1989-09-19,354.0,Anexo 13,N,67
421,3804,1967-02-26,125.0,Renovación automática,S,222
422,3117,1960-02-26,952.0,Cesión de alma secundaria,S,326
423,1409,1984-04-26,985.0,Renovación automática,S,278
424,471,1947-12-20,179.0,Cesión de alma secundaria,S,9999
425,2229,1942-04-21,777.0,Contrato eterno,S,15
426,703,1995-04-04,343.0,Cláusula 66A,S,2
427,2710,1929-03-15,501.0,Cesión de alma secundaria,S,379
428,7692,1937-10-25,410.0,Anexo 13,S,255
429,8515,1974-07-10,374.0,Contrato eterno,S,265
430,2696,1945-04-12,788.0,Anexo 13,N,358
431,3512,2018-01-15,807.0,Cláusula 66A,S,216
432,580,1939-02-03,731.0,Contrato eterno,N,167
433,7680,1953-04-18,767.0,Contrato eterno,S,433
434,1843,1980-01-04,665.0,Renovación automática,S,486
435,49,1986-01-23,456.0,Cláusula 66A,S,210
436,5531,1968-12-19,138.0,Contrato eterno,N,275
437,2710,3000-13-40,212.0,Cesión de alma secundaria,N,226
438,2954,2023-04-11,820.0,Cesión de alma secundaria,N,232
439,9330,2004-06-16,930.0,Renovación automática,N,84
440,8033,1983-09-20,201.0,Renovación automática,S,484
441,6404,1978-10-01,979.0,Cláusula 66A,N,455
442,2097,1964-06-04,838.0,Renovación automática,N,303
443,3430,1997-07-23,117.0,Anexo 13,N,99
444,2205,1947-12-07,204.0,Cláusula 66A,S,115
445,598,1974-03-11,920.0,Cláusula 66A,N,114
446,746,1955-11-02,126.0,Contrato eterno,N,380
447,6885,1938-06-19,372.0,Anexo 13,S,472
448,3985,2007-04-24,830.0,Cesión de alma secundaria,N,276
449,7131,1958-05-01,479.0,Contrato eterno,N,11
450,9109,2010-09-21,282.0,Anexo 13,S,229
451,837,1947-06-09,,Cesión de alma secundaria,S,121
452,7962,1938-02-06,305.0,Cláusula 66A,S,186
453,4481,1930-09-25,165.0,Contrato eterno,S,348
454,6325,1986-07-12,595.0,Renovación automática,S,184
455,5190,1959-11-23,149.0,Renovación automática,N,256
456,522,2016-10-12,48.0,Anexo 13,N,60
457,9,1937-08-14,465.0,Contrato eterno,S,267
458,6792,1949-08-19,432.0,Cesión de alma secundaria,S,122
459,2362,2003-08-03,134.0,Contrato eterno,N,397
460,1051,1960-09-21,627.0,Renovación automática,S,382
461,7097,2010-07-26,744.0,Cláusula 66A,N,409
462,9408,1933-08-29,732.0,Renovación automática,S,78
463,7876,1928-08-18,706.0,Renovación automática,S,225
464,6884,1985-12-20,990.0,Cesión de alma secundaria,N,73
465,4225,1972-01-21,909.0,Cláusula 66A,N,453
466,4623,1997-02-20,947.0,Renovación automática,S,223
467,7471,1981-04-20,167.0,Renovación automática,N,106
468,3737,2015-06-25,951.0,Cesión de alma secundaria,S,137
469,8983,2001-05-03,159.0,Renovación automática,S,311
470,6586,1941-08-03,759.0,Renovación automática,N,120
471,4439,1966-12-09,790.0,Cláusula 66A,N,320
472,6960,1963-01-08,648.0,Anexo 13,N,323
473,8315,1958-09-26,626.0,Contrato eterno,N,439
474,850,2002-05-02,509.0,Anexo 13,S,300
475,2832,1945-05-08,664.0,Cláusula 66A,S,217
476,8656,2013-01-22,604.0,Cláusula 66A,S,378
477,7083,1959-02-09,482.0,Cesión de alma secundaria,S,39
478,7592,1994-09-10,365.0,Cláusula 66A,N,75
479,4623,1978-01-15,328.0,Cláusula 66A,N,179
480,4990,1972-05-20,869.0,Anexo 13,N,327
481,1750,1984-01-27,549.0,Anexo 13,S,341
482,6237,1987-12-11,959.0,Renovación automática,N,60
483,2021,1954-08-23,898.0,Anexo 13,S,87
484,3498,1980-05-20,703.0,Cláusula 66A,S,171
485,786,1938-02-18,379.0,Contrato eterno,N,35
486,5862,1940-05-17,250.0,Cláusula 66A,N,425
487,2581,1960-04-03,941.0,Cláusula 66A,S,425
488,8424,2003-03-25,742.0,Cláusula 66A,N,220
489,9733,1979-07-04,683.0,Contrato eterno,S,336
490,4415,1955-12-28,756.0,Cláusula 66A,N,357
491,9209,3000-13-40,438.0,Cesión de alma secundaria,N,418
492,4108,1969-12-31,435.0,Renovación automática,S,239
493,4977,1968-01-20,73.0,Anexo 13,N,249
494,899,1989-03-25,703.0,Anexo 13,N,251
495,8011,1936-02-24,404.0,Cesión de alma secundaria,N,240
496,2873,1976-02-08,199.0,Cesión de alma secundaria,N,337
497,7258,3000-13-40,473.0,Cesión de alma secundaria,N,103
498,2655,2015-11-04,514.0,Cesión de alma secundaria,N,328
499,6844,2008-03-14,58.0,Cesión de alma secundaria,N,309
500,2579,1935-07-22,880.0,Cesión de alma secundaria,N,212
501,290,1933-10-22,382.0,Contrato eterno,N,474
502,8661,2020-12-18,,Cláusula 66A,S,209
503,2968,2020-04-13,519.0,Cláusula 66A,N,486
504,4868,1973-12-06,853.0,Contrato eterno,S,95
505,6693,1989-07-07,291.0,Anexo 13,S,300
506,2027,1999-10-09,158.0,Renovación automática,S,129
507,4552,2008-03-09,66.0,Contrato eterno,S,494
508,5547,2025-06-15,791.0,Contrato eterno,N,494
509,8641,2022-02-22,983.0,Anexo 13,S,454
510,2183,1952-05-30,642.0,Renovación automática,S,100
511,4049,1960-07-11,323.0,Renovación automática,S,115
512,3530,1995-08-26,612.0,Renovación automática,N,453
513,9680,1939-04-01,526.0,Renovación automática,N,452
514,3920,2011-08-08,457.0,Cesión de alma secundaria,N,284
515,3534,1938-06-04,647.0,Anexo 13,S,111
516,3266,1961-11-19,382.0,Renovación automática,S,497
517,1924,3000-13-40,639.0,Anexo 13,S,54
518,3159,2012-02-21,644.0,Contrato eterno,N,441
519,4671,2003-05-05,133.0,Renovación automática,N,130
520,4977,1972-11-06,254.0,Anexo 13,N,52
521,2755,2002-02-16,229.0,Cesión de alma secundaria,S,396
522,9899,2012-09-12,536.0,Renovación automática,N,64
523,3348,1959-10-07,951.0,Cláusula 66A,S,319
524,6826,1948-07-23,175.0,Contrato eterno,N,328
525,5976,1938-01-23,528.0,Renovación automática,S,318
526,6244,1997-08-15,932.0,Renovación automática,N,379
527,9010,1961-07-23,586.0,Anexo 13,S,383
528,9813,1929-07-10,441.0,Contrato eterno,N,58
529,7366,1981-04-15,939.0,Anexo 13,N,211
530,5806,2022-02-19,71.0,Renovación automática,N,373
531,8220,1977-05-14,276.0,Cláusula 66A,S,328
532,2560,1979-04-04,304.0,Contrato eterno,N,149
533,7455,1999-07-12,706.0,Contrato eterno,N,10
534,222,2008-07-26,768.0,Cesión de alma secundaria,S,144
535,3913,1970-10-16,595.0,Cesión de alma secundaria,S,238
536,7705,1974-03-20,520.0,Renovación automática,N,349
537,7734,1996-12-08,574.0,Cesión de alma secundaria,S,292
538,3589,2018-12-28,513.0,Renovación automática,S,30
539,6869,2000-11-23,841.0,Cláusula 66A,N,139
540,2544,2017-08-17,682.0,Cesión de alma secundaria,N,35
541,1527,1926-07-17,272.0,Cláusula 66A,S,277
542,1834,1947-02-22,204.0,Cláusula 66A,S,224
543,3891,1953-01-18,48.0,Anexo 13,S,441
544,560,2008-01-07,905.0,Contrato eterno,N,81
545,2250,1982-04-05,205.0,Contrato eterno,N,258
546,3892,1997-11-29,924.0,Cesión de alma secundaria,N,132
547,8251,1986-02-08,205.0,Cesión de alma secundaria,S,29
548,209,1955-02-09,110.0,Cláusula 66A,N,17
549,9788,1998-03-04,28.0,Cláusula 66A,N,400
550,3045,1971-03-22,200.0,Anexo 13,S,195
551,9565,2018-09-01,576.0,Renovación automática,N,500
552,4245,2009-05-25,705.0,Anexo 13,N,156
553,8612,1984-12-29,621.0,Contrato eterno,S,325
554,3623,1963-08-07,716.0,Renovación automática,S,34
555,3757,1977-11-14,984.0,Cláusula 66A,S,107
556,4168,1973-06-19,303.0,Anexo 13,N,139
557,6570,2012-06-15,296.0,Contrato eterno,N,129
558,3712,1934-07-02,103.0,Cláusula 66A,S,46
559,874,2005-10-20,115.0,Contrato eterno,N,414
560,9482,2008-08-08,695.0,Cláusula 66A,N,444
561,9785,2021-08-13,656.0,Cláusula 66A,N,154
562,1839,1927-08-04,158.0,Anexo 13,N,190
563,2023,1997-07-09,827.0,Cláusula 66A,S,10
564,4491,1976-06-29,421.0,Renovación automática,N,119
565,6155,1966-05-22,962.0,Contrato eterno,S,346
566,7162,1941-06-30,803.0,Renovación automática,N,116
567,4424,2018-08-17,363.0,Contrato eterno,N,253
568,1216,1992-06-23,667.0,Contrato eterno,N,470
569,7382,1989-01-15,849.0,Renovación automática,S,410
570,3870,1939-08-16,,Renovación automática,S,225
571,351,1947-12-17,190.0,Cesión de alma secundaria,N,344
572,8318,1928-09-02,721.0,Contrato eterno,S,165
573,519,1984-03-06,199.0,Cláusula 66A,N,186
574,4896,1964-03-27,769.0,Contrato eterno,N,193
575,1338,2023-11-19,485.0,Contrato eterno,S,451
576,1536,1937-10-18,181.0,Contrato eterno,N,378
577,4014,1981-10-20,315.0,Renovación automática,S,322
578,981,1981-05-30,271.0,Contrato eterno,S,304
579,9053,1995-08-30,748.0,Anexo 13,S,18
580,8281,1960-03-24,476.0,Cláusula 66A,N,431
581,4376,2023-01-27,423.0,Anexo 13,S,64
582,2672,1956-09-20,114.0,Contrato eterno,S,402
583,1244,1961-07-25,361.0,Renovación automática,N,487
584,2092,2020-04-07,577.0,Cesión de alma secundaria,N,494
585,7941,1998-03-04,471.0,Anexo 13,N,492
586,3484,1937-10-05,122.0,Cesión de alma secundaria,S,480
587,132,1999-11-25,617.0,Anexo 13,S,362
588,3448,2012-07-16,49.0,Contrato eterno,N,167
589,3591,1932-10-26,124.0,Contrato eterno,N,60
590,2070,1982-12-22,540.0,Renovación automática,N,448
591,7717,1938-10-13,72.0,Anexo 13,S,35
592,6711,1981-05-21,879.0,Contrato eterno,S,37
593,3379,1949-06-30,988.0,Anexo 13,N,442
594,3357,3000-13-40,666.0,Anexo 13,S,105
595,566,2007-11-11,497.0,Renovación automática,S,140
596,3834,1959-07-17,85.0,Anexo 13,N,456
597,7849,2023-06-24,223.0,Anexo 13,N,468
598,6544,1950-07-02,578.0,Cesión de alma secundaria,S,224
599,2856,2023-04-15,323.0,Contrato eterno,N,59
600,6516,1996-07-29,180.0,Contrato eterno,S,121
601,6568,1969-02-05,473.0,Contrato eterno,S,16
602,9655,1929-12-12,23.0,Anexo 13,S,494
603,3508,1966-08-09,626.0,Cesión de alma secundaria,N,221
604,896,2002-05-20,189.0,Cláusula 66A,N,46
605,2436,1995-05-27,818.0,Cláusula 66A,S,312
606,4756,1970-10-03,647.0,Anexo 13,S,96
607,490,1948-04-30,208.0,Anexo 13,N,116
608,5773,2005-05-24,975.0,Anexo 13,S,220
609,6043,2024-11-29,94.0,Cláusula 66A,S,187
610,399,2003-08-22,269.0,Cesión de alma secundaria,N,149
611,4417,1960-09-05,735.0,Contrato eterno,S,57
612,6419,1966-05-17,507.0,Cesión de alma secundaria,N,424
613,9482,2006-12-10,430.0,Anexo 13,N,81
614,3092,1977-10-14,33.0,Renovación automática,N,127
615,2140,2005-07-25,843.0,Cláusula 66A,N,449
616,8276,1994-12-30,834.0,Cesión de alma secundaria,N,382
617,5450,1957-08-19,251.0,Cesión de alma secundaria,N,203
618,201,1944-01-27,328.0,Contrato eterno,S,438
619,4546,1995-03-11,363.0,Contrato eterno,S,211
620,8646,1929-02-05,954.0,Cesión de alma secundaria,N,318
621,6527,1977-03-12,732.0,Cesión de alma secundaria,N,149
622,7795,1997-07-17,94.0,Renovación automática,N,8
623,1550,1972-06-15,367.0,Cesión de alma secundaria,N,329
624,1074,1933-08-02,,Anexo 13,N,225
625,9914,2005-10-08,234.0,Anexo 13,S,221
626,2533,1998-08-11,779.0,Renovación automática,S,133
627,1896,2000-01-28,683.0,Cláusula 66A,S,355
628,9481,1994-08-24,478.0,Cláusula 66A,S,481
629,6334,2021-12-10,96.0,Contrato eterno,N,242
630,4298,2009-04-17,10.0,Renovación automática,N,319
631,548,1966-11-17,883.0,Contrato eterno,N,65
632,3572,1996-12-31,896.0,Cláusula 66A,S,142
633,577,1999-07-29,112.0,Cláusula 66A,N,315
634,2999,1935-07-30,324.0,Contrato eterno,N,446
635,7459,1984-02-06,133.0,Renovación automática,S,9999
636,4714,1938-05-19,556.0,Contrato eterno,S,147
637,6073,1929-09-10,344.0,Cesión de alma secundaria,N,352
638,1135,1962-05-03,534.0,Cesión de alma secundaria,N,255
639,1629,2003-04-01,411.0,Renovación automática,S,423
640,5066,1933-04-24,299.0,Cláusula 66A,S,100
641,8510,1984-04-01,871.0,Cesión de alma secundaria,S,376
642,957,1931-09-02,,Renovación automática,N,160
643,8381,2023-07-11,164.0,Renovación automática,N,373
644,1097,1999-07-13,110.0,Anexo 13,N,39
645,9030,2014-09-08,12.0,Renovación automática,N,61
646,3362,1936-11-15,552.0,Cláusula 66A,N,191
647,4622,1995-01-04,584.0,Cláusula 66A,S,141
648,2491,2004-11-13,522.0,Anexo 13,S,4
649,9920,1990-07-10,615.0,Renovación automática,S,358
650,2102,1960-11-08,454.0,Anexo 13,S,396
651,3265,1980-11-06,734.0,Renovación automática,N,229
652,5348,1956-05-25,790.0,Cesión de alma secundaria,N,115
653,761,2015-08-08,726.0,Cesión de alma secundaria,S,101
654,6700,2012-06-24,718.0,Cláusula 66A,S,274
655,5583,1976-02-02,680.0,Anexo 13,N,9999
656,567,2015-06-23,557.0,Renovación automática,S,251
657,7413,1932-01-09,903.0,Anexo 13,N,303
658,2608,1944-12-08,902.0,Anexo 13,S,410
659,4293,1973-12-28,13.0,Renovación automática,N,107
660,4586,1975-10-20,772.0,Renovación automática,N,145
661,4975,1991-09-01,372.0,Renovación automática,S,425
662,2054,1944-07-10,564.0,Cláusula 66A,N,464
663,7400,2010-10-11,231.0,Cesión de alma secundaria,S,275
664,872,1980-09-23,849.0,Contrato eterno,N,219
665,7438,1926-06-06,409.0,Anexo 13,N,203
666,4192,1957-05-06,671.0,Anexo 13,N,356
667,4559,1988-11-09,252.0,Cesión de alma secundaria,N,184
668,1456,2018-09-20,536.0,Contrato eterno,N,76
669,3198,1953-09-30,27.0,Cláusula 66A,S,447
670,9657,1982-06-04,404.0,Cláusula 66A,S,68
671,6114,1947-04-17,271.0,Anexo 13,N,232
672,2978,1933-03-25,450.0,Cesión de alma secundaria,S,281
673,3358,1959-10-30,759.0,Renovación automática,N,273
674,1296,1949-04-11,741.0,Cláusula 66A,S,471
675,781,1942-10-15,874.0,Cláusula 66A,S,33
676,4709,1970-11-10,266.0,Renovación automática,N,383
677,9187,2008-11-28,418.0,Contrato eterno,S,326
678,6307,1952-07-25,618.0,Cláusula 66A,S,128
679,6382,2021-05-16,660.0,Anexo 13,S,497
680,3696,1939-04-09,329.0,Renovación automática,S,248
681,3339,1993-06-17,174.0,Renovación automática,S,58
682,7331,1962-05-24,574.0,Cesión de alma secundaria,S,46
683,7772,1929-07-23,474.0,Contrato eterno,S,340
684,5574,1975-02-18,800.0,Contrato eterno,N,385
685,2153,1991-02-25,209.0,Anexo 13,N,452
686,3033,1963-03-15,494.0,Cláusula 66A,S,274
687,7345,1957-08-05,296.0,Cesión de alma secundaria,N,441
688,2854,1957-05-29,991.0,Cláusula 66A,N,258
689,2882,1953-03-19,834.0,Cláusula 66A,N,279
690,1375,1958-08-01,351.0,Cláusula 66A,N,464
691,5746,1978-04-02,,Anexo 13,S,368
692,226,2004-07-18,356.0,Renovación automática,S,92
693,8053,1986-07-02,470.0,Anexo 13,N,186
694,5172,1930-05-25,762.0,Anexo 13,N,436
695,2061,1976-12-17,692.0,Cesión de alma secundaria,S,403
696,4587,2009-10-13,324.0,Contrato eterno,N,113
697,2985,1943-02-24,87.0,Cesión de alma secundaria,N,382
698,6781,1965-06-19,896.0,Renovación automática,S,69
699,4200,1979-12-28,855.0,Cláusula 66A,N,7
700,4114,1982-01-28,390.0,Anexo 13,N,445
701,968,2002-03-12,907.0,Cláusula 66A,S,369
702,2406,1992-09-13,626.0,Cesión de alma secundaria,S,137
703,7099,1957-08-04,,Cláusula 66A,N,238
704,3279,1946-01-21,212.0,Anexo 13,N,226
705,9370,1996-12-05,195.0,Cesión de alma secundaria,S,152
706,5155,1950-08-22,59.0,Contrato eterno,S,22
707,2590,1952-06-12,642.0,Cláusula 66A,S,283
708,9874,2013-03-31,605.0,Contrato eterno,N,312
709,3975,2019-11-10,648.0,Anexo 13,S,364
710,9585,1927-02-02,386.0,Contrato eterno,S,342
711,9343,2009-03-12,877.0,Cesión de alma secundaria,S,427
712,190,2011-07-24,877.0,Cesión de alma secundaria,N,492
713,8040,1936-07-04,958.0,Renovación automática,S,366
714,3276,1989-04-29,453.0,Anexo 13,S,230
715,9865,1979-01-27,361.0,Cesión de alma secundaria,S,132
716,5801,2016-05-27,322.0,Anexo 13,S,293
717,2847,3000-13-40,410.0,Renovación automática,N,313
718,1121,1947-11-06,243.0,Renovación automática,S,213
719,6523,1955-06-11,279.0,Anexo 13,S,458
720,9791,2012-08-08,932.0,Contrato eterno,N,251
721,3592,2000-06-18,788.0,Cesión de alma secundaria,S,92
722,4941,1970-10-23,873.0,Contrato eterno,N,216
723,8836,2023-04-23,12.0,Anexo 13,S,150
724,3653,1950-06-23,188.0,Anexo 13,N,158
725,7070,1952-08-08,208.0,Contrato eterno,N,412
726,8621,1970-04-03,863.0,Renovación automática,S,122
727,6400,1967-02-23,87.0,Cesión de alma secundaria,N,28
728,5866,1932-01-10,358.0,Cesión de alma secundaria,S,435
729,1654,1983-01-13,890.0,Anexo 13,N,176
730,5403,1999-03-05,843.0,Anexo 13,S,8
731,1794,1951-11-20,49.0,Renovación automática,S,158
732,1045,1995-10-01,637.0,Anexo 13,S,462
733,8673,1970-12-01,846.0,Cesión de alma secundaria,N,172
734,6201,1976-05-22,533.0,Renovación automática,N,450
735,2972,2001-05-03,18.0,Cláusula 66A,S,276
736,6537,2018-12-04,559.0,Anexo 13,N,448
737,3105,1966-07-05,403.0,Contrato eterno,N,77
738,1420,1985-06-21,452.0,Cesión de alma secundaria,N,280
739,1926,2019-09-06,591.0,Cláusula 66A,N,294
740,2601,2015-07-25,873.0,Contrato eterno,S,54
741,6735,1973-10-11,480.0,Contrato eterno,S,322
742,239,1941-11-01,704.0,Cláusula 66A,S,32
743,7522,1978-02-22,859.0,Cesión de alma secundaria,N,276
744,3612,1983-07-10,899.0,Cláusula 66A,N,236
745,5951,1997-08-15,19.0,Cesión de alma secundaria,S,345
746,2198,3000-13-40,402.0,Anexo 13,S,305
747,7289,1941-11-24,887.0,Cesión de alma secundaria,N,95
748,4469,1934-06-15,86.0,Renovación automática,N,17
749,8004,1992-07-25,226.0,Contrato eterno,S,379
750,4081,1950-01-22,139.0,Cláusula 66A,S,308
751,5221,1976-03-10,561.0,Cesión de alma secundaria,S,470
752,2657,2020-11-15,55.0,Cesión de alma secundaria,N,66
753,3673,1970-06-11,850.0,Cláusula 66A,S,210
754,4238,1977-10-04,762.0,Cláusula 66A,S,57
755,4843,2004-03-31,913.0,Cesión de alma secundaria,N,262
756,7918,1997-04-26,180.0,Anexo 13,N,369
757,9006,1991-04-01,885.0,Anexo 13,S,279
758,7324,1993-12-26,773.0,Contrato eterno,N,499
759,8121,2006-08-19,270.0,Anexo 13,S,239
760,2388,1985-07-18,13.0,Anexo 13,S,29
761,5730,1978-11-15,488.0,Cláusula 66A,S,9999
762,8554,2012-12-29,986.0,Contrato eterno,S,126
763,6721,1950-01-14,812.0,Cesión de alma secundaria,N,161
764,6447,1988-01-13,94.0,Renovación automática,S,4
765,4539,2001-09-08,777.0,Cesión de alma secundaria,S,33
766,3090,1981-01-03,117.0,Contrato eterno,S,370
767,7765,1928-12-26,329.0,Contrato eterno,N,296
768,8590,1939-02-04,802.0,Renovación automática,S,259
769,7618,1936-11-09,596.0,Renovación automática,N,317
770,6177,1991-08-25,53.0,Renovación automática,N,380
771,764,1961-08-07,104.0,Anexo 13,N,274
772,5900,1940-09-18,,Cláusula 66A,N,157
773,6162,1966-11-19,829.0,Renovación automática,S,205
774,2397,1965-08-13,730.0,Contrato eterno,S,212
775,1871,2013-06-19,393.0,Renovación automática,N,35
776,2329,2007-12-02,460.0,Renovación automática,S,204
777,8990,1930-06-05,448.0,Contrato eterno,S,105
778,1777,1953-10-19,486.0,Renovación automática,S,320
779,7241,2015-07-23,395.0,Cesión de alma secundaria,S,155
780,9280,1927-06-14,946.0,Contrato eterno,N,286
781,9691,1962-04-20,974.0,Cesión de alma secundaria,S,36
782,6725,1948-08-07,287.0,Contrato eterno,N,389
783,9353,2004-02-05,843.0,Cesión de alma secundaria,S,115
784,7088,1938-03-30,315.0,Cesión de alma secundaria,N,187
785,3487,1950-09-13,456.0,Renovación automática,S,260
786,6131,2018-09-24,746.0,Cláusula 66A,S,129
787,5850,1999-09-06,630.0,Contrato eterno,N,3
788,5042,1962-07-23,,Cesión de alma secundaria,N,171
789,1630,2009-11-30,614.0,Cláusula 66A,S,332
790,2235,1937-12-23,777.0,Anexo 13,S,344
791,6919,1998-09-24,936.0,Cláusula 66A,N,276
792,3498,2007-07-08,252.0,Renovación automática,N,424
793,7625,1978-01-18,300.0,Renovación automática,N,498
794,5407,2014-07-21,228.0,Anexo 13,S,193
795,3764,1957-11-03,889.0,Anexo 13,S,92
796,8651,1961-10-21,353.0,Cesión de alma secundaria,S,429
797,4358,1937-04-01,922.0,Cesión de alma secundaria,S,48
798,896,2014-03-28,489.0,Cláusula 66A,N,9999
799,2311,1975-06-03,159.0,Anexo 13,S,441
800,7420,2003-03-08,993.0,Anexo 13,S,476
801,7804,1980-08-17,559.0,Renovación automática,S,140
802,848,1962-07-11,302.0,Cesión de alma secundaria,S,115
803,2828,1969-08-10,240.0,Renovación automática,S,453
804,3154,1960-04-06,805.0,Renovación automática,N,407
805,9853,1966-01-23,192.0,Renovación automática,S,245
806,8176,1968-06-09,,Cláusula 66A,S,179
807,7329,1970-07-05,968.0,Cláusula 66A,S,424
808,6354,1932-01-06,738.0,Renovación automática,N,51
809,3071,1994-08-28,848.0,Contrato eterno,S,326
810,4354,1940-01-11,690.0,Renovación automática,S,344
811,3154,1984-03-30,97.0,Renovación automática,N,8
812,5505,1997-01-27,319.0,Renovación automática,S,340
813,8931,1972-09-05,659.0,Cesión de alma secundaria,S,469
814,6556,1949-06-30,552.0,Cesión de alma secundaria,S,149
815,9890,2010-10-16,757.0,Cesión de alma secundaria,N,355
816,8321,2021-10-31,407.0,Renovación automática,S,490
817,5311,1940-08-17,292.0,Anexo 13,N,388
818,1708,1977-04-24,344.0,Renovación automática,N,208
819,5500,1995-08-13,211.0,Anexo 13,S,9999
820,6215,2007-03-03,152.0,Renovación automática,N,146
821,3473,3000-13-40,471.0,Anexo 13,N,5
822,7000,1939-08-05,144.0,Anexo 13,S,407
823,3653,2002-12-10,547.0,Cesión de alma secundaria,S,6
824,2448,2011-08-05,51.0,Renovación automática,N,143
825,2463,1944-10-20,230.0,Anexo 13,S,189
826,9777,2009-06-11,533.0,Anexo 13,S,42
827,9046,2025-04-26,718.0,Renovación automática,N,433
828,2383,1987-12-31,456.0,Cláusula 66A,S,286
829,857,1931-02-10,557.0,Anexo 13,S,148
830,1894,2020-06-25,130.0,Anexo 13,N,471
831,3527,1997-02-07,370.0,Cláusula 66A,S,233
832,9544,1930-06-25,851.0,Cláusula 66A,S,272
833,3139,2010-03-13,102.0,Contrato eterno,N,486
834,1986,1979-01-24,490.0,Renovación automática,S,268
835,1790,1927-09-17,742.0,Anexo 13,N,351
836,4108,1945-09-02,581.0,Cesión de alma secundaria,N,169
837,7552,1949-08-07,735.0,Anexo 13,S,364
838,1563,1952-05-28,712.0,Renovación automática,S,404
839,8431,1955-03-05,714.0,Cláusula 66A,S,274
840,5799,1945-09-13,387.0,Renovación automática,S,395
841,9103,2003-11-26,24.0,Contrato eterno,N,472
842,9727,1996-02-06,608.0,Renovación automática,N,225
843,6099,1973-06-11,346.0,Cesión de alma secundaria,S,162
844,978,1941-01-13,483.0,Renovación automática,S,208
845,9110,1973-04-06,268.0,Cláusula 66A,N,347
846,1813,1989-06-08,533.0,Contrato eterno,S,324
847,9837,1984-04-10,556.0,Contrato eterno,S,98
848,4707,1985-08-25,25.0,Cesión de alma secundaria,S,95
849,6967,2014-10-08,553.0,Contrato eterno,S,286
850,4289,2022-04-28,857.0,Cesión de alma secundaria,N,434
851,8467,2007-12-03,155.0,Cesión de alma secundaria,S,313
852,1808,1997-06-11,388.0,Anexo 13,S,158
853,2039,2008-11-29,324.0,Renovación automática,N,484
854,2402,1996-11-05,782.0,Renovación automática,N,296
855,9978,1939-02-21,490.0,Cesión de alma secundaria,N,423
856,8201,2011-10-20,883.0,Cláusula 66A,N,118
857,3462,1927-08-24,768.0,Renovación automática,N,356
858,1479,1934-06-08,690.0,Cláusula 66A,S,406
859,3654,1940-08-19,532.0,Anexo 13,S,445
860,7913,1938-01-20,622.0,Cláusula 66A,N,362
861,7277,1989-04-17,948.0,Cesión de alma secundaria,S,351
862,5427,1949-08-26,704.0,Renovación automática,S,157
863,5742,2018-05-07,548.0,Anexo 13,S,29
864,7965,1941-11-11,864.0,Renovación automática,S,6
865,311,1987-01-25,500.0,Renovación automática,N,21
866,5912,1936-04-18,609.0,Cesión de alma secundaria,N,253
867,9582,2017-05-11,183.0,Contrato eterno,S,268
868,2659,1974-03-31,327.0,Cláusula 66A,S,219
869,9028,1964-07-15,929.0,Renovación automática,S,95
870,1362,3000-13-40,563.0,Cláusula 66A,S,292
871,3806,1954-06-14,781.0,Cláusula 66A,N,59
872,271,2021-01-25,961.0,Anexo 13,N,298
873,6212,2022-11-04,919.0,Renovación automática,N,121
874,550,1986-11-05,959.0,Cláusula 66A,S,326
875,4039,1959-04-22,256.0,Cesión de alma secundaria,S,398
876,4693,1943-03-22,618.0,Contrato eterno,N,439
877,5883,2000-12-30,925.0,Cesión de alma secundaria,S,309
878,8785,1926-06-19,528.0,Contrato eterno,N,478
879,3275,2009-03-03,767.0,Renovación automática,S,404
880,9763,1998-11-18,928.0,Renovación automática,N,168
881,8099,2001-07-04,851.0,Cesión de alma secundaria,N,147
882,864,2008-11-28,909.0,Cesión de alma secundaria,S,92
883,1063,1954-02-09,159.0,Renovación automática,S,428
884,8636,2022-07-12,298.0,Cesión de alma secundaria,S,239
885,1098,2016-10-11,698.0,Anexo 13,N,149
886,9074,1974-10-06,647.0,Cesión de alma secundaria,S,191
887,6421,1998-01-03,859.0,Contrato eterno,S,184
888,3467,1972-04-22,938.0,Cesión de alma secundaria,N,268
889,9366,1930-02-10,35.0,Cláusula 66A,N,431
890,4194,1975-09-13,748.0,Contrato eterno,S,338
891,6442,1965-12-29,301.0,Cláusula 66A,N,458
892,9961,1928-04-17,834.0,Cláusula 66A,N,192
893,5595,1991-10-14,279.0,Contrato eterno,S,342
894,1885,2015-03-29,852.0,Anexo 13,S,211
895,2033,1983-11-05,185.0,Renovación automática,N,71
896,3143,1962-04-14,244.0,Cláusula 66A,N,439
897,6687,1950-11-17,379.0,Anexo 13,S,201
898,32,1937-07-21,597.0,Renovación automática,S,2
899,3788,1973-08-30,543.0,Contrato eterno,S,43
900,3903,2022-02-28,27.0,Cláusula 66A,S,304
901,8443,1944-10-03,130.0,Cláusula 66A,N,326
902,8631,1989-12-18,549.0,Contrato eterno,S,186
903,3825,2006-07-18,476.0,Anexo 13,N,52
904,7567,2009-09-24,393.0,Contrato eterno,N,135
905,6514,2008-05-08,597.0,Cesión de alma secundaria,S,35
906,5869,2018-12-23,506.0,Contrato eterno,S,90
907,8041,1943-11-08,571.0,Contrato eterno,S,329
908,6342,2003-03-23,933.0,Cláusula 66A,N,417
909,4511,2014-08-06,88.0,Contrato eterno,N,385
910,4769,2017-01-23,911.0,Contrato eterno,N,432
911,8531,1937-11-17,897.0,Cesión de alma secundaria,S,342
912,6557,1959-06-21,348.0,Cláusula 66A,S,445
913,2849,1971-08-10,427.0,Cláusula 66A,N,124
914,6587,1985-10-24,586.0,Renovación automática,S,136
915,7693,1960-06-21,616.0,Cesión de alma secundaria,S,395
916,7780,1998-08-17,360.0,Contrato eterno,N,459
917,5357,1954-09-04,263.0,Anexo 13,S,100
918,2544,2010-10-13,433.0,Renovación automática,N,319
919,6219,1938-08-20,401.0,Anexo 13,S,52
920,7043,1963-01-15,974.0,Contrato eterno,N,252
921,1495,3000-13-40,739.0,Renovación automática,S,233
922,2296,2007-10-03,103.0,Cláusula 66A,S,141
923,8881,1931-09-10,936.0,Cláusula 66A,S,438
924,470,1977-08-25,727.0,Cesión de alma secundaria,S,189
925,4961,1942-07-08,669.0,Contrato eterno,S,446
926,4304,1995-07-26,904.0,Cesión de alma secundaria,S,427
927,4403,2011-12-18,940.0,Renovación automática,N,311
928,52,1986-04-03,232.0,Renovación automática,S,158
929,301,1931-08-18,533.0,Renovación automática,S,197
930,1039,1997-09-14,165.0,Contrato eterno,N,77
931,1707,1998-03-20,842.0,Anexo 13,S,234
932,4492,2021-07-07,939.0,Anexo 13,N,365
933,2787,1989-11-03,639.0,Cláusula 66A,S,181
934,9822,2004-10-13,247.0,Cláusula 66A,S,384
935,5164,1989-07-06,314.0,Cesión de alma secundaria,N,356
936,2255,3000-13-40,158.0,Cláusula 66A,N,91
937,3481,1988-09-03,168.0,Contrato eterno,N,223
938,7672,1932-04-27,650.0,Cesión de alma secundaria,N,172
939,8405,1963-05-30,542.0,Contrato eterno,N,335
940,1366,1944-03-29,,Cláusula 66A,S,25
941,8943,1990-12-16,628.0,Cesión de alma secundaria,N,385
942,9616,1964-02-14,594.0,Cláusula 66A,S,39
943,3525,2002-01-10,506.0,Contrato eterno,S,85
944,8180,2021-05-08,770.0,Contrato eterno,N,296
945,4375,2011-01-30,526.0,Cesión de alma secundaria,N,15
946,3308,1963-04-15,279.0,Cesión de alma secundaria,S,285
947,6108,1979-04-10,801.0,Anexo 13,S,67
948,9260,1971-12-12,874.0,Cesión de alma secundaria,S,35
949,6143,1975-09-18,10.0,Cláusula 66A,S,441
950,2568,1960-10-11,775.0,Renovación automática,S,436
951,7036,1986-12-28,592.0,Contrato eterno,N,240
952,5324,2005-02-03,83.0,Renovación automática,N,136
953,5297,1998-12-07,188.0,Renovación automática,N,84
954,6425,1985-11-30,940.0,Cláusula 66A,S,434
955,7991,1970-10-17,357.0,Anexo 13,N,125
956,128,3000-13-40,588.0,Contrato eterno,S,369
957,2014,1985-01-04,414.0,Cláusula 66A,S,275
958,4832,1936-05-16,537.0,Cesión de alma secundaria,S,493
959,7811,1965-11-25,85.0,Cláusula 66A,S,29
960,4142,2024-05-05,371.0,Anexo 13,N,316
961,4000,1928-09-23,382.0,Renovación automática,N,76
962,6679,1978-02-21,532.0,Cesión de alma secundaria,S,319
963,5786,2012-09-22,327.0,Anexo 13,N,340
964,6778,1951-11-06,690.0,Anexo 13,N,220
965,5424,2014-06-05,589.0,Cesión de alma secundaria,S,3
966,8628,1973-11-28,780.0,Cláusula 66A,N,144
967,816,1996-08-29,389.0,Anexo 13,S,135
968,8009,1937-03-08,414.0,Anexo 13,S,352
969,9401,1971-06-06,198.0,Renovación automática,S,141
970,7440,1958-04-29,886.0,Cláusula 66A,S,43
971,1653,1932-07-22,709.0,Contrato eterno,N,483
972,4087,1935-04-09,832.0,Anexo 13,N,52
973,5321,1950-03-21,485.0,Contrato eterno,N,280
974,4684,1946-08-04,717.0,Cesión de alma secundaria,N,403
975,7037,1986-12-16,885.0,Anexo 13,N,456
976,9942,1966-07-13,834.0,Renovación automática,S,273
977,2486,1949-10-05,869.0,Cláusula 66A,N,437
978,9664,1998-03-15,914.0,Anexo 13,N,316
979,4118,1961-12-11,859.0,Cláusula 66A,S,170
980,5411,2016-01-20,752.0,Cesión de alma secundaria,N,473
981,7471,1942-05-07,454.0,Cesión de alma secundaria,N,267
982,6727,1977-08-17,247.0,Cláusula 66A,N,168
983,7807,1969-08-20,303.0,Contrato eterno,N,356
984,6579,1988-10-05,100.0,Cesión de alma secundaria,S,361
985,6745,2005-09-21,191.0,Cesión de alma secundaria,N,217
986,6331,2015-03-27,745.0,Anexo 13,S,369
987,4430,1985-09-29,522.0,Anexo 13,N,460
988,5644,2021-08-18,45.0,Contrato eterno,N,193
989,2635,1950-03-08,312.0,Renovación automática,N,83
990,8209,2022-04-09,250.0,Renovación automática,S,112
991,8746,1956-12-06,977.0,Cesión de alma secundaria,S,51
992,3546,1958-12-13,300.0,Renovación automática,N,495
993,2739,2017-01-09,300.0,Cláusula 66A,N,122
994,8995,1955-04-15,681.0,Cesión de alma secundaria,N,303
995,3897,2013-02-20,200.0,Contrato eterno,N,479
996,536,1980-11-17,282.0,Cesión de alma secundaria,N,200
997,1473,1988-03-11,340.0,Renovación automática,N,321
998,9286,1926-07-19,968.0,Cláusula 66A,N,406
999,3715,1938-02-20,505.0,Cláusula 66A,N,461
1000,6002,2023-08-21,655.0,Anexo 13,S,433
1001,7894,2000-09-11,866.0,Cesión de alma secundaria,N,17
1002,7228,1939-06-21,97.0,Renovación automática,S,489
1003,4863,2004-02-04,401.0,Cláusula 66A,S,477
1004,2820,2010-06-22,448.0,Anexo 13,N,245
1005,6167,1940-07-16,502.0,Cláusula 66A,N,104
1006,8876,1996-06-19,910.0,Renovación automática,S,489
1007,9684,1964-02-03,646.0,Cláusula 66A,N,42
1008,8714,3000-13-40,836.0,Anexo 13,N,21
1009,4821,1944-03-07,119.0,Anexo 13,N,146
1010,2029,1930-02-03,831.0,Renovación automática,S,44
1011,5114,1931-07-17,330.0,Cesión de alma secundaria,S,454
1012,9032,1964-05-11,589.0,Cesión de alma secundaria,N,162
1013,4435,2001-11-25,679.0,Contrato eterno,N,39
1014,4156,1970-06-05,927.0,Contrato eterno,N,484
1015,8225,2011-04-09,403.0,Cesión de alma secundaria,N,181
1016,934,1954-12-09,722.0,Cláusula 66A,S,390
1017,3767,1943-04-25,689.0,Cláusula 66A,S,9999
1018,1846,2003-02-01,951.0,Anexo 13,N,156
1019,4171,1966-02-03,734.0,Renovación automática,N,114
1020,2298,2014-11-30,607.0,Renovación automática,S,57
1021,1408,2004-08-25,953.0,Cláusula 66A,S,399
1022,9306,2009-08-06,691.0,Contrato eterno,S,76
1023,6611,2006-11-12,829.0,Contrato eterno,N,335
1024,3393,1988-02-25,604.0,Renovación automática,S,494
1025,8492,1933-07-03,370.0,Cláusula 66A,N,25
1026,2615,1955-03-25,671.0,Contrato eterno,S,383
1027,7703,3000-13-40,507.0,Contrato eterno,S,9999
1028,8801,1998-09-29,,Cesión de alma secundaria,S,439
1029,3283,1947-01-05,995.0,Renovación automática,N,89
1030,659,1963-01-20,951.0,Renovación automática,S,354
1031,3337,1949-01-25,732.0,Contrato eterno,S,187
1032,1253,1955-11-01,763.0,Contrato eterno,N,211
1033,9922,1939-11-25,445.0,Cesión de alma secundaria,S,337
1034,3883,2022-07-28,963.0,Contrato eterno,N,329
1035,6530,1940-11-13,223.0,Cláusula 66A,N,209
1036,9906,1948-09-11,574.0,Contrato eterno,S,471
1037,806,2001-08-05,290.0,Renovación automática,S,64
1038,3991,2021-09-25,805.0,Cesión de alma secundaria,N,233
1039,5204,1985-12-05,911.0,Anexo 13,N,76
1040,320,3000-13-40,853.0,Contrato eterno,N,87
1041,8745,1930-08-02,80.0,Anexo 13,S,449
1042,4943,1937-01-25,933.0,Renovación automática,N,89
1043,6025,1967-05-04,176.0,Renovación automática,N,499
1044,2053,2010-09-18,869.0,Cláusula 66A,N,174
1045,6443,1980-09-02,960.0,Contrato eterno,N,197
1046,468,2015-09-02,28.0,Anexo 13,S,306
1047,321,1930-06-25,606.0,Contrato eterno,S,440
1048,2225,1943-04-06,209.0,Contrato eterno,S,373
1049,4542,1993-01-08,599.0,Renovación automática,S,85
1050,7585,3000-13-40,998.0,Contrato eterno,N,57
1051,7896,2012-06-19,366.0,Anexo 13,N,180
1052,5710,2016-05-25,26.0,Anexo 13,S,349
1053,5758,1994-07-19,156.0,Cláusula 66A,N,393
1054,4148,2011-10-14,54.0,Cesión de alma secundaria,S,103
1055,2855,2014-06-24,512.0,Cláusula 66A,S,196
1056,9388,2010-08-21,75.0,Anexo 13,S,195
1057,9843,1957-12-13,787.0,Cláusula 66A,S,203
1058,8101,1982-09-06,798.0,Anexo 13,N,462
1059,1925,1987-02-24,785.0,Anexo 13,S,56
1060,9123,1944-02-13,585.0,Cláusula 66A,N,446
1061,2663,1997-07-02,796.0,Contrato eterno,S,120
1062,6485,1981-05-28,297.0,Cesión de alma secundaria,N,245
1063,6951,1981-05-19,31.0,Cesión de alma secundaria,N,361
1064,8036,1932-03-08,899.0,Renovación automática,N,38
1065,7270,1957-03-21,694.0,Cláusula 66A,S,169
1066,2435,1931-12-06,719.0,Cláusula 66A,N,467
1067,5572,2005-08-28,407.0,Anexo 13,N,347
1068,5177,1977-02-19,171.0,Cláusula 66A,S,221
1069,814,2025-07-28,884.0,Cesión de alma secundaria,N,211
1070,3497,2016-07-23,67.0,Anexo 13,N,314
1071,4658,1990-10-09,,Anexo 13,N,347
1072,7451,2011-12-04,583.0,Renovación automática,S,276
1073,8826,1966-05-04,134.0,Cesión de alma secundaria,N,220
1074,4279,2018-02-22,841.0,Renovación automática,N,435
1075,279,1992-04-30,124.0,Anexo 13,S,202
1076,7137,1985-09-01,51.0,Anexo 13,N,92
1077,3533,1981-03-23,426.0,Contrato eterno,S,7
1078,3601,1958-09-26,902.0,Cesión de alma secundaria,S,137
1079,3631,1991-06-05,368.0,Contrato eterno,N,185
1080,5655,1957-03-18,300.0,Contrato eterno,N,19
1081,298,1976-07-06,810.0,Cesión de alma secundaria,N,310
1082,5573,1991-03-25,523.0,Anexo 13,S,383
1083,3631,2011-06-09,443.0,Cesión de alma secundaria,N,497
1084,188,1956-07-27,617.0,Anexo 13,N,53
1085,4700,1934-11-24,254.0,Contrato eterno,S,233
1086,5387,1989-09-05,413.0,Contrato eterno,S,411
1087,1066,1978-02-21,19.0,Renovación automática,S,305
1088,7161,2021-06-02,203.0,Renovación automática,N,181
1089,4125,2023-11-25,,Cesión de alma secundaria,N,373
1090,3263,1927-06-09,779.0,Contrato eterno,S,195
1091,1486,1929-08-22,540.0,Renovación automática,N,184
1092,665,1934-04-25,816.0,Cláusula 66A,N,362
1093,5709,1939-07-09,339.0,Cesión de alma secundaria,S,266
1094,7523,2005-06-25,160.0,Cláusula 66A,N,442
1095,472,2004-08-19,427.0,Cláusula 66A,S,217
1096,1254,3000-13-40,28.0,Contrato eterno,S,500
1097,8748,1983-09-01,992.0,Cláusula 66A,S,394
1098,4685,2022-11-17,535.0,Anexo 13,N,150
1099,5624,1946-01-07,830.0,Renovación automática,S,309
1100,3996,3000-13-40,40.0,Renovación automática,S,362
1101,9202,1993-10-04,696.0,Cesión de alma secundaria,S,270
1102,6314,1952-07-11,913.0,Cláusula 66A,S,245
1103,6581,1993-04-19,251.0,Renovación automática,N,161
1104,2882,1930-04-24,402.0,Anexo 13,N,486
1105,4715,1952-10-21,195.0,Contrato eterno,N,255
1106,882,1947-11-29,117.0,Anexo 13,S,30
1107,317,1976-01-03,736.0,Contrato eterno,S,344
1108,5438,2019-07-04,412.0,Renovación automática,N,400
1109,2015,1978-05-30,529.0,Cesión de alma secundaria,N,21
1110,5464,1990-11-05,936.0,Renovación automática,S,296
1111,5554,2007-02-17,10.0,Anexo 13,N,127
1112,2702,1990-11-23,990.0,Cláusula 66A,N,474
1113,933,2013-09-10,25.0,Contrato eterno,N,353
1114,7165,1946-04-05,18.0,Contrato eterno,N,475
1115,7243,1966-09-30,40.0,Cláusula 66A,S,496
1116,8669,2009-06-22,154.0,Cesión de alma secundaria,N,331
1117,3730,1977-12-20,39.0,Anexo 13,S,340
1118,3758,1976-05-27,171.0,Renovación automática,N,162
1119,5647,1954-04-21,511.0,Cláusula 66A,S,324
1120,4633,1989-10-08,482.0,Cláusula 66A,N,335
1121,9599,1999-08-07,193.0,Cesión de alma secundaria,S,424
1122,7062,1981-05-24,733.0,Cláusula 66A,S,331
1123,7404,1936-08-16,424.0,Cláusula 66A,S,440
1124,6420,3000-13-40,974.0,Anexo 13,S,61
1125,8816,1987-10-29,697.0,Cesión de alma secundaria,N,307
1126,7490,1972-06-17,361.0,Renovación automática,S,437
1127,9439,1994-04-29,722.0,Anexo 13,N,68
1128,986,2005-08-10,600.0,Contrato eterno,N,9999
1129,7363,2018-12-21,849.0,Contrato eterno,S,149
1130,136,1973-11-19,84.0,Cláusula 66A,N,123
1131,8880,1980-10-31,791.0,Cesión de alma secundaria,N,399
1132,7824,1967-07-11,465.0,Cláusula 66A,N,475
1133,6705,1989-10-29,667.0,Anexo 13,S,151
1134,4174,2016-08-22,371.0,Renovación automática,S,423
1135,939,1927-09-15,17.0,Cláusula 66A,S,9
1136,4839,1969-04-22,984.0,Cláusula 66A,S,437
1137,1909,2000-10-29,533.0,Cesión de alma secundaria,S,289
1138,368,2021-11-20,318.0,Cesión de alma secundaria,N,123
1139,7259,1992-04-30,83.0,Anexo 13,N,243
1140,9796,1938-03-22,756.0,Contrato eterno,N,296
1141,2872,1970-01-25,733.0,Anexo 13,S,159
1142,6294,1958-09-18,651.0,Anexo 13,S,101
1143,132,1983-05-20,611.0,Anexo 13,S,423
1144,7839,1994-08-24,755.0,Anexo 13,N,486
1145,2120,1979-07-12,644.0,Cesión de alma secundaria,S,453
1146,7327,1998-06-14,305.0,Cláusula 66A,S,332
1147,7747,1975-07-07,318.0,Anexo 13,S,133
1148,1473,1928-07-25,769.0,Cesión de alma secundaria,N,64
1149,6414,1975-03-19,669.0,Contrato eterno,N,398
1150,4901,1931-12-01,412.0,Cesión de alma secundaria,S,36
1151,8875,2013-04-23,386.0,Anexo 13,S,298
1152,8078,2022-12-01,186.0,Cláusula 66A,S,178
1153,6647,1984-01-20,650.0,Contrato eterno,N,213
1154,2614,1936-03-03,834.0,Contrato eterno,S,71
1155,3460,1970-09-10,993.0,Cesión de alma secundaria,S,336
1156,4697,2002-08-20,710.0,Cláusula 66A,N,9
1157,4546,1981-06-19,,Cesión de alma secundaria,N,43
1158,3129,1950-04-29,640.0,Anexo 13,S,116
1159,7135,1989-07-03,685.0,Cesión de alma secundaria,S,493
1160,7570,1989-03-24,477.0,Renovación automática,N,108
1161,3672,2005-11-01,665.0,Renovación automática,S,230
1162,9807,1931-08-25,177.0,Anexo 13,S,150
1163,6476,1935-06-27,784.0,Cláusula 66A,N,81
1164,512,1998-03-18,176.0,Renovación automática,N,347
1165,6758,1970-02-06,364.0,Anexo 13,N,142
1166,9987,1993-09-20,275.0,Cesión de alma secundaria,S,95
1167,329,2000-05-14,740.0,Contrato eterno,S,93
1168,2579,1933-03-07,764.0,Contrato eterno,S,148
1169,8744,2006-04-23,128.0,Renovación automática,N,431
1170,9770,1953-01-07,307.0,Cláusula 66A,N,416
1171,568,1941-11-04,92.0,Contrato eterno,N,182
1172,5104,1954-10-15,234.0,Cláusula 66A,S,25
1173,6656,1926-01-31,544.0,Renovación automática,N,30
1174,6832,1948-06-10,758.0,Cesión de alma secundaria,N,23
1175,2625,1927-02-01,912.0,Cesión de alma secundaria,N,227
1176,5034,2010-08-08,352.0,Anexo 13,S,147
1177,7518,1936-11-02,291.0,Anexo 13,S,238
1178,2365,1973-06-04,936.0,Cesión de alma secundaria,N,104
1179,773,1945-07-30,748.0,Cláusula 66A,S,355
1180,120,1962-06-05,464.0,Cláusula 66A,S,352
1181,338,1955-06-04,552.0,Cláusula 66A,N,325
1182,4806,2011-09-09,962.0,Cesión de alma secundaria,S,280
1183,5277,2019-11-07,686.0,Contrato eterno,N,208
1184,972,2018-04-25,480.0,Renovación automática,N,36
1185,2765,1936-07-02,662.0,Cláusula 66A,S,266
1186,2132,1956-09-27,680.0,Anexo 13,S,237
1187,4447,1942-05-29,473.0,Cláusula 66A,N,317
1188,9904,1966-05-21,36.0,Anexo 13,S,56
1189,9220,1936-10-15,297.0,Cláusula 66A,S,30
1190,1856,1986-01-11,342.0,Cesión de alma secundaria,S,83
1191,6720,2023-05-07,497.0,Cesión de alma secundaria,N,355
1192,9642,1987-05-13,418.0,Cesión de alma secundaria,S,187
1193,1115,1999-11-12,147.0,Cesión de alma secundaria,S,158
1194,7073,1985-08-17,925.0,Contrato eterno,N,395
1195,2288,1954-03-05,739.0,Anexo 13,N,139
1196,8266,1936-03-20,873.0,Renovación automática,S,16
1197,8398,3000-13-40,596.0,Anexo 13,N,460
1198,528,1930-02-07,48.0,Renovación automática,N,5
1199,1729,1930-07-07,781.0,Anexo 13,S,42
1200,7218,1980-08-18,559.0,Cláusula 66A,N,305
1201,7841,1998-03-26,137.0,Contrato eterno,N,215
1202,8994,2007-01-23,438.0,Cesión de alma secundaria,N,253
1203,298,2000-02-04,217.0,Renovación automática,S,195
1204,1426,2019-02-15,364.0,Contrato eterno,N,471
1205,6035,1980-10-15,823.0,Anexo 13,S,25
1206,9584,1998-06-04,213.0,Cesión de alma secundaria,N,459
1207,3798,1988-11-19,829.0,Anexo 13,N,338
1208,1853,2022-09-08,881.0,Renovación automática,N,273
1209,4229,1997-02-22,774.0,Anexo 13,N,64
1210,2159,1975-09-28,925.0,Cesión de alma secundaria,S,91
1211,2916,1973-06-01,124.0,Cesión de alma secundaria,N,110
1212,2639,2018-09-28,211.0,Contrato eterno,N,158
1213,6206,2003-01-21,744.0,Anexo 13,S,342
1214,3736,1970-07-06,233.0,Cesión de alma secundaria,N,405
1215,2910,1997-09-17,931.0,Renovación automática,N,223
1216,4658,1937-12-01,170.0,Cesión de alma secundaria,N,255
1217,3894,1978-11-23,80.0,Cláusula 66A,S,178
1218,2401,2020-05-25,828.0,Anexo 13,S,96
1219,6349,1947-11-01,129.0,Cláusula 66A,N,72
1220,3495,1992-10-09,225.0,Renovación automática,N,359
1221,7074,2019-08-27,613.0,Cláusula 66A,S,60
1222,2605,1934-07-13,140.0,Contrato eterno,N,404
1223,9598,2001-11-03,150.0,Cesión de alma secundaria,N,34
1224,8135,2005-02-25,298.0,Contrato eterno,S,19
1225,7504,1967-01-12,440.0,Anexo 13,N,398
1226,7739,1953-06-22,,Anexo 13,S,76
1227,7118,1976-10-21,58.0,Cesión de alma secundaria,S,114
1228,3266,2016-08-06,116.0,Renovación automática,S,221
1229,9919,1946-09-13,585.0,Cláusula 66A,N,490
1230,7855,1993-10-10,67.0,Cláusula 66A,N,176
1231,9173,2025-10-14,241.0,Renovación automática,N,317
1232,8122,2016-05-24,,Anexo 13,N,93
1233,4401,1948-11-19,199.0,Contrato eterno,S,163
1234,2637,1939-10-17,189.0,Cesión de alma secundaria,S,237
1235,9424,1976-08-14,98.0,Cesión de alma secundaria,S,354
1236,5603,1997-04-07,277.0,Renovación automática,S,60
1237,1832,1995-10-09,576.0,Renovación automática,N,497
1238,5041,1980-01-21,161.0,Cláusula 66A,N,379
1239,2955,1984-08-28,855.0,Cláusula 66A,N,382
1240,272,1964-02-05,902.0,Anexo 13,N,449
1241,3955,1940-06-08,537.0,Cláusula 66A,S,56
1242,922,1958-04-27,132.0,Cláusula 66A,N,322
1243,5737,2015-10-19,557.0,Anexo 13,S,81
1244,6965,2012-12-06,842.0,Renovación automática,N,49
1245,9886,1953-02-22,159.0,Cláusula 66A,S,151
1246,9105,1972-02-23,596.0,Renovación automática,S,400
1247,8282,1969-04-25,444.0,Renovación automática,N,89
1248,5536,1929-03-07,737.0,Anexo 13,S,230
1249,6680,3000-13-40,952.0,Renovación automática,S,98
1250,4979,1965-12-31,79.0,Anexo 13,N,229
1251,8137,2019-10-22,88.0,Cláusula 66A,N,227
1252,4131,1950-09-14,94.0,Renovación automática,N,129
1253,2598,1989-03-14,444.0,Anexo 13,N,410
1254,9881,1954-09-02,677.0,Contrato eterno,N,88
1255,7535,1978-01-19,16.0,Cesión de alma secundaria,S,396
1256,6736,2009-03-25,964.0,Renovación automática,S,13
1257,6559,1962-05-05,472.0,Cesión de alma secundaria,S,419
1258,2052,1975-03-30,74.0,Contrato eterno,N,454
1259,2593,1929-04-18,188.0,Renovación automática,S,430
1260,5698,1946-07-06,364.0,Cesión de alma secundaria,S,188
1261,386,1976-06-27,590.0,Cláusula 66A,N,8
1262,1830,1978-04-23,965.0,Anexo 13,N,441
1263,2869,2005-01-04,524.0,Renovación automática,N,172
1264,4551,1928-02-17,49.0,Anexo 13,S,379
1265,3504,1971-07-24,606.0,Cesión de alma secundaria,N,468
1266,4958,1929-02-05,140.0,Renovación automática,N,312
1267,7585,1957-09-12,372.0,Anexo 13,N,57
1268,3273,1983-04-04,750.0,Renovación automática,N,158
1269,6034,1984-10-10,436.0,Contrato eterno,S,394
1270,5185,1979-02-14,958.0,Cláusula 66A,N,55
1271,6670,1971-03-31,645.0,Cláusula 66A,S,481
1272,9169,1932-03-18,61.0,Anexo 13,N,461
1273,1005,1969-03-16,372.0,Anexo 13,S,385
1274,2977,1986-07-21,183.0,Anexo 13,S,432
1275,3060,1939-01-27,701.0,Renovación automática,S,340
1276,1367,1943-01-16,829.0,Cesión de alma secundaria,N,290
1277,7812,1985-02-16,843.0,Contrato eterno,N,318
1278,8111,1985-02-17,85.0,Renovación automática,S,481
1279,665,2002-12-17,64.0,Cesión de alma secundaria,S,159
1280,2227,1950-07-17,48.0,Renovación automática,S,42
1281,8613,1933-01-07,176.0,Cláusula 66A,N,265
1282,9447,2012-04-16,,Contrato eterno,S,306
1283,6313,1994-11-11,174.0,Anexo 13,S,34
1284,6576,1949-05-11,650.0,Renovación automática,S,48
1285,1616,1936-12-03,560.0,Renovación automática,S,249
1286,4345,1957-09-21,656.0,Contrato eterno,N,209
1287,6534,1979-03-03,69.0,Contrato eterno,N,109
1288,7456,2012-11-13,40.0,Contrato eterno,S,222
1289,2005,2023-12-03,354.0,Cláusula 66A,S,263
1290,3370,2008-07-21,204.0,Renovación automática,N,380
1291,6443,1996-04-06,798.0,Cláusula 66A,S,431
1292,2128,1979-04-21,149.0,Cesión de alma secundaria,S,454
1293,9816,1980-10-07,522.0,Cláusula 66A,N,9999
1294,7801,2012-06-20,569.0,Contrato eterno,S,347
1295,5123,2012-01-02,177.0,Anexo 13,S,427
1296,8232,1986-03-11,950.0,Renovación automática,N,421
1297,5793,1964-06-01,278.0,Contrato eterno,N,172
1298,2879,2011-06-14,825.0,Anexo 13,S,40
1299,5781,1980-06-28,277.0,Contrato eterno,N,82
1300,1472,1931-11-27,424.0,Cláusula 66A,N,359
1301,502,1944-03-28,154.0,Anexo 13,N,455
1302,7082,2023-04-02,599.0,Anexo 13,N,65
1303,747,2003-03-07,,Contrato eterno,S,379
1304,124,1952-10-16,298.0,Contrato eterno,N,270
1305,618,1983-10-30,763.0,Contrato eterno,S,477
1306,7623,1942-04-04,646.0,Renovación automática,N,217
1307,4446,1935-12-17,356.0,Cláusula 66A,N,458
1308,6384,2017-06-29,780.0,Cláusula 66A,N,316
1309,6025,1936-03-14,293.0,Cesión de alma secundaria,S,198
1310,6421,1971-05-18,384.0,Renovación automática,N,342
1311,608,1995-07-09,591.0,Renovación automática,S,223
1312,6492,2023-03-02,855.0,Anexo 13,S,152
1313,2771,1936-05-15,348.0,Renovación automática,S,500
1314,5361,3000-13-40,740.0,Anexo 13,N,172
1315,2789,1994-03-20,143.0,Renovación automática,S,382
1316,1681,1934-02-07,993.0,Contrato eterno,S,20
1317,8132,1967-01-08,417.0,Contrato eterno,S,8
1318,4888,1983-10-05,694.0,Anexo 13,N,147
1319,221,2019-02-19,476.0,Cláusula 66A,N,158
1320,9648,1927-09-24,281.0,Cesión de alma secundaria,N,105
1321,3578,1953-03-19,,Contrato eterno,S,238
1322,7566,2023-12-14,574.0,Anexo 13,N,335
1323,4732,1995-04-12,555.0,Cesión de alma secundaria,N,272
1324,6963,2010-03-19,232.0,Contrato eterno,N,442
1325,8125,2019-06-08,430.0,Anexo 13,N,214
1326,215,1951-06-03,416.0,Contrato eterno,S,257
1327,5542,1979-03-06,862.0,Renovación automática,S,497
1328,5127,2024-05-19,861.0,Anexo 13,N,358
1329,9330,1971-01-23,513.0,Renovación automática,S,55
1330,3439,1936-05-20,250.0,Contrato eterno,N,460
1331,388,2025-05-14,751.0,Contrato eterno,S,321
1332,100,1954-08-10,354.0,Anexo 13,N,71
1333,7195,1953-03-23,214.0,Renovación automática,N,341
1334,5596,1943-02-23,85.0,Renovación automática,S,308
1335,5606,1965-09-03,611.0,Renovación automática,S,207
1336,8468,2009-03-29,259.0,Contrato eterno,N,102
1337,3939,1978-05-07,122.0,Cláusula 66A,N,472
1338,7238,1986-09-05,420.0,Renovación automática,S,422
1339,3386,1936-01-13,40.0,Anexo 13,S,2
1340,6323,2010-08-31,210.0,Contrato eterno,N,92
1341,9818,2007-11-05,943.0,Contrato eterno,N,376
1342,5984,1953-07-21,410.0,Cláusula 66A,N,106
1343,9722,1978-05-16,114.0,Contrato eterno,S,372
1344,7702,1934-08-04,788.0,Cesión de alma secundaria,N,259
1345,7856,1967-04-17,50.0,Cláusula 66A,S,169
1346,2452,1934-05-21,820.0,Renovación automática,S,384
1347,5440,1972-10-14,57.0,Cláusula 66A,N,351
1348,7644,1960-12-19,204.0,Cláusula 66A,N,401
1349,9461,1942-12-08,400.0,Renovación automática,S,288
1350,8182,2014-04-18,960.0,Cláusula 66A,N,151
1351,5603,1958-10-28,278.0,Anexo 13,N,165
1352,4491,1970-07-18,990.0,Contrato eterno,N,308
1353,1828,1973-08-22,750.0,Cláusula 66A,S,490
1354,4935,2015-05-31,861.0,Cesión de alma secundaria,N,156
1355,8131,2022-12-26,123.0,Cláusula 66A,S,325
1356,7603,1986-07-14,840.0,Renovación automática,N,135
1357,6545,1954-09-27,53.0,Renovación automática,S,336
1358,501,1941-11-18,164.0,Anexo 13,N,45
1359,1982,1939-03-25,351.0,Anexo 13,S,109
1360,9092,1987-03-06,538.0,Anexo 13,S,277
1361,7132,2005-04-16,516.0,Anexo 13,N,203
1362,3770,1971-11-02,609.0,Contrato eterno,S,212
1363,3254,1980-08-02,660.0,Anexo 13,S,406
1364,5910,1955-04-21,989.0,Cesión de alma secundaria,S,176
1365,5168,2013-12-24,722.0,Contrato eterno,N,288
1366,833,1993-12-24,603.0,Anexo 13,N,463
1367,484,2010-10-31,134.0,Anexo 13,N,61
1368,4747,1999-10-14,202.0,Contrato eterno,N,258
1369,1387,1988-08-04,281.0,Contrato eterno,S,201
1370,3457,1997-04-01,104.0,Renovación automática,N,497
1371,6786,2018-03-08,127.0,Renovación automática,N,9999
1372,7479,2005-08-15,133.0,Cláusula 66A,N,308
1373,788,2010-03-16,926.0,Renovación automática,S,20
1374,1082,3000-13-40,158.0,Renovación automática,S,377
1375,9345,1987-04-05,667.0,Contrato eterno,S,82
1376,2604,1999-10-21,693.0,Cláusula 66A,N,49
1377,7483,1949-09-23,372.0,Cesión de alma secundaria,S,163
1378,7750,2007-10-12,107.0,Contrato eterno,N,479
1379,3605,2007-09-09,587.0,Contrato eterno,N,331
1380,3967,2009-08-23,255.0,Anexo 13,S,349
1381,3122,1945-03-19,181.0,Cláusula 66A,N,234
1382,2610,2017-10-03,192.0,Renovación automática,S,394
1383,8671,1973-05-29,702.0,Cesión de alma secundaria,S,360
1384,5363,1933-01-30,180.0,Renovación automática,N,242
1385,801,1929-11-05,263.0,Renovación automática,N,221
1386,4652,2022-11-25,999.0,Renovación automática,N,181
1387,8479,1951-05-19,975.0,Contrato eterno,S,171
1388,4400,1955-02-16,772.0,Cláusula 66A,N,475
1389,2954,1958-08-18,819.0,Anexo 13,S,39
1390,1755,2022-08-13,692.0,Contrato eterno,N,380
1391,6239,2006-05-09,842.0,Renovación automática,S,361
1392,7567,1941-02-28,323.0,Contrato eterno,N,226
1393,965,1926-03-04,15.0,Contrato eterno,S,158
1394,9463,1978-12-04,721.0,Anexo 13,N,124
1395,4231,1995-06-15,232.0,Contrato eterno,S,275
1396,4150,1992-11-02,671.0,Cesión de alma secundaria,S,157
1397,3665,1933-12-06,617.0,Contrato eterno,S,400
1398,7464,1926-01-12,445.0,Cesión de alma secundaria,N,215
1399,8187,2013-05-16,495.0,Cesión de alma secundaria,S,109
1400,590,1935-11-18,350.0,Contrato eterno,N,208
1401,287,1979-07-01,650.0,Renovación automática,S,307
1402,2508,2006-12-24,22.0,Contrato eterno,S,296
1403,1644,1970-09-28,112.0,Cesión de alma secundaria,N,128
1404,4277,2005-05-09,820.0,Cesión de alma secundaria,S,112
1405,8770,1946-09-23,411.0,Anexo 13,N,108
1406,8592,1985-05-11,475.0,Anexo 13,S,182
1407,4994,1971-09-28,938.0,Cesión de alma secundaria,N,119
1408,6858,2005-12-01,158.0,Renovación automática,N,367
1409,2256,1989-11-05,736.0,Cláusula 66A,S,435
1410,3733,1974-04-10,878.0,Renovación automática,N,22
1411,9768,1928-01-14,537.0,Cláusula 66A,N,407
1412,5762,3000-13-40,932.0,Cláusula 66A,N,116
1413,3056,1969-04-14,174.0,Anexo 13,N,214
1414,4104,2015-07-31,650.0,Renovación automática,N,143
1415,7384,1931-04-13,764.0,Cesión de alma secundaria,S,271
1416,6611,1943-05-28,264.0,Contrato eterno,N,47
1417,9944,1990-02-12,176.0,Cesión de alma secundaria,N,291
1418,5738,1974-10-08,35.0,Contrato eterno,S,273
1419,2864,1936-10-29,483.0,Cláusula 66A,S,3
1420,188,1967-09-23,375.0,Cesión de alma secundaria,S,374
1421,8874,1966-09-16,739.0,Renovación automática,S,127
1422,4162,1976-08-20,78.0,Cesión de alma secundaria,N,250
1423,6627,1950-03-03,70.0,Cláusula 66A,S,465
1424,6332,2016-03-06,578.0,Renovación automática,N,267
1425,8906,2013-10-27,268.0,Contrato eterno,S,404
1426,6387,1941-03-11,142.0,Cesión de alma secundaria,N,129
1427,3959,1990-03-03,295.0,Renovación automática,N,225
1428,7709,2024-12-26,515.0,Contrato eterno,N,484
1429,1550,2009-07-02,838.0,Cesión de alma secundaria,N,216
1430,7891,1953-11-03,804.0,Cláusula 66A,S,368
1431,3514,1973-05-11,168.0,Cesión de alma secundaria,N,296
1432,3984,1962-12-05,551.0,Contrato eterno,N,238
1433,3186,1978-04-18,295.0,Contrato eterno,S,313
1434,7074,1926-08-31,20.0,Cláusula 66A,S,309
1435,2356,1940-02-23,810.0,Cláusula 66A,S,345
1436,3076,1939-05-26,42.0,Cláusula 66A,S,311
1437,9526,2022-11-17,703.0,Contrato eterno,N,352
1438,3489,3000-13-40,96.0,Anexo 13,N,159
1439,4305,1955-03-30,283.0,Anexo 13,N,231
1440,2469,2015-06-06,546.0,Anexo 13,N,426
1441,693,2017-06-16,812.0,Renovación automática,S,273
1442,631,1938-05-21,441.0,Cláusula 66A,N,292
1443,5143,1952-04-28,168.0,Cláusula 66A,S,97
1444,8737,1941-01-09,639.0,Cesión de alma secundaria,S,116
1445,2738,1991-10-16,494.0,Contrato eterno,S,347
1446,1544,1955-11-26,26.0,Contrato eterno,S,441
1447,3160,1978-07-21,78.0,Renovación automática,S,120
1448,1221,1972-09-22,980.0,Contrato eterno,N,492
1449,4355,1928-08-10,133.0,Cláusula 66A,S,83
1450,4875,1985-06-04,325.0,Anexo 13,N,309
1451,469,2011-05-01,281.0,Cláusula 66A,N,422
1452,2288,1991-04-06,992.0,Renovación automática,S,482
1453,3055,2008-05-11,334.0,Contrato eterno,S,371
1454,3793,1977-08-15,469.0,Cláusula 66A,N,354
1455,4404,1937-12-19,755.0,Contrato eterno,N,271
1456,6445,1997-10-15,25.0,Cesión de alma secundaria,S,259
1457,112,2002-06-09,311.0,Contrato eterno,S,56
1458,5516,2014-03-15,208.0,Renovación automática,S,370
1459,9623,1955-04-20,368.0,Contrato eterno,N,131
1460,813,2019-09-02,298.0,Anexo 13,S,194
1461,4800,2009-09-12,11.0,Renovación automática,S,27
1462,1673,2009-04-12,872.0,Contrato eterno,N,418
1463,7962,1949-05-19,505.0,Cláusula 66A,S,320
1464,6050,1973-05-16,532.0,Renovación automática,N,243
1465,2926,1954-06-21,441.0,Contrato eterno,N,492
1466,406,1967-06-24,921.0,Renovación automática,S,465
1467,2462,1988-12-07,302.0,Renovación automática,N,214
1468,2208,1940-02-01,679.0,Renovación automática,S,234
1469,2604,2013-10-18,500.0,Cláusula 66A,N,248
1470,8548,1966-11-09,503.0,Contrato eterno,N,494
1471,7296,1979-11-23,901.0,Cesión de alma secundaria,N,48
1472,8596,1987-10-22,566.0,Cláusula 66A,N,432
1473,4356,1966-10-01,510.0,Cláusula 66A,S,101
1474,5399,1960-07-14,370.0,Cláusula 66A,N,191
1475,9032,1940-10-22,209.0,Cesión de alma secundaria,S,118
1476,2596,1958-12-02,651.0,Contrato eterno,N,218
1477,8043,1987-10-03,281.0,Cláusula 66A,N,331
1478,1952,2004-09-26,519.0,Cesión de alma secundaria,N,192
1479,6551,1949-12-13,67.0,Anexo 13,S,300
1480,9844,1984-10-13,503.0,Contrato eterno,S,129
1481,8244,1999-12-21,445.0,Cláusula 66A,S,119
1482,4189,1945-06-15,603.0,Renovación automática,N,98
1483,749,1953-07-10,115.0,Anexo 13,N,158
1484,2111,3000-13-40,47.0,Renovación automática,S,202
1485,9859,1990-02-08,724.0,Renovación automática,S,308
1486,9648,1943-05-26,35.0,Cláusula 66A,S,147
1487,5914,1935-09-02,878.0,Anexo 13,S,327
1488,1224,2016-11-21,616.0,Anexo 13,N,106
1489,1864,1949-09-04,339.0,Anexo 13,N,72
1490,6177,2007-09-19,286.0,Contrato eterno,S,146
1491,1426,1933-04-11,560.0,Cláusula 66A,N,354
1492,5613,2013-07-01,309.0,Anexo 13,S,287
1493,1564,1964-11-11,603.0,Anexo 13,S,253
1494,9660,1961-04-13,332.0,Cesión de alma secundaria,N,60
1495,424,2020-05-10,236.0,Cesión de alma secundaria,S,26
1496,6310,1959-10-29,502.0,Anexo 13,N,386
1497,6256,2022-07-24,958.0,Anexo 13,N,391
1498,2918,1970-07-26,199.0,Anexo 13,S,40
1499,7248,1990-07-19,912.0,Cesión de alma secundaria,S,71
1500,1146,1967-01-09,540.0,Cláusula 66A,S,352
1501,2778,1957-10-30,56.0,Anexo 13,S,479
1502,8457,2022-08-23,908.0,Contrato eterno,S,488
1503,4983,1968-10-20,295.0,Cesión de alma secundaria,N,498
1504,2178,1970-09-05,568.0,Cláusula 66A,N,324
1505,8883,1956-12-16,743.0,Cláusula 66A,S,369
1506,1490,1983-08-25,379.0,Anexo 13,N,168
1507,1910,1957-06-08,258.0,Contrato eterno,N,222
1508,2373,1949-10-05,358.0,Renovación automática,S,412
1509,1261,1938-10-22,705.0,Contrato eterno,N,69
1510,8808,1931-12-19,895.0,Contrato eterno,N,342
1511,6381,1932-12-07,376.0,Cláusula 66A,S,395
1512,1273,1964-11-02,226.0,Contrato eterno,S,322
1513,5708,1927-01-07,877.0,Cesión de alma secundaria,S,381
1514,1161,1984-08-24,866.0,Cláusula 66A,N,15
1515,4260,1951-08-10,499.0,Cesión de alma secundaria,N,428
1516,204,1956-09-07,547.0,Contrato eterno,N,429
1517,3358,2011-03-11,514.0,Cesión de alma secundaria,S,139
1518,3449,1937-07-20,642.0,Contrato eterno,N,257
1519,1373,1984-08-23,749.0,Cesión de alma secundaria,S,23
1520,6435,1988-08-29,227.0,Anexo 13,N,119
1521,5690,1993-05-26,751.0,Renovación automática,S,126
1522,3717,1971-11-19,739.0,Anexo 13,S,165
1523,7817,1964-10-11,623.0,Cláusula 66A,S,16
1524,7763,2022-08-12,986.0,Renovación automática,S,423
1525,4953,1933-09-22,760.0,Anexo 13,S,440
1526,1482,2023-01-08,710.0,Cláusula 66A,S,386
1527,6143,2008-09-19,542.0,Anexo 13,N,201
1528,7852,2017-12-12,592.0,Cláusula 66A,N,229
1529,5993,1931-04-19,987.0,Contrato eterno,N,389
1530,3237,1972-08-06,23.0,Cesión de alma secundaria,S,477
1531,7110,1943-12-15,555.0,Renovación automática,N,424
1532,9681,1965-10-31,758.0,Cláusula 66A,S,78
1533,7547,1971-04-28,780.0,Cláusula 66A,N,253
1534,56,1998-01-05,187.0,Cláusula 66A,N,275
1535,4101,1975-11-30,974.0,Contrato eterno,S,271
1536,1426,1928-11-30,146.0,Contrato eterno,N,101
1537,810,1950-08-30,250.0,Cesión de alma secundaria,S,309
1538,7774,2014-05-03,297.0,Anexo 13,N,452
1539,7240,1954-05-21,418.0,Contrato eterno,N,490
1540,8148,1989-11-20,773.0,Cláusula 66A,S,441
1541,6649,1938-11-13,76.0,Contrato eterno,S,487
1542,2068,1961-03-07,629.0,Cláusula 66A,S,493
1543,2445,2014-01-13,213.0,Renovación automática,N,88
1544,4331,1976-08-30,137.0,Contrato eterno,S,272
1545,6124,1927-11-18,185.0,Contrato eterno,N,92
1546,5740,1947-09-02,499.0,Cláusula 66A,N,55
1547,1510,1989-11-26,223.0,Anexo 13,N,60
1548,3182,1936-09-02,109.0,Renovación automática,S,380
1549,6881,1941-03-22,565.0,Contrato eterno,S,9999
1550,2030,1940-06-23,755.0,Cláusula 66A,S,133
1551,8023,1978-04-23,236.0,Cláusula 66A,S,155
1552,9865,1979-06-26,704.0,Cláusula 66A,N,8
1553,1658,1941-08-04,946.0,Cesión de alma secundaria,S,186
1554,8043,1982-05-06,564.0,Renovación automática,S,153
1555,3952,2012-08-23,457.0,Renovación automática,S,80
1556,1381,1950-11-07,274.0,Contrato eterno,S,350
1557,3990,2009-01-16,473.0,Contrato eterno,S,165
1558,5684,2001-06-12,981.0,Renovación automática,N,367
1559,9226,1982-03-27,74.0,Cláusula 66A,N,250
1560,7915,3000-13-40,98.0,Cesión de alma secundaria,N,386
1561,6384,1975-06-24,595.0,Anexo 13,S,214
1562,785,1930-03-16,236.0,Cesión de alma secundaria,S,297
1563,494,1951-01-26,842.0,Contrato eterno,S,467
1564,985,2022-03-15,531.0,Contrato eterno,S,37
1565,9386,1987-03-10,183.0,Contrato eterno,N,278
1566,3390,2005-02-19,839.0,Anexo 13,S,1
1567,8216,2010-04-09,828.0,Cláusula 66A,N,381
1568,8089,1990-03-03,510.0,Contrato eterno,S,445
1569,7413,1928-09-08,831.0,Cláusula 66A,S,276
1570,9645,1937-01-27,813.0,Cláusula 66A,N,129
1571,2012,1948-07-01,,Renovación automática,S,294
1572,5450,1999-03-15,619.0,Contrato eterno,S,497
1573,6276,1974-12-13,798.0,Renovación automática,N,167
1574,6331,1956-01-08,617.0,Cesión de alma secundaria,S,436
1575,7265,2005-04-02,53.0,Cesión de alma secundaria,S,355
1576,7311,1997-06-22,321.0,Renovación automática,N,424
1577,2583,2017-11-26,472.0,Cesión de alma secundaria,N,263
1578,5355,1957-01-12,817.0,Cláusula 66A,N,191
1579,8056,1993-03-12,737.0,Renovación automática,S,273
1580,532,1974-05-04,604.0,Cláusula 66A,N,304
1581,729,1988-03-15,143.0,Renovación automática,N,198
1582,4484,1969-05-09,420.0,Cesión de alma secundaria,S,167
1583,7219,1985-05-21,,Cláusula 66A,N,207
1584,8604,2024-03-31,864.0,Anexo 13,N,244
1585,2715,1999-11-28,113.0,Cesión de alma secundaria,S,293
1586,5000,1938-10-04,254.0,Contrato eterno,S,360
1587,8047,1987-08-30,869.0,Anexo 13,S,483
1588,1251,1931-01-03,804.0,Anexo 13,S,181
1589,6116,1945-04-09,562.0,Anexo 13,S,302
1590,2795,2002-07-09,418.0,Cláusula 66A,S,444
1591,1126,1972-09-12,845.0,Cesión de alma secundaria,S,339
1592,5010,1967-09-19,368.0,Contrato eterno,N,302
1593,1843,1997-06-19,636.0,Renovación automática,N,73
1594,6284,2023-04-07,690.0,Contrato eterno,N,272
1595,6797,1944-08-30,88.0,Anexo 13,S,363
1596,9195,2009-02-05,913.0,Cláusula 66A,S,464
1597,4672,1954-06-17,877.0,Cesión de alma secundaria,S,225
1598,2445,1990-02-14,479.0,Anexo 13,N,499
1599,5600,2004-02-15,526.0,Renovación automática,S,248
1600,5482,1950-09-27,461.0,Renovación automática,S,257
1601,7642,1999-08-23,768.0,Anexo 13,S,486
1602,2575,1969-12-21,992.0,Cesión de alma secundaria,N,351
1603,2866,1976-03-03,650.0,Contrato eterno,N,449
1604,5617,1944-01-04,694.0,Anexo 13,N,207
1605,8479,1985-01-02,634.0,Contrato eterno,S,318
1606,806,2015-11-27,453.0,Renovación automática,N,330
1607,8099,1999-10-16,656.0,Cláusula 66A,S,392
1608,9310,1991-01-23,586.0,Renovación automática,S,492
1609,8996,2007-04-08,991.0,Renovación automática,N,195
1610,2557,1932-08-28,723.0,Cláusula 66A,S,396
1611,1614,2017-07-21,967.0,Contrato eterno,S,459
1612,51,1965-04-09,664.0,Cláusula 66A,S,499
1613,4941,1998-03-15,36.0,Renovación automática,N,383
1614,7446,1926-06-07,736.0,Cesión de alma secundaria,N,181
1615,5595,2009-06-08,660.0,Cesión de alma secundaria,N,277
1616,1543,1980-11-01,312.0,Contrato eterno,N,475
1617,4075,1977-08-03,913.0,Anexo 13,N,463
1618,854,1935-04-04,566.0,Cesión de alma secundaria,S,250
1619,8002,1955-07-22,873.0,Cesión de alma secundaria,N,89
1620,9667,2006-12-10,260.0,Cláusula 66A,N,322
1621,1913,1975-09-04,441.0,Anexo 13,S,490
1622,7410,1989-06-02,520.0,Contrato eterno,S,176
1623,2973,2017-12-08,340.0,Anexo 13,N,107
1624,1222,2012-11-26,926.0,Renovación automática,N,385
1625,9434,2013-11-15,608.0,Cláusula 66A,S,251
1626,5789,2024-12-18,885.0,Cláusula 66A,S,148
1627,7194,1994-02-14,,Cláusula 66A,S,192
1628,6602,1926-06-08,32.0,Renovación automática,N,8
1629,754,1980-08-08,854.0,Cesión de alma secundaria,N,199
1630,9988,1926-01-22,195.0,Renovación automática,S,279
1631,7874,2025-05-17,356.0,Cesión de alma secundaria,S,362
1632,1417,2001-06-11,319.0,Contrato eterno,N,23
1633,2160,1932-03-29,208.0,Renovación automática,N,370
1634,3644,2020-02-25,467.0,Cesión de alma secundaria,N,414
1635,1851,2007-06-30,80.0,Contrato eterno,N,435
1636,9421,2002-03-17,917.0,Contrato eterno,S,449
1637,9053,1995-12-18,16.0,Cesión de alma secundaria,N,255
1638,618,1939-07-22,788.0,Cesión de alma secundaria,N,383
1639,9142,1953-06-26,657.0,Cesión de alma secundaria,S,126
1640,3194,1954-01-12,883.0,Cláusula 66A,N,198
1641,2310,1979-08-16,11.0,Cesión de alma secundaria,N,437
1642,7496,1929-10-31,798.0,Renovación automática,S,442
1643,2859,1981-01-23,95.0,Renovación automática,S,458
1644,6317,1931-12-01,610.0,Anexo 13,N,355
1645,7708,1955-01-02,66.0,Anexo 13,S,444
1646,9424,1985-05-10,311.0,Anexo 13,S,455
1647,5717,1933-02-13,868.0,Renovación automática,S,62
1648,3480,1958-07-04,761.0,Cesión de alma secundaria,S,53
1649,1513,1960-03-21,484.0,Cláusula 66A,S,139
1650,8442,1976-09-18,328.0,Cláusula 66A,N,489
1651,9532,1971-06-06,616.0,Cesión de alma secundaria,N,448
1652,1419,1981-03-04,614.0,Anexo 13,S,440
1653,6641,1981-02-24,250.0,Contrato eterno,S,485
1654,1988,1943-06-09,714.0,Cesión de alma secundaria,N,61
1655,8973,1955-09-28,130.0,Cláusula 66A,S,277
1656,9082,2005-03-06,271.0,Cláusula 66A,N,214
1657,4671,1938-02-20,613.0,Cesión de alma secundaria,N,289
1658,1835,1926-09-14,659.0,Cláusula 66A,S,176
1659,9690,1952-01-02,181.0,Cláusula 66A,S,135
1660,850,2022-02-10,494.0,Contrato eterno,N,158
1661,1148,1937-05-07,393.0,Cláusula 66A,N,211
1662,7911,2022-05-26,339.0,Anexo 13,S,184
1663,4303,1964-01-27,591.0,Renovación automática,S,209
1664,5560,2007-05-25,242.0,Renovación automática,S,17
1665,336,1996-03-27,331.0,Anexo 13,S,440
1666,4515,1939-07-22,305.0,Anexo 13,N,301
1667,3178,1994-10-30,325.0,Cesión de alma secundaria,S,467
1668,4315,2000-04-02,670.0,Cláusula 66A,S,34
1669,6799,1941-02-17,322.0,Anexo 13,S,316
1670,2564,2002-09-18,194.0,Anexo 13,S,181
1671,2884,2018-02-17,903.0,Cesión de alma secundaria,S,458
1672,8975,1943-02-07,891.0,Anexo 13,S,244
1673,5455,2024-10-29,40.0,Contrato eterno,S,397
1674,2242,1928-07-26,665.0,Anexo 13,N,124
1675,7192,1963-05-26,,Anexo 13,S,271
1676,7684,1944-08-26,840.0,Anexo 13,S,320
1677,8543,1998-03-07,460.0,Cláusula 66A,N,352
1678,2081,1950-05-21,772.0,Anexo 13,S,141
1679,217,1982-06-07,46.0,Cesión de alma secundaria,N,452
1680,4632,1960-09-15,646.0,Cesión de alma secundaria,N,215
1681,6143,1948-09-18,256.0,Cesión de alma secundaria,S,244
1682,24,1995-10-09,908.0,Renovación automática,S,309
1683,8471,1961-01-03,885.0,Renovación automática,N,231
1684,6951,2015-04-27,852.0,Cláusula 66A,N,92
1685,7146,2019-08-29,473.0,Contrato eterno,N,93
1686,1524,2013-01-16,671.0,Renovación automática,S,172
1687,9543,2004-02-08,442.0,Anexo 13,S,1
1688,7608,1993-06-20,205.0,Contrato eterno,S,32
1689,8497,2007-06-08,18.0,Anexo 13,S,229
1690,836,2024-03-14,764.0,Cesión de alma secundaria,N,204
1691,2526,1935-09-30,428.0,Contrato eterno,N,358
1692,4157,1963-12-30,57.0,Contrato eterno,N,432
1693,1384,1962-11-27,414.0,Cesión de alma secundaria,S,246
1694,427,1954-08-24,10.0,Renovación automática,S,363
1695,4732,1982-04-22,186.0,Cesión de alma secundaria,S,27
1696,6032,1966-05-27,902.0,Contrato eterno,S,369
1697,4375,1959-12-28,776.0,Cesión de alma secundaria,S,352
1698,8884,1941-04-28,382.0,Anexo 13,N,56
1699,8447,1938-01-22,630.0,Anexo 13,N,482
1700,4045,2009-08-05,732.0,Renovación automática,N,351
1701,7140,1928-10-05,779.0,Cesión de alma secundaria,N,161
1702,1793,1971-12-18,836.0,Cesión de alma secundaria,S,204
1703,7827,1980-07-19,367.0,Anexo 13,N,370
1704,9748,2022-06-12,888.0,Cláusula 66A,S,133
1705,7709,1981-02-09,191.0,Renovación automática,N,367
1706,2654,2006-12-16,888.0,Renovación automática,S,22
1707,998,1995-01-11,388.0,Cesión de alma secundaria,S,18
1708,9203,2011-12-31,831.0,Cesión de alma secundaria,N,201
1709,8757,1997-03-04,726.0,Anexo 13,S,185
1710,8922,1945-10-06,230.0,Cláusula 66A,S,436
1711,9454,1965-07-05,439.0,Cláusula 66A,N,35
1712,8825,1963-04-02,751.0,Contrato eterno,S,285
1713,9543,1990-01-27,735.0,Renovación automática,N,321
1714,9992,1949-01-29,523.0,Anexo 13,S,398
1715,2114,1935-02-12,549.0,Contrato eterno,S,9999
1716,6616,1939-05-22,793.0,Cláusula 66A,S,149
1717,3846,1974-10-12,292.0,Contrato eterno,S,182
1718,4952,1971-02-19,185.0,Cláusula 66A,S,9
1719,8820,1968-09-12,421.0,Renovación automática,N,422
1720,4897,1975-02-12,314.0,Renovación automática,S,21
1721,1146,2005-10-19,663.0,Cláusula 66A,S,426
1722,3300,1952-06-15,358.0,Anexo 13,S,329
1723,5592,1948-08-05,23.0,Anexo 13,S,152
1724,6661,1961-06-30,636.0,Contrato eterno,N,70
1725,2111,1943-06-11,189.0,Anexo 13,S,453
1726,4059,1963-07-28,393.0,Contrato eterno,S,483
1727,1233,1948-02-03,546.0,Cesión de alma secundaria,N,231
1728,6274,1961-12-17,363.0,Renovación automática,N,163
1729,8154,1979-03-01,13.0,Anexo 13,S,98
1730,3668,1936-07-27,517.0,Renovación automática,S,349
1731,6200,1983-09-05,545.0,Contrato eterno,S,479
1732,5822,1931-08-25,613.0,Renovación automática,S,76
1733,6443,2012-06-30,39.0,Cláusula 66A,N,126
1734,6697,1954-05-26,536.0,Cesión de alma secundaria,N,335
1735,5450,1967-12-18,242.0,Contrato eterno,S,138
1736,877,2011-08-03,860.0,Cesión de alma secundaria,N,295
1737,1899,1954-06-02,75.0,Cesión de alma secundaria,N,277
1738,1459,2007-11-24,735.0,Cesión de alma secundaria,N,492
1739,4211,1977-07-13,978.0,Cláusula 66A,N,115
1740,151,2017-05-31,22.0,Cesión de alma secundaria,N,420
1741,9078,1935-03-10,424.0,Renovación automática,N,317
1742,1915,1970-07-13,103.0,Cláusula 66A,S,69
1743,1358,2008-05-16,551.0,Contrato eterno,N,330
1744,1522,1953-07-01,969.0,Contrato eterno,S,72
1745,3413,1974-11-20,339.0,Anexo 13,S,445
1746,7211,1995-10-26,245.0,Cláusula 66A,N,471
1747,4373,1939-07-26,192.0,Contrato eterno,S,231
1748,4938,1983-07-28,474.0,Anexo 13,S,9999
1749,9722,1954-11-11,301.0,Anexo 13,N,90
1750,5162,1933-07-01,274.0,Renovación automática,S,455
1751,635,1970-12-26,848.0,Contrato eterno,N,10
1752,3772,1928-08-08,302.0,Anexo 13,N,390
1753,6034,1996-06-06,10.0,Renovación automática,N,1
1754,5924,1970-04-25,461.0,Contrato eterno,N,467
1755,1293,1991-10-17,35.0,Contrato eterno,S,432
1756,6323,2014-11-25,195.0,Cláusula 66A,S,104
1757,1081,1943-06-18,433.0,Anexo 13,S,330
1758,5092,1980-03-06,586.0,Cláusula 66A,N,370
1759,8880,1963-05-23,706.0,Anexo 13,N,15
1760,6831,1972-08-25,417.0,Cesión de alma secundaria,S,72
1761,570,1998-12-19,27.0,Contrato eterno,S,264
1762,4759,2017-01-25,483.0,Contrato eterno,S,9999
1763,1353,1938-09-18,981.0,Contrato eterno,S,321
1764,7918,1977-12-24,914.0,Contrato eterno,N,488
1765,5453,1983-04-14,362.0,Contrato eterno,S,443
1766,536,1933-10-18,165.0,Cláusula 66A,N,103
1767,2911,1945-11-28,692.0,Contrato eterno,N,425
1768,1266,1995-06-10,508.0,Anexo 13,S,139
1769,1009,3000-13-40,116.0,Anexo 13,N,384
1770,8187,1971-06-04,,Cláusula 66A,N,126
1771,1125,1929-04-24,207.0,Contrato eterno,N,243
1772,1860,1974-08-25,363.0,Anexo 13,S,446
1773,6491,1936-05-08,321.0,Contrato eterno,S,445
1774,7778,1994-06-24,353.0,Cláusula 66A,S,69
1775,8651,1990-02-10,572.0,Anexo 13,S,196
1776,1666,1983-10-08,69.0,Cláusula 66A,N,115
1777,5370,1935-11-27,744.0,Renovación automática,S,469
1778,4633,1996-11-03,424.0,Cláusula 66A,S,12
1779,4446,2007-04-02,918.0,Cesión de alma secundaria,S,131
1780,6881,1939-12-29,200.0,Contrato eterno,N,478
1781,4318,1949-12-26,,Renovación automática,N,86
1782,1386,1983-08-10,443.0,Renovación automática,S,68
1783,2249,1945-02-26,871.0,Anexo 13,N,351
1784,8319,2007-07-16,481.0,Cláusula 66A,S,73
1785,1714,2017-10-18,151.0,Cláusula 66A,S,13
1786,8752,1999-09-21,802.0,Anexo 13,S,355
1787,5381,1952-10-16,309.0,Cesión de alma secundaria,N,21
1788,165,1983-07-18,841.0,Anexo 13,N,341
1789,2502,1977-01-07,919.0,Anexo 13,N,199
1790,2386,2003-02-03,784.0,Cesión de alma secundaria,S,97
1791,6752,2000-05-30,881.0,Renovación automática,S,486
1792,5172,1961-11-26,360.0,Cláusula 66A,S,363
1793,956,1953-05-23,666.0,Cláusula 66A,S,9
1794,2867,2017-02-03,573.0,Contrato eterno,S,280
1795,7037,1943-11-06,949.0,Anexo 13,S,480
1796,7040,1956-10-05,192.0,Anexo 13,N,349
1797,4980,2003-02-17,59.0,Cláusula 66A,N,15
1798,8884,2008-06-15,46.0,Anexo 13,S,313
1799,2980,1954-07-31,742.0,Anexo 13,N,21
1800,3758,1948-07-08,295.0,Anexo 13,S,52
1801,7174,1975-02-24,772.0,Anexo 13,S,241
1802,628,2016-10-14,153.0,Contrato eterno,S,441
1803,4816,2018-12-28,51.0,Cláusula 66A,S,70
1804,4807,1966-07-12,281.0,Anexo 13,N,199
1805,6290,1949-07-29,661.0,Anexo 13,N,12
1806,657,2025-02-07,187.0,Cesión de alma secundaria,S,17
1807,7710,2019-04-19,724.0,Contrato eterno,N,111
1808,6840,1964-12-24,256.0,Renovación automática,N,60
1809,7485,2002-07-13,691.0,Contrato eterno,S,453
1810,9190,3000-13-40,23.0,Renovación automática,N,439
1811,4697,2023-11-09,265.0,Cesión de alma secundaria,S,151
1812,7998,3000-13-40,810.0,Renovación automática,S,186
1813,3784,1972-08-24,480.0,Renovación automática,N,254
1814,3150,1942-12-31,647.0,Renovación automática,S,30
1815,1303,1937-07-17,380.0,Cesión de alma secundaria,S,355
1816,7583,2022-12-16,118.0,Contrato eterno,S,28
1817,6943,1973-05-13,658.0,Cláusula 66A,S,124
1818,4967,1981-07-24,337.0,Anexo 13,N,222
1819,6589,1975-04-10,505.0,Cesión de alma secundaria,N,495
1820,4193,1979-01-25,873.0,Contrato eterno,N,46
1821,3664,1987-12-08,657.0,Cláusula 66A,N,150
1822,1640,1942-07-01,701.0,Cláusula 66A,S,140
1823,7179,1979-02-08,783.0,Cesión de alma secundaria,S,3
1824,3148,1946-11-01,303.0,Anexo 13,S,130
1825,914,2004-11-03,613.0,Contrato eterno,S,412
1826,4833,1925-12-26,478.0,Anexo 13,N,257
1827,462,1951-06-21,590.0,Anexo 13,N,81
1828,8817,1995-05-15,966.0,Anexo 13,S,96
1829,1548,1931-07-27,453.0,Renovación automática,S,389
1830,3928,1968-09-07,44.0,Renovación automática,S,305
1831,6535,1968-08-23,189.0,Renovación automática,S,170
1832,6752,1930-11-28,227.0,Contrato eterno,S,9
1833,4121,1938-04-16,743.0,Contrato eterno,S,349
1834,9743,1995-05-20,454.0,Contrato eterno,N,430
1835,5,1971-12-08,524.0,Renovación automática,S,164
1836,3532,1943-06-05,760.0,Contrato eterno,S,178
1837,68,2008-03-30,910.0,Contrato eterno,S,451
1838,5146,1966-09-07,267.0,Contrato eterno,N,155
1839,8736,1975-07-30,672.0,Contrato eterno,N,354
1840,2635,1981-12-02,131.0,Contrato eterno,S,398
1841,5020,1960-06-28,14.0,Contrato eterno,S,452
1842,9671,2021-02-14,843.0,Cláusula 66A,S,258
1843,7981,1977-10-28,367.0,Contrato eterno,S,425
1844,9262,2012-10-07,915.0,Cesión de alma secundaria,S,434
1845,5032,2023-11-29,401.0,Renovación automática,S,124
1846,3735,2004-04-06,49.0,Renovación automática,N,317
1847,60,1988-01-02,686.0,Cesión de alma secundaria,N,334
1848,303,1957-05-08,451.0,Anexo 13,S,352
1849,4113,1991-07-23,650.0,Cesión de alma secundaria,N,257
1850,7414,1959-08-22,681.0,Contrato eterno,S,18
1851,4269,1996-11-16,122.0,Cláusula 66A,S,137
1852,8486,1952-06-25,786.0,Cesión de alma secundaria,N,110
1853,1674,1981-05-30,183.0,Renovación automática,S,494
1854,2698,1959-04-14,591.0,Anexo 13,S,371
1855,2383,1996-11-02,717.0,Anexo 13,N,31
1856,8677,2017-02-17,194.0,Cláusula 66A,N,114
1857,3589,1937-11-07,216.0,Anexo 13,S,411
1858,8672,1978-04-02,115.0,Renovación automática,S,461
1859,1226,1983-02-13,602.0,Cláusula 66A,N,34
1860,6307,1940-08-02,643.0,Renovación automática,S,456
1861,8815,1972-11-23,625.0,Contrato eterno,N,261
1862,9224,1995-08-08,196.0,Cesión de alma secundaria,N,448
1863,9574,1935-07-12,451.0,Cláusula 66A,N,229
1864,5442,1963-05-29,266.0,Anexo 13,N,62
1865,4834,1997-10-04,891.0,Renovación automática,S,353
1866,5022,1969-08-26,480.0,Cesión de alma secundaria,N,153
1867,2690,1983-11-29,131.0,Anexo 13,N,341
1868,8803,1949-12-09,806.0,Cesión de alma secundaria,S,43
1869,8084,2008-05-02,814.0,Contrato eterno,N,34
1870,4663,1972-02-12,,Cláusula 66A,N,255
1871,503,1989-07-31,483.0,Cesión de alma secundaria,N,339
1872,2542,1982-04-12,66.0,Cláusula 66A,S,227
1873,2809,1932-12-31,730.0,Contrato eterno,S,315
1874,7040,1946-05-26,596.0,Renovación automática,N,280
1875,25,2013-07-03,267.0,Anexo 13,N,84
1876,5782,1971-12-31,731.0,Anexo 13,N,383
1877,3449,1928-05-04,156.0,Anexo 13,N,434
1878,6292,1953-03-11,308.0,Renovación automática,N,109
1879,7013,1955-10-09,75.0,Cesión de alma secundaria,N,291
1880,2714,2009-07-30,684.0,Cesión de alma secundaria,S,356
1881,9837,2004-05-20,115.0,Anexo 13,N,411
1882,8891,1934-10-19,380.0,Renovación automática,S,150
1883,2276,1934-04-08,284.0,Renovación automática,S,252
1884,6052,1933-11-16,830.0,Anexo 13,S,185
1885,7043,1999-02-01,33.0,Cesión de alma secundaria,N,167
1886,5132,1948-04-04,790.0,Contrato eterno,N,2
1887,9344,1945-12-22,250.0,Renovación automática,N,184
1888,7871,1965-02-22,310.0,Cesión de alma secundaria,N,93
1889,8689,2005-12-13,163.0,Contrato eterno,N,306
1890,3368,2021-03-04,77.0,Cláusula 66A,S,469
1891,6418,1958-05-27,571.0,Cesión de alma secundaria,S,421
1892,6951,1933-04-05,56.0,Anexo 13,S,310
1893,3583,2011-05-25,1000.0,Renovación automática,N,495
1894,268,1994-04-07,685.0,Contrato eterno,N,395
1895,9749,1999-03-14,555.0,Cláusula 66A,N,16
1896,2146,1948-06-08,887.0,Cláusula 66A,S,216
1897,7715,2011-02-13,99.0,Cesión de alma secundaria,N,41
1898,5225,1980-04-22,138.0,Cesión de alma secundaria,N,384
1899,8395,2006-04-22,428.0,Cesión de alma secundaria,S,201
1900,2603,1928-07-20,461.0,Cláusula 66A,N,312
1901,2106,1932-12-27,231.0,Anexo 13,N,121
1902,3102,1951-10-03,214.0,Anexo 13,S,92
1903,1785,2011-01-18,365.0,Anexo 13,N,431
1904,7211,1984-06-14,447.0,Cesión de alma secundaria,N,152
1905,7618,1953-11-12,196.0,Contrato eterno,S,391
1906,238,1989-07-16,48.0,Renovación automática,S,18
1907,6034,1995-03-24,439.0,Cláusula 66A,N,148
1908,1736,1976-10-10,788.0,Contrato eterno,N,192
1909,6674,2005-01-06,428.0,Anexo 13,S,354
1910,2785,1944-11-22,148.0,Cláusula 66A,S,297
1911,3256,1939-03-05,744.0,Renovación automática,N,207
1912,1379,2009-11-29,993.0,Anexo 13,N,228
1913,6507,1937-05-10,250.0,Cláusula 66A,N,374
1914,6571,1992-08-16,71.0,Cláusula 66A,N,409
1915,733,1942-07-25,195.0,Cláusula 66A,N,332
1916,9229,1935-06-29,460.0,Renovación automática,S,432
1917,4188,1936-03-13,738.0,Cesión de alma secundaria,S,116
1918,4173,1928-12-19,326.0,Anexo 13,N,228
1919,3672,2009-11-16,646.0,Anexo 13,N,121
1920,1561,1983-05-08,,Cláusula 66A,S,356
1921,868,2021-10-10,605.0,Renovación automática,N,404
1922,3306,1948-07-20,575.0,Renovación automática,S,277
1923,7658,1983-04-10,910.0,Cesión de alma secundaria,N,81
1924,300,1927-10-21,384.0,Anexo 13,S,307
1925,9857,2025-03-14,615.0,Renovación automática,S,52
1926,1543,1983-06-02,291.0,Cláusula 66A,S,129
1927,4446,1942-04-22,958.0,Cesión de alma secundaria,N,306
1928,8038,2017-09-08,334.0,Contrato eterno,S,464
1929,5357,1942-06-22,302.0,Cesión de alma secundaria,S,498
1930,8312,2018-01-27,76.0,Cesión de alma secundaria,S,270
1931,4436,2010-09-10,892.0,Anexo 13,N,327
1932,6931,2014-12-14,788.0,Anexo 13,N,363
1933,5814,2021-09-25,509.0,Contrato eterno,S,317
1934,7210,2017-05-28,362.0,Cláusula 66A,S,197
1935,3017,2000-10-13,213.0,Contrato eterno,N,222
1936,1389,1960-08-29,661.0,Cláusula 66A,S,226
1937,5339,1976-05-13,179.0,Cesión de alma secundaria,S,5
1938,9641,1981-02-19,,Cláusula 66A,S,99
1939,9419,2017-08-20,741.0,Cláusula 66A,S,9999
1940,9692,2011-10-08,448.0,Contrato eterno,S,220
1941,120,2024-11-25,133.0,Renovación automática,S,437
1942,6787,1948-03-11,13.0,Cesión de alma secundaria,N,35
1943,6678,2019-07-28,75.0,Renovación automática,S,377
1944,4150,2015-09-30,453.0,Anexo 13,S,443
1945,3941,2005-02-09,826.0,Cesión de alma secundaria,N,118
1946,6789,1957-11-25,814.0,Cláusula 66A,N,379
1947,9890,2021-09-23,434.0,Cesión de alma secundaria,N,271
1948,7330,2005-08-12,251.0,Renovación automática,S,306
1949,2236,2021-01-27,611.0,Cesión de alma secundaria,S,251
1950,5354,1935-08-17,273.0,Renovación automática,S,9
1951,2657,1988-09-20,125.0,Cláusula 66A,N,359
1952,1003,1939-07-26,506.0,Contrato eterno,S,82
1953,4919,1953-10-16,423.0,Renovación automática,N,176
1954,786,1988-03-14,267.0,Contrato eterno,N,176
1955,9269,1964-11-26,153.0,Contrato eterno,N,378
1956,3391,3000-13-40,465.0,Anexo 13,N,277
1957,5704,3000-13-40,187.0,Renovación automática,N,385
1958,1584,1987-03-25,676.0,Contrato eterno,S,434
1959,5861,1992-03-21,773.0,Cesión de alma secundaria,S,148
1960,4003,3000-13-40,472.0,Renovación automática,N,365
1961,3625,2013-02-19,57.0,Cesión de alma secundaria,N,17
1962,7468,1995-05-29,305.0,Contrato eterno,N,288
1963,9426,1960-04-09,471.0,Cláusula 66A,S,324
1964,3391,2005-03-28,790.0,Contrato eterno,S,320
1965,2145,2016-06-29,840.0,Cláusula 66A,S,168
1966,7299,1973-12-05,388.0,Cláusula 66A,N,255
1967,7540,1989-08-19,896.0,Contrato eterno,N,120
1968,8117,1951-11-13,302.0,Cesión de alma secundaria,S,442
1969,275,1967-04-27,19.0,Renovación automática,N,358
1970,3528,1969-02-07,141.0,Contrato eterno,S,444
1971,9826,1982-02-22,904.0,Anexo 13,N,216
1972,6375,1974-07-11,918.0,Contrato eterno,S,450
1973,926,1953-11-29,691.0,Renovación automática,N,9999
1974,1011,1949-01-17,232.0,Contrato eterno,N,118
1975,8331,2003-03-18,362.0,Contrato eterno,S,320
1976,472,2020-12-24,686.0,Contrato eterno,N,203
1977,2639,1975-02-07,123.0,Anexo 13,S,227
1978,6442,2016-06-25,666.0,Renovación automática,S,245
1979,1086,1978-08-16,358.0,Contrato eterno,N,38
1980,1051,2016-01-20,277.0,Cesión de alma secundaria,N,122
1981,4276,1929-07-13,269.0,Renovación automática,N,171
1982,7425,1950-05-27,598.0,Anexo 13,N,375
1983,6457,1997-07-31,444.0,Renovación automática,N,46
1984,9064,2013-06-25,157.0,Anexo 13,N,207
1985,9374,1997-02-08,537.0,Anexo 13,N,96
1986,1527,1948-04-15,61.0,Contrato eterno,S,483
1987,7514,2006-01-07,251.0,Cesión de alma secundaria,S,366
1988,5717,1965-07-31,609.0,Anexo 13,S,160
1989,7677,1945-12-15,427.0,Renovación automática,N,170
1990,1092,1948-12-31,198.0,Contrato eterno,N,9999
1991,9917,2023-10-16,712.0,Anexo 13,S,123
1992,8791,1953-01-06,971.0,Cláusula 66A,S,404
1993,8455,2017-08-23,950.0,Cláusula 66A,S,329
1994,8968,1958-01-22,604.0,Renovación automática,N,410
1995,8101,1951-04-21,471.0,Cláusula 66A,N,54
1996,698,1935-12-28,377.0,Cláusula 66A,N,394
1997,2101,2005-01-15,163.0,Cláusula 66A,S,368
1998,8649,1982-05-02,,Cláusula 66A,N,487
1999,2077,1974-02-17,153.0,Cláusula 66A,S,409
2000,9676,2003-04-30,221.0,Cesión de alma secundaria,N,351
2001,5867,1973-04-26,284.0,Renovación automática,S,392
2002,522,2008-11-03,253.0,Renovación automática,S,190
2003,8642,1991-11-28,735.0,Renovación automática,N,418
2004,6830,1957-01-07,702.0,Renovación automática,S,88
2005,7979,2021-04-07,841.0,Anexo 13,S,176
2006,7390,1989-03-13,138.0,Cláusula 66A,N,97
2007,6023,1927-10-27,,Cláusula 66A,S,86
2008,3150,2004-03-02,72.0,Cláusula 66A,S,424
2009,4913,2023-02-26,143.0,Contrato eterno,N,106
2010,4118,3000-13-40,472.0,Anexo 13,S,163
2011,6203,1966-05-28,491.0,Anexo 13,N,440
2012,1503,1977-06-21,478.0,Renovación automática,S,171
2013,4246,2000-11-04,517.0,Renovación automática,N,347
2014,8763,1997-12-10,184.0,Cláusula 66A,N,343
2015,5120,2015-08-23,140.0,Contrato eterno,S,167
2016,6822,1976-05-12,190.0,Anexo 13,N,97
2017,4094,2012-05-12,604.0,Renovación automática,S,392
2018,272,1936-12-09,804.0,Renovación automática,S,9999
2019,2042,1931-12-14,291.0,Cesión de alma secundaria,N,97
2020,6644,1982-01-26,417.0,Cláusula 66A,N,285
2021,7289,1988-01-15,81.0,Anexo 13,S,346
2022,6639,2022-05-15,212.0,Contrato eterno,N,8
2023,7203,2019-03-18,231.0,Anexo 13,S,89
2024,238,1932-08-25,810.0,Anexo 13,N,74
2025,6074,1994-11-20,542.0,Anexo 13,N,78
2026,2924,1957-04-23,340.0,Cláusula 66A,N,76
2027,8089,1991-04-07,,Anexo 13,S,285
2028,6089,2009-02-17,771.0,Renovación automática,N,352
2029,1634,2021-05-10,210.0,Contrato eterno,N,303
2030,4101,1977-05-25,370.0,Cesión de alma secundaria,N,71
2031,5257,1988-08-05,801.0,Renovación automática,S,319
2032,3037,1958-02-03,866.0,Anexo 13,N,431
2033,4592,2014-07-31,639.0,Cláusula 66A,N,204
2034,1907,1963-10-04,275.0,Contrato eterno,N,287
2035,5143,1964-05-21,248.0,Renovación automática,S,477
2036,4356,1961-03-18,29.0,Renovación automática,N,73
2037,8792,1989-05-13,233.0,Renovación automática,N,367
2038,3149,1976-11-14,357.0,Renovación automática,S,221
2039,120,1938-05-30,182.0,Anexo 13,S,136
2040,725,1934-01-24,265.0,Anexo 13,S,284
2041,3053,2016-02-26,715.0,Renovación automática,N,457
2042,9236,1929-03-18,277.0,Cláusula 66A,N,107
2043,2257,1938-07-25,84.0,Renovación automática,N,454
2044,3507,1974-10-22,389.0,Cesión de alma secundaria,N,338
2045,9648,1993-11-03,80.0,Contrato eterno,S,108
2046,3199,1951-08-20,122.0,Renovación automática,N,86
2047,7798,1929-06-30,133.0,Cesión de alma secundaria,N,354
2048,3099,2000-06-30,334.0,Contrato eterno,N,19
2049,2856,1959-10-10,62.0,Cesión de alma secundaria,N,373
2050,3420,1967-11-04,992.0,Renovación automática,N,75
2051,8108,1939-12-27,179.0,Cesión de alma secundaria,S,100
2052,7545,1973-11-22,40.0,Renovación automática,S,341
2053,3846,1947-06-09,773.0,Contrato eterno,N,5
2054,7981,1950-08-19,932.0,Cláusula 66A,N,421
2055,1955,1927-05-17,157.0,Renovación automática,S,257
2056,4096,1926-01-09,72.0,Renovación automática,N,299
2057,9904,2017-06-20,551.0,Cesión de alma secundaria,N,248
2058,3662,2008-12-23,841.0,Contrato eterno,N,224
2059,9238,1958-01-29,573.0,Anexo 13,S,475
2060,4458,1984-06-19,382.0,Anexo 13,S,411
2061,2298,2024-12-06,647.0,Cláusula 66A,S,367
2062,5188,1966-06-08,22.0,Anexo 13,N,440
2063,6872,1979-07-28,380.0,Cesión de alma secundaria,N,342
2064,6746,1957-03-11,153.0,Anexo 13,S,374
2065,704,1976-06-24,841.0,Anexo 13,S,288
2066,1188,2015-08-25,750.0,Contrato eterno,S,267
2067,3867,2010-11-26,871.0,Contrato eterno,S,325
2068,7482,1985-04-27,111.0,Contrato eterno,N,479
2069,5899,1929-11-08,119.0,Cláusula 66A,S,31
2070,6275,1984-01-21,,Cesión de alma secundaria,S,143
2071,4876,1943-12-07,309.0,Renovación automática,N,118
2072,2393,1963-08-17,54.0,Renovación automática,N,459
2073,7452,2025-06-21,702.0,Cláusula 66A,S,264
2074,8409,2025-06-29,181.0,Anexo 13,S,395
2075,3179,1990-03-30,818.0,Anexo 13,N,163
2076,2361,1976-08-04,272.0,Contrato eterno,N,288
2077,6362,2022-06-04,701.0,Cláusula 66A,N,80
2078,9191,1944-03-30,896.0,Cláusula 66A,N,221
2079,9181,1933-01-28,972.0,Anexo 13,N,346
2080,5355,1961-03-01,171.0,Cláusula 66A,S,24
2081,4789,1948-01-30,264.0,Renovación automática,S,365
2082,4703,1976-04-09,521.0,Cesión de alma secundaria,S,163
2083,2977,2008-08-29,534.0,Contrato eterno,S,114
2084,2911,1930-05-07,889.0,Cesión de alma secundaria,N,127
2085,6378,2004-12-07,873.0,Cláusula 66A,N,279
2086,2042,1933-07-24,,Cesión de alma secundaria,N,51
2087,9063,1932-10-06,901.0,Contrato eterno,N,318
2088,2960,1926-11-05,,Cláusula 66A,N,98
2089,4241,1999-11-25,124.0,Renovación automática,S,482
2090,9586,1982-10-29,288.0,Contrato eterno,S,373
2091,1790,1978-01-06,156.0,Renovación automática,S,172
2092,9387,2006-03-16,817.0,Cláusula 66A,N,410
2093,2045,1927-02-13,275.0,Contrato eterno,N,292
2094,859,1934-04-25,649.0,Contrato eterno,S,463
2095,3762,2013-01-13,869.0,Renovación automática,S,105
2096,8102,1949-02-20,283.0,Cláusula 66A,S,251
2097,3935,2010-05-14,331.0,Renovación automática,S,131
2098,7422,1988-02-23,,Contrato eterno,S,280
2099,2442,2013-03-04,,Renovación automática,S,492
2100,8085,1976-10-09,352.0,Contrato eterno,S,43
2101,8978,1961-01-21,673.0,Contrato eterno,N,309
2102,1252,2004-10-05,463.0,Cláusula 66A,S,131
2103,8015,1943-03-26,295.0,Anexo 13,S,300
2104,459,2005-01-07,516.0,Cesión de alma secundaria,N,398
2105,4153,1971-07-05,44.0,Renovación automática,S,105
2106,972,1983-07-26,859.0,Renovación automática,S,50
2107,7970,2022-10-11,881.0,Cesión de alma secundaria,N,300
2108,234,1929-08-24,616.0,Anexo 13,S,481
2109,742,1986-07-21,218.0,Cláusula 66A,N,329
2110,5434,1952-04-27,799.0,Cláusula 66A,N,265
2111,7480,1969-11-11,817.0,Contrato eterno,S,402
2112,9375,1932-08-13,983.0,Cesión de alma secundaria,N,165
2113,5334,1962-08-22,121.0,Contrato eterno,S,325
2114,5670,1993-09-13,612.0,Renovación automática,N,214
2115,7218,1983-03-11,113.0,Renovación automática,S,151
2116,5859,1986-10-25,177.0,Cláusula 66A,N,199
2117,9109,1941-01-26,660.0,Anexo 13,N,330
2118,8468,1986-04-23,782.0,Contrato eterno,N,403
2119,8002,1982-01-16,763.0,Renovación automática,S,162
2120,5772,1986-05-06,920.0,Cesión de alma secundaria,S,263
2121,9883,1991-02-01,828.0,Anexo 13,N,32
2122,9763,1984-09-12,259.0,Cláusula 66A,S,281
2123,5876,1932-07-27,255.0,Renovación automática,N,405
2124,2,2018-04-26,770.0,Cláusula 66A,S,214
2125,6002,1960-12-12,666.0,Cláusula 66A,N,84
2126,3098,1952-12-28,641.0,Renovación automática,S,289
2127,9232,1935-12-04,69.0,Renovación automática,N,49
2128,2419,1999-03-10,572.0,Anexo 13,S,4
2129,1523,1998-08-12,390.0,Anexo 13,N,416
2130,9005,1954-12-22,541.0,Contrato eterno,N,201
2131,5294,1955-11-08,179.0,Cláusula 66A,S,470
2132,1543,2023-08-25,169.0,Anexo 13,S,107
2133,2585,1945-11-13,46.0,Renovación automática,N,121
2134,8878,1926-09-05,537.0,Contrato eterno,N,356
2135,2712,1957-12-21,574.0,Contrato eterno,N,332
2136,4836,2001-08-10,821.0,Cesión de alma secundaria,N,493
2137,1287,1984-09-12,277.0,Contrato eterno,S,430
2138,1551,1946-05-16,27.0,Renovación automática,N,189
2139,2500,2014-08-04,18.0,Cesión de alma secundaria,N,236
2140,8621,1999-02-05,844.0,Anexo 13,S,430
2141,5642,1975-10-29,514.0,Cesión de alma secundaria,S,97
2142,6655,1931-04-05,389.0,Cesión de alma secundaria,N,140
2143,6900,1926-05-23,724.0,Contrato eterno,N,227
2144,4333,1940-01-26,898.0,Anexo 13,S,364
2145,6497,1932-11-07,,Cláusula 66A,S,307
2146,5476,1997-08-12,821.0,Renovación automática,S,185
2147,9478,1996-09-17,404.0,Anexo 13,S,163
2148,76,2003-05-26,764.0,Cesión de alma secundaria,N,463
2149,3740,2008-01-10,426.0,Cláusula 66A,N,471
2150,5092,1928-10-07,232.0,Cláusula 66A,N,139
2151,272,1945-04-01,250.0,Cesión de alma secundaria,N,258
2152,522,2006-03-24,230.0,Cesión de alma secundaria,S,233
2153,3644,3000-13-40,,Cesión de alma secundaria,S,189
2154,5236,1936-10-31,974.0,Anexo 13,S,56
2155,2281,3000-13-40,736.0,Renovación automática,S,87
2156,8822,1970-02-20,610.0,Renovación automática,N,449
2157,7429,1945-08-26,475.0,Cláusula 66A,N,226
2158,483,1985-01-02,123.0,Anexo 13,N,216
2159,2914,1977-11-21,85.0,Anexo 13,S,10
2160,851,1926-04-18,303.0,Renovación automática,N,279
2161,175,1948-10-01,229.0,Anexo 13,N,457
2162,8702,2016-02-20,277.0,Contrato eterno,S,172
2163,6014,1956-08-08,391.0,Contrato eterno,N,264
2164,3871,1970-05-29,224.0,Cesión de alma secundaria,N,353
2165,9947,1960-10-24,29.0,Cláusula 66A,S,366
2166,7705,2005-04-28,651.0,Contrato eterno,N,414
2167,9288,1944-10-05,57.0,Cláusula 66A,S,111
2168,9497,1964-12-29,154.0,Anexo 13,N,373
2169,5715,1941-05-27,179.0,Anexo 13,S,218
2170,2934,2017-07-23,482.0,Anexo 13,S,433
2171,6164,1983-04-14,988.0,Contrato eterno,N,147
2172,9815,1948-02-23,405.0,Cesión de alma secundaria,S,367
2173,2756,1937-02-28,629.0,Cláusula 66A,N,364
2174,8001,1943-04-09,870.0,Cláusula 66A,S,129
2175,3989,2000-03-03,410.0,Cláusula 66A,N,290
2176,7733,2013-01-28,243.0,Contrato eterno,S,158
2177,7560,1951-04-28,686.0,Contrato eterno,N,393
2178,6264,1979-01-21,518.0,Anexo 13,N,7
2179,1942,1943-02-06,11.0,Renovación automática,N,404
2180,7878,1933-04-18,167.0,Cláusula 66A,S,140
2181,1545,2011-09-11,320.0,Anexo 13,S,491
2182,2999,1959-03-16,482.0,Cesión de alma secundaria,S,191
2183,5267,1932-11-30,931.0,Contrato eterno,S,231
2184,7679,2016-09-17,564.0,Cláusula 66A,N,299
2185,4594,1964-09-30,855.0,Contrato eterno,S,384
2186,3585,1976-11-14,889.0,Cláusula 66A,N,269
2187,8531,1962-01-07,847.0,Contrato eterno,N,326
2188,9272,2020-02-03,931.0,Renovación automática,N,357
2189,9597,1979-07-07,369.0,Anexo 13,N,243
2190,2685,1986-03-22,445.0,Renovación automática,S,83
2191,2787,1961-09-27,87.0,Cláusula 66A,N,352
2192,3194,1950-02-13,246.0,Contrato eterno,N,251
2193,9413,2004-11-18,668.0,Contrato eterno,N,242
2194,942,2019-10-26,711.0,Cesión de alma secundaria,S,159
2195,456,1975-03-14,750.0,Renovación automática,N,226
2196,9374,1991-09-15,28.0,Anexo 13,N,147
2197,9061,1970-09-09,702.0,Anexo 13,N,20
2198,6146,1934-03-21,958.0,Anexo 13,N,460
2199,4094,1999-04-13,805.0,Cesión de alma secundaria,S,417
2200,3634,1932-09-12,252.0,Anexo 13,S,90
2201,4459,2018-08-14,879.0,Cláusula 66A,S,279
2202,5327,1978-09-20,617.0,Renovación automática,S,365
2203,4677,2015-09-02,131.0,Contrato eterno,N,438
2204,6479,3000-13-40,748.0,Renovación automática,N,472
2205,5248,2017-06-05,31.0,Contrato eterno,S,299
2206,266,2014-12-03,747.0,Renovación automática,S,300
2207,1420,2020-03-03,964.0,Anexo 13,S,179
2208,1587,1988-08-23,479.0,Cesión de alma secundaria,S,277
2209,8882,1981-07-17,82.0,Cesión de alma secundaria,N,105
2210,5875,1985-06-14,447.0,Cesión de alma secundaria,N,70
2211,742,1938-06-15,103.0,Anexo 13,N,47
2212,7780,2012-09-12,35.0,Renovación automática,N,376
2213,9239,1993-12-21,42.0,Cesión de alma secundaria,N,66
2214,9678,1952-10-17,669.0,Renovación automática,S,58
2215,2115,1961-09-16,390.0,Contrato eterno,S,470
2216,3844,1947-07-22,112.0,Anexo 13,S,174
2217,8409,2011-06-07,731.0,Cláusula 66A,N,463
2218,9377,1986-01-14,490.0,Anexo 13,N,394
2219,5352,1954-11-11,744.0,Contrato eterno,N,368
2220,7140,1965-06-23,87.0,Cláusula 66A,S,256
2221,3676,2018-05-29,251.0,Cláusula 66A,N,386
2222,6823,2011-07-20,413.0,Renovación automática,N,111
2223,2783,1954-10-15,710.0,Contrato eterno,N,413
2224,9126,2001-10-29,85.0,Cesión de alma secundaria,S,340
2225,2208,2006-09-19,571.0,Contrato eterno,N,319
2226,2220,1959-08-23,749.0,Contrato eterno,N,135
2227,6248,2009-07-25,402.0,Renovación automática,S,454
2228,4312,2016-08-15,562.0,Contrato eterno,N,395
2229,5738,2003-01-08,128.0,Anexo 13,N,361
2230,6833,1990-10-16,859.0,Renovación automática,N,455
2231,5071,1933-12-20,643.0,Contrato eterno,S,229
2232,3852,2020-01-20,154.0,Anexo 13,S,446
2233,9897,1947-03-31,211.0,Cesión de alma secundaria,N,93
2234,4891,1990-09-19,377.0,Cláusula 66A,S,379
2235,1539,1975-11-25,885.0,Cesión de alma secundaria,N,277
2236,10000,1974-04-02,74.0,Anexo 13,N,399
2237,3904,1929-12-09,694.0,Cláusula 66A,S,190
2238,6653,2019-05-17,382.0,Anexo 13,N,299
2239,1654,1935-10-16,607.0,Contrato eterno,S,217
2240,3342,1968-11-23,458.0,Renovación automática,N,19
2241,7106,1928-02-20,306.0,Cláusula 66A,N,201
2242,6162,1969-12-12,137.0,Cláusula 66A,S,369
2243,8790,1997-10-29,344.0,Cláusula 66A,S,372
2244,5023,1989-02-03,393.0,Renovación automática,N,431
2245,692,1959-04-14,973.0,Contrato eterno,N,168
2246,8384,1932-02-14,786.0,Renovación automática,N,13
2247,9308,2010-02-07,31.0,Cláusula 66A,N,71
2248,9298,1935-06-22,753.0,Contrato eterno,N,81
2249,7764,2015-03-06,646.0,Contrato eterno,N,34
2250,7134,1985-01-16,120.0,Anexo 13,S,401
2251,7899,1983-06-09,527.0,Cesión de alma secundaria,S,238
2252,3805,1954-10-21,894.0,Anexo 13,S,351
2253,1000,1968-09-21,463.0,Contrato eterno,S,189
2254,1805,1947-05-31,482.0,Cesión de alma secundaria,N,225
2255,9684,1966-12-25,629.0,Cesión de alma secundaria,N,274
2256,5027,2011-10-28,425.0,Contrato eterno,S,86
2257,3479,1956-03-30,299.0,Cláusula 66A,N,10
2258,1623,1954-02-27,449.0,Renovación automática,N,157
2259,1307,1972-04-03,344.0,Contrato eterno,N,452
2260,5454,2004-06-15,780.0,Anexo 13,N,315
2261,4288,1945-07-11,544.0,Contrato eterno,S,469
2262,5055,1958-02-27,234.0,Renovación automática,S,297
2263,3618,2017-03-08,207.0,Anexo 13,S,124
2264,7771,1987-08-13,665.0,Anexo 13,N,446
2265,4598,2011-03-21,249.0,Contrato eterno,N,109
2266,1984,1960-04-15,109.0,Cesión de alma secundaria,S,35
2267,7580,1946-08-27,120.0,Contrato eterno,S,439
2268,9747,1929-05-25,877.0,Renovación automática,N,111
2269,1360,1970-03-10,913.0,Cesión de alma secundaria,S,59
2270,2782,1995-08-03,494.0,Contrato eterno,S,145
2271,5646,2010-02-12,707.0,Anexo 13,S,216
2272,2001,1951-09-06,272.0,Anexo 13,S,79
2273,8798,1957-03-09,616.0,Contrato eterno,N,301
2274,7558,1964-11-19,514.0,Cesión de alma secundaria,S,391
2275,704,1997-11-20,87.0,Contrato eterno,N,345
2276,7755,2014-05-13,227.0,Contrato eterno,S,475
2277,767,1992-05-04,756.0,Cesión de alma secundaria,S,245
2278,2806,1945-11-02,726.0,Renovación automática,N,205
2279,9906,1929-12-07,319.0,Renovación automática,N,457
2280,3949,1982-02-18,593.0,Renovación automática,N,389
2281,6901,1950-07-23,564.0,Anexo 13,S,206
2282,7517,1980-02-10,505.0,Cesión de alma secundaria,S,197
2283,3806,1929-02-22,25.0,Cesión de alma secundaria,S,464
2284,3428,1982-10-02,193.0,Cesión de alma secundaria,S,255
2285,5974,1994-12-25,815.0,Cláusula 66A,S,207
2286,6566,1981-02-14,956.0,Cláusula 66A,S,321
2287,3453,1937-08-20,650.0,Cláusula 66A,S,71
2288,2291,2008-10-19,317.0,Renovación automática,N,470
2289,2418,1968-04-17,79.0,Anexo 13,N,380
2290,2637,1967-05-21,726.0,Contrato eterno,N,205
2291,7098,2020-05-23,895.0,Cláusula 66A,S,206
2292,5134,2020-06-18,230.0,Renovación automática,N,168
2293,7702,1958-11-25,111.0,Contrato eterno,S,112
2294,6112,2018-05-09,26.0,Renovación automática,N,305
2295,588,1990-10-07,976.0,Contrato eterno,N,101
2296,6662,1963-11-10,48.0,Anexo 13,N,317
2297,9260,1929-07-25,248.0,Cesión de alma secundaria,N,281
2298,694,1963-10-20,977.0,Cláusula 66A,N,181
2299,1345,1976-11-26,250.0,Contrato eterno,N,446
2300,6047,1972-07-15,276.0,Cesión de alma secundaria,S,446
2301,6524,1965-06-27,378.0,Contrato eterno,S,254
2302,2977,1991-11-23,323.0,Renovación automática,N,452
2303,762,2024-02-14,404.0,Cesión de alma secundaria,S,240
2304,9440,1930-12-22,16.0,Cesión de alma secundaria,N,277
2305,4204,2017-11-25,618.0,Cláusula 66A,S,122
2306,7044,1934-02-23,496.0,Renovación automática,S,186
2307,3429,1940-10-31,629.0,Anexo 13,S,414
2308,8221,1958-01-26,756.0,Renovación automática,S,337
2309,4271,2019-03-11,298.0,Contrato eterno,S,321
2310,1101,2025-08-02,934.0,Renovación automática,N,41
2311,6362,1952-01-07,470.0,Cesión de alma secundaria,N,103
2312,9209,1952-12-31,294.0,Cláusula 66A,S,82
2313,2543,1971-05-27,505.0,Anexo 13,S,237
2314,8479,1971-06-07,928.0,Cláusula 66A,N,364
2315,1058,1963-03-14,55.0,Cláusula 66A,N,93
2316,8101,1943-10-25,22.0,Cláusula 66A,N,329
2317,8571,2025-03-02,68.0,Anexo 13,S,218
2318,1355,2015-07-05,341.0,Cláusula 66A,S,77
2319,3285,1972-08-27,716.0,Renovación automática,S,175
2320,5173,1975-12-16,309.0,Cesión de alma secundaria,N,49
2321,8048,1929-06-24,477.0,Cláusula 66A,S,249
2322,2783,2011-08-15,937.0,Cesión de alma secundaria,N,384
2323,7148,2017-03-09,607.0,Cesión de alma secundaria,S,143
2324,4648,1983-01-16,970.0,Cesión de alma secundaria,S,215
2325,725,2018-04-18,256.0,Renovación automática,N,234
2326,7893,1987-03-05,442.0,Contrato eterno,N,208
2327,5065,1971-07-18,414.0,Renovación automática,N,186
2328,7931,2011-02-16,395.0,Contrato eterno,N,9999
2329,640,1955-08-09,342.0,Cláusula 66A,S,58
2330,5602,1967-02-20,263.0,Anexo 13,N,378
2331,207,1969-12-13,167.0,Cesión de alma secundaria,S,59
2332,3491,1963-06-25,281.0,Renovación automática,S,393
2333,2121,2005-09-05,188.0,Contrato eterno,S,243
2334,6859,1988-01-21,299.0,Cláusula 66A,S,9999
2335,6513,2011-06-22,758.0,Renovación automática,N,411
2336,6326,1929-08-25,433.0,Anexo 13,S,497
2337,1128,2015-04-17,11.0,Contrato eterno,S,431
2338,852,1950-08-18,890.0,Cesión de alma secundaria,S,222
2339,1930,2010-05-08,250.0,Cláusula 66A,S,47
2340,496,1989-02-10,390.0,Cláusula 66A,N,437
2341,1945,1957-05-30,289.0,Contrato eterno,S,347
2342,5348,1998-11-17,186.0,Contrato eterno,N,183
2343,6855,1971-03-16,341.0,Cláusula 66A,N,178
2344,4431,1964-02-03,440.0,Cláusula 66A,N,308
2345,4578,1975-06-21,436.0,Cláusula 66A,S,52
2346,6275,2009-03-12,551.0,Renovación automática,S,365
2347,4534,1971-05-15,487.0,Cláusula 66A,N,32
2348,4549,1938-10-16,28.0,Cláusula 66A,S,245
2349,8105,1981-04-22,335.0,Contrato eterno,S,151
2350,8438,1930-03-28,416.0,Renovación automática,S,112
2351,8929,2019-11-27,845.0,Renovación automática,S,227
2352,9949,1932-02-29,675.0,Renovación automática,S,430
2353,8332,1966-12-18,980.0,Contrato eterno,N,408
2354,9911,2015-03-02,424.0,Renovación automática,S,359
2355,8256,1963-01-21,426.0,Anexo 13,N,325
2356,7397,1948-01-03,145.0,Cláusula 66A,N,332
2357,9360,1987-09-25,691.0,Cesión de alma secundaria,S,20
2358,4422,1967-12-13,138.0,Renovación automática,S,408
2359,9517,1960-11-08,684.0,Cesión de alma secundaria,N,24
2360,3143,1976-10-16,233.0,Cláusula 66A,S,295
2361,9661,1990-03-15,924.0,Cesión de alma secundaria,S,110
2362,8908,1978-03-15,697.0,Contrato eterno,N,497
2363,3401,1948-09-01,390.0,Contrato eterno,S,261
2364,725,1963-01-21,715.0,Contrato eterno,N,58
2365,8411,1950-12-06,897.0,Cesión de alma secundaria,S,18
2366,9962,1927-02-17,39.0,Anexo 13,S,320
2367,424,2016-07-06,607.0,Contrato eterno,S,309
2368,1599,1988-11-23,230.0,Renovación automática,S,368
2369,763,1996-11-21,206.0,Cesión de alma secundaria,S,450
2370,6649,1963-05-22,917.0,Cláusula 66A,S,67
2371,1818,1957-04-09,639.0,Renovación automática,S,430
2372,6649,1965-08-22,41.0,Contrato eterno,N,165
2373,1425,2023-04-22,736.0,Contrato eterno,N,9999
2374,4478,2002-08-13,610.0,Cesión de alma secundaria,N,472
2375,9770,1956-11-03,461.0,Renovación automática,N,220
2376,4937,1946-12-14,475.0,Cesión de alma secundaria,S,137
2377,9297,1962-01-09,653.0,Anexo 13,S,282
2378,3448,1935-12-03,962.0,Contrato eterno,S,195
2379,2794,2024-10-15,228.0,Anexo 13,N,292
2380,3453,1959-02-22,241.0,Anexo 13,S,500
2381,1680,1935-08-21,449.0,Renovación automática,S,458
2382,3574,1985-03-21,992.0,Anexo 13,S,48
2383,4445,1992-05-20,730.0,Anexo 13,S,78
2384,336,1984-07-21,540.0,Contrato eterno,N,363
2385,2799,1975-11-28,53.0,Contrato eterno,S,403
2386,1085,1974-11-28,,Cesión de alma secundaria,S,311
2387,3107,1930-12-31,80.0,Renovación automática,S,261
2388,2765,1956-01-17,398.0,Anexo 13,S,9999
2389,9234,2009-02-05,374.0,Anexo 13,S,382
2390,8926,1927-11-27,745.0,Contrato eterno,S,461
2391,6067,1978-01-17,920.0,Contrato eterno,S,236
2392,1357,2009-02-10,949.0,Cláusula 66A,S,403
2393,4584,2009-02-19,868.0,Cesión de alma secundaria,N,14
2394,158,1968-07-22,210.0,Cláusula 66A,S,129
2395,220,1994-10-21,180.0,Contrato eterno,S,270
2396,462,1936-02-17,436.0,Cláusula 66A,S,378
2397,3926,2009-04-30,692.0,Cláusula 66A,S,55
2398,9688,1994-03-31,364.0,Renovación automática,N,257
2399,7881,2007-12-06,866.0,Anexo 13,N,228
2400,7763,1992-10-14,88.0,Cesión de alma secundaria,S,444
2401,3236,1971-06-19,811.0,Cláusula 66A,S,31
2402,4758,1982-03-22,523.0,Cláusula 66A,S,335
2403,1922,1971-01-20,229.0,Anexo 13,N,92
2404,1109,1942-07-30,48.0,Renovación automática,N,392
2405,5757,1984-07-25,59.0,Contrato eterno,S,424
2406,5826,2017-05-01,268.0,Anexo 13,S,258
2407,5952,1955-03-18,82.0,Contrato eterno,S,1
2408,9303,2012-12-05,113.0,Cesión de alma secundaria,S,249
2409,4595,1960-12-13,64.0,Cláusula 66A,N,318
2410,3069,2021-06-29,741.0,Cesión de alma secundaria,N,126
2411,8008,1927-01-12,656.0,Anexo 13,N,247
2412,8445,1982-01-05,951.0,Contrato eterno,S,88
2413,7379,1978-02-06,153.0,Contrato eterno,N,330
2414,5318,1927-04-03,80.0,Cesión de alma secundaria,N,45
2415,227,1981-08-22,16.0,Renovación automática,N,232
2416,1527,1953-09-10,852.0,Renovación automática,S,205
2417,4607,1968-01-13,193.0,Renovación automática,N,401
2418,8053,2005-03-23,240.0,Renovación automática,S,140
2419,3683,2022-12-15,21.0,Anexo 13,N,422
2420,4998,1954-07-08,918.0,Contrato eterno,N,309
2421,1535,2016-04-01,258.0,Cesión de alma secundaria,S,359
2422,2244,1963-02-19,576.0,Renovación automática,N,204
2423,6936,2014-03-26,578.0,Renovación automática,S,53
2424,4223,1965-08-02,324.0,Anexo 13,N,328
2425,2934,1990-04-24,606.0,Cláusula 66A,S,78
2426,9845,1994-09-15,635.0,Cesión de alma secundaria,S,384
2427,5860,1982-07-28,727.0,Cláusula 66A,N,366
2428,5025,2018-10-02,813.0,Contrato eterno,S,307
2429,5171,1991-01-08,169.0,Cláusula 66A,N,29
2430,9369,1980-04-04,72.0,Contrato eterno,S,349
2431,1090,1946-04-13,544.0,Cláusula 66A,S,36
2432,730,1986-04-23,415.0,Contrato eterno,S,430
2433,4370,2006-05-03,303.0,Cláusula 66A,N,211
2434,9237,1980-02-29,229.0,Cláusula 66A,N,449
2435,9809,2025-01-29,149.0,Cesión de alma secundaria,S,240
2436,5723,1937-09-05,382.0,Cláusula 66A,N,390
2437,7218,1958-07-22,385.0,Cesión de alma secundaria,N,173
2438,4282,1982-12-18,516.0,Cláusula 66A,S,313
2439,8736,2008-01-05,,Contrato eterno,S,264
2440,8473,1985-10-23,282.0,Cesión de alma secundaria,N,90
2441,2456,1961-11-18,733.0,Renovación automática,N,221
2442,891,2025-02-04,778.0,Cesión de alma secundaria,S,469
2443,61,1939-05-31,237.0,Contrato eterno,S,363
2444,1903,1942-01-12,612.0,Anexo 13,S,438
2445,4213,1970-03-19,112.0,Cesión de alma secundaria,N,423
2446,908,1933-02-16,955.0,Renovación automática,N,299
2447,2947,1965-02-18,391.0,Anexo 13,N,307
2448,1184,1960-05-07,221.0,Cesión de alma secundaria,S,58
2449,9318,2022-09-28,803.0,Anexo 13,N,405
2450,5443,1926-08-27,987.0,Contrato eterno,N,254
2451,8649,1965-05-25,807.0,Cláusula 66A,S,153
2452,8259,1982-01-27,315.0,Renovación automática,S,436
2453,9700,1998-09-05,213.0,Cláusula 66A,S,120
2454,9140,1967-10-25,430.0,Renovación automática,N,316
2455,887,1975-11-27,362.0,Renovación automática,N,395
2456,6527,1943-12-06,866.0,Cesión de alma secundaria,S,89
2457,9491,1988-11-09,933.0,Anexo 13,N,104
2458,7277,2018-04-21,329.0,Renovación automática,N,38
2459,6113,1986-12-15,207.0,Contrato eterno,N,118
2460,8028,1931-02-18,928.0,Cláusula 66A,N,14
2461,9559,1961-06-16,664.0,Cláusula 66A,N,80
2462,1592,1956-12-02,258.0,Renovación automática,N,392
2463,3601,1950-02-03,844.0,Contrato eterno,N,320
2464,5828,2007-05-21,766.0,Cesión de alma secundaria,N,336
2465,5323,1957-10-21,467.0,Renovación automática,N,86
2466,9758,1986-11-08,870.0,Cesión de alma secundaria,N,218
2467,4724,2020-03-22,709.0,Cesión de alma secundaria,N,412
2468,8799,1943-02-19,297.0,Contrato eterno,N,382
2469,9961,2007-09-29,975.0,Renovación automática,S,336
2470,5838,1999-11-09,359.0,Cláusula 66A,S,428
2471,3748,1960-02-29,184.0,Cesión de alma secundaria,N,305
2472,2346,1926-01-01,289.0,Contrato eterno,N,452
2473,8784,2005-02-22,426.0,Anexo 13,S,191
2474,795,1956-02-26,439.0,Anexo 13,S,435
2475,6104,2004-12-06,755.0,Cesión de alma secundaria,S,435
2476,9,3000-13-40,370.0,Renovación automática,N,281
2477,2438,1964-03-04,449.0,Cláusula 66A,S,71
2478,4930,1978-12-02,11.0,Cláusula 66A,N,18
2479,7300,1982-09-12,689.0,Contrato eterno,N,175
2480,9738,1951-07-24,376.0,Cláusula 66A,S,17
2481,1535,2020-03-21,675.0,Cláusula 66A,S,121
2482,8069,2001-07-04,616.0,Renovación automática,S,378
2483,190,1974-04-20,354.0,Anexo 13,N,101
2484,1212,2013-09-09,558.0,Contrato eterno,N,497
2485,3703,1976-09-06,474.0,Contrato eterno,S,355
2486,6965,1935-06-04,393.0,Contrato eterno,S,291
2487,6741,2000-01-01,856.0,Cesión de alma secundaria,N,444
2488,3051,1956-08-06,617.0,Anexo 13,S,148
2489,5070,1940-01-29,841.0,Anexo 13,N,284
2490,2315,1993-03-14,495.0,Renovación automática,S,29
2491,7126,2017-07-15,517.0,Cláusula 66A,N,315
2492,7868,1986-06-09,276.0,Contrato eterno,S,276
2493,1919,1944-06-12,725.0,Contrato eterno,N,487
2494,473,1937-07-05,292.0,Renovación automática,N,77
2495,9063,2015-03-28,437.0,Anexo 13,N,250
2496,719,3000-13-40,786.0,Anexo 13,N,279
2497,527,1941-03-08,188.0,Anexo 13,N,9999
2498,4229,1936-04-13,413.0,Contrato eterno,S,321
2499,3966,2011-02-07,461.0,Cláusula 66A,S,142
2500,2058,1999-02-13,375.0,Anexo 13,S,370
2501,6517,1955-06-07,520.0,Renovación automática,S,41
2502,58,2014-09-29,984.0,Cláusula 66A,S,379
2503,8936,2007-12-18,786.0,Contrato eterno,S,26
2504,6604,1995-06-06,455.0,Cláusula 66A,S,222
2505,5696,2009-05-04,280.0,Cláusula 66A,N,82
2506,9970,1957-02-05,296.0,Cláusula 66A,N,379
2507,2622,1993-09-13,162.0,Anexo 13,N,103
2508,8688,1949-12-15,196.0,Anexo 13,N,78
2509,1566,1962-08-29,360.0,Cláusula 66A,S,45
2510,8532,1934-04-12,187.0,Renovación automática,N,90
2511,2029,1990-03-09,276.0,Contrato eterno,S,284
2512,863,1957-10-08,357.0,Renovación automática,S,155
2513,9683,1967-03-28,557.0,Contrato eterno,S,343
2514,2638,1927-03-13,227.0,Contrato eterno,S,368
2515,3072,1956-06-09,972.0,Anexo 13,S,128
2516,4696,2014-11-06,584.0,Anexo 13,S,126
2517,1394,1996-10-22,390.0,Cesión de alma secundaria,S,475
2518,1216,1996-07-27,542.0,Renovación automática,S,140
2519,7186,3000-13-40,360.0,Cláusula 66A,N,422
2520,2986,1994-03-25,245.0,Cesión de alma secundaria,S,70
2521,1632,1942-05-18,365.0,Renovación automática,N,332
2522,9343,1993-04-03,204.0,Contrato eterno,S,131
2523,3405,1977-08-18,364.0,Contrato eterno,S,213
2524,3083,1954-10-23,326.0,Cláusula 66A,N,85
2525,8876,2018-11-14,655.0,Cesión de alma secundaria,S,479
2526,6023,1927-06-04,797.0,Anexo 13,S,467
2527,1976,1956-10-10,959.0,Cesión de alma secundaria,N,309
2528,9362,1981-08-22,70.0,Contrato eterno,S,66
2529,8372,2019-12-07,64.0,Cláusula 66A,N,498
2530,3775,1981-08-30,165.0,Renovación automática,S,121
2531,7043,1972-07-06,793.0,Contrato eterno,N,79
2532,7772,1942-02-26,753.0,Cláusula 66A,S,45
2533,2062,1926-06-28,791.0,Cláusula 66A,S,461
2534,6838,1996-03-18,992.0,Renovación automática,N,50
2535,3259,1954-09-12,571.0,Cláusula 66A,N,459
2536,9234,2020-07-20,15.0,Cesión de alma secundaria,N,169
2537,8384,1945-11-02,788.0,Anexo 13,S,410
2538,3869,1962-11-15,729.0,Renovación automática,N,252
2539,5911,2015-03-08,63.0,Anexo 13,N,247
2540,8381,1983-04-20,218.0,Cláusula 66A,S,79
2541,4113,1968-01-25,191.0,Cláusula 66A,S,37
2542,5574,2007-12-31,90.0,Renovación automática,N,86
2543,3708,1985-10-14,113.0,Renovación automática,N,389
2544,7842,1949-09-19,645.0,Renovación automática,S,263
2545,8484,1949-04-25,867.0,Cesión de alma secundaria,S,16
2546,9598,1971-03-14,223.0,Cesión de alma secundaria,N,77
2547,8307,1929-07-25,533.0,Renovación automática,N,17
2548,8317,1940-07-30,810.0,Renovación automática,S,157
2549,3385,1975-12-09,12.0,Cesión de alma secundaria,N,53
2550,1049,1986-07-12,933.0,Contrato eterno,N,496
2551,9830,2013-08-01,677.0,Anexo 13,N,116
2552,4163,3000-13-40,189.0,Renovación automática,N,288
2553,346,1980-07-24,404.0,Renovación automática,N,337
2554,6394,1954-12-18,318.0,Cesión de alma secundaria,S,167
2555,4564,1928-07-16,777.0,Anexo 13,N,463
2556,9609,1934-06-23,151.0,Cláusula 66A,N,1
2557,9728,1937-01-07,563.0,Contrato eterno,S,20
2558,2309,1995-05-22,743.0,Renovación automática,N,36
2559,5111,1988-02-29,786.0,Cláusula 66A,S,48
2560,5898,1959-12-16,636.0,Contrato eterno,S,52
2561,3475,1926-03-26,184.0,Cláusula 66A,N,430
2562,1760,1935-10-26,343.0,Contrato eterno,S,131
2563,3162,1934-10-29,595.0,Anexo 13,N,21
2564,1953,1932-09-08,153.0,Anexo 13,S,421
2565,5807,1991-11-01,698.0,Contrato eterno,S,419
2566,6053,1965-07-22,326.0,Renovación automática,S,54
2567,2655,2023-03-31,960.0,Contrato eterno,S,254
2568,4118,1935-08-28,433.0,Renovación automática,S,309
2569,9305,1968-10-04,993.0,Renovación automática,S,387
2570,1586,1952-01-11,574.0,Renovación automática,S,471
2571,6381,1992-10-30,940.0,Renovación automática,S,188
2572,4953,1999-09-11,774.0,Cláusula 66A,N,407
2573,8011,1972-01-14,269.0,Anexo 13,N,430
2574,9346,2025-10-01,150.0,Cesión de alma secundaria,S,27
2575,8886,3000-13-40,291.0,Renovación automática,S,58
2576,1570,1979-10-02,322.0,Contrato eterno,N,347
2577,7663,2004-08-15,784.0,Contrato eterno,N,175
2578,9495,1940-04-30,319.0,Renovación automática,N,42
2579,6358,2012-07-06,651.0,Contrato eterno,N,234
2580,4162,1983-04-12,909.0,Anexo 13,S,492
2581,1809,2001-01-12,902.0,Contrato eterno,S,473
2582,7789,1931-02-06,286.0,Cesión de alma secundaria,N,182
2583,930,2000-01-05,775.0,Cesión de alma secundaria,N,204
2584,8389,2001-12-28,528.0,Cláusula 66A,N,81
2585,7286,1994-02-05,59.0,Renovación automática,S,447
2586,7633,1987-11-03,915.0,Anexo 13,S,47
2587,1266,2018-06-03,398.0,Anexo 13,S,421
2588,496,1940-12-04,516.0,Cesión de alma secundaria,S,410
2589,9135,1927-05-07,624.0,Cesión de alma secundaria,N,16
2590,1095,2003-08-10,518.0,Anexo 13,S,328
2591,625,1975-09-10,241.0,Cláusula 66A,N,72
2592,5254,1976-03-14,371.0,Renovación automática,S,126
2593,3056,2007-08-17,288.0,Renovación automática,S,410
2594,7741,1975-10-08,575.0,Cláusula 66A,N,326
2595,869,1987-06-11,969.0,Cesión de alma secundaria,S,500
2596,4415,1975-11-30,677.0,Cesión de alma secundaria,S,126
2597,3671,1954-11-26,546.0,Contrato eterno,S,9999
2598,5734,1964-03-27,779.0,Anexo 13,S,110
2599,1043,1952-02-12,719.0,Cláusula 66A,N,466
2600,6592,2018-11-09,199.0,Cesión de alma secundaria,S,161
2601,8464,1986-06-06,457.0,Cláusula 66A,S,379
2602,7142,2000-01-08,127.0,Anexo 13,N,177
2603,3368,1953-08-06,381.0,Cesión de alma secundaria,S,334
2604,7884,3000-13-40,228.0,Contrato eterno,S,391
2605,5053,1989-12-24,303.0,Anexo 13,S,31
2606,2544,2011-07-28,536.0,Cesión de alma secundaria,N,125
2607,2284,2013-05-27,738.0,Anexo 13,N,158
2608,3982,1927-12-26,792.0,Renovación automática,S,299
2609,5232,1951-12-25,234.0,Cesión de alma secundaria,N,95
2610,7091,1989-04-16,751.0,Renovación automática,S,261
2611,7236,1965-04-28,204.0,Anexo 13,N,220
2612,9100,2002-08-25,325.0,Cesión de alma secundaria,N,381
2613,78,2007-10-08,409.0,Contrato eterno,N,423
2614,3522,1942-09-19,281.0,Anexo 13,N,175
2615,2866,1937-07-28,617.0,Renovación automática,S,81
2616,6095,1973-05-24,543.0,Renovación automática,N,440
2617,5073,1982-05-29,695.0,Cláusula 66A,N,208
2618,1132,1995-09-24,404.0,Contrato eterno,N,239
2619,1940,1947-01-31,982.0,Cesión de alma secundaria,N,242
2620,649,2010-10-03,637.0,Cláusula 66A,S,344
2621,8664,1951-04-21,304.0,Renovación automática,N,442
2622,2419,1939-05-16,307.0,Contrato eterno,N,10
2623,461,1963-05-21,758.0,Renovación automática,N,263
2624,1662,1947-11-14,809.0,Renovación automática,S,124
2625,4623,2016-08-29,269.0,Cláusula 66A,S,399
2626,895,1941-03-13,338.0,Cláusula 66A,N,125
2627,9872,1986-02-17,34.0,Renovación automática,S,239
2628,4453,2011-06-15,974.0,Anexo 13,S,157
2629,2972,1949-05-22,618.0,Anexo 13,S,368
2630,9748,1987-08-19,739.0,Cláusula 66A,S,215
2631,4997,1954-02-05,863.0,Cesión de alma secundaria,S,165
2632,1405,1978-09-08,477.0,Cláusula 66A,N,51
2633,3329,1944-10-14,339.0,Anexo 13,N,159
2634,1975,2004-06-20,985.0,Cláusula 66A,S,350
2635,2003,1996-07-28,,Cesión de alma secundaria,S,217
2636,6422,2003-03-03,772.0,Renovación automática,S,357
2637,397,1999-04-18,407.0,Renovación automática,S,372
2638,4396,1970-10-12,267.0,Cláusula 66A,N,262
2639,7021,2022-02-11,799.0,Renovación automática,S,326
2640,677,1975-09-09,543.0,Cesión de alma secundaria,N,123
2641,1495,1974-12-09,45.0,Cláusula 66A,S,9999
2642,1706,1964-12-14,974.0,Renovación automática,N,201
2643,6920,1956-07-30,794.0,Contrato eterno,S,241
2644,4664,2018-11-30,932.0,Cesión de alma secundaria,N,229
2645,5134,2013-06-22,,Anexo 13,S,295
2646,8212,1938-11-30,965.0,Cláusula 66A,S,386
2647,8668,1977-01-12,154.0,Anexo 13,N,342
2648,6241,1983-11-21,815.0,Cesión de alma secundaria,N,72
2649,8037,1977-02-27,713.0,Renovación automática,N,23
2650,791,1959-08-23,981.0,Renovación automática,N,497
2651,1487,1980-09-22,949.0,Anexo 13,S,358
2652,1959,1966-01-24,682.0,Cesión de alma secundaria,S,9
2653,8963,1968-05-14,53.0,Renovación automática,S,204
2654,646,1998-06-12,205.0,Renovación automática,N,242
2655,5455,2003-04-15,392.0,Cláusula 66A,N,284
2656,2694,2010-11-22,823.0,Renovación automática,N,457
2657,5430,1987-12-19,558.0,Cesión de alma secundaria,N,160
2658,697,2015-07-15,674.0,Contrato eterno,N,490
2659,4094,1993-03-26,679.0,Cesión de alma secundaria,N,187
2660,8095,1984-09-17,470.0,Contrato eterno,S,18
2661,4429,2000-08-19,628.0,Contrato eterno,S,423
2662,218,2006-11-06,952.0,Contrato eterno,S,23
2663,2875,1973-04-18,356.0,Anexo 13,S,317
2664,3355,1936-11-24,189.0,Anexo 13,N,327
2665,5045,1970-03-24,78.0,Renovación automática,N,255
2666,3009,1982-03-10,500.0,Renovación automática,S,439
2667,6265,3000-13-40,68.0,Renovación automática,N,87
2668,8207,1965-12-30,117.0,Anexo 13,N,368
2669,3494,2024-03-16,380.0,Cesión de alma secundaria,N,72
2670,6007,1977-08-03,,Renovación automática,S,451
2671,2416,1929-01-24,243.0,Renovación automática,S,214
2672,8179,1995-06-08,614.0,Cláusula 66A,N,333
2673,7510,2007-03-22,788.0,Renovación automática,N,115
2674,8303,2015-12-29,369.0,Renovación automática,S,88
2675,106,1941-03-24,25.0,Anexo 13,S,253
2676,9599,1958-11-08,774.0,Cesión de alma secundaria,S,310
2677,6682,1989-02-19,253.0,Contrato eterno,S,279
2678,9838,1951-08-03,181.0,Cesión de alma secundaria,N,53
2679,1283,1941-02-01,206.0,Contrato eterno,N,408
2680,9546,1946-07-30,37.0,Contrato eterno,N,326
2681,4617,1988-03-14,711.0,Anexo 13,S,124
2682,8607,1929-11-09,456.0,Anexo 13,N,443
2683,9129,1926-03-16,694.0,Cláusula 66A,N,97
2684,5748,1948-12-08,622.0,Cesión de alma secundaria,S,98
2685,5205,1944-02-17,358.0,Anexo 13,N,385
2686,5963,1981-03-28,968.0,Cesión de alma secundaria,S,456
2687,1759,1950-06-18,269.0,Cláusula 66A,N,342
2688,6389,1979-12-10,859.0,Contrato eterno,S,274
2689,2854,2006-11-13,953.0,Contrato eterno,S,175
2690,4388,1965-12-11,753.0,Anexo 13,N,67
2691,7227,1929-06-30,281.0,Cláusula 66A,N,225
2692,4608,1999-12-30,883.0,Cláusula 66A,S,19
2693,2028,1997-08-19,299.0,Anexo 13,S,70
2694,9947,1954-01-08,32.0,Cesión de alma secundaria,S,370
2695,2024,1975-02-15,742.0,Renovación automática,S,400
2696,5016,1978-06-23,14.0,Contrato eterno,S,496
2697,6663,2004-05-21,741.0,Cesión de alma secundaria,S,342
2698,9136,1928-04-06,765.0,Cláusula 66A,N,16
2699,2008,1970-08-25,974.0,Cláusula 66A,S,352
2700,1026,1981-07-23,371.0,Cláusula 66A,N,330
2701,9391,2022-12-14,159.0,Contrato eterno,N,446
2702,6399,1987-02-11,587.0,Cesión de alma secundaria,S,462
2703,8724,1995-02-17,693.0,Cláusula 66A,S,259
2704,8990,1962-11-30,61.0,Anexo 13,N,46
2705,9865,2009-04-26,40.0,Renovación automática,N,6
2706,9553,2005-02-03,620.0,Cesión de alma secundaria,S,178
2707,632,2015-01-31,581.0,Cesión de alma secundaria,S,44
2708,2668,2012-07-18,598.0,Renovación automática,N,332
2709,9185,1938-07-02,833.0,Anexo 13,S,323
2710,1784,1957-01-04,191.0,Cesión de alma secundaria,N,196
2711,9172,1973-12-28,77.0,Cláusula 66A,N,81
2712,2426,1969-07-12,382.0,Contrato eterno,N,470
2713,9570,2025-10-23,942.0,Anexo 13,S,187
2714,2179,1947-01-05,847.0,Contrato eterno,S,429
2715,9336,1936-06-22,576.0,Cesión de alma secundaria,S,375
2716,5284,2022-03-05,648.0,Cláusula 66A,N,340
2717,3728,1929-02-02,129.0,Renovación automática,N,60
2718,4433,1946-01-15,569.0,Renovación automática,N,62
2719,7101,1962-02-17,367.0,Renovación automática,S,436
2720,7891,2005-06-21,617.0,Cesión de alma secundaria,S,35
2721,9923,3000-13-40,490.0,Renovación automática,N,127
2722,6326,1970-06-10,952.0,Cláusula 66A,N,48
2723,5631,1959-09-09,922.0,Renovación automática,N,257
2724,2476,2019-09-13,578.0,Renovación automática,N,118
2725,94,1980-07-12,52.0,Contrato eterno,N,366
2726,1452,2016-02-05,954.0,Anexo 13,N,1
2727,2002,2014-12-27,122.0,Cesión de alma secundaria,N,289
2728,1511,2001-12-10,384.0,Renovación automática,S,436
2729,5267,2022-10-09,979.0,Cesión de alma secundaria,N,251
2730,9579,1942-03-24,907.0,Contrato eterno,S,438
2731,7546,2012-10-29,358.0,Cesión de alma secundaria,N,381
2732,4663,1985-12-10,277.0,Anexo 13,S,428
2733,6395,1958-01-28,44.0,Cesión de alma secundaria,N,406
2734,9473,2004-04-04,977.0,Renovación automática,S,441
2735,1179,1934-07-15,88.0,Contrato eterno,N,346
2736,3271,1972-07-28,169.0,Contrato eterno,N,213
2737,4025,1976-09-21,681.0,Contrato eterno,N,152
2738,9936,1973-07-11,865.0,Anexo 13,N,390
2739,1884,1926-12-11,583.0,Cláusula 66A,S,496
2740,9820,1987-09-15,533.0,Cláusula 66A,S,429
2741,2054,1974-05-26,788.0,Cesión de alma secundaria,S,287
2742,8790,1994-12-23,446.0,Cláusula 66A,N,441
2743,1469,1966-10-25,51.0,Cesión de alma secundaria,N,29
2744,5439,1972-08-13,250.0,Contrato eterno,S,141
2745,2205,1946-10-25,386.0,Anexo 13,N,199
2746,6689,1926-10-18,242.0,Cláusula 66A,S,9999
2747,243,1936-08-14,522.0,Renovación automática,N,156
2748,305,1977-07-27,73.0,Cesión de alma secundaria,N,369
2749,8703,1933-11-13,799.0,Cláusula 66A,N,433
2750,3782,2018-03-29,514.0,Contrato eterno,N,215
2751,611,1931-05-23,247.0,Renovación automática,S,316
2752,9654,1940-01-09,276.0,Anexo 13,S,384
2753,8879,1952-06-14,371.0,Renovación automática,S,120
2754,1724,1964-11-24,391.0,Anexo 13,N,111
2755,1910,1975-02-21,742.0,Cláusula 66A,N,357
2756,8950,2018-06-13,470.0,Anexo 13,N,448
2757,2192,1976-04-01,461.0,Anexo 13,N,471
2758,9071,1972-11-09,166.0,Cesión de alma secundaria,S,290
2759,4523,1950-10-02,709.0,Cláusula 66A,N,442
2760,3882,1931-09-04,99.0,Cesión de alma secundaria,S,351
2761,3079,1975-10-30,679.0,Cesión de alma secundaria,S,186
2762,8067,2022-12-06,290.0,Contrato eterno,S,453
2763,4534,1947-11-25,950.0,Renovación automática,N,1
2764,1883,1964-06-17,738.0,Anexo 13,N,81
2765,871,1999-05-03,739.0,Renovación automática,S,475
2766,950,2016-01-29,874.0,Cláusula 66A,N,221
2767,4623,1931-05-30,477.0,Cláusula 66A,N,9999
2768,2174,1962-02-26,662.0,Renovación automática,S,195
2769,8012,2018-07-08,746.0,Cesión de alma secundaria,N,40
2770,8574,1995-02-12,968.0,Cesión de alma secundaria,S,128
2771,7550,1928-07-24,154.0,Cesión de alma secundaria,N,471
2772,310,1939-04-22,226.0,Anexo 13,N,177
2773,3034,2019-08-31,392.0,Contrato eterno,N,322
2774,9090,1960-09-03,914.0,Contrato eterno,N,164
2775,5534,1935-06-20,296.0,Cláusula 66A,N,32
2776,4160,2012-06-22,996.0,Cesión de alma secundaria,S,27
2777,6687,2006-07-22,287.0,Cláusula 66A,S,460
2778,4129,2003-12-14,521.0,Cesión de alma secundaria,S,130
2779,878,2000-03-12,209.0,Renovación automática,S,76
2780,8136,1982-12-17,84.0,Anexo 13,S,93
2781,4007,2018-04-01,199.0,Cesión de alma secundaria,S,471
2782,588,1947-02-17,95.0,Cesión de alma secundaria,N,28
2783,767,2021-12-25,255.0,Cesión de alma secundaria,N,261
2784,33,1963-04-04,835.0,Renovación automática,N,451
2785,8362,1986-06-01,930.0,Contrato eterno,N,302
2786,5749,2021-01-26,60.0,Contrato eterno,N,295
2787,8529,1994-03-15,594.0,Anexo 13,N,165
2788,6891,1989-09-04,945.0,Renovación automática,S,433
2789,1082,1933-11-07,635.0,Contrato eterno,N,191
2790,8263,1943-04-04,894.0,Contrato eterno,S,313
2791,8074,2013-01-18,228.0,Cláusula 66A,N,21
2792,5388,1963-09-20,464.0,Cláusula 66A,N,103
2793,9935,1946-02-16,768.0,Anexo 13,N,302
2794,9170,1998-03-07,246.0,Contrato eterno,N,179
2795,9009,1953-02-02,762.0,Contrato eterno,S,3
2796,5619,2015-06-19,851.0,Contrato eterno,S,344
2797,4345,2014-03-04,40.0,Cesión de alma secundaria,S,238
2798,8706,1993-12-22,643.0,Anexo 13,N,224
2799,848,1953-07-25,659.0,Renovación automática,N,4
2800,2745,1984-01-22,745.0,Renovación automática,N,91
2801,9988,1996-03-17,311.0,Anexo 13,N,217
2802,9547,1930-11-28,804.0,Contrato eterno,N,41
2803,3206,1986-05-28,990.0,Cesión de alma secundaria,N,462
2804,8715,1950-06-11,266.0,Cláusula 66A,S,42
2805,5201,1950-07-17,881.0,Cláusula 66A,N,332
2806,9890,1997-08-18,229.0,Anexo 13,N,179
2807,6709,1939-07-17,89.0,Contrato eterno,S,163
2808,4073,1984-09-28,529.0,Renovación automática,S,273
2809,9493,1929-09-03,447.0,Contrato eterno,N,134
2810,3905,1943-11-20,651.0,Renovación automática,N,48
2811,3257,1936-05-25,577.0,Cláusula 66A,S,485
2812,7063,1973-05-16,106.0,Cesión de alma secundaria,S,99
2813,9250,1983-09-13,71.0,Anexo 13,S,381
2814,8989,1975-07-22,337.0,Cláusula 66A,N,430
2815,8212,1955-02-03,83.0,Cesión de alma secundaria,S,332
2816,1435,1940-02-18,264.0,Contrato eterno,N,160
2817,8642,2009-12-26,296.0,Cláusula 66A,S,108
2818,5855,2023-11-16,832.0,Renovación automática,N,493
2819,2597,2018-08-12,579.0,Cesión de alma secundaria,S,34
2820,5910,3000-13-40,254.0,Cláusula 66A,N,192
2821,1522,3000-13-40,130.0,Contrato eterno,N,381
2822,2877,1949-09-02,132.0,Cláusula 66A,S,112
2823,2441,1964-09-13,635.0,Contrato eterno,N,195
2824,2365,1997-01-26,339.0,Renovación automática,N,58
2825,4323,1952-06-28,564.0,Anexo 13,N,207
2826,5537,1928-03-31,233.0,Cesión de alma secundaria,N,363
2827,1382,1972-09-12,22.0,Cláusula 66A,S,386
2828,5918,1967-08-04,413.0,Anexo 13,N,321
2829,1739,1971-10-25,744.0,Contrato eterno,N,391
2830,6845,1929-07-02,811.0,Contrato eterno,S,179
2831,1132,1999-01-07,611.0,Renovación automática,S,281
2832,6172,1968-01-23,505.0,Anexo 13,S,131
2833,9081,1985-09-03,514.0,Cesión de alma secundaria,N,144
2834,4846,2008-07-07,200.0,Anexo 13,S,260
2835,574,2012-02-10,14.0,Anexo 13,S,53
2836,8820,1934-09-10,460.0,Cláusula 66A,S,287
2837,1636,1957-01-22,226.0,Cláusula 66A,S,488
2838,9184,2007-12-06,801.0,Anexo 13,N,410
2839,4576,1954-12-17,362.0,Contrato eterno,S,187
2840,4156,2007-02-16,,Contrato eterno,N,433
2841,7349,1962-07-28,922.0,Cláusula 66A,S,214
2842,1339,2000-10-07,781.0,Contrato eterno,S,153
2843,8306,1997-02-05,575.0,Contrato eterno,S,188
2844,9196,2017-09-12,944.0,Renovación automática,S,360
2845,5173,3000-13-40,564.0,Anexo 13,N,450
2846,7278,2021-09-08,784.0,Contrato eterno,N,245
2847,4963,1943-01-26,963.0,Renovación automática,N,371
2848,5760,1986-11-13,422.0,Anexo 13,S,466
2849,8593,1927-12-13,956.0,Cláusula 66A,S,309
2850,2761,1978-07-31,775.0,Contrato eterno,N,456
2851,8386,1977-10-21,758.0,Cláusula 66A,N,483
2852,2674,1952-06-09,667.0,Renovación automática,N,111
2853,5218,1975-08-22,59.0,Contrato eterno,S,331
2854,7063,2021-03-09,185.0,Cesión de alma secundaria,S,121
2855,6948,1926-05-09,368.0,Renovación automática,S,240
2856,5916,2012-02-19,654.0,Contrato eterno,N,10
2857,1609,1939-05-15,647.0,Anexo 13,S,203
2858,6854,2002-07-28,717.0,Anexo 13,N,355
2859,7299,1933-09-20,270.0,Cesión de alma secundaria,S,38
2860,3294,1937-07-30,,Cesión de alma secundaria,S,6
2861,1509,1939-12-10,,Renovación automática,N,334
2862,1806,2017-03-30,43.0,Cláusula 66A,N,394
2863,1840,1974-02-06,731.0,Contrato eterno,S,337
2864,8435,1956-12-30,119.0,Renovación automática,N,389
2865,6629,1989-12-22,489.0,Anexo 13,N,458
2866,5782,1959-08-07,884.0,Cláusula 66A,S,239
2867,1198,1996-11-24,298.0,Anexo 13,N,155
2868,3964,1959-10-08,99.0,Cesión de alma secundaria,S,116
2869,3632,1957-03-15,197.0,Contrato eterno,N,420
2870,7273,2021-11-26,193.0,Contrato eterno,S,323
2871,2181,3000-13-40,692.0,Anexo 13,S,295
2872,4301,2003-08-02,549.0,Cláusula 66A,S,435
2873,402,1935-05-31,197.0,Cláusula 66A,S,231
2874,4290,1937-07-05,789.0,Anexo 13,N,490
2875,8246,1946-05-10,654.0,Cesión de alma secundaria,S,125
2876,9597,1998-04-02,308.0,Renovación automática,S,368
2877,6919,1986-05-04,850.0,Cláusula 66A,N,257
2878,1285,1970-05-08,410.0,Renovación automática,S,212
2879,810,1926-10-17,294.0,Cesión de alma secundaria,S,253
2880,2622,1995-02-23,45.0,Cláusula 66A,N,385
2881,9983,2013-06-02,719.0,Cláusula 66A,S,85
2882,8588,1952-10-24,708.0,Renovación automática,S,299
2883,2738,2023-11-15,228.0,Cesión de alma secundaria,S,336
2884,989,1962-04-01,542.0,Anexo 13,N,336
2885,8644,1938-09-27,528.0,Cesión de alma secundaria,S,462
2886,24,1957-06-21,616.0,Cláusula 66A,S,11
2887,3254,1973-12-25,773.0,Renovación automática,N,111
2888,3953,1968-10-27,823.0,Cesión de alma secundaria,N,106
2889,2355,2014-05-04,163.0,Contrato eterno,N,2
2890,820,1948-11-28,749.0,Cesión de alma secundaria,S,443
2891,8005,2020-12-22,350.0,Renovación automática,S,79
2892,4635,1972-03-07,234.0,Cesión de alma secundaria,S,71
2893,3541,1951-06-10,280.0,Contrato eterno,N,298
2894,6948,1928-01-13,307.0,Contrato eterno,S,245
2895,810,1942-04-08,870.0,Cláusula 66A,S,75
2896,1085,2007-04-21,,Anexo 13,S,463
2897,5956,1929-04-28,492.0,Cláusula 66A,N,291
2898,8873,2001-12-05,967.0,Cesión de alma secundaria,S,140
2899,5700,2007-06-23,769.0,Cesión de alma secundaria,N,93
2900,669,1936-04-25,95.0,Cesión de alma secundaria,S,187
2901,3038,1945-04-19,965.0,Renovación automática,S,212
2902,6573,2011-03-01,721.0,Cláusula 66A,S,16
2903,1314,1998-05-31,169.0,Renovación automática,N,334
2904,7725,1933-05-07,989.0,Cláusula 66A,S,469
2905,936,2024-07-02,94.0,Cesión de alma secundaria,S,374
2906,1844,3000-13-40,83.0,Contrato eterno,N,139
2907,3971,1973-06-30,779.0,Renovación automática,S,428
2908,4637,1968-06-05,726.0,Cláusula 66A,S,440
2909,4706,1954-08-29,485.0,Contrato eterno,N,83
2910,1710,2023-02-26,59.0,Cesión de alma secundaria,S,198
2911,7906,1938-04-16,541.0,Cláusula 66A,S,442
2912,6146,1978-07-03,514.0,Anexo 13,S,23
2913,1982,1974-04-07,68.0,Cláusula 66A,S,298
2914,5659,1935-04-08,67.0,Cesión de alma secundaria,S,396
2915,3950,1967-07-29,713.0,Anexo 13,S,241
2916,3311,1958-08-25,551.0,Cesión de alma secundaria,S,408
2917,3447,2010-01-21,982.0,Cesión de alma secundaria,S,34
2918,7825,1940-02-28,600.0,Cesión de alma secundaria,N,17
2919,4908,2009-05-14,67.0,Renovación automática,S,156
2920,1310,2016-03-31,131.0,Anexo 13,S,19
2921,427,2018-07-26,735.0,Contrato eterno,N,41
2922,4139,1944-06-19,422.0,Renovación automática,N,15
2923,7223,1928-08-01,517.0,Contrato eterno,S,425
2924,1828,1967-11-05,438.0,Contrato eterno,N,468
2925,7511,1934-03-13,318.0,Contrato eterno,S,39
2926,5717,1945-05-12,924.0,Anexo 13,S,480
2927,7934,1992-04-29,515.0,Contrato eterno,N,170
2928,2437,1981-11-19,751.0,Cesión de alma secundaria,S,320
2929,8587,1981-01-14,333.0,Contrato eterno,N,85
2930,397,1962-08-20,147.0,Contrato eterno,N,149
2931,8233,1967-05-31,512.0,Cesión de alma secundaria,N,106
2932,1521,1992-12-27,792.0,Cesión de alma secundaria,N,9999
2933,3346,2010-03-14,501.0,Anexo 13,N,75
2934,3184,1990-11-01,72.0,Renovación automática,S,246
2935,1054,1988-09-18,833.0,Cláusula 66A,N,108
2936,7885,2015-05-27,374.0,Cesión de alma secundaria,N,385
2937,6104,1987-02-03,347.0,Contrato eterno,S,38
2938,9943,1973-07-05,814.0,Cláusula 66A,S,218
2939,7004,1936-05-30,127.0,Contrato eterno,N,54
2940,3815,1961-01-02,827.0,Cláusula 66A,N,259
2941,7188,1980-08-23,624.0,Cesión de alma secundaria,S,323
2942,9443,1964-09-04,535.0,Anexo 13,N,484
2943,2480,1926-10-29,681.0,Anexo 13,S,406
2944,5127,1963-06-20,35.0,Anexo 13,S,42
2945,3009,2009-10-08,105.0,Contrato eterno,S,53
2946,2231,1929-06-08,490.0,Cesión de alma secundaria,S,272
2947,5913,1937-08-28,597.0,Renovación automática,N,465
2948,4589,1940-02-17,947.0,Cláusula 66A,N,224
2949,3441,1976-09-25,61.0,Cláusula 66A,N,347
2950,6976,1931-03-13,961.0,Cláusula 66A,N,375
2951,3465,1961-03-02,544.0,Renovación automática,N,8
2952,6090,1987-11-17,217.0,Renovación automática,N,187
2953,7695,1950-09-11,392.0,Anexo 13,N,181
2954,3480,1952-09-04,448.0,Cláusula 66A,N,477
2955,6075,2025-01-30,723.0,Renovación automática,N,379
2956,3164,2022-01-04,771.0,Anexo 13,N,415
2957,9387,2003-06-25,386.0,Cláusula 66A,S,322
2958,470,1945-03-12,362.0,Anexo 13,N,241
2959,8039,1980-02-18,129.0,Cesión de alma secundaria,S,427
2960,5503,1983-05-11,993.0,Contrato eterno,N,400
2961,4013,2016-05-29,526.0,Cesión de alma secundaria,S,243
2962,8191,1989-06-21,957.0,Contrato eterno,S,441
2963,2237,2023-01-09,902.0,Cesión de alma secundaria,S,355
2964,3113,1994-06-12,920.0,Cláusula 66A,S,60
2965,9332,1983-08-27,36.0,Cesión de alma secundaria,N,128
2966,7201,1959-06-07,970.0,Anexo 13,S,288
2967,7485,1967-10-19,208.0,Anexo 13,N,245
2968,3881,2001-04-11,126.0,Cesión de alma secundaria,N,301
2969,4320,1932-11-19,977.0,Cesión de alma secundaria,S,201
2970,8175,1931-11-09,680.0,Contrato eterno,S,119
2971,1262,2019-08-15,173.0,Cesión de alma secundaria,S,334
2972,3536,1989-01-13,532.0,Cláusula 66A,S,194
2973,4885,2017-12-26,246.0,Cesión de alma secundaria,N,59
2974,1341,1982-07-07,361.0,Cláusula 66A,S,375
2975,7750,1948-02-05,569.0,Cesión de alma secundaria,S,462
2976,1036,2004-06-12,780.0,Contrato eterno,S,487
2977,224,2015-04-20,135.0,Anexo 13,S,218
2978,4385,1991-03-05,644.0,Cesión de alma secundaria,N,425
2979,4632,2012-07-24,66.0,Cesión de alma secundaria,N,394
2980,9343,1974-03-05,313.0,Cláusula 66A,N,151
2981,7232,1954-11-21,461.0,Renovación automática,N,398
2982,1519,1966-07-27,525.0,Cláusula 66A,S,42
2983,3530,1955-08-07,423.0,Renovación automática,N,463
2984,9322,1982-10-04,774.0,Renovación automática,S,327
2985,2378,1988-12-20,33.0,Renovación automática,S,9
2986,1047,1962-06-26,407.0,Renovación automática,S,236
2987,923,1949-09-09,195.0,Cesión de alma secundaria,S,185
2988,7106,1949-10-13,953.0,Cláusula 66A,S,9999
2989,4625,1990-07-08,627.0,Renovación automática,N,284
2990,3852,1960-09-18,866.0,Cláusula 66A,N,441
2991,1321,1971-04-13,697.0,Anexo 13,N,189
2992,8100,1997-03-02,886.0,Cláusula 66A,N,337
2993,832,1961-07-13,432.0,Cesión de alma secundaria,N,351
2994,3250,1981-10-22,463.0,Contrato eterno,S,131
2995,1332,1992-06-23,457.0,Cláusula 66A,S,266
2996,5287,1960-02-23,150.0,Cesión de alma secundaria,N,422
2997,5114,1995-02-23,999.0,Renovación automática,N,187
2998,8848,2003-02-16,405.0,Anexo 13,S,89
2999,663,1983-01-07,794.0,Contrato eterno,S,443
3000,2461,1995-01-29,357.0,Anexo 13,S,131
3001,9023,1991-03-24,607.0,Cláusula 66A,N,203
3002,2891,2006-03-14,422.0,Renovación automática,S,228
3003,5894,2017-08-07,277.0,Cláusula 66A,N,145
3004,1169,1975-01-04,200.0,Contrato eterno,N,19
3005,4686,2005-11-01,228.0,Cláusula 66A,S,388
3006,5414,1968-05-21,404.0,Cláusula 66A,S,333
3007,2608,2001-04-10,402.0,Anexo 13,N,439
3008,339,1984-01-20,98.0,Cláusula 66A,S,449
3009,5465,1946-04-21,646.0,Renovación automática,N,389
3010,8847,1944-10-31,296.0,Cesión de alma secundaria,N,325
3011,4565,1955-08-22,829.0,Cesión de alma secundaria,N,273
3012,218,1936-06-28,532.0,Cláusula 66A,N,177
3013,9380,1941-09-07,160.0,Cesión de alma secundaria,S,472
3014,3112,1975-05-02,343.0,Renovación automática,S,109
3015,7672,1964-01-12,682.0,Cláusula 66A,S,355
3016,8890,1942-09-21,673.0,Contrato eterno,S,168
3017,3057,1953-09-21,710.0,Renovación automática,N,148
3018,4989,1973-03-19,679.0,Cesión de alma secundaria,N,77
3019,8410,2012-04-28,,Anexo 13,N,321
3020,3558,1948-09-11,639.0,Contrato eterno,S,260
3021,9943,1948-04-28,69.0,Anexo 13,N,361
3022,1116,1928-09-29,273.0,Renovación automática,N,144
3023,2570,2003-03-30,180.0,Cláusula 66A,S,217
3024,4564,1936-03-19,768.0,Anexo 13,N,355
3025,2398,1954-07-18,659.0,Cláusula 66A,S,134
3026,4565,1926-03-20,896.0,Renovación automática,N,349
3027,836,2011-03-28,52.0,Renovación automática,N,215
3028,765,1973-04-27,866.0,Contrato eterno,N,402
3029,1133,1929-12-12,398.0,Renovación automática,S,40
3030,9812,1937-07-13,,Cláusula 66A,S,488
3031,1302,1994-02-16,422.0,Cesión de alma secundaria,N,349
3032,9271,1963-03-06,301.0,Renovación automática,S,487
3033,6287,1945-11-22,531.0,Contrato eterno,S,355
3034,3419,1983-08-19,76.0,Renovación automática,N,158
3035,7308,2015-03-23,362.0,Renovación automática,S,314
3036,1962,2004-05-21,516.0,Renovación automática,S,93
3037,3896,1998-03-29,40.0,Cláusula 66A,S,10
3038,8674,1999-12-04,826.0,Renovación automática,N,435
3039,7238,1981-01-03,498.0,Renovación automática,N,376
3040,4268,2014-09-09,496.0,Cláusula 66A,N,331
3041,4481,1998-08-04,477.0,Cláusula 66A,N,32
3042,7124,1986-05-27,770.0,Contrato eterno,N,465
3043,8035,1969-05-31,552.0,Anexo 13,N,313
3044,6965,1941-03-08,35.0,Contrato eterno,N,96
3045,333,2007-05-24,642.0,Anexo 13,N,319
3046,2702,1983-10-20,762.0,Cesión de alma secundaria,N,16
3047,4625,1999-01-26,924.0,Anexo 13,S,269
3048,217,1977-07-15,107.0,Anexo 13,S,9999
3049,5971,1952-10-12,428.0,Anexo 13,N,331
3050,2223,2024-09-08,478.0,Anexo 13,S,385
3051,2113,1928-07-11,570.0,Cláusula 66A,N,104
3052,4719,1953-10-25,317.0,Cesión de alma secundaria,N,274
3053,1714,1965-02-05,160.0,Cláusula 66A,N,411
3054,6041,1987-03-23,233.0,Cláusula 66A,S,14
3055,9059,1974-02-23,786.0,Anexo 13,S,219
3056,844,1993-05-26,332.0,Contrato eterno,N,402
3057,6362,1929-07-17,398.0,Cláusula 66A,S,268
3058,2391,2022-12-17,895.0,Renovación automática,N,8
3059,7857,1987-02-18,299.0,Cesión de alma secundaria,S,41
3060,9617,1980-01-24,979.0,Cesión de alma secundaria,N,72
3061,3573,2019-05-01,768.0,Cláusula 66A,N,41
3062,444,2014-05-16,896.0,Contrato eterno,S,378
3063,4298,1970-11-12,773.0,Contrato eterno,S,65
3064,1720,1993-03-01,703.0,Anexo 13,N,338
3065,8284,1954-05-23,74.0,Anexo 13,N,387
3066,7519,1952-04-06,643.0,Cesión de alma secundaria,N,496
3067,5897,2011-11-11,495.0,Contrato eterno,N,112
3068,8722,2023-08-05,955.0,Contrato eterno,S,494
3069,2286,1945-02-17,661.0,Cláusula 66A,N,178
3070,4421,1961-12-28,824.0,Renovación automática,N,69
3071,5854,2008-10-12,874.0,Renovación automática,S,73
3072,731,1941-08-14,374.0,Cláusula 66A,N,127
3073,6794,2019-08-31,234.0,Contrato eterno,S,450
3074,7934,1977-04-04,100.0,Cláusula 66A,N,18
3075,6456,1945-05-06,757.0,Contrato eterno,N,109
3076,340,1927-09-26,769.0,Renovación automática,N,95
3077,8250,2025-06-28,625.0,Anexo 13,N,359
3078,5396,1992-09-19,,Renovación automática,N,109
3079,5939,1960-07-18,253.0,Anexo 13,S,480
3080,7214,2009-09-22,220.0,Contrato eterno,N,500
3081,9140,1933-09-20,386.0,Renovación automática,N,43
3082,9789,1963-06-21,973.0,Contrato eterno,S,375
3083,7344,2004-11-24,134.0,Contrato eterno,S,155
3084,5264,1935-12-24,703.0,Cláusula 66A,N,400
3085,7656,1984-11-01,670.0,Contrato eterno,S,361
3086,4322,1983-11-24,,Cláusula 66A,S,117
3087,4061,1979-03-31,713.0,Cesión de alma secundaria,N,44
3088,5921,1966-07-05,277.0,Anexo 13,S,369
3089,7743,1993-07-11,882.0,Renovación automática,S,64
3090,6219,1978-08-09,116.0,Contrato eterno,S,479
3091,8078,1926-04-28,632.0,Cesión de alma secundaria,S,162
3092,8996,1929-03-05,935.0,Anexo 13,S,258
3093,3651,1933-07-25,235.0,Contrato eterno,N,46
3094,1887,1933-09-28,451.0,Anexo 13,N,374
3095,1021,1953-07-17,173.0,Cesión de alma secundaria,S,181
3096,1330,1942-03-04,755.0,Renovación automática,S,279
3097,1830,1982-05-14,892.0,Anexo 13,S,212
3098,6286,1957-04-26,774.0,Cláusula 66A,S,362
3099,3040,1941-05-15,654.0,Renovación automática,N,476
3100,9110,1989-06-21,358.0,Cesión de alma secundaria,N,170
3101,9041,1979-06-07,573.0,Anexo 13,S,388
3102,6798,1977-05-25,432.0,Renovación automática,N,388
3103,1838,1971-10-18,663.0,Renovación automática,N,477
3104,7819,2016-08-23,717.0,Cláusula 66A,S,224
3105,2658,2019-02-28,526.0,Renovación automática,S,122
3106,5127,1958-09-24,683.0,Renovación automática,S,241
3107,5859,1939-08-21,229.0,Cláusula 66A,N,173
3108,1745,1989-02-21,913.0,Contrato eterno,N,135
3109,7688,1942-05-25,734.0,Contrato eterno,S,136
3110,5947,1951-02-19,612.0,Cláusula 66A,N,360
3111,3881,1974-10-01,388.0,Renovación automática,N,428
3112,5312,1934-05-03,297.0,Cláusula 66A,S,91
3113,5836,1979-12-12,588.0,Anexo 13,S,430
3114,4954,1994-10-06,426.0,Contrato eterno,S,224
3115,2578,1928-05-06,851.0,Anexo 13,S,134
3116,5005,1990-04-03,130.0,Anexo 13,S,128
3117,8035,1994-06-06,503.0,Anexo 13,S,477
3118,9253,1982-06-04,245.0,Cláusula 66A,N,227
3119,9671,2001-08-20,774.0,Cláusula 66A,S,9999
3120,4139,2002-01-12,743.0,Cesión de alma secundaria,S,482
3121,9947,2014-01-01,869.0,Renovación automática,N,452
3122,1207,1985-03-12,577.0,Renovación automática,S,235
3123,5366,2017-10-26,790.0,Cesión de alma secundaria,N,324
3124,8550,1974-11-04,585.0,Contrato eterno,S,294
3125,3908,1954-04-26,495.0,Anexo 13,S,68
3126,2285,1929-06-03,898.0,Contrato eterno,N,73
3127,9823,1959-10-05,364.0,Cláusula 66A,S,477
3128,775,1931-06-13,160.0,Contrato eterno,N,365
3129,3387,1956-06-13,914.0,Contrato eterno,N,400
3130,544,1997-11-05,485.0,Cláusula 66A,N,327
3131,6539,1956-05-01,923.0,Anexo 13,N,110
3132,2081,1964-05-09,504.0,Anexo 13,N,79
3133,7008,2016-06-22,314.0,Anexo 13,S,359
3134,8604,1995-10-18,260.0,Cláusula 66A,N,364
3135,1376,1985-08-27,592.0,Cláusula 66A,S,175
3136,9281,1941-12-06,983.0,Cesión de alma secundaria,S,70
3137,8275,1991-07-03,725.0,Cesión de alma secundaria,N,316
3138,4424,1946-01-10,591.0,Anexo 13,N,232
3139,1086,1955-12-20,841.0,Renovación automática,N,309
3140,6943,1959-06-04,,Anexo 13,N,152
3141,6267,1928-03-08,534.0,Anexo 13,N,255
3142,1479,1952-01-21,724.0,Contrato eterno,S,230
3143,9971,2015-04-16,131.0,Cesión de alma secundaria,N,435
3144,3253,1964-12-19,649.0,Anexo 13,N,311
3145,3688,1962-10-12,443.0,Cesión de alma secundaria,S,440
3146,2630,2007-10-17,329.0,Renovación automática,N,340
3147,5834,1999-06-08,360.0,Cláusula 66A,N,77
3148,7594,1966-07-24,28.0,Contrato eterno,N,193
3149,7263,1927-10-15,597.0,Contrato eterno,N,212
3150,8225,1938-09-05,57.0,Cesión de alma secundaria,N,445
3151,256,1970-11-12,148.0,Anexo 13,S,62
3152,7305,1988-04-21,222.0,Cesión de alma secundaria,S,461
3153,3190,1998-07-28,871.0,Cesión de alma secundaria,S,449
3154,9012,1963-02-17,830.0,Renovación automática,N,431
3155,8049,1977-06-23,597.0,Renovación automática,N,395
3156,4701,1998-11-03,478.0,Anexo 13,N,323
3157,1818,2022-11-02,48.0,Anexo 13,S,138
3158,3565,1978-03-11,597.0,Renovación automática,N,69
3159,8418,2013-04-19,412.0,Renovación automática,N,155
3160,8809,1978-04-13,625.0,Contrato eterno,N,218
3161,3724,1952-12-13,958.0,Anexo 13,S,78
3162,9093,1953-05-31,548.0,Renovación automática,S,348
3163,1656,1993-02-21,527.0,Renovación automática,S,125
3164,5069,1946-07-08,642.0,Renovación automática,N,450
3165,7675,1939-02-19,424.0,Renovación automática,S,30
3166,8902,1963-09-19,197.0,Cláusula 66A,N,62
3167,9233,2013-09-29,304.0,Anexo 13,N,76
3168,4556,2018-07-19,290.0,Renovación automática,S,9999
3169,2949,2020-05-03,815.0,Contrato eterno,N,498
3170,304,2018-06-12,849.0,Cesión de alma secundaria,S,49
3171,8068,1944-04-01,654.0,Cesión de alma secundaria,N,83
3172,5071,1955-04-01,549.0,Cláusula 66A,S,35
3173,3354,1996-10-22,430.0,Anexo 13,N,317
3174,469,1949-06-22,447.0,Contrato eterno,S,211
3175,5336,1934-03-20,791.0,Cesión de alma secundaria,S,210
3176,4141,2008-04-17,14.0,Cesión de alma secundaria,N,50
3177,4920,1948-01-02,550.0,Renovación automática,N,78
3178,5447,1965-06-03,844.0,Anexo 13,S,329
3179,1230,2001-04-21,167.0,Anexo 13,S,436
3180,7225,1937-07-07,41.0,Cláusula 66A,S,364
3181,8450,1990-09-16,163.0,Anexo 13,N,382
3182,8326,1958-01-05,942.0,Anexo 13,N,124
3183,1134,2002-04-01,589.0,Cláusula 66A,N,273
3184,8164,1940-09-05,309.0,Cláusula 66A,S,214
3185,3774,1973-09-20,947.0,Renovación automática,N,251
3186,3758,1956-04-01,804.0,Contrato eterno,S,101
3187,2323,1988-03-07,1000.0,Cesión de alma secundaria,S,78
3188,6493,2019-07-13,977.0,Cesión de alma secundaria,S,377
3189,5420,1931-07-01,598.0,Renovación automática,S,176
3190,9172,2014-07-23,680.0,Cláusula 66A,N,131
3191,3059,1937-05-21,39.0,Anexo 13,N,2
3192,4545,1936-11-01,205.0,Cláusula 66A,S,407
3193,7946,1975-08-26,745.0,Renovación automática,S,259
3194,6692,1964-07-12,854.0,Contrato eterno,S,274
3195,6071,1997-06-21,963.0,Cesión de alma secundaria,N,147
3196,2552,1947-04-06,896.0,Anexo 13,S,235
3197,3286,2016-11-29,298.0,Contrato eterno,N,453
3198,2427,2020-10-07,590.0,Contrato eterno,S,434
3199,1494,2010-12-15,385.0,Contrato eterno,S,8
3200,2224,1929-05-23,706.0,Renovación automática,N,132
3201,810,1961-03-09,249.0,Cláusula 66A,S,28
3202,5125,1968-05-20,539.0,Contrato eterno,N,245
3203,2493,1947-07-15,594.0,Contrato eterno,S,337
3204,4821,1954-04-20,276.0,Anexo 13,N,450
3205,4779,1945-03-02,187.0,Cláusula 66A,S,408
3206,3147,1985-03-05,323.0,Renovación automática,N,184
3207,7111,1960-01-08,394.0,Renovación automática,N,389
3208,7670,1995-12-02,21.0,Cesión de alma secundaria,N,399
3209,6695,2010-12-09,617.0,Cláusula 66A,S,56
3210,6955,1965-04-12,556.0,Cesión de alma secundaria,N,198
3211,4060,1988-05-30,663.0,Contrato eterno,S,333
3212,6970,1967-12-16,684.0,Cláusula 66A,S,306
3213,6474,1930-01-18,633.0,Cesión de alma secundaria,S,449
3214,1797,1959-05-26,341.0,Renovación automática,N,275
3215,9502,2004-08-08,186.0,Cláusula 66A,N,425
3216,9321,1977-04-28,406.0,Cláusula 66A,N,223
3217,8911,1982-03-28,117.0,Contrato eterno,N,338
3218,94,1990-01-07,288.0,Cláusula 66A,S,355
3219,5969,1947-11-23,899.0,Renovación automática,S,406
3220,1828,1953-09-28,239.0,Contrato eterno,N,459
3221,7251,1954-05-29,281.0,Cesión de alma secundaria,N,478
3222,5436,1961-04-24,888.0,Contrato eterno,S,184
3223,5810,2023-09-14,881.0,Cesión de alma secundaria,N,465
3224,1748,1959-01-20,112.0,Renovación automática,S,139
3225,7755,1993-03-11,901.0,Renovación automática,N,286
3226,8180,1975-02-25,890.0,Anexo 13,S,309
3227,5528,1950-01-13,972.0,Cláusula 66A,N,404
3228,5407,1943-05-08,567.0,Renovación automática,N,108
3229,9950,1985-12-09,370.0,Cláusula 66A,N,210
3230,6946,1952-12-29,803.0,Cesión de alma secundaria,N,70
3231,6583,1995-01-22,489.0,Cláusula 66A,N,188
3232,7895,1930-05-12,223.0,Cláusula 66A,N,488
3233,5924,1981-10-10,109.0,Renovación automática,S,290
3234,3109,1997-03-04,307.0,Contrato eterno,N,217
3235,6478,1934-03-18,675.0,Anexo 13,N,201
3236,8361,1950-01-16,813.0,Cláusula 66A,N,66
3237,7879,1987-07-17,230.0,Anexo 13,S,304
3238,246,1952-02-19,626.0,Contrato eterno,N,361
3239,4982,2001-10-16,323.0,Renovación automática,S,351
3240,6113,2015-03-28,440.0,Cesión de alma secundaria,N,117
3241,4913,1934-11-09,72.0,Cesión de alma secundaria,N,52
3242,55,1964-03-22,952.0,Anexo 13,S,212
3243,3970,1954-08-27,65.0,Cláusula 66A,S,267
3244,1536,1946-10-23,21.0,Cesión de alma secundaria,N,219
3245,4912,2009-10-13,135.0,Cesión de alma secundaria,S,164
3246,8231,2019-04-18,42.0,Anexo 13,N,262
3247,5245,2015-09-18,967.0,Cesión de alma secundaria,S,331
3248,4448,1992-07-23,845.0,Anexo 13,N,399
3249,7577,1931-08-16,660.0,Contrato eterno,N,12
3250,4175,1950-02-08,746.0,Contrato eterno,S,240
3251,3581,2020-01-28,481.0,Cláusula 66A,N,77
3252,2796,2005-05-18,966.0,Contrato eterno,S,336
3253,436,1996-01-16,438.0,Cláusula 66A,N,145
3254,7064,1989-12-15,823.0,Anexo 13,N,31
3255,1103,1962-05-08,,Anexo 13,S,20
3256,8990,1941-12-21,72.0,Renovación automática,S,312
3257,3690,1963-07-11,10.0,Cláusula 66A,S,376
3258,3126,1969-09-03,914.0,Cláusula 66A,N,321
3259,224,1974-08-23,456.0,Anexo 13,N,328
3260,8947,2010-10-25,706.0,Contrato eterno,S,361
3261,2650,2003-10-31,527.0,Cesión de alma secundaria,S,59
3262,9560,1937-03-01,758.0,Contrato eterno,N,242
3263,1693,1938-12-14,480.0,Renovación automática,S,294
3264,7471,1934-03-21,427.0,Renovación automática,N,241
3265,3926,1962-05-03,682.0,Anexo 13,S,154
3266,4556,2000-12-11,670.0,Cláusula 66A,N,417
3267,8326,1990-02-13,265.0,Cláusula 66A,S,221
3268,1802,1937-12-30,670.0,Renovación automática,N,319
3269,2575,2012-07-26,767.0,Contrato eterno,S,116
3270,2515,1935-04-30,83.0,Anexo 13,S,499
3271,5085,3000-13-40,142.0,Renovación automática,N,491
3272,165,1984-02-03,675.0,Renovación automática,S,21
3273,8166,1926-12-09,477.0,Contrato eterno,S,13
3274,2201,1955-06-01,238.0,Cesión de alma secundaria,N,139
3275,7607,1971-10-20,588.0,Anexo 13,N,211
3276,9328,1972-10-25,858.0,Contrato eterno,S,342
3277,7234,1962-12-27,29.0,Cláusula 66A,N,195
3278,7813,1934-07-12,47.0,Anexo 13,N,154
3279,991,2002-03-30,497.0,Renovación automática,S,184
3280,7076,1951-06-24,689.0,Anexo 13,N,457
3281,2384,1933-08-23,648.0,Contrato eterno,N,91
3282,1369,1982-01-05,908.0,Cesión de alma secundaria,N,25
3283,5187,2009-06-28,543.0,Contrato eterno,S,161
3284,95,2000-09-19,663.0,Anexo 13,N,323
3285,1901,1958-09-26,344.0,Cláusula 66A,N,500
3286,6185,1968-06-14,801.0,Renovación automática,S,74
3287,2119,1948-02-07,322.0,Renovación automática,S,248
3288,7013,1994-08-17,788.0,Cláusula 66A,N,48
3289,4991,1993-03-07,268.0,Anexo 13,N,324
3290,8159,1963-05-08,733.0,Cesión de alma secundaria,N,247
3291,3606,1968-12-09,23.0,Renovación automática,S,60
3292,8369,1941-04-10,64.0,Cesión de alma secundaria,S,217
3293,8334,1949-02-04,669.0,Cláusula 66A,S,399
3294,4137,2011-01-09,669.0,Anexo 13,S,17
3295,4040,2023-06-16,418.0,Cesión de alma secundaria,S,476
3296,9005,2017-03-20,938.0,Renovación automática,N,489
3297,6335,2018-05-26,641.0,Cláusula 66A,N,64
3298,8281,1932-01-04,31.0,Renovación automática,S,444
3299,2312,2023-02-03,500.0,Cláusula 66A,S,162
3300,9589,3000-13-40,662.0,Cesión de alma secundaria,N,169
3301,2188,2016-09-18,548.0,Anexo 13,S,340
3302,664,1990-01-09,95.0,Contrato eterno,N,136
3303,1170,2013-11-25,950.0,Anexo 13,N,10
3304,6498,1961-04-06,446.0,Contrato eterno,N,213
3305,4522,1939-03-05,493.0,Cláusula 66A,S,27
3306,2315,1972-01-01,647.0,Renovación automática,N,129
3307,1554,2018-06-17,588.0,Cláusula 66A,N,225
3308,985,1927-09-01,798.0,Cláusula 66A,S,172
3309,1695,1930-07-21,230.0,Renovación automática,S,160
3310,7209,1943-10-03,338.0,Renovación automática,N,342
3311,4895,1995-01-02,702.0,Cláusula 66A,S,431
3312,3433,1977-05-18,122.0,Renovación automática,N,263
3313,3598,1957-05-18,77.0,Cesión de alma secundaria,N,233
3314,6374,1975-12-23,483.0,Anexo 13,N,144
3315,9733,1981-11-20,115.0,Contrato eterno,S,421
3316,9632,1937-08-18,586.0,Cesión de alma secundaria,N,199
3317,5078,1977-01-18,361.0,Contrato eterno,S,374
3318,815,2015-06-13,286.0,Contrato eterno,S,481
3319,7920,1978-07-16,631.0,Renovación automática,N,57
3320,9606,1955-11-07,527.0,Cesión de alma secundaria,S,34
3321,2879,1944-09-04,275.0,Cláusula 66A,N,418
3322,8602,1950-12-22,339.0,Renovación automática,S,197
3323,2532,1928-12-23,680.0,Renovación automática,N,152
3324,6538,2010-04-19,621.0,Contrato eterno,N,255
3325,2502,1961-06-18,254.0,Cláusula 66A,N,399
3326,5924,1942-03-05,576.0,Renovación automática,S,476
3327,7826,1981-06-25,294.0,Anexo 13,S,473
3328,3696,1944-11-19,224.0,Renovación automática,S,482
3329,9374,1979-07-05,264.0,Cláusula 66A,S,285
3330,7091,1991-03-19,853.0,Cesión de alma secundaria,S,81
3331,1225,1992-09-05,928.0,Renovación automática,S,249
3332,425,2024-07-26,130.0,Contrato eterno,S,17
3333,6822,2008-10-28,576.0,Cesión de alma secundaria,N,404
3334,4738,1947-09-05,907.0,Contrato eterno,N,32
3335,3703,1984-11-12,246.0,Anexo 13,N,2
3336,4500,1955-11-13,43.0,Cláusula 66A,S,458
3337,5624,1963-12-03,284.0,Cláusula 66A,S,183
3338,7569,2010-11-14,397.0,Cesión de alma secundaria,S,418
3339,8398,2018-10-01,901.0,Cláusula 66A,N,384
3340,580,2002-06-03,263.0,Anexo 13,N,382
3341,5450,1926-11-18,983.0,Anexo 13,S,251
3342,8656,1999-03-09,581.0,Contrato eterno,N,68
3343,3316,2006-08-18,357.0,Anexo 13,N,250
3344,6244,1991-10-02,799.0,Cláusula 66A,N,48
3345,7509,2013-12-29,917.0,Cesión de alma secundaria,N,35
3346,4758,2005-05-29,108.0,Cláusula 66A,N,67
3347,8735,1975-11-11,487.0,Renovación automática,N,69
3348,9857,2020-08-18,968.0,Contrato eterno,N,54
3349,243,2006-05-10,146.0,Cláusula 66A,S,196
3350,1234,1969-07-28,893.0,Anexo 13,N,432
3351,6734,2025-09-26,239.0,Contrato eterno,N,58
3352,4514,2002-09-02,693.0,Contrato eterno,N,105
3353,2006,3000-13-40,388.0,Renovación automática,N,183
3354,9124,1999-09-29,419.0,Contrato eterno,N,23
3355,72,1955-02-13,736.0,Cláusula 66A,N,159
3356,2588,1955-12-25,988.0,Cesión de alma secundaria,S,307
3357,4314,1928-09-03,406.0,Cláusula 66A,S,459
3358,659,2025-01-27,614.0,Contrato eterno,N,471
3359,6313,1996-08-11,544.0,Anexo 13,N,130
3360,5747,2007-01-28,966.0,Cesión de alma secundaria,S,20
3361,3724,1998-04-07,34.0,Anexo 13,N,71
3362,6019,2020-04-19,549.0,Renovación automática,S,229
3363,7248,1988-06-27,697.0,Renovación automática,S,116
3364,8736,2002-11-29,291.0,Anexo 13,S,493
3365,8023,2005-11-10,110.0,Cesión de alma secundaria,N,314
3366,1919,1976-10-09,630.0,Anexo 13,S,158
3367,4381,1954-01-03,414.0,Cláusula 66A,S,10
3368,5438,1952-11-03,746.0,Cláusula 66A,N,320
3369,39,1952-10-11,911.0,Renovación automática,N,52
3370,3429,1987-08-26,172.0,Renovación automática,S,316
3371,9891,1953-02-25,48.0,Contrato eterno,N,323
3372,6862,1940-06-10,867.0,Anexo 13,N,364
3373,1397,1953-11-23,777.0,Anexo 13,S,417
3374,9575,1955-11-02,595.0,Renovación automática,S,84
3375,1077,1937-01-01,495.0,Renovación automática,S,348
3376,8472,1978-05-26,492.0,Contrato eterno,S,237
3377,630,1979-03-16,120.0,Anexo 13,N,157
3378,645,1928-04-06,143.0,Renovación automática,N,213
3379,2891,1940-08-23,82.0,Anexo 13,N,441
3380,8736,3000-13-40,304.0,Renovación automática,S,245
3381,9307,1965-05-05,782.0,Contrato eterno,S,60
3382,6380,1964-11-27,393.0,Contrato eterno,N,392
3383,5491,1970-08-31,863.0,Cesión de alma secundaria,S,466
3384,1758,1995-03-11,960.0,Renovación automática,N,301
3385,3467,1947-04-20,865.0,Contrato eterno,N,8
3386,2572,1980-11-20,291.0,Anexo 13,S,369
3387,9001,1946-02-20,,Cláusula 66A,S,74
3388,4873,2024-07-05,985.0,Contrato eterno,S,172
3389,2655,2000-12-21,846.0,Anexo 13,N,16
3390,6113,1946-06-24,221.0,Anexo 13,S,295
3391,9155,1959-05-21,430.0,Anexo 13,N,467
3392,7911,1932-08-06,697.0,Cesión de alma secundaria,N,209
3393,4899,1977-12-23,778.0,Contrato eterno,N,304
3394,3460,1968-10-24,145.0,Renovación automática,S,331
3395,8737,1974-05-08,591.0,Anexo 13,N,262
3396,3290,1995-12-29,702.0,Cesión de alma secundaria,S,271
3397,8654,1980-05-24,722.0,Contrato eterno,S,43
3398,5186,1984-07-19,244.0,Cláusula 66A,S,168
3399,6466,1926-11-15,200.0,Cesión de alma secundaria,S,439
3400,4188,1996-03-29,172.0,Cesión de alma secundaria,S,332
3401,6702,2019-06-08,349.0,Renovación automática,S,189
3402,7815,1971-07-02,494.0,Contrato eterno,N,382
3403,5983,2014-07-29,438.0,Anexo 13,N,207
3404,8170,1967-11-18,602.0,Contrato eterno,N,155
3405,4450,2023-10-15,998.0,Contrato eterno,S,8
3406,2656,1972-01-26,384.0,Contrato eterno,N,193
3407,9244,2006-05-18,337.0,Renovación automática,S,108
3408,1350,3000-13-40,459.0,Cesión de alma secundaria,N,341
3409,3833,1966-01-11,766.0,Cesión de alma secundaria,N,38
3410,6481,1950-08-27,990.0,Contrato eterno,N,336
3411,7685,2019-11-21,367.0,Anexo 13,S,445
3412,3462,1981-12-07,223.0,Cesión de alma secundaria,N,259
3413,1885,1979-09-15,128.0,Cesión de alma secundaria,N,173
3414,7879,1938-05-31,400.0,Renovación automática,S,331
3415,4362,1928-01-14,241.0,Renovación automática,S,329
3416,4843,1935-02-10,207.0,Renovación automática,N,456
3417,5561,1942-04-26,183.0,Contrato eterno,S,170
3418,8335,1933-12-04,245.0,Anexo 13,N,182
3419,9569,1956-05-27,224.0,Contrato eterno,N,440
3420,7080,2004-03-01,38.0,Cesión de alma secundaria,N,3
3421,2973,1988-11-14,609.0,Cesión de alma secundaria,S,442
3422,9039,1994-08-20,455.0,Renovación automática,N,25
3423,8546,1933-02-16,465.0,Contrato eterno,N,410
3424,5169,3000-13-40,942.0,Cesión de alma secundaria,S,56
3425,5002,3000-13-40,428.0,Cláusula 66A,S,18
3426,6825,1997-04-28,883.0,Cláusula 66A,S,28
3427,7807,1930-04-07,279.0,Contrato eterno,S,395
3428,970,1926-08-01,385.0,Anexo 13,N,277
3429,1778,1981-12-11,727.0,Anexo 13,S,247
3430,2455,1977-12-17,111.0,Renovación automática,S,439
3431,560,1997-12-12,987.0,Cesión de alma secundaria,S,310
3432,5879,2019-05-06,141.0,Anexo 13,S,174
3433,1518,1957-06-26,668.0,Anexo 13,S,4
3434,9923,2008-04-02,853.0,Cláusula 66A,N,286
3435,1480,1982-03-27,386.0,Renovación automática,S,373
3436,6589,2018-12-30,792.0,Contrato eterno,S,395
3437,1461,1999-12-02,339.0,Anexo 13,S,491
3438,9635,2006-02-08,440.0,Cesión de alma secundaria,N,114
3439,9145,1948-07-29,956.0,Cesión de alma secundaria,S,6
3440,3679,1990-01-20,631.0,Anexo 13,S,367
3441,4740,2003-07-29,341.0,Cesión de alma secundaria,S,143
3442,7548,1937-02-09,237.0,Cesión de alma secundaria,S,279
3443,7711,1968-01-15,356.0,Anexo 13,N,116
3444,785,1954-07-01,839.0,Contrato eterno,S,341
3445,8072,2023-09-24,160.0,Anexo 13,S,183
3446,3656,1929-12-27,152.0,Cláusula 66A,N,230
3447,3124,1952-01-18,946.0,Contrato eterno,N,499
3448,96,1938-05-23,908.0,Cláusula 66A,N,471
3449,7431,1972-12-05,555.0,Contrato eterno,S,173
3450,7160,1948-05-10,585.0,Cláusula 66A,N,175
3451,651,2020-04-14,236.0,Cláusula 66A,N,428
3452,2909,1928-01-17,488.0,Cesión de alma secundaria,S,198
3453,9177,2017-08-03,642.0,Cesión de alma secundaria,S,63
3454,4197,1992-11-21,986.0,Cláusula 66A,N,131
3455,3153,2013-02-13,894.0,Renovación automática,N,330
3456,2948,2025-08-15,14.0,Cesión de alma secundaria,N,38
3457,2864,1967-12-31,225.0,Cláusula 66A,N,26
3458,2359,2006-09-26,340.0,Renovación automática,N,464
3459,9007,1944-07-05,338.0,Renovación automática,S,9999
3460,8600,1931-07-06,320.0,Renovación automática,S,44
3461,5680,1984-07-13,659.0,Renovación automática,N,398
3462,4229,1976-04-26,110.0,Contrato eterno,S,292
3463,1233,1948-10-16,484.0,Contrato eterno,N,477
3464,4372,2021-07-22,922.0,Contrato eterno,S,34
3465,2965,1976-04-28,600.0,Renovación automática,N,490
3466,9449,1990-09-13,279.0,Cláusula 66A,N,405
3467,2156,1959-07-06,,Cláusula 66A,N,281
3468,8383,2009-11-10,786.0,Cesión de alma secundaria,S,95
3469,1508,1946-10-07,774.0,Renovación automática,S,449
3470,2175,1945-04-04,797.0,Contrato eterno,N,16
3471,506,2004-12-02,124.0,Anexo 13,S,139
3472,30,1928-10-06,24.0,Anexo 13,S,97
3473,908,1989-09-14,512.0,Cláusula 66A,N,30
3474,271,1943-02-01,173.0,Renovación automática,N,9999
3475,8592,2015-03-18,673.0,Cesión de alma secundaria,S,322
3476,5074,1938-01-17,177.0,Contrato eterno,S,298
3477,4081,1953-06-16,707.0,Cláusula 66A,N,200
3478,7499,1958-04-06,384.0,Contrato eterno,S,304
3479,3205,1942-07-09,255.0,Renovación automática,N,256
3480,3941,1935-01-24,938.0,Anexo 13,S,92
3481,5537,1932-04-04,730.0,Cesión de alma secundaria,N,267
3482,8000,1952-12-14,111.0,Cesión de alma secundaria,S,17
3483,348,1999-12-04,308.0,Contrato eterno,S,452
3484,5075,1962-10-18,480.0,Cesión de alma secundaria,N,402
3485,6701,2008-01-31,711.0,Contrato eterno,S,48
3486,447,1991-04-19,988.0,Cláusula 66A,S,464
3487,2159,1989-05-27,342.0,Cesión de alma secundaria,N,440
3488,409,1992-12-07,230.0,Cesión de alma secundaria,N,439
3489,3923,1936-06-27,313.0,Renovación automática,N,466
3490,9027,1991-07-29,881.0,Renovación automática,S,47
3491,8977,1937-01-13,187.0,Cláusula 66A,N,401
3492,4249,1955-08-05,501.0,Cláusula 66A,S,353
3493,7018,1958-12-16,727.0,Anexo 13,N,363
3494,9419,1928-07-22,105.0,Cesión de alma secundaria,N,442
3495,4678,1984-10-24,907.0,Cesión de alma secundaria,N,37
3496,1748,1939-09-24,911.0,Cláusula 66A,N,301
3497,1921,1955-08-25,633.0,Renovación automática,N,110
3498,3316,2023-12-27,171.0,Cláusula 66A,S,53
3499,7596,1941-06-25,404.0,Cesión de alma secundaria,N,367
3500,8542,1965-07-25,993.0,Contrato eterno,N,283
3501,4716,1972-05-15,73.0,Cláusula 66A,N,89
3502,1301,2014-11-22,98.0,Anexo 13,S,111
3503,7822,1943-01-29,766.0,Anexo 13,S,439
3504,6187,2007-05-18,135.0,Cesión de alma secundaria,S,83
3505,2033,2015-11-23,860.0,Contrato eterno,N,276
3506,6443,1998-04-02,163.0,Anexo 13,S,189
3507,6075,1932-03-10,156.0,Cesión de alma secundaria,S,70
3508,5782,2004-06-09,766.0,Anexo 13,N,338
3509,3069,2007-01-01,151.0,Contrato eterno,S,4
3510,3019,1957-02-21,581.0,Contrato eterno,S,391
3511,8052,2000-10-27,776.0,Cesión de alma secundaria,N,70
3512,9438,1965-06-14,916.0,Cesión de alma secundaria,S,182
3513,7356,1953-07-17,592.0,Cesión de alma secundaria,N,477
3514,1465,1977-06-12,228.0,Contrato eterno,S,482
3515,3997,2011-05-19,377.0,Contrato eterno,N,287
3516,768,1936-07-22,47.0,Cesión de alma secundaria,N,188
3517,3048,2010-09-10,112.0,Contrato eterno,N,98
3518,2090,1980-02-18,610.0,Contrato eterno,N,72
3519,1436,1961-12-19,758.0,Cláusula 66A,S,27
3520,1247,1930-07-19,786.0,Contrato eterno,N,155
3521,8116,2020-08-23,912.0,Contrato eterno,N,232
3522,1712,1982-07-19,311.0,Renovación automática,S,276
3523,6330,1981-02-08,371.0,Renovación automática,N,187
3524,7782,3000-13-40,576.0,Cláusula 66A,S,29
3525,7080,2010-04-15,804.0,Renovación automática,N,18
3526,9158,2005-11-12,22.0,Anexo 13,S,453
3527,8394,2007-10-10,174.0,Cesión de alma secundaria,S,235
3528,4212,1953-07-21,503.0,Cláusula 66A,N,11
3529,7965,1938-10-17,367.0,Anexo 13,S,497
3530,8367,1935-01-18,517.0,Cesión de alma secundaria,N,139
3531,2394,1995-04-24,203.0,Contrato eterno,S,207
3532,7193,1980-12-28,252.0,Renovación automática,S,334
3533,674,2012-07-12,15.0,Contrato eterno,S,60
3534,6724,1950-08-21,608.0,Anexo 13,N,89
3535,3645,1971-12-28,316.0,Cláusula 66A,S,128
3536,9834,1949-03-06,74.0,Cesión de alma secundaria,N,167
3537,8770,1934-12-20,989.0,Contrato eterno,S,194
3538,5752,2018-01-05,828.0,Anexo 13,N,138
3539,907,1978-08-02,155.0,Anexo 13,N,243
3540,8976,1997-08-16,786.0,Cesión de alma secundaria,S,404
3541,8890,1954-12-29,759.0,Anexo 13,S,377
3542,3245,2001-02-07,617.0,Renovación automática,S,259
3543,5783,1972-12-06,537.0,Contrato eterno,N,238
3544,9097,1961-05-12,22.0,Cesión de alma secundaria,N,363
3545,3810,1995-12-08,152.0,Cláusula 66A,N,407
3546,4227,1997-06-22,192.0,Contrato eterno,S,430
3547,7863,1979-03-28,410.0,Anexo 13,N,80
3548,5720,1964-05-14,390.0,Cesión de alma secundaria,S,69
3549,8412,1962-06-10,672.0,Cesión de alma secundaria,N,290
3550,1084,1947-05-02,495.0,Contrato eterno,S,446
3551,6724,1961-04-01,904.0,Renovación automática,S,255
3552,4732,1949-04-26,198.0,Cesión de alma secundaria,N,407
3553,404,1976-05-30,792.0,Cesión de alma secundaria,N,132
3554,9889,1960-05-31,688.0,Anexo 13,S,453
3555,9864,1979-12-18,669.0,Contrato eterno,N,310
3556,5866,1943-10-12,800.0,Anexo 13,N,426
3557,3978,1957-09-28,47.0,Anexo 13,S,173
3558,1864,1980-06-03,187.0,Contrato eterno,N,13
3559,4094,1938-06-22,153.0,Anexo 13,S,167
3560,8895,1953-01-29,221.0,Contrato eterno,S,144
3561,9250,1944-03-28,217.0,Contrato eterno,S,261
3562,7526,1965-06-28,144.0,Renovación automática,S,74
3563,2407,1981-04-17,564.0,Renovación automática,N,277
3564,2798,2003-10-14,655.0,Anexo 13,N,232
3565,5373,1994-09-07,,Cesión de alma secundaria,S,492
3566,6036,1933-01-30,580.0,Anexo 13,S,457
3567,9369,2000-11-18,993.0,Anexo 13,N,461
3568,6759,1933-06-08,361.0,Cláusula 66A,N,346
3569,5588,1942-10-26,238.0,Anexo 13,N,453
3570,9941,1992-04-16,126.0,Renovación automática,N,181
3571,3003,2023-01-16,467.0,Contrato eterno,N,420
3572,2262,2014-11-18,257.0,Cesión de alma secundaria,S,55
3573,5540,1967-09-19,893.0,Cesión de alma secundaria,N,99
3574,1350,1994-06-23,883.0,Anexo 13,S,256
3575,2717,1945-03-22,867.0,Cláusula 66A,N,154
3576,5770,1931-06-21,242.0,Cláusula 66A,N,76
3577,9002,1961-07-27,976.0,Anexo 13,N,309
3578,6835,1928-12-29,405.0,Contrato eterno,S,351
3579,966,1988-06-23,880.0,Cláusula 66A,S,127
3580,4007,1938-05-18,522.0,Contrato eterno,S,169
3581,6620,1944-09-22,653.0,Renovación automática,S,13
3582,2987,1932-01-15,525.0,Renovación automática,S,385
3583,6197,1977-06-06,856.0,Cesión de alma secundaria,S,218
3584,1596,1961-06-09,583.0,Cesión de alma secundaria,S,499
3585,4102,1931-04-16,72.0,Cláusula 66A,N,297
3586,3992,2003-12-05,863.0,Cláusula 66A,S,390
3587,9580,1934-01-16,343.0,Cláusula 66A,N,256
3588,9350,1979-02-26,989.0,Contrato eterno,S,366
3589,4489,1975-07-16,967.0,Cláusula 66A,N,382
3590,8804,1959-12-12,433.0,Anexo 13,N,44
3591,2273,1941-05-20,459.0,Contrato eterno,N,237
3592,1507,2019-06-28,640.0,Contrato eterno,N,72
3593,3367,1947-09-26,69.0,Contrato eterno,N,290
3594,2161,1952-03-17,404.0,Cláusula 66A,S,309
3595,5418,1993-04-28,616.0,Contrato eterno,S,49
3596,5508,1995-12-09,385.0,Cláusula 66A,N,360
3597,8107,2023-06-20,299.0,Anexo 13,S,35
3598,6880,1959-06-05,716.0,Renovación automática,N,217
3599,7508,1942-07-30,461.0,Contrato eterno,S,216
3600,2647,1999-05-29,972.0,Contrato eterno,S,454
3601,8641,1997-05-03,572.0,Renovación automática,S,161
3602,8170,1943-11-27,158.0,Contrato eterno,N,186
3603,8405,1997-08-03,249.0,Cláusula 66A,N,337
3604,806,2006-10-31,997.0,Cláusula 66A,S,134
3605,2926,1960-10-07,,Anexo 13,N,415
3606,6757,2012-03-09,550.0,Cláusula 66A,S,98
3607,4721,2019-10-28,656.0,Cesión de alma secundaria,N,17
3608,4589,1950-10-05,180.0,Cesión de alma secundaria,N,58
3609,7758,1931-11-20,911.0,Renovación automática,N,406
3610,5228,1934-06-08,743.0,Contrato eterno,N,478
3611,1206,2021-08-13,587.0,Contrato eterno,N,432
3612,1565,1943-03-16,151.0,Contrato eterno,N,326
3613,4550,1992-11-04,983.0,Anexo 13,N,179
3614,7706,1967-06-13,659.0,Cláusula 66A,N,421
3615,8299,1935-09-01,362.0,Cláusula 66A,S,82
3616,8576,1966-03-20,936.0,Cesión de alma secundaria,N,83
3617,9547,2017-06-19,371.0,Renovación automática,S,108
3618,4778,1994-01-05,162.0,Renovación automática,S,1
3619,1593,2008-02-14,825.0,Renovación automática,S,268
3620,2793,1980-12-19,388.0,Anexo 13,S,496
3621,8783,1931-12-30,600.0,Contrato eterno,N,9999
3622,8722,1944-06-29,950.0,Anexo 13,N,264
3623,1185,1948-03-21,718.0,Renovación automática,S,332
3624,5814,3000-13-40,542.0,Cesión de alma secundaria,S,484
3625,4603,1943-01-11,161.0,Cláusula 66A,N,350
3626,6719,1992-02-07,311.0,Cesión de alma secundaria,S,238
3627,3346,2002-03-19,134.0,Cláusula 66A,N,96
3628,1635,1947-02-17,849.0,Contrato eterno,S,118
3629,2138,2009-08-24,419.0,Anexo 13,N,420
3630,5568,1993-10-28,510.0,Cesión de alma secundaria,N,243
3631,7667,1981-04-13,889.0,Renovación automática,S,50
3632,3840,1954-07-10,289.0,Contrato eterno,S,125
3633,391,1989-03-01,320.0,Cesión de alma secundaria,N,116
3634,9328,1929-07-11,910.0,Renovación automática,S,162
3635,4430,1938-01-29,,Renovación automática,N,239
3636,4720,1968-04-27,399.0,Renovación automática,N,48
3637,2683,1972-01-14,143.0,Renovación automática,N,377
3638,7190,2005-01-14,621.0,Cesión de alma secundaria,N,124
3639,1939,1956-11-03,763.0,Cláusula 66A,N,9999
3640,5550,1953-11-01,14.0,Contrato eterno,N,52
3641,628,1931-05-23,204.0,Renovación automática,S,387
3642,665,1960-04-29,337.0,Renovación automática,N,472
3643,9873,1988-09-05,342.0,Contrato eterno,N,437
3644,5185,2014-08-07,269.0,Renovación automática,N,132
3645,8704,1953-08-19,22.0,Cesión de alma secundaria,N,255
3646,5171,1956-09-06,943.0,Cláusula 66A,N,105
3647,2566,2001-01-01,30.0,Contrato eterno,S,424
3648,8824,1974-10-11,61.0,Renovación automática,S,245
3649,6161,1993-03-17,168.0,Cesión de alma secundaria,N,47
3650,4591,2004-04-29,532.0,Cláusula 66A,S,163
3651,2242,2020-08-08,983.0,Anexo 13,N,133
3652,1587,1974-11-20,327.0,Cláusula 66A,S,253
3653,6017,1984-04-11,239.0,Contrato eterno,S,447
3654,1873,1936-09-19,438.0,Renovación automática,S,271
3655,1146,1936-01-31,214.0,Renovación automática,S,223
3656,6368,2002-11-23,881.0,Cláusula 66A,N,68
3657,8300,2010-03-15,52.0,Contrato eterno,S,140
3658,2794,1938-05-31,975.0,Cesión de alma secundaria,S,307
3659,5100,2003-07-19,722.0,Contrato eterno,S,258
3660,3976,1973-09-10,252.0,Cláusula 66A,S,438
3661,727,2007-07-19,330.0,Renovación automática,N,397
3662,6095,1936-04-27,329.0,Cláusula 66A,N,487
3663,9830,1928-07-14,480.0,Cláusula 66A,N,301
3664,4051,2018-03-28,545.0,Anexo 13,S,167
3665,6089,2019-06-10,309.0,Anexo 13,S,433
3666,1008,1940-08-26,794.0,Cláusula 66A,S,439
3667,4899,1971-06-18,911.0,Cláusula 66A,S,33
3668,887,2022-12-25,699.0,Cesión de alma secundaria,N,119
3669,7799,1945-01-08,363.0,Contrato eterno,N,151
3670,1548,2010-06-10,36.0,Renovación automática,S,153
3671,6007,3000-13-40,977.0,Cláusula 66A,N,379
3672,3311,1940-09-23,475.0,Cesión de alma secundaria,S,347
3673,8515,2008-01-11,410.0,Contrato eterno,S,236
3674,1854,1981-08-21,590.0,Cesión de alma secundaria,S,235
3675,8025,1975-02-18,829.0,Contrato eterno,S,49
3676,3752,1950-10-15,800.0,Renovación automática,S,247
3677,7324,1974-09-27,119.0,Cesión de alma secundaria,S,421
3678,5093,1991-08-21,395.0,Contrato eterno,N,340
3679,9848,2002-10-03,718.0,Cesión de alma secundaria,N,12
3680,8212,2021-04-08,416.0,Anexo 13,S,467
3681,407,2018-09-04,583.0,Contrato eterno,N,205
3682,6281,1950-09-29,725.0,Contrato eterno,S,269
3683,8223,1929-03-14,308.0,Cesión de alma secundaria,N,494
3684,3523,1996-01-12,828.0,Contrato eterno,S,252
3685,2772,2023-10-01,861.0,Contrato eterno,S,326
3686,2054,1973-12-02,615.0,Cláusula 66A,N,399
3687,9952,2023-01-31,391.0,Renovación automática,N,234
3688,2310,1958-07-13,998.0,Anexo 13,N,32
3689,4921,1926-02-24,297.0,Renovación automática,N,49
3690,2462,1953-12-25,426.0,Anexo 13,N,199
3691,7084,1941-01-08,616.0,Renovación automática,N,349
3692,4705,1981-11-12,148.0,Cesión de alma secundaria,S,273
3693,8452,2017-10-07,668.0,Renovación automática,N,222
3694,1725,1986-06-06,462.0,Contrato eterno,N,108
3695,7357,1982-01-13,778.0,Cesión de alma secundaria,S,58
3696,6537,2000-01-09,499.0,Contrato eterno,S,108
3697,5463,1998-12-20,89.0,Cesión de alma secundaria,N,208
3698,4529,1988-12-06,94.0,Renovación automática,S,245
3699,9185,1926-02-10,373.0,Renovación automática,N,314
3700,1671,1951-10-14,369.0,Contrato eterno,S,417
3701,6161,1940-10-06,969.0,Cesión de alma secundaria,S,361
3702,1815,3000-13-40,932.0,Anexo 13,S,386
3703,7115,1926-02-03,964.0,Contrato eterno,N,497
3704,4125,2009-09-22,982.0,Renovación automática,N,476
3705,9118,1965-12-08,715.0,Cesión de alma secundaria,N,474
3706,1570,2021-09-07,61.0,Renovación automática,S,17
3707,7765,1954-04-16,574.0,Renovación automática,S,480
3708,6519,1967-11-05,189.0,Anexo 13,N,368
3709,9626,1956-03-02,800.0,Cesión de alma secundaria,S,367
3710,5491,2005-11-09,965.0,Cláusula 66A,S,144
3711,8000,1940-01-02,655.0,Cesión de alma secundaria,N,11
3712,5614,1981-06-18,986.0,Cesión de alma secundaria,N,46
3713,9817,2014-09-02,702.0,Renovación automática,S,291
3714,1993,2005-04-07,765.0,Contrato eterno,N,95
3715,3261,1938-03-06,270.0,Contrato eterno,N,146
3716,2569,1935-05-20,227.0,Contrato eterno,S,266
3717,9066,2023-12-24,210.0,Contrato eterno,N,15
3718,1136,1928-10-08,877.0,Renovación automática,S,177
3719,4284,2018-04-04,273.0,Cláusula 66A,S,121
3720,5388,2018-02-07,258.0,Renovación automática,S,229
3721,5384,1974-11-26,41.0,Renovación automática,S,213
3722,9908,1944-10-26,453.0,Renovación automática,S,401
3723,4354,2019-12-19,949.0,Cesión de alma secundaria,S,9999
3724,4462,1981-07-28,31.0,Cláusula 66A,S,36
3725,9372,1984-07-31,720.0,Renovación automática,N,293
3726,9057,2014-02-13,394.0,Renovación automática,S,188
3727,5611,1997-07-14,115.0,Cesión de alma secundaria,S,104
3728,3993,1938-09-29,266.0,Contrato eterno,S,315
3729,3693,2007-12-04,,Anexo 13,N,125
3730,4620,1965-02-19,62.0,Renovación automática,N,99
3731,6271,1981-04-14,782.0,Anexo 13,S,197
3732,2004,1958-07-29,472.0,Cesión de alma secundaria,S,308
3733,7684,1963-10-21,417.0,Anexo 13,S,185
3734,1880,1964-04-10,939.0,Renovación automática,S,7
3735,5657,1958-01-11,94.0,Cesión de alma secundaria,N,399
3736,9824,1993-09-08,472.0,Cesión de alma secundaria,N,401
3737,8782,2011-05-30,741.0,Contrato eterno,S,9
3738,6529,1988-08-14,804.0,Cláusula 66A,N,180
3739,2999,1971-10-28,31.0,Cesión de alma secundaria,S,64
3740,94,1930-06-30,899.0,Anexo 13,N,102
3741,5960,1946-02-24,770.0,Cláusula 66A,S,360
3742,8041,1940-11-12,298.0,Anexo 13,N,341
3743,1422,1964-01-28,,Renovación automática,N,94
3744,2972,1967-09-03,,Contrato eterno,S,259
3745,4551,1959-12-23,1000.0,Cláusula 66A,S,423
3746,1389,2002-01-21,302.0,Contrato eterno,S,143
3747,6319,1972-05-05,770.0,Anexo 13,N,34
3748,7188,2001-08-14,550.0,Cláusula 66A,N,24
3749,4308,2016-08-12,872.0,Cesión de alma secundaria,S,282
3750,2039,1955-04-07,,Contrato eterno,N,358
3751,2739,1970-05-06,157.0,Anexo 13,S,228
3752,1802,1940-06-20,846.0,Contrato eterno,N,47
3753,6694,1963-01-24,404.0,Contrato eterno,N,314
3754,8375,1978-01-23,887.0,Renovación automática,N,297
3755,3873,2006-08-08,631.0,Cláusula 66A,S,138
3756,5583,1975-11-12,13.0,Contrato eterno,N,109
3757,2232,1984-10-14,110.0,Cesión de alma secundaria,N,262
3758,191,1931-12-02,287.0,Renovación automática,S,339
3759,4552,1988-07-11,273.0,Cláusula 66A,N,394
3760,6923,1928-07-26,920.0,Anexo 13,N,78
3761,7238,1949-08-08,288.0,Cláusula 66A,N,233
3762,5999,1927-02-12,699.0,Contrato eterno,N,378
3763,8545,1972-07-28,343.0,Renovación automática,N,216
3764,8007,1978-02-07,622.0,Contrato eterno,N,369
3765,4873,1927-12-17,524.0,Renovación automática,S,442
3766,6712,1971-05-03,949.0,Renovación automática,N,149
3767,2580,2008-02-11,538.0,Contrato eterno,N,161
3768,8339,2002-02-14,,Cláusula 66A,N,226
3769,1827,1968-02-13,735.0,Anexo 13,N,156
3770,8882,1940-03-13,565.0,Anexo 13,S,48
3771,6153,2002-10-14,775.0,Renovación automática,S,277
3772,3294,1939-11-26,566.0,Renovación automática,S,454
3773,3287,1929-09-15,625.0,Contrato eterno,S,382
3774,683,1943-08-13,957.0,Anexo 13,S,96
3775,844,2025-10-24,225.0,Cláusula 66A,N,91
3776,3693,1940-03-16,824.0,Cláusula 66A,S,9999
3777,7491,1928-09-23,884.0,Cláusula 66A,N,174
3778,3302,1978-10-17,167.0,Renovación automática,S,45
3779,2281,1940-05-22,303.0,Cesión de alma secundaria,N,38
3780,2667,1975-11-20,383.0,Anexo 13,S,84
3781,4813,1949-04-26,558.0,Cláusula 66A,S,434
3782,6168,2023-09-06,555.0,Contrato eterno,S,75
3783,608,1972-02-25,529.0,Anexo 13,N,121
3784,229,1967-11-01,236.0,Cláusula 66A,N,150
3785,1830,2018-04-15,201.0,Cesión de alma secundaria,S,9999
3786,3423,1955-08-31,913.0,Cláusula 66A,N,468
3787,8769,1974-04-20,395.0,Cláusula 66A,S,474
3788,6531,1976-07-27,214.0,Anexo 13,N,481
3789,8511,1980-03-08,794.0,Contrato eterno,N,103
3790,1642,1997-10-08,801.0,Renovación automática,N,85
3791,9794,1974-12-24,351.0,Cláusula 66A,N,190
3792,6694,1941-12-06,610.0,Cesión de alma secundaria,S,492
3793,4352,1933-01-27,,Cláusula 66A,S,348
3794,2786,2021-01-13,762.0,Renovación automática,S,314
3795,1948,2009-03-27,702.0,Cesión de alma secundaria,S,85
3796,5686,1967-12-25,966.0,Renovación automática,S,61
3797,5933,1933-08-10,772.0,Cláusula 66A,S,115
3798,4527,2002-01-29,764.0,Cesión de alma secundaria,S,412
3799,33,2011-03-30,377.0,Cesión de alma secundaria,S,497
3800,3339,1949-04-16,568.0,Anexo 13,S,304
3801,5332,1986-04-07,196.0,Contrato eterno,S,63
3802,3142,2025-04-06,427.0,Contrato eterno,S,451
3803,5242,2015-01-22,442.0,Cláusula 66A,S,449
3804,2757,2022-03-18,223.0,Cesión de alma secundaria,N,499
3805,1766,1963-12-30,632.0,Anexo 13,N,487
3806,1325,1984-03-21,138.0,Cláusula 66A,S,265
3807,1394,1994-04-26,609.0,Contrato eterno,S,67
3808,457,2000-11-25,818.0,Cesión de alma secundaria,S,124
3809,3319,1982-04-01,944.0,Cesión de alma secundaria,N,330
3810,2363,1955-10-20,137.0,Anexo 13,S,255
3811,5709,1945-06-18,835.0,Anexo 13,S,125
3812,2853,1935-04-02,447.0,Cesión de alma secundaria,N,242
3813,7857,1958-09-25,307.0,Cesión de alma secundaria,S,385
3814,573,1966-01-14,993.0,Cesión de alma secundaria,N,387
3815,1956,1939-12-08,473.0,Cláusula 66A,S,120
3816,5623,1930-04-20,47.0,Cláusula 66A,N,167
3817,6043,2015-12-17,736.0,Anexo 13,S,417
3818,751,1969-11-06,311.0,Cláusula 66A,S,379
3819,218,1961-08-11,142.0,Anexo 13,S,460
3820,1241,1992-01-15,980.0,Renovación automática,N,165
3821,2622,1958-07-15,230.0,Contrato eterno,N,275
3822,2104,1982-10-30,318.0,Cláusula 66A,S,474
3823,2079,1979-12-22,312.0,Cláusula 66A,N,375
3824,6882,2011-01-14,707.0,Cesión de alma secundaria,S,442
3825,7670,1949-06-05,39.0,Anexo 13,N,111
3826,4404,1998-03-25,899.0,Cesión de alma secundaria,N,433
3827,114,1926-05-01,166.0,Cesión de alma secundaria,S,147
3828,8642,2015-08-02,228.0,Cesión de alma secundaria,N,480
3829,7387,2024-01-08,950.0,Cláusula 66A,N,145
3830,1521,1998-11-07,434.0,Anexo 13,N,461
3831,2773,1945-10-01,855.0,Cláusula 66A,N,479
3832,9444,1996-06-08,958.0,Renovación automática,S,190
3833,3637,2022-06-15,54.0,Cláusula 66A,S,353
3834,1729,1999-02-23,806.0,Renovación automática,S,120
3835,5878,1965-08-17,655.0,Cesión de alma secundaria,N,266
3836,6006,2004-02-25,387.0,Cesión de alma secundaria,N,313
3837,4222,1976-09-04,867.0,Renovación automática,N,353
3838,401,2022-04-22,282.0,Cesión de alma secundaria,N,246
3839,467,1929-04-25,854.0,Renovación automática,S,36
3840,9558,1997-07-17,958.0,Contrato eterno,S,432
3841,5492,1967-08-10,248.0,Cláusula 66A,S,266
3842,6243,1945-09-06,460.0,Anexo 13,S,398
3843,1550,2000-06-03,198.0,Anexo 13,N,102
3844,5569,1980-04-29,,Anexo 13,S,380
3845,4667,2008-02-22,225.0,Anexo 13,S,348
3846,727,1942-04-12,478.0,Renovación automática,N,119
3847,2391,1982-03-15,307.0,Cesión de alma secundaria,S,262
3848,4572,2011-05-06,160.0,Contrato eterno,N,318
3849,1184,1985-07-13,934.0,Anexo 13,N,133
3850,1037,1963-03-10,421.0,Contrato eterno,S,497
3851,3410,1957-05-21,43.0,Cláusula 66A,S,481
3852,334,1928-11-23,489.0,Cláusula 66A,N,376
3853,1239,2023-08-02,89.0,Cláusula 66A,N,324
3854,4220,2013-09-19,665.0,Contrato eterno,N,232
3855,5972,1986-01-21,903.0,Cláusula 66A,N,262
3856,8317,2003-06-15,959.0,Anexo 13,S,227
3857,9209,1935-01-15,386.0,Cesión de alma secundaria,S,143
3858,7096,1983-12-25,831.0,Anexo 13,N,30
3859,5441,2009-04-17,21.0,Contrato eterno,S,408
3860,202,1951-10-04,991.0,Cesión de alma secundaria,S,78
3861,8657,1975-05-23,765.0,Contrato eterno,N,117
3862,7200,2024-01-14,727.0,Cesión de alma secundaria,N,175
3863,5028,1977-01-24,490.0,Cesión de alma secundaria,S,194
3864,7761,1977-05-10,411.0,Anexo 13,S,201
3865,8332,1992-05-15,886.0,Contrato eterno,S,131
3866,111,2006-10-25,293.0,Cesión de alma secundaria,S,445
3867,8333,1977-12-27,873.0,Contrato eterno,S,110
3868,4082,1945-12-31,116.0,Cesión de alma secundaria,N,80
3869,8126,2002-06-02,938.0,Cesión de alma secundaria,N,128
3870,1328,2017-06-20,96.0,Anexo 13,N,445
3871,6351,1984-11-07,160.0,Cláusula 66A,N,64
3872,1569,1968-09-27,100.0,Cesión de alma secundaria,S,342
3873,1358,1991-09-27,882.0,Cláusula 66A,N,179
3874,8748,1945-09-12,245.0,Renovación automática,S,103
3875,8048,1962-04-01,654.0,Cesión de alma secundaria,S,439
3876,3998,1986-11-09,14.0,Anexo 13,N,331
3877,1356,1948-07-11,923.0,Cesión de alma secundaria,N,192
3878,4933,1982-08-30,508.0,Anexo 13,S,57
3879,1772,1976-03-20,235.0,Anexo 13,N,177
3880,5568,1982-11-04,,Cesión de alma secundaria,N,438
3881,5538,1946-03-14,462.0,Renovación automática,S,17
3882,7047,1948-04-09,386.0,Contrato eterno,N,261
3883,4128,1928-11-24,716.0,Anexo 13,S,260
3884,6745,2006-01-18,258.0,Anexo 13,N,443
3885,3406,1934-02-13,632.0,Renovación automática,N,122
3886,7822,1958-08-13,406.0,Renovación automática,N,73
3887,1865,1952-03-29,592.0,Anexo 13,N,169
3888,7351,1974-10-10,667.0,Renovación automática,S,294
3889,4697,1991-02-02,679.0,Cesión de alma secundaria,N,73
3890,6857,2021-08-06,951.0,Anexo 13,S,483
3891,5601,1991-12-24,135.0,Cesión de alma secundaria,S,243
3892,9135,1946-08-22,416.0,Anexo 13,S,148
3893,61,1975-11-10,141.0,Contrato eterno,N,388
3894,5604,1988-10-27,911.0,Anexo 13,S,364
3895,1825,1978-04-27,326.0,Cláusula 66A,S,454
3896,153,1994-12-10,729.0,Renovación automática,N,92
3897,9624,1954-02-28,987.0,Cláusula 66A,S,362
3898,5753,1956-04-30,404.0,Cláusula 66A,N,191
3899,6336,1993-11-28,456.0,Cesión de alma secundaria,S,325
3900,9574,2002-01-11,651.0,Contrato eterno,N,41
3901,8076,1969-09-28,411.0,Contrato eterno,S,152
3902,785,1961-03-10,500.0,Contrato eterno,S,55
3903,3165,1955-05-09,756.0,Renovación automática,N,171
3904,5211,1985-09-12,46.0,Cesión de alma secundaria,N,409
3905,2244,1943-03-18,153.0,Renovación automática,N,202
3906,6646,2008-05-19,24.0,Anexo 13,N,109
3907,3411,1969-03-13,819.0,Anexo 13,N,287
3908,8445,1951-10-05,337.0,Cesión de alma secundaria,S,182
3909,393,2002-04-26,817.0,Anexo 13,N,188
3910,3376,1969-11-15,356.0,Renovación automática,N,384
3911,6630,1930-09-30,509.0,Anexo 13,N,75
3912,5474,2025-10-23,563.0,Renovación automática,N,3
3913,8441,1990-04-20,58.0,Renovación automática,S,283
3914,7489,1983-09-14,470.0,Anexo 13,N,279
3915,3836,2007-01-25,400.0,Renovación automática,S,33
3916,1089,2015-04-15,907.0,Cesión de alma secundaria,N,108
3917,2933,1939-06-15,507.0,Anexo 13,S,106
3918,6398,2016-04-16,225.0,Renovación automática,N,300
3919,8032,1971-05-18,114.0,Cláusula 66A,S,131
3920,6828,1933-04-01,246.0,Anexo 13,N,70
3921,6563,2023-01-01,570.0,Renovación automática,N,303
3922,3666,1929-03-19,729.0,Contrato eterno,S,95
3923,6429,1974-04-17,950.0,Cesión de alma secundaria,N,56
3924,8139,1967-11-21,938.0,Cesión de alma secundaria,N,22
3925,4286,1964-08-26,575.0,Cesión de alma secundaria,N,332
3926,445,2025-01-20,411.0,Anexo 13,S,66
3927,2947,1939-02-17,786.0,Cláusula 66A,N,436
3928,7354,1949-12-22,749.0,Cesión de alma secundaria,S,62
3929,6977,1953-04-15,92.0,Cesión de alma secundaria,N,492
3930,9387,2018-04-17,860.0,Renovación automática,N,45
3931,8190,2020-06-17,982.0,Cláusula 66A,S,437
3932,8107,2004-05-04,34.0,Cláusula 66A,S,374
3933,7819,2023-04-11,884.0,Cesión de alma secundaria,N,237
3934,6184,1947-07-01,733.0,Anexo 13,N,274
3935,8020,1931-06-09,162.0,Renovación automática,S,500
3936,5738,1926-06-12,223.0,Renovación automática,S,498
3937,4646,1968-10-07,73.0,Cláusula 66A,S,329
3938,6456,2008-08-29,358.0,Contrato eterno,S,419
3939,4539,1939-11-11,498.0,Cláusula 66A,S,498
3940,5066,1993-06-09,294.0,Contrato eterno,S,398
3941,7406,1971-01-14,556.0,Renovación automática,S,458
3942,8425,2022-09-24,,Cláusula 66A,N,184
3943,6825,1968-03-17,448.0,Contrato eterno,S,277
3944,7574,2011-12-26,955.0,Cesión de alma secundaria,N,372
3945,3679,1997-03-29,510.0,Renovación automática,S,465
3946,121,1968-04-17,30.0,Renovación automática,S,497
3947,1567,1940-01-09,550.0,Contrato eterno,S,120
3948,6073,1957-02-21,909.0,Anexo 13,S,272
3949,7417,2020-12-01,714.0,Renovación automática,N,54
3950,4730,1938-10-08,970.0,Anexo 13,S,348
3951,9574,1993-02-01,45.0,Contrato eterno,N,251
3952,5727,2013-12-25,325.0,Anexo 13,N,341
3953,7008,1933-07-19,810.0,Renovación automática,N,75
3954,4934,1997-05-10,822.0,Cesión de alma secundaria,N,34
3955,2060,1981-11-04,137.0,Cláusula 66A,N,305
3956,5381,1992-03-27,694.0,Renovación automática,S,486
3957,1868,2022-08-04,528.0,Contrato eterno,S,91
3958,7840,1997-12-07,427.0,Renovación automática,S,460
3959,979,1995-01-22,413.0,Contrato eterno,S,53
3960,4564,1997-06-12,282.0,Contrato eterno,S,53
3961,8874,1932-06-17,977.0,Cesión de alma secundaria,S,126
3962,9404,1983-03-26,823.0,Cesión de alma secundaria,S,441
3963,6816,2013-12-01,636.0,Cesión de alma secundaria,S,178
3964,1499,1994-10-05,441.0,Renovación automática,S,404
3965,9975,2012-05-01,263.0,Cláusula 66A,S,338
3966,3276,1947-12-02,153.0,Renovación automática,N,116
3967,5283,2002-05-16,765.0,Anexo 13,N,423
3968,9163,2023-02-11,826.0,Anexo 13,S,365
3969,8639,1987-02-20,491.0,Contrato eterno,S,477
3970,1989,3000-13-40,674.0,Anexo 13,N,495
3971,5171,1996-02-14,554.0,Contrato eterno,N,450
3972,7024,1947-04-10,541.0,Cláusula 66A,S,469
3973,7449,2019-09-18,577.0,Contrato eterno,N,256
3974,493,2020-10-02,37.0,Renovación automática,N,202
3975,810,1967-10-20,470.0,Renovación automática,N,198
3976,6858,1987-08-04,42.0,Anexo 13,N,40
3977,2361,1966-01-10,393.0,Contrato eterno,N,142
3978,6675,2018-06-22,,Anexo 13,S,285
3979,8879,1951-03-24,340.0,Cláusula 66A,N,20
3980,3577,3000-13-40,,Cesión de alma secundaria,N,293
3981,1691,2004-09-30,406.0,Cesión de alma secundaria,N,420
3982,8455,1928-12-20,505.0,Cláusula 66A,N,441
3983,4005,1964-02-26,907.0,Renovación automática,S,126
3984,5304,2019-11-13,625.0,Renovación automática,S,420
3985,9724,1999-11-17,874.0,Cesión de alma secundaria,N,475
3986,1819,1937-05-11,588.0,Anexo 13,N,477
3987,2829,1931-04-26,835.0,Cesión de alma secundaria,N,107
3988,4749,3000-13-40,50.0,Anexo 13,S,198
3989,9849,1973-12-11,38.0,Anexo 13,N,224
3990,2115,1928-02-21,608.0,Renovación automática,S,27
3991,5874,2002-01-06,266.0,Anexo 13,S,360
3992,2126,1960-02-09,706.0,Cláusula 66A,S,77
3993,3304,1962-08-21,125.0,Contrato eterno,S,341
3994,5580,1952-03-22,165.0,Contrato eterno,S,451
3995,3481,1928-03-27,831.0,Cláusula 66A,S,358
3996,5302,1983-04-22,875.0,Anexo 13,N,489
3997,6217,2010-08-22,209.0,Renovación automática,S,462
3998,3831,2001-07-20,794.0,Anexo 13,S,423
3999,9655,1958-03-25,336.0,Cláusula 66A,N,233
4000,1409,1931-03-14,388.0,Renovación automática,S,6
4001,7722,1996-04-06,569.0,Cesión de alma secundaria,S,223
4002,3989,1952-07-07,352.0,Cesión de alma secundaria,N,148
4003,3475,1971-03-10,635.0,Anexo 13,N,473
4004,9444,2014-09-27,614.0,Contrato eterno,S,9999
4005,7196,1947-10-09,202.0,Cláusula 66A,S,320
4006,9231,1931-03-12,751.0,Contrato eterno,S,222
4007,3214,2019-06-14,956.0,Contrato eterno,S,303
4008,2286,1949-02-02,868.0,Cesión de alma secundaria,S,335
4009,5696,1989-10-26,277.0,Cesión de alma secundaria,N,183
4010,452,1992-01-03,890.0,Contrato eterno,N,172
4011,418,3000-13-40,748.0,Contrato eterno,S,499
4012,3099,1954-07-15,412.0,Anexo 13,S,329
4013,5177,2021-01-13,307.0,Cláusula 66A,S,339
4014,1882,1984-04-22,845.0,Renovación automática,N,14
4015,3755,1980-05-01,902.0,Anexo 13,N,297
4016,8041,1943-01-05,721.0,Contrato eterno,N,330
4017,7719,1942-06-02,51.0,Cesión de alma secundaria,S,278
4018,2738,1944-11-21,138.0,Contrato eterno,S,42
4019,9249,1960-09-07,321.0,Cesión de alma secundaria,S,274
4020,7103,2021-08-13,866.0,Anexo 13,S,316
4021,7087,2011-01-18,953.0,Cláusula 66A,S,362
4022,8692,1927-12-15,566.0,Anexo 13,N,82
4023,8465,1962-10-07,718.0,Contrato eterno,N,333
4024,1120,1936-08-11,23.0,Cesión de alma secundaria,S,298
4025,5712,1990-10-10,455.0,Cesión de alma secundaria,N,214
4026,7599,1954-04-06,421.0,Cláusula 66A,N,192
4027,2744,1999-10-01,752.0,Cesión de alma secundaria,N,37
4028,6025,2020-10-10,103.0,Cláusula 66A,S,45
4029,4037,2007-09-25,386.0,Cláusula 66A,S,406
4030,6346,1942-05-19,207.0,Contrato eterno,N,471
4031,2720,1991-02-11,249.0,Cesión de alma secundaria,N,31
4032,271,1965-02-05,594.0,Renovación automática,N,14
4033,8072,2006-12-12,537.0,Cesión de alma secundaria,N,5
4034,8756,1998-05-21,988.0,Cesión de alma secundaria,N,409
4035,9487,1947-06-09,672.0,Contrato eterno,N,32
4036,3886,2012-10-07,703.0,Cesión de alma secundaria,S,398
4037,4663,3000-13-40,552.0,Renovación automática,N,110
4038,8344,1977-04-12,683.0,Renovación automática,N,164
4039,8452,1947-09-03,906.0,Contrato eterno,S,359
4040,5202,1936-05-24,289.0,Cesión de alma secundaria,N,459
4041,6868,2009-06-29,463.0,Cláusula 66A,N,331
4042,8100,2006-09-14,825.0,Contrato eterno,S,220
4043,9233,2009-09-02,840.0,Anexo 13,N,9
4044,1491,1953-04-09,489.0,Renovación automática,S,145
4045,3787,1940-07-08,818.0,Renovación automática,S,59
4046,2901,1973-10-03,504.0,Anexo 13,S,16
4047,3250,1960-02-25,11.0,Renovación automática,S,204
4048,297,1936-08-02,787.0,Cláusula 66A,N,235
4049,1687,1974-03-14,663.0,Renovación automática,N,98
4050,5518,1928-04-08,290.0,Cesión de alma secundaria,S,91
4051,5275,1951-10-31,482.0,Cesión de alma secundaria,N,240
4052,3592,1963-08-06,639.0,Contrato eterno,N,310
4053,7952,2009-06-14,220.0,Renovación automática,S,95
4054,7383,1944-10-22,254.0,Cesión de alma secundaria,N,302
4055,5825,2025-05-09,143.0,Anexo 13,S,29
4056,6162,1977-01-15,221.0,Cláusula 66A,S,233
4057,2393,1994-09-07,326.0,Renovación automática,S,181
4058,9490,2001-03-21,454.0,Contrato eterno,S,45
4059,5508,1986-05-04,932.0,Cláusula 66A,N,184
4060,2657,1931-04-23,845.0,Renovación automática,S,173
4061,4512,1983-06-16,721.0,Cesión de alma secundaria,S,455
4062,3333,1939-12-10,581.0,Cesión de alma secundaria,N,54
4063,8050,3000-13-40,489.0,Cláusula 66A,S,425
4064,3563,1968-05-12,58.0,Anexo 13,S,51
4065,3705,1952-03-31,824.0,Anexo 13,N,168
4066,8627,2016-03-13,130.0,Cesión de alma secundaria,S,71
4067,9152,1985-12-05,546.0,Cesión de alma secundaria,N,282
4068,88,1943-08-25,955.0,Contrato eterno,S,273
4069,9675,2010-08-07,406.0,Anexo 13,S,53
4070,6331,3000-13-40,17.0,Contrato eterno,N,431
4071,7522,1968-09-17,969.0,Anexo 13,N,456
4072,6269,2001-12-15,616.0,Contrato eterno,N,376
4073,2524,1969-09-10,36.0,Contrato eterno,N,229
4074,1773,1970-08-07,615.0,Cláusula 66A,S,63
4075,5481,1983-03-18,617.0,Renovación automática,N,307
4076,5640,1932-10-03,,Cesión de alma secundaria,N,225
4077,2212,1928-08-13,381.0,Contrato eterno,S,268
4078,4912,1940-01-22,867.0,Contrato eterno,N,474
4079,8782,1975-05-25,680.0,Cláusula 66A,S,434
4080,7974,1974-12-07,299.0,Renovación automática,N,294
4081,4436,2006-05-08,79.0,Cláusula 66A,N,166
4082,9923,3000-13-40,467.0,Cláusula 66A,N,63
4083,259,1963-12-05,428.0,Contrato eterno,N,393
4084,6729,1932-05-26,121.0,Cesión de alma secundaria,N,127
4085,2254,1933-05-09,181.0,Cláusula 66A,S,152
4086,4964,1944-08-13,613.0,Contrato eterno,S,28
4087,3520,2009-08-13,,Cláusula 66A,N,468
4088,9637,1960-10-25,73.0,Cesión de alma secundaria,S,147
4089,3850,2017-12-15,90.0,Renovación automática,S,302
4090,2514,1933-06-12,746.0,Renovación automática,N,225
4091,1265,1935-10-16,373.0,Renovación automática,S,18
4092,5149,1969-12-01,431.0,Cesión de alma secundaria,S,182
4093,8012,1931-09-25,269.0,Cesión de alma secundaria,N,495
4094,9332,1959-10-11,493.0,Renovación automática,N,272
4095,716,1994-05-16,215.0,Contrato eterno,N,123
4096,8934,1995-12-29,478.0,Renovación automática,S,48
4097,3913,1938-04-09,237.0,Cesión de alma secundaria,N,225
4098,4468,1971-01-20,942.0,Cláusula 66A,S,450
4099,3017,1927-02-26,205.0,Renovación automática,N,219
4100,2287,1995-01-18,537.0,Anexo 13,N,259
4101,5512,1962-10-25,271.0,Cláusula 66A,S,226
4102,8349,1989-12-07,758.0,Renovación automática,S,227
4103,5114,2021-05-24,305.0,Contrato eterno,N,432
4104,4528,1928-06-08,163.0,Contrato eterno,N,411
4105,8547,3000-13-40,353.0,Renovación automática,N,98
4106,3801,2002-11-19,908.0,Cesión de alma secundaria,N,345
4107,6401,1976-05-16,293.0,Anexo 13,N,218
4108,8752,2012-03-30,320.0,Contrato eterno,S,56
4109,5285,1930-12-13,470.0,Anexo 13,N,494
4110,6141,2010-10-30,311.0,Contrato eterno,N,213
4111,7735,2020-06-10,979.0,Cesión de alma secundaria,N,221
4112,3726,1934-11-11,52.0,Contrato eterno,S,43
4113,9185,1946-12-27,424.0,Contrato eterno,S,203
4114,8770,1998-09-02,858.0,Cesión de alma secundaria,S,371
4115,7681,2005-04-12,764.0,Cláusula 66A,N,339
4116,521,1984-12-24,374.0,Cláusula 66A,N,76
4117,2029,1999-04-29,144.0,Cláusula 66A,N,403
4118,8041,1980-06-13,892.0,Renovación automática,N,317
4119,3048,2024-05-18,642.0,Cesión de alma secundaria,S,20
4120,1811,1982-04-01,67.0,Cesión de alma secundaria,N,244
4121,5628,1996-05-17,828.0,Cláusula 66A,S,371
4122,9372,1995-07-03,807.0,Cláusula 66A,N,239
4123,3461,1979-11-15,430.0,Renovación automática,S,250
4124,6147,1991-06-27,996.0,Cláusula 66A,S,417
4125,7921,1925-11-14,856.0,Anexo 13,N,408
4126,9754,2011-01-30,847.0,Contrato eterno,S,275
4127,6441,1957-06-01,203.0,Contrato eterno,N,355
4128,6368,2002-11-27,206.0,Cesión de alma secundaria,N,53
4129,848,1985-08-22,484.0,Cesión de alma secundaria,S,51
4130,7406,1993-04-25,244.0,Contrato eterno,S,208
4131,6603,1934-12-12,58.0,Cesión de alma secundaria,N,318
4132,8747,1999-06-20,523.0,Cláusula 66A,N,387
4133,4221,1997-02-23,693.0,Renovación automática,N,337
4134,8976,1973-04-05,748.0,Contrato eterno,N,473
4135,7896,1950-09-02,687.0,Cesión de alma secundaria,S,118
4136,3898,1974-11-30,291.0,Cesión de alma secundaria,S,365
4137,9123,1929-01-24,563.0,Renovación automática,N,204
4138,6754,1986-08-18,703.0,Cláusula 66A,N,261
4139,5744,1946-06-06,134.0,Cláusula 66A,S,426
4140,3650,1987-11-19,967.0,Cesión de alma secundaria,N,158
4141,2619,2013-10-23,675.0,Renovación automática,S,375
4142,624,1927-08-04,615.0,Cláusula 66A,N,431
4143,2070,1949-02-19,36.0,Contrato eterno,N,135
4144,2019,2004-12-08,507.0,Contrato eterno,N,301
4145,2268,1956-11-21,242.0,Cláusula 66A,N,329
4146,7226,1954-05-27,993.0,Anexo 13,N,298
4147,1487,1994-04-09,782.0,Cesión de alma secundaria,S,244
4148,7651,2008-07-28,987.0,Cláusula 66A,S,356
4149,6829,1958-02-02,174.0,Renovación automática,N,283
4150,6351,1981-07-04,317.0,Contrato eterno,N,167
4151,8940,1979-04-04,860.0,Anexo 13,S,287
4152,7973,1990-05-27,903.0,Cláusula 66A,S,368
4153,6033,1957-12-22,48.0,Cesión de alma secundaria,S,12
4154,5314,1992-04-09,836.0,Contrato eterno,S,417
4155,8285,1945-12-28,347.0,Cláusula 66A,N,443
4156,814,1951-10-04,452.0,Cesión de alma secundaria,N,195
4157,3600,1959-03-08,408.0,Cláusula 66A,S,364
4158,7534,1941-07-10,206.0,Anexo 13,S,427
4159,8946,1942-08-20,912.0,Renovación automática,S,368
4160,1688,1984-02-22,126.0,Cesión de alma secundaria,N,455
4161,1461,1957-07-31,383.0,Contrato eterno,N,125
4162,1495,1964-03-20,521.0,Cláusula 66A,S,106
4163,8323,2005-10-15,378.0,Cláusula 66A,N,277
4164,2228,1979-09-30,427.0,Renovación automática,S,192
4165,987,1944-09-03,738.0,Cesión de alma secundaria,N,302
4166,8537,2008-10-29,821.0,Cesión de alma secundaria,S,471
4167,8965,1968-04-20,969.0,Renovación automática,N,223
4168,199,1984-08-13,183.0,Cláusula 66A,N,215
4169,7389,1931-05-09,580.0,Cláusula 66A,N,72
4170,9861,1948-01-23,186.0,Contrato eterno,N,44
4171,7372,1972-09-12,913.0,Renovación automática,S,366
4172,6959,1933-12-06,562.0,Renovación automática,S,110
4173,5911,1927-08-30,786.0,Cesión de alma secundaria,S,138
4174,6683,1993-03-08,869.0,Anexo 13,N,197
4175,5582,1966-06-13,756.0,Contrato eterno,N,32
4176,4789,1996-07-09,,Anexo 13,N,6
4177,901,1967-10-17,321.0,Cláusula 66A,N,284
4178,8273,1993-12-02,248.0,Cláusula 66A,S,456
4179,8167,1990-07-12,934.0,Renovación automática,S,305
4180,1789,1945-07-12,790.0,Cesión de alma secundaria,S,236
4181,2643,1997-10-07,920.0,Cláusula 66A,S,40
4182,8498,2016-08-01,209.0,Anexo 13,S,58
4183,1605,2008-08-20,504.0,Anexo 13,N,468
4184,348,1970-10-16,329.0,Anexo 13,S,328
4185,5242,1935-04-12,606.0,Cláusula 66A,N,249
4186,4776,1995-12-12,183.0,Cláusula 66A,S,173
4187,385,2012-10-06,,Cláusula 66A,N,78
4188,1272,1964-06-07,254.0,Anexo 13,N,245
4189,7720,1969-07-26,432.0,Contrato eterno,N,244
4190,3761,1946-01-31,955.0,Renovación automática,N,394
4191,9363,2000-07-01,165.0,Contrato eterno,N,391
4192,5398,1962-06-24,74.0,Cláusula 66A,S,79
4193,7644,1944-04-30,126.0,Cesión de alma secundaria,S,378
4194,3360,1926-10-29,879.0,Cesión de alma secundaria,N,463
4195,8658,2003-07-20,423.0,Cesión de alma secundaria,S,234
4196,6148,1952-06-19,132.0,Contrato eterno,N,319
4197,9785,1996-11-01,217.0,Cesión de alma secundaria,N,435
4198,5114,1946-04-29,21.0,Renovación automática,S,12
4199,1334,2018-11-05,577.0,Contrato eterno,N,422
4200,2379,1992-11-12,153.0,Cláusula 66A,S,189
4201,5461,1995-02-25,423.0,Contrato eterno,S,332
4202,2671,1985-07-28,344.0,Cláusula 66A,S,423
4203,3126,2000-11-04,291.0,Contrato eterno,S,330
4204,4225,1971-12-23,820.0,Cesión de alma secundaria,N,392
4205,5716,1990-05-31,42.0,Contrato eterno,S,29
4206,609,2017-07-11,764.0,Renovación automática,N,297
4207,6063,1968-01-21,527.0,Cesión de alma secundaria,S,433
4208,532,1981-03-30,960.0,Cesión de alma secundaria,N,140
4209,2846,1979-07-07,502.0,Cesión de alma secundaria,N,138
4210,6137,1994-08-14,167.0,Anexo 13,S,307
4211,5889,1936-05-10,602.0,Cesión de alma secundaria,S,20
4212,7428,1980-08-06,241.0,Cesión de alma secundaria,N,87
4213,6854,1948-05-10,386.0,Contrato eterno,N,468
4214,1489,1955-05-26,327.0,Contrato eterno,N,166
4215,4564,1990-07-12,623.0,Cláusula 66A,N,452
4216,844,1973-06-25,,Cesión de alma secundaria,N,18
4217,8808,2018-11-07,986.0,Contrato eterno,S,496
4218,4493,2007-09-11,936.0,Cesión de alma secundaria,N,37
4219,5273,1964-12-03,851.0,Renovación automática,S,486
4220,3511,1957-02-13,265.0,Renovación automática,N,150
4221,8787,1974-05-06,491.0,Cesión de alma secundaria,S,473
4222,8398,1978-01-07,863.0,Anexo 13,S,374
4223,3539,1981-05-26,449.0,Renovación automática,S,123
4224,8401,2007-06-28,286.0,Anexo 13,N,316
4225,9241,1937-03-02,861.0,Contrato eterno,N,177
4226,3344,1933-02-07,360.0,Cláusula 66A,S,404
4227,5259,1952-02-29,653.0,Contrato eterno,N,384
4228,4248,1995-03-08,811.0,Cláusula 66A,N,270
4229,5592,1942-11-17,153.0,Contrato eterno,N,376
4230,7029,2001-11-23,507.0,Cesión de alma secundaria,N,166
4231,428,1935-05-20,759.0,Renovación automática,S,116
4232,9506,1982-08-04,132.0,Renovación automática,N,271
4233,757,1955-03-26,37.0,Renovación automática,S,302
4234,1409,1999-02-04,110.0,Contrato eterno,S,19
4235,2524,1984-01-15,714.0,Anexo 13,N,224
4236,7421,1944-04-19,819.0,Anexo 13,S,497
4237,8618,2021-02-10,117.0,Cláusula 66A,N,370
4238,895,1970-12-14,813.0,Cesión de alma secundaria,N,42
4239,4358,1946-04-14,22.0,Contrato eterno,N,224
4240,809,1959-04-13,665.0,Renovación automática,N,473
4241,9209,1988-03-04,234.0,Cesión de alma secundaria,N,412
4242,9430,2005-07-17,267.0,Cláusula 66A,N,343
4243,7529,1950-08-17,994.0,Cláusula 66A,N,468
4244,8293,1960-06-27,537.0,Cesión de alma secundaria,N,443
4245,3354,1974-03-03,374.0,Contrato eterno,S,182
4246,532,1948-07-15,453.0,Cláusula 66A,N,51
4247,178,1986-12-23,404.0,Cláusula 66A,S,158
4248,9549,1959-01-23,180.0,Anexo 13,N,324
4249,8325,2005-07-12,126.0,Anexo 13,S,326
4250,9186,1939-08-14,692.0,Cláusula 66A,N,420
4251,9735,1982-11-25,346.0,Renovación automática,N,250
4252,7461,1998-10-06,358.0,Cesión de alma secundaria,S,210
4253,2226,1967-08-03,542.0,Contrato eterno,N,190
4254,564,2003-08-14,105.0,Cláusula 66A,S,176
4255,4682,1998-01-18,695.0,Anexo 13,N,58
4256,5170,1944-10-03,266.0,Cláusula 66A,S,42
4257,4866,1957-06-23,814.0,Cesión de alma secundaria,S,33
4258,3810,3000-13-40,766.0,Contrato eterno,S,219
4259,6512,1971-03-02,267.0,Contrato eterno,S,31
4260,2666,2024-05-28,312.0,Cesión de alma secundaria,N,173
4261,1622,1948-10-25,672.0,Contrato eterno,N,183
4262,4863,1984-09-22,124.0,Cesión de alma secundaria,S,398
4263,5760,1965-09-12,682.0,Anexo 13,N,200
4264,8920,2022-08-03,761.0,Anexo 13,N,4
4265,7371,1940-08-23,684.0,Cláusula 66A,N,424
4266,88,1965-11-01,362.0,Cesión de alma secundaria,N,490
4267,29,2024-08-03,184.0,Renovación automática,S,158
4268,6928,1979-09-13,11.0,Renovación automática,S,414
4269,4497,1938-08-16,434.0,Cláusula 66A,S,190
4270,4856,1994-12-13,948.0,Renovación automática,S,250
4271,29,2022-05-26,251.0,Anexo 13,S,221
4272,8748,1960-07-10,787.0,Renovación automática,N,106
4273,6904,3000-13-40,701.0,Cesión de alma secundaria,S,496
4274,3951,2007-03-06,884.0,Renovación automática,S,278
4275,6287,2011-08-10,881.0,Anexo 13,N,467
4276,8989,1985-08-06,906.0,Cesión de alma secundaria,N,49
4277,9515,1996-04-09,166.0,Contrato eterno,N,243
4278,7799,2003-05-08,698.0,Anexo 13,S,375
4279,7424,1968-02-07,648.0,Cláusula 66A,N,81
4280,5605,1992-05-05,514.0,Anexo 13,N,300
4281,5549,1996-03-23,724.0,Contrato eterno,S,410
4282,4200,1950-12-31,461.0,Cláusula 66A,S,416
4283,1598,1946-09-03,889.0,Cesión de alma secundaria,N,483
4284,5742,1939-03-05,234.0,Anexo 13,N,406
4285,4318,2024-08-21,589.0,Anexo 13,N,404
4286,6098,1986-02-23,713.0,Contrato eterno,N,99
4287,4839,1941-05-03,535.0,Cesión de alma secundaria,S,327
4288,2148,1995-08-06,877.0,Renovación automática,N,386
4289,227,1961-06-17,426.0,Anexo 13,S,64
4290,6130,1960-11-12,265.0,Cláusula 66A,S,109
4291,8737,1985-03-21,339.0,Contrato eterno,S,379
4292,8301,1966-09-13,821.0,Cláusula 66A,N,485
4293,6099,2014-04-13,68.0,Cesión de alma secundaria,N,312
4294,3920,1930-03-13,969.0,Cláusula 66A,N,158
4295,1387,1971-01-21,522.0,Anexo 13,N,330
4296,9669,1956-01-13,850.0,Cesión de alma secundaria,S,75
4297,7648,1926-07-22,296.0,Anexo 13,N,189
4298,1460,2007-06-11,777.0,Cesión de alma secundaria,N,277
4299,8676,1956-11-25,134.0,Renovación automática,S,47
4300,638,1977-11-27,150.0,Contrato eterno,N,122
4301,8385,1945-04-12,127.0,Anexo 13,N,282
4302,8621,2008-05-23,365.0,Contrato eterno,N,356
4303,2006,1952-02-08,718.0,Cláusula 66A,N,224
4304,2008,1938-10-14,870.0,Anexo 13,S,119
4305,3538,1975-09-24,95.0,Renovación automática,S,149
4306,430,2024-10-28,89.0,Anexo 13,N,257
4307,9801,1992-06-08,578.0,Renovación automática,S,92
4308,864,1934-09-17,10.0,Renovación automática,S,363
4309,3477,1998-03-21,707.0,Renovación automática,N,177
4310,7764,1958-08-13,643.0,Cláusula 66A,S,56
4311,7150,1967-06-17,409.0,Cláusula 66A,S,152
4312,4205,1969-12-26,523.0,Anexo 13,N,39
4313,114,1978-07-16,191.0,Cláusula 66A,S,54
4314,2858,1947-08-06,560.0,Cláusula 66A,S,480
4315,1195,1959-12-16,77.0,Renovación automática,S,98
4316,3244,1977-07-27,627.0,Contrato eterno,N,48
4317,4532,1963-09-02,942.0,Cesión de alma secundaria,N,51
4318,2429,1944-05-15,273.0,Contrato eterno,S,332
4319,9431,2005-05-31,520.0,Renovación automática,N,424
4320,826,1976-10-01,328.0,Cláusula 66A,N,49
4321,4816,1996-07-27,737.0,Contrato eterno,N,494
4322,1967,2021-12-12,216.0,Contrato eterno,N,294
4323,4910,1994-09-21,423.0,Cesión de alma secundaria,S,266
4324,5167,2021-04-21,819.0,Renovación automática,N,465
4325,3749,2004-08-07,851.0,Anexo 13,N,273
4326,7794,1980-01-29,41.0,Renovación automática,S,434
4327,4380,1976-09-05,676.0,Anexo 13,N,94
4328,1574,1976-11-09,794.0,Anexo 13,N,100
4329,6826,1986-09-22,498.0,Cesión de alma secundaria,N,314
4330,983,1990-11-13,489.0,Contrato eterno,N,450
4331,9292,1982-02-20,825.0,Cláusula 66A,N,16
4332,5737,2003-07-18,731.0,Contrato eterno,N,96
4333,6304,2018-12-28,326.0,Cláusula 66A,S,37
4334,3978,1977-04-02,823.0,Anexo 13,S,496
4335,1785,1985-01-07,241.0,Contrato eterno,S,284
4336,7988,3000-13-40,916.0,Cesión de alma secundaria,S,405
4337,1146,1943-03-06,39.0,Anexo 13,S,277
4338,3969,1987-02-22,294.0,Contrato eterno,S,27
4339,7992,1928-11-03,929.0,Cesión de alma secundaria,S,214
4340,1226,1958-06-01,632.0,Cláusula 66A,S,106
4341,784,1949-01-17,935.0,Cesión de alma secundaria,N,371
4342,9201,2013-02-17,834.0,Renovación automática,N,427
4343,7135,1941-10-07,53.0,Cesión de alma secundaria,N,150
4344,1056,1953-01-31,588.0,Cláusula 66A,N,265
4345,5017,1942-01-26,324.0,Cláusula 66A,S,96
4346,7783,2009-05-20,835.0,Contrato eterno,N,349
4347,8045,1999-06-11,873.0,Renovación automática,N,139
4348,8175,1978-05-01,41.0,Cláusula 66A,N,100
4349,1398,1989-12-14,799.0,Cesión de alma secundaria,N,322
4350,6054,1928-06-02,950.0,Cláusula 66A,S,499
4351,6132,1955-05-15,959.0,Anexo 13,S,487
4352,679,1990-09-16,556.0,Contrato eterno,S,321
4353,554,1959-06-23,,Contrato eterno,S,31
4354,4408,1967-07-10,930.0,Renovación automática,N,107
4355,5491,2009-10-12,114.0,Cesión de alma secundaria,S,52
4356,1227,1999-01-02,302.0,Contrato eterno,N,358
4357,8421,1976-01-12,975.0,Renovación automática,S,370
4358,6036,1962-02-15,14.0,Cláusula 66A,S,108
4359,7576,1998-11-08,175.0,Cesión de alma secundaria,N,477
4360,8067,2012-02-19,568.0,Contrato eterno,S,318
4361,8310,1995-04-27,173.0,Cláusula 66A,S,445
4362,1128,1941-04-05,985.0,Contrato eterno,S,260
4363,815,1980-10-01,500.0,Anexo 13,S,428
4364,220,2018-12-16,376.0,Renovación automática,N,115
4365,2233,2015-07-05,709.0,Contrato eterno,S,496
4366,5781,2013-06-10,91.0,Cesión de alma secundaria,S,344
4367,7193,1985-10-19,278.0,Cesión de alma secundaria,S,130
4368,3414,1964-06-04,311.0,Cláusula 66A,N,427
4369,278,1927-04-04,464.0,Cláusula 66A,N,2
4370,6634,1937-04-26,500.0,Cláusula 66A,S,298
4371,5407,2021-04-16,60.0,Cesión de alma secundaria,N,243
4372,695,1988-08-22,128.0,Cesión de alma secundaria,S,282
4373,5709,2016-09-25,195.0,Contrato eterno,S,170
4374,7546,1930-10-07,284.0,Renovación automática,N,47
4375,9889,1930-05-31,820.0,Cláusula 66A,S,295
4376,9044,2022-01-21,324.0,Contrato eterno,N,11
4377,1260,1946-02-13,544.0,Renovación automática,S,169
4378,1122,1960-07-10,772.0,Contrato eterno,N,421
4379,437,1973-01-28,520.0,Renovación automática,N,237
4380,1645,1984-07-22,815.0,Anexo 13,S,249
4381,9890,1966-07-17,405.0,Cesión de alma secundaria,S,378
4382,8179,1964-10-23,625.0,Contrato eterno,N,146
4383,1587,2014-07-15,645.0,Cesión de alma secundaria,S,229
4384,5113,1967-04-18,923.0,Cláusula 66A,N,203
4385,4019,3000-13-40,647.0,Renovación automática,N,187
4386,3562,1987-05-25,181.0,Renovación automática,S,303
4387,298,1992-11-08,,Cláusula 66A,N,278
4388,5016,1931-10-27,607.0,Anexo 13,N,231
4389,8409,1966-05-18,652.0,Cláusula 66A,N,494
4390,7055,2001-01-21,101.0,Cesión de alma secundaria,N,274
4391,5802,1972-02-27,662.0,Cesión de alma secundaria,S,235
4392,1495,2018-10-18,38.0,Cesión de alma secundaria,N,480
4393,4266,1948-05-24,671.0,Cesión de alma secundaria,N,366
4394,686,1944-09-11,466.0,Contrato eterno,S,253
4395,3256,1998-07-18,139.0,Renovación automática,N,383
4396,9764,1948-03-16,503.0,Renovación automática,S,132
4397,5282,1987-02-02,664.0,Cesión de alma secundaria,N,170
4398,5801,2002-07-14,987.0,Anexo 13,S,310
4399,7974,1981-05-18,875.0,Renovación automática,S,340
4400,1633,1981-02-28,,Anexo 13,N,228
4401,4970,1944-07-17,932.0,Cesión de alma secundaria,N,22
4402,8562,1973-09-26,481.0,Renovación automática,S,495
4403,7682,1958-01-29,758.0,Anexo 13,S,252
4404,1827,1997-03-17,998.0,Anexo 13,N,388
4405,8701,1941-07-12,52.0,Anexo 13,S,29
4406,534,1939-09-15,81.0,Contrato eterno,N,325
4407,7651,1993-07-26,81.0,Cesión de alma secundaria,S,286
4408,2687,1976-08-18,974.0,Cláusula 66A,N,28
4409,953,3000-13-40,839.0,Renovación automática,S,433
4410,5121,1939-06-06,108.0,Cláusula 66A,S,90
4411,4563,1948-11-03,758.0,Anexo 13,N,383
4412,5005,2009-01-03,286.0,Cláusula 66A,N,45
4413,5662,2023-06-15,717.0,Contrato eterno,N,146
4414,4684,1964-11-26,772.0,Anexo 13,N,182
4415,5837,1937-08-28,925.0,Renovación automática,S,132
4416,4475,2012-08-05,164.0,Anexo 13,N,475
4417,583,2020-08-23,192.0,Anexo 13,S,102
4418,8261,1963-09-11,829.0,Cláusula 66A,N,153
4419,1880,1973-09-13,277.0,Cláusula 66A,N,186
4420,305,1953-11-30,268.0,Cesión de alma secundaria,N,220
4421,5232,1926-06-08,138.0,Anexo 13,S,384
4422,6867,2018-04-19,930.0,Cesión de alma secundaria,S,76
4423,7973,2016-07-13,435.0,Cláusula 66A,S,2
4424,2912,1972-02-18,878.0,Contrato eterno,N,187
4425,4896,1997-06-22,73.0,Cláusula 66A,N,133
4426,3992,1965-03-27,986.0,Contrato eterno,N,488
4427,5350,1957-01-31,205.0,Renovación automática,S,242
4428,4985,2008-07-24,701.0,Cesión de alma secundaria,N,292
4429,8027,1982-03-14,834.0,Contrato eterno,S,168
4430,3137,1962-04-20,,Cesión de alma secundaria,S,455
4431,6826,1984-07-21,61.0,Anexo 13,N,391
4432,2385,1981-03-16,647.0,Cláusula 66A,N,90
4433,9946,2004-07-08,345.0,Cláusula 66A,N,202
4434,1104,1968-02-15,523.0,Contrato eterno,N,274
4435,1338,2002-01-19,576.0,Cláusula 66A,S,206
4436,2926,2023-07-07,802.0,Renovación automática,S,500
4437,3751,2022-11-16,522.0,Cláusula 66A,N,419
4438,9845,2025-03-10,246.0,Contrato eterno,N,428
4439,5255,1956-02-17,695.0,Cláusula 66A,S,449
4440,4325,1960-09-29,637.0,Cesión de alma secundaria,N,430
4441,4372,1997-01-30,702.0,Anexo 13,N,111
4442,6228,1992-03-08,445.0,Cesión de alma secundaria,N,178
4443,4419,1982-07-07,276.0,Cláusula 66A,N,282
4444,8547,1968-07-30,482.0,Anexo 13,N,55
4445,5120,1941-07-15,238.0,Anexo 13,S,276
4446,4422,1944-10-30,716.0,Renovación automática,S,10
4447,5981,1992-12-11,929.0,Contrato eterno,S,399
4448,3507,1995-02-08,628.0,Cesión de alma secundaria,S,4
4449,2846,1964-01-17,245.0,Cláusula 66A,N,395
4450,2241,1987-06-20,,Anexo 13,N,287
4451,5038,2009-07-22,,Renovación automática,S,492
4452,8925,2012-09-03,243.0,Renovación automática,N,439
4453,8308,1949-06-12,75.0,Cláusula 66A,S,134
4454,1739,1994-09-25,201.0,Anexo 13,S,469
4455,4520,1989-08-21,256.0,Anexo 13,N,275
4456,4323,2019-02-06,115.0,Cesión de alma secundaria,S,381
4457,7429,1969-01-16,741.0,Cláusula 66A,N,381
4458,6889,1960-05-29,180.0,Cesión de alma secundaria,N,407
4459,7362,2019-06-16,404.0,Cláusula 66A,S,21
4460,2107,1942-08-21,439.0,Anexo 13,N,409
4461,8492,2005-10-06,679.0,Contrato eterno,N,488
4462,8355,1965-07-26,127.0,Contrato eterno,S,317
4463,9995,1997-01-30,349.0,Contrato eterno,N,206
4464,9040,1959-07-19,274.0,Cesión de alma secundaria,S,254
4465,5311,1982-08-11,627.0,Renovación automática,S,483
4466,5624,2004-10-13,532.0,Anexo 13,N,281
4467,1265,1985-03-26,245.0,Renovación automática,N,495
4468,2730,2005-04-11,853.0,Anexo 13,N,322
4469,9446,2009-10-08,658.0,Renovación automática,N,432
4470,1919,1966-08-02,449.0,Cesión de alma secundaria,S,392
4471,4999,1963-08-11,281.0,Renovación automática,S,235
4472,2346,1994-07-28,810.0,Cláusula 66A,S,213
4473,7435,1978-02-08,856.0,Cesión de alma secundaria,S,252
4474,2681,1964-08-08,104.0,Renovación automática,N,271
4475,2793,1970-11-08,415.0,Cesión de alma secundaria,N,458
4476,449,1952-02-27,825.0,Renovación automática,S,64
4477,4722,1983-11-09,171.0,Cláusula 66A,S,183
4478,6914,1980-07-01,785.0,Cláusula 66A,S,122
4479,2575,2013-01-09,367.0,Anexo 13,N,177
4480,1760,2012-12-04,180.0,Cesión de alma secundaria,N,349
4481,4376,1975-02-07,844.0,Anexo 13,N,166
4482,5049,1945-06-25,192.0,Anexo 13,N,119
4483,8862,1964-11-19,318.0,Contrato eterno,N,499
4484,4871,1993-09-10,757.0,Contrato eterno,S,465
4485,6868,1949-10-19,839.0,Contrato eterno,N,304
4486,3414,3000-13-40,575.0,Anexo 13,N,189
4487,9099,1985-03-24,785.0,Renovación automática,N,159
4488,2820,2022-05-30,359.0,Cláusula 66A,N,354
4489,3340,2009-11-08,787.0,Contrato eterno,S,196
4490,1934,1944-02-20,686.0,Anexo 13,S,97
4491,4164,1940-05-17,899.0,Cláusula 66A,S,249
4492,6099,1970-02-25,415.0,Cesión de alma secundaria,N,190
4493,2785,1985-06-22,600.0,Cláusula 66A,S,181
4494,1175,1936-06-24,573.0,Cláusula 66A,N,353
4495,1615,1955-10-19,74.0,Contrato eterno,N,488
4496,8633,2000-06-13,35.0,Renovación automática,S,92
4497,6610,1928-11-28,15.0,Cesión de alma secundaria,S,412
4498,5491,1998-01-25,989.0,Cláusula 66A,S,109
4499,9114,1998-04-26,947.0,Anexo 13,N,267
4500,2869,1967-02-03,63.0,Contrato eterno,S,104
4501,7420,1958-11-02,494.0,Contrato eterno,N,146
4502,2271,1930-11-08,898.0,Renovación automática,S,381
4503,5915,1979-07-02,248.0,Renovación automática,N,476
4504,4132,1928-05-04,435.0,Anexo 13,S,326
4505,8282,2000-07-02,21.0,Contrato eterno,N,440
4506,4123,1937-04-30,56.0,Contrato eterno,S,238
4507,6098,2002-07-01,162.0,Cesión de alma secundaria,S,43
4508,8790,1991-05-05,880.0,Cláusula 66A,N,307
4509,8718,1976-10-27,157.0,Renovación automática,S,441
4510,4330,1983-07-25,767.0,Renovación automática,S,235
4511,9426,3000-13-40,441.0,Cláusula 66A,N,483
4512,7019,1986-12-12,950.0,Cláusula 66A,S,292
4513,317,1926-09-09,22.0,Renovación automática,S,349
4514,5909,2010-03-16,997.0,Cesión de alma secundaria,N,124
4515,1866,1948-03-21,75.0,Cláusula 66A,N,136
4516,1153,2005-06-25,188.0,Contrato eterno,N,79
4517,4395,1989-11-11,654.0,Contrato eterno,N,455
4518,2490,1970-01-25,283.0,Anexo 13,S,184
4519,2684,1955-03-30,48.0,Contrato eterno,S,84
4520,9960,2020-12-28,990.0,Renovación automática,N,49
4521,8067,1940-02-22,89.0,Renovación automática,N,286
4522,8648,1972-04-21,547.0,Cesión de alma secundaria,S,107
4523,9613,1979-04-12,371.0,Renovación automática,N,450
4524,8040,2007-09-12,190.0,Anexo 13,S,170
4525,5652,3000-13-40,618.0,Cláusula 66A,S,9999
4526,2628,2015-09-25,991.0,Renovación automática,S,366
4527,7924,1999-10-24,832.0,Renovación automática,S,400
4528,1565,1949-04-05,387.0,Anexo 13,S,173
4529,1243,1928-06-12,106.0,Contrato eterno,S,329
4530,8736,1980-09-05,701.0,Renovación automática,N,340
4531,6593,1951-04-29,909.0,Cláusula 66A,N,324
4532,7364,2019-06-03,97.0,Renovación automática,S,151
4533,3890,1982-07-09,328.0,Cesión de alma secundaria,S,315
4534,7791,1931-04-08,,Cesión de alma secundaria,S,284
4535,2252,2014-10-07,210.0,Cesión de alma secundaria,N,487
4536,599,1963-11-24,346.0,Renovación automática,S,48
4537,3309,1972-10-10,832.0,Cesión de alma secundaria,S,193
4538,7805,1962-05-16,778.0,Renovación automática,S,156
4539,8224,1948-07-25,28.0,Anexo 13,S,354
4540,8771,1942-03-05,362.0,Contrato eterno,N,436
4541,4344,2017-12-17,145.0,Cláusula 66A,N,391
4542,2369,1993-03-20,661.0,Anexo 13,S,340
4543,8291,1956-01-22,355.0,Cesión de alma secundaria,S,204
4544,9188,1946-01-29,864.0,Cesión de alma secundaria,S,60
4545,7178,1932-05-25,258.0,Anexo 13,S,18
4546,8099,1943-06-15,629.0,Renovación automática,N,268
4547,9758,2010-07-01,610.0,Anexo 13,N,443
4548,231,2001-12-03,531.0,Anexo 13,S,83
4549,8322,1944-01-13,12.0,Cláusula 66A,S,137
4550,1824,1968-10-12,491.0,Anexo 13,N,396
4551,1522,2008-05-06,775.0,Contrato eterno,S,422
4552,7694,1939-10-29,893.0,Cesión de alma secundaria,S,106
4553,4565,2022-10-04,,Cesión de alma secundaria,N,224
4554,9015,1934-07-17,913.0,Renovación automática,S,372
4555,663,1955-12-15,821.0,Cláusula 66A,S,424
4556,533,2018-12-06,835.0,Cesión de alma secundaria,N,56
4557,2798,1937-05-31,670.0,Cláusula 66A,N,300
4558,5790,1937-04-10,588.0,Anexo 13,N,152
4559,6004,1929-06-23,843.0,Cesión de alma secundaria,N,239
4560,9158,1965-11-13,250.0,Renovación automática,N,355
4561,9927,1984-01-30,127.0,Anexo 13,N,30
4562,785,1971-09-27,645.0,Cláusula 66A,N,444
4563,9758,1928-04-27,962.0,Cláusula 66A,S,423
4564,4155,2013-01-24,638.0,Contrato eterno,N,490
4565,4890,1952-04-21,503.0,Anexo 13,N,476
4566,3734,1944-08-19,163.0,Cesión de alma secundaria,S,96
4567,3130,1998-05-30,230.0,Contrato eterno,S,431
4568,2712,1990-01-30,703.0,Anexo 13,S,173
4569,5116,1987-01-21,617.0,Anexo 13,N,251
4570,1649,1999-08-22,63.0,Anexo 13,N,373
4571,1594,1984-02-20,920.0,Renovación automática,N,39
4572,6708,1994-11-25,243.0,Cesión de alma secundaria,S,448
4573,558,1976-12-10,205.0,Cláusula 66A,S,175
4574,127,1994-02-28,963.0,Renovación automática,N,203
4575,5784,2003-09-05,110.0,Cláusula 66A,S,41
4576,437,1985-05-02,437.0,Cesión de alma secundaria,N,369
4577,813,1934-01-08,256.0,Renovación automática,S,462
4578,6933,1968-10-19,810.0,Anexo 13,S,249
4579,1041,1968-04-23,76.0,Renovación automática,N,435
4580,2554,1985-02-09,420.0,Renovación automática,N,98
4581,808,1930-10-28,499.0,Anexo 13,S,389
4582,2936,1940-08-07,495.0,Renovación automática,N,21
4583,5283,2008-08-12,934.0,Cesión de alma secundaria,N,14
4584,347,2006-06-15,217.0,Renovación automática,N,363
4585,6196,1934-11-20,466.0,Cesión de alma secundaria,N,119
4586,3609,1998-07-16,324.0,Cláusula 66A,N,347
4587,8954,1961-09-21,50.0,Anexo 13,N,351
4588,1778,1952-08-12,562.0,Contrato eterno,N,294
4589,444,1964-06-06,849.0,Anexo 13,S,367
4590,7417,1941-04-04,815.0,Contrato eterno,N,272
4591,1156,1947-04-02,490.0,Cesión de alma secundaria,S,369
4592,9263,1960-05-29,780.0,Anexo 13,N,186
4593,9877,1951-02-13,938.0,Renovación automática,N,33
4594,3404,1992-08-08,630.0,Contrato eterno,N,358
4595,9909,1967-01-31,635.0,Renovación automática,N,67
4596,4143,2023-01-02,469.0,Renovación automática,S,384
4597,5657,1983-04-23,347.0,Anexo 13,N,284
4598,4106,1996-02-14,306.0,Cesión de alma secundaria,S,86
4599,1181,1996-05-16,967.0,Contrato eterno,N,128
4600,6152,1933-02-21,485.0,Cláusula 66A,S,138
4601,2379,1934-12-08,285.0,Renovación automática,N,166
4602,8125,1943-04-16,461.0,Cláusula 66A,N,171
4603,6322,1927-12-06,101.0,Cláusula 66A,N,86
4604,5856,1964-05-31,1000.0,Anexo 13,S,287
4605,3470,2009-08-10,446.0,Cláusula 66A,N,311
4606,7324,1951-08-02,723.0,Cesión de alma secundaria,N,225
4607,4565,1981-01-13,920.0,Cláusula 66A,S,376
4608,1189,3000-13-40,385.0,Contrato eterno,N,9999
4609,5454,1965-04-17,161.0,Anexo 13,N,64
4610,6864,2003-08-14,852.0,Cláusula 66A,S,59
4611,7521,2017-04-03,356.0,Anexo 13,S,156
4612,2444,1943-03-21,999.0,Contrato eterno,S,424
4613,4171,1959-08-15,36.0,Cesión de alma secundaria,S,321
4614,3941,2024-02-28,458.0,Anexo 13,S,143
4615,7709,2017-11-04,923.0,Renovación automática,N,76
4616,1630,1971-08-30,901.0,Anexo 13,S,447
4617,6417,1955-02-15,873.0,Cláusula 66A,N,397
4618,5803,2025-09-12,376.0,Contrato eterno,N,443
4619,7746,1950-07-23,,Cesión de alma secundaria,N,150
4620,5738,1963-06-06,,Cláusula 66A,N,187
4621,4006,2017-09-27,325.0,Cláusula 66A,N,80
4622,6975,2016-12-17,13.0,Renovación automática,S,12
4623,5842,2012-07-27,915.0,Cláusula 66A,N,63
4624,9639,2006-09-08,144.0,Anexo 13,S,91
4625,1357,1954-11-27,125.0,Cláusula 66A,N,360
4626,6829,1993-06-03,389.0,Cláusula 66A,N,120
4627,9411,1948-12-09,782.0,Contrato eterno,S,250
4628,4577,2021-02-09,638.0,Contrato eterno,N,197
4629,7863,1996-09-08,377.0,Anexo 13,N,306
4630,5471,1943-09-11,100.0,Cesión de alma secundaria,N,95
4631,2995,1942-05-18,822.0,Cesión de alma secundaria,N,497
4632,7781,1950-05-28,796.0,Contrato eterno,N,443
4633,8962,1958-10-19,344.0,Cláusula 66A,S,103
4634,1901,2006-05-23,18.0,Cesión de alma secundaria,S,357
4635,965,1980-09-25,332.0,Anexo 13,S,496
4636,1036,1982-03-27,636.0,Anexo 13,N,43
4637,3225,1974-11-27,365.0,Anexo 13,S,244
4638,9763,2020-12-01,478.0,Cesión de alma secundaria,N,113
4639,1785,1930-05-01,373.0,Cesión de alma secundaria,N,165
4640,6382,2014-09-10,503.0,Anexo 13,S,276
4641,1667,1927-09-05,593.0,Renovación automática,N,123
4642,7551,1995-02-09,656.0,Renovación automática,S,164
4643,4229,2024-08-16,461.0,Anexo 13,S,486
4644,8612,1929-09-26,636.0,Contrato eterno,N,294
4645,7742,2011-03-14,253.0,Cesión de alma secundaria,S,56
4646,7489,1952-06-06,,Contrato eterno,S,165
4647,6853,1980-12-06,387.0,Anexo 13,S,298
4648,9689,2020-12-23,96.0,Cesión de alma secundaria,S,182
4649,5715,2014-05-23,355.0,Anexo 13,N,32
4650,1083,1957-08-24,696.0,Cláusula 66A,S,306
4651,5043,2018-08-04,978.0,Renovación automática,N,175
4652,8958,1968-12-24,683.0,Cláusula 66A,S,278
4653,4162,1948-10-25,996.0,Renovación automática,S,186
4654,8122,1973-05-17,163.0,Cesión de alma secundaria,S,290
4655,1,1995-07-06,753.0,Anexo 13,N,63
4656,4290,1936-03-12,211.0,Anexo 13,N,84
4657,8864,1994-06-05,134.0,Cláusula 66A,S,335
4658,369,2003-03-22,668.0,Renovación automática,N,265
4659,1746,2005-06-22,770.0,Contrato eterno,N,241
4660,7042,1961-08-13,133.0,Cesión de alma secundaria,S,84
4661,1444,1971-03-26,817.0,Anexo 13,S,184
4662,3308,1972-06-12,964.0,Renovación automática,N,204
4663,857,2014-12-13,883.0,Cesión de alma secundaria,N,367
4664,6372,2003-05-18,300.0,Cesión de alma secundaria,S,393
4665,5823,1962-01-07,903.0,Cláusula 66A,S,113
4666,2602,2011-06-30,46.0,Renovación automática,N,47
4667,1421,1935-03-13,595.0,Contrato eterno,S,90
4668,338,2003-07-19,813.0,Contrato eterno,N,227
4669,9091,1964-12-18,920.0,Cláusula 66A,N,417
4670,4478,1935-05-15,585.0,Anexo 13,S,124
4671,8291,1927-05-05,360.0,Renovación automática,N,197
4672,3470,2016-08-13,102.0,Cláusula 66A,N,206
4673,9319,1976-03-26,236.0,Anexo 13,N,202
4674,5084,1946-02-08,87.0,Contrato eterno,S,239
4675,9917,1940-05-13,70.0,Contrato eterno,N,37
4676,8903,1932-01-17,629.0,Anexo 13,N,411
4677,8407,1947-09-29,822.0,Cláusula 66A,S,419
4678,4342,1959-05-14,659.0,Cesión de alma secundaria,N,370
4679,9186,2025-06-14,265.0,Anexo 13,S,327
4680,8644,1944-04-08,37.0,Renovación automática,N,135
4681,6433,1931-03-23,994.0,Cesión de alma secundaria,N,457
4682,5826,1949-08-23,710.0,Cesión de alma secundaria,S,268
4683,2567,1969-12-31,628.0,Renovación automática,N,103
4684,3526,2002-11-25,351.0,Cesión de alma secundaria,N,273
4685,4548,2009-07-11,976.0,Contrato eterno,S,196
4686,9629,1969-09-29,632.0,Cláusula 66A,N,473
4687,4884,1955-03-07,708.0,Renovación automática,N,59
4688,1662,1967-05-24,987.0,Cláusula 66A,N,84
4689,4625,1987-08-24,100.0,Renovación automática,N,369
4690,8408,1962-01-29,852.0,Anexo 13,N,130
4691,8710,2003-08-03,99.0,Cesión de alma secundaria,S,481
4692,6881,1957-05-13,428.0,Anexo 13,N,49
4693,9876,1933-02-26,744.0,Anexo 13,N,127
4694,497,1987-02-09,586.0,Cesión de alma secundaria,N,154
4695,2710,1972-03-06,608.0,Cesión de alma secundaria,N,417
4696,4882,1977-02-05,620.0,Renovación automática,S,452
4697,2197,2012-04-04,34.0,Renovación automática,N,261
4698,935,2017-04-23,813.0,Cesión de alma secundaria,N,301
4699,8569,1993-11-21,83.0,Renovación automática,S,278
4700,466,1957-04-27,592.0,Cláusula 66A,N,138
4701,704,3000-13-40,844.0,Cesión de alma secundaria,S,390
4702,8329,1997-10-18,856.0,Renovación automática,N,298
4703,6625,1991-03-02,685.0,Contrato eterno,S,116
4704,2302,2001-07-11,816.0,Contrato eterno,N,473
4705,7927,1992-04-13,811.0,Cesión de alma secundaria,N,71
4706,73,1955-07-18,809.0,Anexo 13,N,401
4707,3362,1926-08-21,171.0,Cláusula 66A,S,213
4708,2824,1981-11-23,137.0,Contrato eterno,S,474
4709,1619,1950-12-12,973.0,Contrato eterno,S,255
4710,5936,2002-08-18,909.0,Contrato eterno,S,246
4711,3803,1959-01-09,256.0,Renovación automática,N,104
4712,551,2020-01-04,641.0,Anexo 13,N,193
4713,6521,2013-10-11,584.0,Renovación automática,S,212
4714,2436,1998-07-28,964.0,Cesión de alma secundaria,S,437
4715,3206,1938-06-12,717.0,Cláusula 66A,S,329
4716,7645,1991-04-01,691.0,Renovación automática,S,201
4717,3566,1950-02-22,571.0,Contrato eterno,S,327
4718,3224,1973-08-13,320.0,Cláusula 66A,N,168
4719,8831,1958-09-09,536.0,Contrato eterno,N,99
4720,9091,1982-01-10,,Renovación automática,N,351
4721,1928,2017-12-12,980.0,Renovación automática,S,197
4722,1936,1977-02-06,512.0,Anexo 13,N,33
4723,5372,1979-09-08,998.0,Cesión de alma secundaria,N,196
4724,8206,1945-09-24,920.0,Renovación automática,N,305
4725,2915,1975-08-17,791.0,Cesión de alma secundaria,N,235
4726,381,1937-12-10,109.0,Cláusula 66A,N,479
4727,4307,1984-12-11,829.0,Cláusula 66A,N,436
4728,4791,2013-10-29,848.0,Cesión de alma secundaria,S,330
4729,3368,1992-03-17,22.0,Contrato eterno,S,338
4730,9423,2005-12-09,197.0,Cesión de alma secundaria,N,47
4731,1464,1977-09-03,624.0,Renovación automática,S,275
4732,4332,1985-07-04,675.0,Contrato eterno,N,43
4733,4419,2008-08-02,339.0,Contrato eterno,N,434
4734,5131,2000-04-26,837.0,Cláusula 66A,S,169
4735,7033,1997-03-05,855.0,Contrato eterno,S,269
4736,1783,1978-08-07,795.0,Renovación automática,S,413
4737,9284,1967-09-01,925.0,Anexo 13,N,323
4738,637,2001-05-26,722.0,Cesión de alma secundaria,S,441
4739,6410,1986-11-19,159.0,Anexo 13,S,9999
4740,3534,1947-10-04,597.0,Cesión de alma secundaria,N,75
4741,1832,1948-12-11,925.0,Renovación automática,N,179
4742,7202,2008-09-10,935.0,Cesión de alma secundaria,S,391
4743,220,1953-08-04,121.0,Cláusula 66A,N,33
4744,2869,1959-06-29,,Cláusula 66A,N,453
4745,1261,1996-10-02,374.0,Contrato eterno,S,345
4746,7347,1937-02-07,140.0,Cesión de alma secundaria,S,126
4747,8796,1964-01-19,840.0,Cesión de alma secundaria,S,285
4748,5892,2002-10-23,359.0,Cláusula 66A,N,272
4749,4836,1967-10-26,28.0,Renovación automática,N,440
4750,4390,2005-01-10,98.0,Contrato eterno,S,95
4751,7722,1963-08-24,918.0,Cesión de alma secundaria,S,304
4752,9318,1943-07-06,806.0,Cláusula 66A,S,334
4753,5512,1972-02-26,270.0,Cesión de alma secundaria,S,226
4754,1543,1962-08-12,290.0,Anexo 13,S,386
4755,6240,1957-09-12,135.0,Cesión de alma secundaria,N,380
4756,699,1949-01-02,554.0,Renovación automática,N,271
4757,8159,1963-01-03,58.0,Contrato eterno,S,237
4758,7842,2014-03-30,583.0,Contrato eterno,N,145
4759,5553,1971-02-01,886.0,Contrato eterno,N,188
4760,9543,1942-12-12,798.0,Renovación automática,N,276
4761,3321,1997-03-17,89.0,Contrato eterno,S,223
4762,6299,2019-09-02,663.0,Anexo 13,N,475
4763,8528,1943-06-02,95.0,Contrato eterno,S,381
4764,811,1955-12-27,853.0,Cláusula 66A,S,460
4765,2501,2021-08-23,316.0,Anexo 13,N,230
4766,1990,1959-06-01,339.0,Renovación automática,N,195
4767,2933,1944-11-21,244.0,Anexo 13,S,363
4768,6628,2011-04-21,15.0,Cláusula 66A,S,235
4769,9423,1993-06-11,120.0,Cesión de alma secundaria,N,319
4770,8987,1930-08-27,148.0,Cláusula 66A,S,409
4771,4640,2007-07-19,345.0,Anexo 13,S,287
4772,9302,1992-05-06,312.0,Cesión de alma secundaria,N,474
4773,925,1929-05-25,421.0,Cesión de alma secundaria,S,111
4774,4483,1974-05-18,235.0,Cláusula 66A,S,88
4775,2754,1969-06-06,731.0,Renovación automática,N,286
4776,574,1952-10-11,322.0,Cesión de alma secundaria,N,43
4777,561,1992-02-07,515.0,Cesión de alma secundaria,S,66
4778,6845,1998-12-20,147.0,Cesión de alma secundaria,N,231
4779,6689,3000-13-40,910.0,Anexo 13,S,24
4780,9611,1972-01-20,790.0,Renovación automática,N,194
4781,8007,1971-02-17,426.0,Anexo 13,N,226
4782,3779,1950-08-07,502.0,Anexo 13,S,191
4783,7688,1955-07-24,403.0,Cláusula 66A,S,383
4784,1023,1930-08-23,609.0,Cesión de alma secundaria,N,52
4785,6964,1973-04-08,740.0,Anexo 13,N,415
4786,8179,2018-02-07,977.0,Renovación automática,S,101
4787,3249,1948-10-19,387.0,Renovación automática,N,84
4788,9788,1968-07-22,671.0,Anexo 13,N,245
4789,6278,1929-02-24,390.0,Anexo 13,N,391
4790,8882,3000-13-40,837.0,Cláusula 66A,S,210
4791,7464,1953-09-05,996.0,Cesión de alma secundaria,N,176
4792,6623,1927-12-11,491.0,Cláusula 66A,N,157
4793,9030,1955-06-12,510.0,Cláusula 66A,N,362
4794,3960,1987-04-23,527.0,Renovación automática,N,217
4795,331,1971-04-30,974.0,Cláusula 66A,N,186
4796,1246,2024-12-13,846.0,Cesión de alma secundaria,N,169
4797,2950,1958-07-15,487.0,Cesión de alma secundaria,S,240
4798,1164,3000-13-40,343.0,Renovación automática,S,273
4799,9690,1947-05-23,130.0,Anexo 13,S,103
4800,2724,1931-08-06,783.0,Cesión de alma secundaria,S,5
4801,5731,2018-02-24,285.0,Anexo 13,S,75
4802,3722,1940-07-13,134.0,Contrato eterno,S,401
4803,7249,3000-13-40,473.0,Cesión de alma secundaria,N,367
4804,3414,1986-04-23,651.0,Cláusula 66A,S,40
4805,6598,2017-12-25,554.0,Cesión de alma secundaria,N,449
4806,8740,2012-02-15,975.0,Cesión de alma secundaria,N,238
4807,5730,1952-12-18,995.0,Cesión de alma secundaria,N,350
4808,8655,2021-01-12,972.0,Cláusula 66A,N,474
4809,2650,1993-04-21,715.0,Cláusula 66A,N,252
4810,3329,1944-10-17,393.0,Anexo 13,N,432
4811,2777,1950-09-11,392.0,Cesión de alma secundaria,N,53
4812,7083,2009-07-17,119.0,Anexo 13,S,144
4813,5577,1996-04-28,,Renovación automática,N,164
4814,2996,2003-02-28,924.0,Anexo 13,N,239
4815,4397,2003-09-24,36.0,Anexo 13,N,186
4816,6319,1977-02-08,27.0,Contrato eterno,S,298
4817,3838,1952-05-27,442.0,Renovación automática,N,387
4818,5469,1993-06-14,336.0,Renovación automática,S,25
4819,2073,1938-04-10,456.0,Cesión de alma secundaria,S,224
4820,867,1957-02-12,866.0,Cesión de alma secundaria,S,446
4821,1337,1983-09-03,411.0,Cesión de alma secundaria,N,121
4822,6615,2014-03-21,985.0,Renovación automática,N,326
4823,6582,1941-05-14,148.0,Cesión de alma secundaria,S,23
4824,6983,2015-08-11,923.0,Cláusula 66A,S,406
4825,1250,2020-02-18,534.0,Cláusula 66A,S,172
4826,4960,1979-12-07,445.0,Cláusula 66A,S,477
4827,8362,1960-10-02,714.0,Anexo 13,N,318
4828,5446,1949-01-31,866.0,Anexo 13,S,40
4829,2086,1933-08-31,637.0,Renovación automática,N,150
4830,1230,1948-07-06,627.0,Anexo 13,N,320
4831,1056,2012-12-24,74.0,Contrato eterno,N,157
4832,2060,1990-08-27,258.0,Contrato eterno,N,333
4833,7309,2018-09-04,906.0,Cláusula 66A,S,109
4834,7387,1949-01-07,909.0,Contrato eterno,N,299
4835,3549,1987-12-26,975.0,Cesión de alma secundaria,N,332
4836,8599,1950-04-17,610.0,Cesión de alma secundaria,S,348
4837,7396,1981-07-27,189.0,Cesión de alma secundaria,S,279
4838,5729,1980-03-16,40.0,Anexo 13,S,28
4839,3950,1959-01-10,615.0,Cláusula 66A,S,365
4840,6393,1998-02-14,815.0,Renovación automática,S,262
4841,26,1974-01-13,85.0,Renovación automática,N,330
4842,9575,2011-10-23,973.0,Renovación automática,N,79
4843,9642,2014-10-05,491.0,Contrato eterno,S,402
4844,853,1988-10-22,902.0,Contrato eterno,S,448
4845,2117,2020-03-08,892.0,Contrato eterno,S,242
4846,5045,2004-02-24,392.0,Anexo 13,S,154
4847,7747,1950-10-19,639.0,Anexo 13,N,374
4848,4467,1938-02-04,791.0,Cláusula 66A,S,198
4849,1635,1965-07-24,876.0,Anexo 13,S,366
4850,1513,2015-05-09,124.0,Renovación automática,S,100
4851,6348,1997-02-22,362.0,Cláusula 66A,N,500
4852,7878,2005-08-02,630.0,Renovación automática,S,491
4853,8664,1992-10-17,674.0,Anexo 13,S,289
4854,5725,1965-12-05,225.0,Contrato eterno,N,443
4855,1717,2016-03-20,318.0,Renovación automática,N,331
4856,4927,1995-09-14,122.0,Anexo 13,N,131
4857,9501,2015-07-14,453.0,Cesión de alma secundaria,S,91
4858,3335,2022-11-25,493.0,Anexo 13,S,297
4859,2872,1994-04-26,860.0,Cláusula 66A,N,9999
4860,4269,2004-05-10,265.0,Contrato eterno,N,356
4861,4960,1976-11-26,250.0,Contrato eterno,N,402
4862,3749,2025-02-09,247.0,Anexo 13,S,218
4863,740,2019-07-09,774.0,Contrato eterno,S,9999
4864,7082,1958-09-09,242.0,Cláusula 66A,N,98
4865,7565,1992-01-09,356.0,Contrato eterno,S,255
4866,9980,1995-04-11,51.0,Contrato eterno,S,347
4867,4817,2005-03-22,980.0,Cesión de alma secundaria,N,172
4868,373,1960-02-17,675.0,Anexo 13,N,94
4869,1571,2016-12-10,673.0,Contrato eterno,S,134
4870,2630,1926-10-30,91.0,Cláusula 66A,S,242
4871,6319,1942-03-10,128.0,Renovación automática,S,202
4872,9104,1925-11-01,415.0,Contrato eterno,S,213
4873,3040,1990-02-05,471.0,Cesión de alma secundaria,N,363
4874,345,1956-10-09,180.0,Cesión de alma secundaria,N,43
4875,3636,1986-02-18,607.0,Cesión de alma secundaria,S,438
4876,8111,1959-02-17,479.0,Contrato eterno,N,183
4877,8919,2007-02-15,475.0,Cláusula 66A,S,49
4878,9233,1926-09-02,362.0,Contrato eterno,S,427
4879,3448,1985-12-01,599.0,Anexo 13,N,242
4880,6062,1965-10-16,146.0,Renovación automática,N,480
4881,9805,1972-10-05,823.0,Cláusula 66A,N,385
4882,8714,1968-12-01,639.0,Renovación automática,N,3
4883,1136,1981-01-16,620.0,Contrato eterno,N,112
4884,8223,1946-06-09,904.0,Renovación automática,S,3
4885,9104,1935-06-07,719.0,Cesión de alma secundaria,S,25
4886,3331,1967-12-21,414.0,Cláusula 66A,N,107
4887,734,1973-09-16,229.0,Renovación automática,S,416
4888,3935,1947-06-17,905.0,Contrato eterno,N,130
4889,6664,2005-09-21,142.0,Anexo 13,S,209
4890,106,1988-04-01,734.0,Cláusula 66A,N,99
4891,9821,1982-05-25,945.0,Cláusula 66A,S,265
4892,9257,1953-02-25,823.0,Anexo 13,S,348
4893,4524,1941-04-22,554.0,Anexo 13,N,71
4894,4200,1990-11-04,536.0,Contrato eterno,N,87
4895,9825,1942-09-02,750.0,Cláusula 66A,N,392
4896,4465,1980-11-28,434.0,Contrato eterno,N,109
4897,1867,1987-07-04,823.0,Cesión de alma secundaria,S,47
4898,5555,1990-11-24,915.0,Renovación automática,S,206
4899,4778,1970-04-04,952.0,Renovación automática,S,141
4900,1119,2015-08-18,378.0,Contrato eterno,N,52
4901,5935,1932-02-09,210.0,Anexo 13,N,301
4902,2122,1927-06-07,177.0,Contrato eterno,N,143
4903,1294,1947-06-07,53.0,Anexo 13,N,218
4904,3443,1959-01-02,399.0,Cláusula 66A,N,309
4905,9938,1932-03-09,218.0,Contrato eterno,S,474
4906,6953,2002-12-03,67.0,Contrato eterno,S,110
4907,8501,1971-07-20,506.0,Anexo 13,N,168
4908,4523,2022-11-07,560.0,Cláusula 66A,N,177
4909,6918,1997-05-20,161.0,Cesión de alma secundaria,S,31
4910,5490,1983-11-11,849.0,Cláusula 66A,N,487
4911,1268,1943-10-13,493.0,Renovación automática,S,259
4912,8550,1995-11-29,622.0,Cláusula 66A,S,417
4913,6957,1966-07-05,624.0,Cesión de alma secundaria,S,73
4914,6949,1988-05-30,591.0,Cesión de alma secundaria,N,193
4915,3319,1948-06-30,145.0,Anexo 13,S,344
4916,2733,2025-09-19,933.0,Contrato eterno,N,378
4917,2860,1936-02-21,713.0,Contrato eterno,S,374
4918,5637,2023-03-28,,Contrato eterno,N,65
4919,5953,1993-01-21,410.0,Renovación automática,S,399
4920,6415,1978-05-01,604.0,Cláusula 66A,S,80
4921,8373,1934-01-26,332.0,Contrato eterno,S,22
4922,1501,1954-09-26,835.0,Contrato eterno,S,262
4923,9923,1971-02-07,317.0,Contrato eterno,N,496
4924,4174,2007-02-02,401.0,Cesión de alma secundaria,N,359
4925,3796,2008-08-21,264.0,Cesión de alma secundaria,S,248
4926,6692,2013-08-31,544.0,Cláusula 66A,N,126
4927,6898,2023-02-13,994.0,Contrato eterno,S,56
4928,4525,1958-08-02,956.0,Contrato eterno,N,271
4929,2904,1976-11-08,358.0,Renovación automática,N,311
4930,865,1990-04-15,936.0,Contrato eterno,S,78
4931,3295,1937-01-27,640.0,Cesión de alma secundaria,S,113
4932,1017,1994-12-09,561.0,Anexo 13,S,31
4933,4734,1952-04-04,727.0,Anexo 13,S,302
4934,8240,2001-10-15,180.0,Renovación automática,S,277
4935,863,1960-10-09,911.0,Renovación automática,S,98
4936,7671,1939-04-27,928.0,Contrato eterno,S,262
4937,1608,2005-01-14,765.0,Cláusula 66A,N,317
4938,2016,1934-11-01,82.0,Cláusula 66A,S,494
4939,6926,1984-07-01,181.0,Renovación automática,S,361
4940,6934,1986-08-19,701.0,Cláusula 66A,N,63
4941,6085,2014-01-24,822.0,Anexo 13,S,209
4942,9606,1983-09-09,726.0,Cláusula 66A,N,481
4943,1655,1955-05-09,220.0,Renovación automática,N,480
4944,5072,1997-06-13,472.0,Renovación automática,S,243
4945,8377,1966-10-11,607.0,Contrato eterno,N,130
4946,3136,2009-12-31,335.0,Renovación automática,N,157
4947,3382,1985-01-12,184.0,Cesión de alma secundaria,N,384
4948,6357,2025-03-02,37.0,Anexo 13,S,340
4949,9655,2018-03-18,161.0,Anexo 13,S,150
4950,3881,1926-03-09,86.0,Cesión de alma secundaria,N,96
4951,5816,1977-05-29,,Contrato eterno,N,292
4952,3756,2019-10-01,728.0,Renovación automática,S,458
4953,9432,1936-05-02,691.0,Contrato eterno,N,367
4954,9032,2010-05-03,685.0,Contrato eterno,S,272
4955,738,1933-03-10,915.0,Renovación automática,S,212
4956,8315,1945-03-22,779.0,Renovación automática,N,119
4957,7557,2005-12-09,677.0,Contrato eterno,N,122
4958,4261,1991-12-08,488.0,Renovación automática,S,464
4959,993,1977-07-15,35.0,Cláusula 66A,N,340
4960,8189,2004-12-08,37.0,Cesión de alma secundaria,S,98
4961,5059,2023-09-22,371.0,Anexo 13,S,54
4962,187,1957-08-25,11.0,Cesión de alma secundaria,S,471
4963,7060,1998-08-11,846.0,Contrato eterno,N,373
4964,3777,1963-03-09,685.0,Renovación automática,S,191
4965,7011,1938-08-18,294.0,Renovación automática,N,69
4966,2218,1956-09-02,275.0,Anexo 13,N,28
4967,9973,1956-09-05,44.0,Cesión de alma secundaria,S,436
4968,836,1928-12-28,917.0,Cesión de alma secundaria,N,4
4969,6284,1997-09-12,614.0,Cláusula 66A,S,447
4970,2808,1975-09-19,646.0,Renovación automática,N,383
4971,4242,1936-07-02,140.0,Cesión de alma secundaria,N,297
4972,6952,3000-13-40,797.0,Cláusula 66A,N,365
4973,3190,1944-01-17,61.0,Contrato eterno,N,166
4974,6907,1990-08-06,124.0,Renovación automática,N,230
4975,7286,1981-01-15,452.0,Cláusula 66A,N,246
4976,3271,1953-07-15,561.0,Cesión de alma secundaria,S,39
4977,3616,1943-06-12,746.0,Anexo 13,S,473
4978,3871,1949-12-28,,Anexo 13,N,286
4979,655,1976-06-19,14.0,Cláusula 66A,S,446
4980,8643,1972-04-01,593.0,Cesión de alma secundaria,S,267
4981,2339,1935-02-18,421.0,Cláusula 66A,N,303
4982,2388,1977-12-05,401.0,Cláusula 66A,S,223
4983,3706,1946-05-28,345.0,Contrato eterno,S,498
4984,4716,1978-08-21,700.0,Renovación automática,S,59
4985,1366,2013-05-19,569.0,Anexo 13,N,66
4986,2080,1942-10-17,825.0,Anexo 13,S,29
4987,4686,1945-02-10,394.0,Contrato eterno,N,420
4988,7271,2009-06-06,821.0,Anexo 13,N,136
4989,7931,1985-10-12,73.0,Cesión de alma secundaria,S,169
4990,6368,2014-01-26,917.0,Contrato eterno,N,339
4991,6708,2000-10-16,105.0,Cesión de alma secundaria,S,225
4992,4321,1976-05-07,173.0,Renovación automática,S,411
4993,4774,1932-07-13,654.0,Anexo 13,S,349
4994,9294,2000-05-06,71.0,Anexo 13,N,245
4995,6029,1995-05-06,916.0,Contrato eterno,S,395
4996,1200,1951-03-12,27.0,Contrato eterno,N,163
4997,4029,1978-06-28,807.0,Cesión de alma secundaria,S,24
4998,7130,1936-01-13,837.0,Anexo 13,N,217
4999,2599,1951-08-12,993.0,Contrato eterno,S,473
5000,3412,1992-05-30,601.0,Anexo 13,S,175
5001,7439,1937-04-17,652.0,Contrato eterno,S,437
5002,431,2001-01-27,534.0,Cesión de alma secundaria,S,167
5003,3776,2003-05-11,552.0,Renovación automática,S,147
5004,495,2014-02-25,993.0,Renovación automática,S,398
5005,6536,1931-03-22,865.0,Renovación automática,N,13
5006,1422,2013-05-30,329.0,Contrato eterno,S,313
5007,7819,1946-07-03,853.0,Cláusula 66A,N,144
5008,6150,1935-06-05,805.0,Contrato eterno,N,176
5009,621,1968-02-16,72.0,Cláusula 66A,S,347
5010,3154,1978-02-07,214.0,Contrato eterno,N,426
5011,4500,1953-04-19,757.0,Contrato eterno,N,68
5012,441,2007-08-10,697.0,Renovación automática,N,323
5013,5505,2007-07-17,234.0,Contrato eterno,N,321
5014,4534,2015-09-28,610.0,Renovación automática,S,429
5015,2987,1980-04-22,486.0,Anexo 13,N,318
5016,4607,1985-03-06,961.0,Cesión de alma secundaria,N,187
5017,1562,1933-01-20,43.0,Cláusula 66A,N,209
5018,4483,2017-01-12,475.0,Contrato eterno,N,84
5019,6136,1937-08-17,404.0,Anexo 13,N,243
5020,3023,1935-04-30,692.0,Renovación automática,N,5
5021,3786,2016-03-07,309.0,Cesión de alma secundaria,S,397
5022,2544,3000-13-40,85.0,Anexo 13,S,137
5023,7151,1988-02-22,510.0,Renovación automática,N,431
5024,5910,1967-12-12,237.0,Cesión de alma secundaria,S,20
5025,6287,1972-04-13,891.0,Cesión de alma secundaria,N,314
5026,8305,1967-02-09,638.0,Cesión de alma secundaria,N,39
5027,5495,1957-11-11,956.0,Contrato eterno,S,213
5028,7072,1994-12-14,698.0,Anexo 13,N,387
5029,146,1966-01-15,403.0,Cláusula 66A,N,212
5030,3355,2020-12-11,607.0,Anexo 13,N,159
5031,4787,1989-01-06,528.0,Renovación automática,N,243
5032,6553,2000-02-18,163.0,Renovación automática,N,440
5033,1428,1935-05-30,,Renovación automática,N,124
5034,4342,2013-12-27,756.0,Cláusula 66A,S,378
5035,5344,1976-04-22,305.0,Contrato eterno,S,28
5036,4765,1934-09-18,871.0,Cesión de alma secundaria,N,212
5037,6029,1958-08-22,484.0,Renovación automática,S,69
5038,4290,1943-11-04,192.0,Cesión de alma secundaria,S,117
5039,7347,1962-03-08,140.0,Cesión de alma secundaria,N,356
5040,22,2001-07-12,238.0,Cesión de alma secundaria,S,299
5041,4617,1948-06-29,437.0,Anexo 13,N,200
5042,6123,1983-04-19,568.0,Anexo 13,S,37
5043,8112,1961-06-04,466.0,Anexo 13,S,346
5044,1850,1969-12-01,651.0,Cesión de alma secundaria,S,40
5045,9889,1929-06-16,638.0,Anexo 13,N,262
5046,2906,2004-06-21,885.0,Cláusula 66A,N,139
5047,3846,1978-03-01,930.0,Contrato eterno,S,378
5048,3686,1935-05-05,544.0,Cesión de alma secundaria,S,335
5049,8236,1943-01-15,517.0,Renovación automática,S,63
5050,193,1941-01-10,429.0,Renovación automática,N,117
5051,1967,1950-08-17,539.0,Anexo 13,S,3
5052,4461,1929-10-22,948.0,Renovación automática,N,337
5053,9893,2010-08-31,189.0,Anexo 13,N,226
5054,451,1996-01-02,121.0,Contrato eterno,N,490
5055,8411,1990-01-08,229.0,Cláusula 66A,S,206
5056,1348,1961-08-22,533.0,Renovación automática,N,416
5057,50,1993-07-23,77.0,Cláusula 66A,N,38
5058,4784,1960-07-30,743.0,Cláusula 66A,N,408
5059,3155,1960-10-29,959.0,Renovación automática,N,492
5060,6493,1987-04-02,902.0,Cláusula 66A,N,297
5061,9054,1971-07-09,865.0,Cláusula 66A,N,425
5062,1819,1997-04-14,595.0,Contrato eterno,N,6
5063,9848,1928-03-17,473.0,Contrato eterno,S,188
5064,4625,1960-04-05,984.0,Anexo 13,N,430
5065,8933,1960-03-29,985.0,Cláusula 66A,N,105
5066,261,1945-11-13,487.0,Contrato eterno,S,99
5067,1415,1943-01-20,367.0,Renovación automática,S,452
5068,3068,1971-06-23,292.0,Anexo 13,S,51
5069,7261,1959-12-13,654.0,Anexo 13,N,413
5070,3404,1982-04-01,152.0,Cesión de alma secundaria,N,199
5071,6003,1962-12-09,379.0,Contrato eterno,S,442
5072,1577,1943-09-03,446.0,Renovación automática,S,193
5073,6610,2001-04-04,330.0,Cesión de alma secundaria,N,152
5074,8116,2015-08-14,838.0,Cesión de alma secundaria,N,222
5075,1334,2017-06-22,917.0,Contrato eterno,N,388
5076,426,2006-05-13,750.0,Renovación automática,S,152
5077,8381,2022-12-16,994.0,Cláusula 66A,S,307
5078,7623,2023-12-15,124.0,Anexo 13,N,97
5079,486,1996-04-08,918.0,Cláusula 66A,S,421
5080,2204,1933-05-24,779.0,Renovación automática,S,480
5081,6515,1939-01-28,619.0,Contrato eterno,S,441
5082,8929,1966-08-31,222.0,Contrato eterno,N,271
5083,9458,1995-07-25,347.0,Renovación automática,N,10
5084,8344,1990-05-13,869.0,Cesión de alma secundaria,S,140
5085,3755,1966-05-19,338.0,Anexo 13,S,182
5086,394,2018-03-01,162.0,Contrato eterno,N,478
5087,4077,2005-06-27,967.0,Renovación automática,S,354
5088,7238,1925-11-22,600.0,Cláusula 66A,N,122
5089,6128,1991-10-13,935.0,Contrato eterno,S,415
5090,7450,1978-08-15,530.0,Contrato eterno,N,183
5091,2527,2015-01-25,91.0,Renovación automática,S,4
5092,671,1937-12-10,210.0,Contrato eterno,N,54
5093,6071,1961-11-13,197.0,Cláusula 66A,N,177
5094,2658,1983-04-10,563.0,Cláusula 66A,N,146
5095,8342,1965-12-04,772.0,Cláusula 66A,S,494
5096,4196,1938-02-24,82.0,Cesión de alma secundaria,N,431
5097,2566,1937-07-30,291.0,Renovación automática,N,362
5098,967,1987-07-18,966.0,Contrato eterno,S,66
5099,8711,1972-03-30,684.0,Cesión de alma secundaria,S,103
5100,7011,2004-01-21,48.0,Renovación automática,S,265
5101,2976,1991-12-04,113.0,Renovación automática,S,271
5102,2175,2012-07-02,367.0,Renovación automática,N,40
5103,3524,2004-05-02,117.0,Cesión de alma secundaria,S,487
5104,4681,1987-05-16,546.0,Anexo 13,S,480
5105,5643,1985-03-20,870.0,Contrato eterno,N,452
5106,443,1973-10-16,769.0,Contrato eterno,N,276
5107,9955,1987-02-04,76.0,Anexo 13,S,325
5108,9788,1958-09-13,573.0,Cesión de alma secundaria,N,139
5109,2077,1990-11-26,,Renovación automática,N,230
5110,3205,2006-03-22,957.0,Contrato eterno,S,412
5111,1631,2009-12-06,69.0,Cláusula 66A,S,289
5112,5812,1970-09-30,492.0,Anexo 13,S,118
5113,3778,1981-06-06,732.0,Cláusula 66A,S,425
5114,1407,2003-07-20,923.0,Cesión de alma secundaria,N,78
5115,5361,1959-10-24,531.0,Anexo 13,N,4
5116,1555,1991-08-21,792.0,Anexo 13,N,424
5117,5177,1979-02-09,183.0,Contrato eterno,S,333
5118,267,1989-12-19,986.0,Cesión de alma secundaria,S,62
5119,9162,1959-01-10,88.0,Anexo 13,S,308
5120,8196,1973-04-02,902.0,Contrato eterno,S,180
5121,1501,1994-12-30,374.0,Cláusula 66A,N,199
5122,3952,2018-12-11,643.0,Cláusula 66A,S,472
5123,333,1975-02-19,73.0,Anexo 13,N,159
5124,6749,1970-11-06,286.0,Contrato eterno,N,208
5125,7827,1962-06-11,854.0,Renovación automática,N,379
5126,5741,1975-06-16,274.0,Renovación automática,N,40
5127,121,1934-02-17,641.0,Cláusula 66A,S,142
5128,1723,1991-06-24,50.0,Contrato eterno,N,192
5129,2995,1998-06-28,756.0,Cesión de alma secundaria,S,102
5130,6538,2012-07-07,691.0,Renovación automática,N,217
5131,4046,1937-07-01,325.0,Cesión de alma secundaria,S,391
5132,727,2013-08-01,715.0,Renovación automática,N,413
5133,2682,1961-07-13,810.0,Cesión de alma secundaria,N,415
5134,5821,1939-02-25,316.0,Anexo 13,N,110
5135,7602,2014-06-10,285.0,Anexo 13,S,441
5136,7789,1944-03-02,352.0,Cesión de alma secundaria,N,132
5137,6740,1969-03-28,511.0,Contrato eterno,N,477
5138,8338,2021-02-02,614.0,Contrato eterno,N,247
5139,9083,2005-09-24,448.0,Anexo 13,S,485
5140,3590,1983-01-05,780.0,Cláusula 66A,N,41
5141,4600,2022-09-25,219.0,Contrato eterno,S,64
5142,2709,1933-08-17,31.0,Cesión de alma secundaria,S,435
5143,3458,1984-12-19,652.0,Contrato eterno,S,2
5144,1410,1974-02-26,523.0,Contrato eterno,S,476
5145,6960,1971-12-17,601.0,Cesión de alma secundaria,N,337
5146,8761,2006-02-03,465.0,Contrato eterno,S,480
5147,9820,1940-06-17,,Renovación automática,S,219
5148,326,2000-05-26,305.0,Renovación automática,N,106
5149,8136,1961-01-07,740.0,Renovación automática,N,14
5150,5423,2016-05-11,224.0,Anexo 13,S,254
5151,4355,2017-06-19,128.0,Renovación automática,S,313
5152,231,2017-12-31,513.0,Contrato eterno,S,375
5153,4533,1950-06-02,86.0,Renovación automática,N,298
5154,6432,1959-02-02,800.0,Renovación automática,N,154
5155,61,1965-02-20,68.0,Cláusula 66A,S,13
5156,1969,1969-08-24,435.0,Anexo 13,S,394
5157,7663,1979-03-16,398.0,Contrato eterno,S,202
5158,1663,1990-06-04,134.0,Anexo 13,N,239
5159,1025,1955-04-19,528.0,Cláusula 66A,N,204
5160,8260,2019-08-24,435.0,Cesión de alma secundaria,N,441
5161,5902,1936-06-21,37.0,Anexo 13,S,108
5162,3687,2017-12-22,239.0,Contrato eterno,N,271
5163,1940,1977-04-13,162.0,Anexo 13,S,248
5164,285,1944-09-13,993.0,Contrato eterno,N,99
5165,9868,1951-04-13,316.0,Cláusula 66A,S,277
5166,5423,2020-11-03,557.0,Contrato eterno,N,236
5167,8791,2004-02-29,404.0,Renovación automática,S,365
5168,3322,1953-11-03,990.0,Renovación automática,S,485
5169,1603,1927-04-01,671.0,Anexo 13,S,143
5170,8546,1999-11-26,73.0,Cesión de alma secundaria,S,89
5171,4768,1999-03-13,577.0,Cláusula 66A,N,441
5172,3876,2011-02-12,121.0,Contrato eterno,S,288
5173,7507,1985-03-02,52.0,Cláusula 66A,S,353
5174,5999,2021-07-01,890.0,Cesión de alma secundaria,S,146
5175,430,1943-06-22,330.0,Anexo 13,S,134
5176,2329,1956-03-12,267.0,Cesión de alma secundaria,N,224
5177,7535,1990-04-28,916.0,Contrato eterno,S,459
5178,4043,1982-11-23,397.0,Renovación automática,N,297
5179,2657,1979-01-26,220.0,Anexo 13,N,431
5180,4001,1998-08-19,381.0,Anexo 13,S,254
5181,7237,2023-09-14,530.0,Cláusula 66A,N,103
5182,8590,1952-04-21,192.0,Renovación automática,S,32
5183,9146,1967-08-02,898.0,Cláusula 66A,N,337
5184,3471,1983-04-11,991.0,Cesión de alma secundaria,N,79
5185,699,2000-04-16,719.0,Cesión de alma secundaria,N,92
5186,4398,1935-05-16,293.0,Contrato eterno,N,61
5187,9391,2021-05-01,108.0,Cláusula 66A,N,43
5188,9044,1981-03-24,101.0,Cláusula 66A,S,242
5189,7015,1926-05-02,232.0,Contrato eterno,N,5
5190,4474,2004-12-25,770.0,Cesión de alma secundaria,S,33
5191,942,1981-01-07,432.0,Cesión de alma secundaria,S,467
5192,5132,1963-03-06,527.0,Renovación automática,N,84
5193,5191,1989-03-27,185.0,Cláusula 66A,N,59
5194,7729,1980-05-20,276.0,Cláusula 66A,N,332
5195,222,2005-07-16,144.0,Cesión de alma secundaria,N,18
5196,3799,1992-07-05,871.0,Renovación automática,S,189
5197,6167,1982-03-25,684.0,Renovación automática,S,396
5198,2270,1939-09-08,33.0,Cesión de alma secundaria,N,95
5199,1969,2007-07-12,428.0,Anexo 13,N,389
5200,7872,1994-05-25,752.0,Cesión de alma secundaria,S,252
5201,7108,1944-03-04,,Cesión de alma secundaria,S,114
5202,8832,1960-06-05,922.0,Renovación automática,N,304
5203,9695,1961-05-12,761.0,Cesión de alma secundaria,N,9999
5204,8899,1945-10-16,230.0,Anexo 13,S,387
5205,8522,1948-06-24,555.0,Renovación automática,N,306
5206,3394,1955-06-03,212.0,Renovación automática,S,102
5207,1760,1979-06-10,798.0,Anexo 13,S,476
5208,1346,2002-04-17,951.0,Renovación automática,S,198
5209,1785,1954-07-17,880.0,Contrato eterno,N,357
5210,5399,1941-12-27,171.0,Renovación automática,S,261
5211,9047,1974-11-12,262.0,Cláusula 66A,N,78
5212,5176,2000-08-29,763.0,Cesión de alma secundaria,N,183
5213,7070,1991-09-16,882.0,Cesión de alma secundaria,N,4
5214,5064,2001-06-18,747.0,Contrato eterno,N,403
5215,2990,1992-01-29,432.0,Renovación automática,S,354
5216,267,1926-10-07,134.0,Cláusula 66A,S,35
5217,9431,1984-03-09,484.0,Cesión de alma secundaria,S,445
5218,4444,1928-08-14,853.0,Cesión de alma secundaria,S,87
5219,92,1983-12-31,402.0,Cesión de alma secundaria,S,212
5220,9924,1928-01-08,870.0,Cesión de alma secundaria,S,213
5221,7733,2013-04-30,594.0,Cláusula 66A,N,410
5222,3452,2021-10-29,41.0,Anexo 13,S,369
5223,5671,1947-02-15,720.0,Cláusula 66A,N,85
5224,5078,2016-07-12,150.0,Cláusula 66A,N,305
5225,6079,1956-09-17,999.0,Contrato eterno,N,87
5226,4056,1983-05-30,167.0,Anexo 13,S,317
5227,7691,2025-03-07,,Cláusula 66A,S,499
5228,3906,1932-04-18,806.0,Cláusula 66A,S,63
5229,3267,1928-02-23,288.0,Cesión de alma secundaria,N,279
5230,7654,1986-10-26,906.0,Renovación automática,S,386
5231,7916,1950-03-28,233.0,Anexo 13,S,43
5232,7102,1982-08-25,234.0,Cláusula 66A,N,53
5233,5604,1928-09-24,680.0,Anexo 13,S,497
5234,9464,1967-01-08,620.0,Anexo 13,N,487
5235,3337,1981-11-01,653.0,Cláusula 66A,N,195
5236,4352,2006-04-21,45.0,Renovación automática,N,9999
5237,2242,1972-01-03,612.0,Cesión de alma secundaria,S,318
5238,1562,1973-03-15,532.0,Renovación automática,S,35
5239,5558,2011-11-01,78.0,Renovación automática,S,88
5240,9063,1984-10-24,364.0,Contrato eterno,N,486
5241,4640,2019-01-13,907.0,Contrato eterno,S,9999
5242,4265,1974-03-11,390.0,Contrato eterno,N,89
5243,2162,1980-04-27,250.0,Renovación automática,S,9999
5244,3282,1947-10-03,308.0,Renovación automática,S,70
5245,9036,2004-01-08,137.0,Renovación automática,N,29
5246,8265,1937-02-23,990.0,Cláusula 66A,N,73
5247,382,2008-02-03,104.0,Anexo 13,S,236
5248,6213,2012-06-12,277.0,Cláusula 66A,S,428
5249,6421,1973-06-20,266.0,Cláusula 66A,S,188
5250,3177,2015-08-18,537.0,Anexo 13,S,254
5251,8859,1931-06-23,901.0,Cesión de alma secundaria,S,461
5252,8640,1976-07-13,949.0,Contrato eterno,S,305
5253,730,1955-01-09,730.0,Anexo 13,N,33
5254,5012,3000-13-40,84.0,Contrato eterno,N,447
5255,743,2011-08-12,998.0,Anexo 13,S,71
5256,7979,2012-10-14,951.0,Cesión de alma secundaria,S,460
5257,8187,1959-05-12,427.0,Anexo 13,N,459
5258,446,1957-06-26,329.0,Contrato eterno,S,47
5259,3373,2015-11-16,952.0,Cláusula 66A,N,481
5260,7567,2015-11-12,219.0,Anexo 13,N,334
5261,8113,1992-09-23,723.0,Contrato eterno,N,296
5262,1312,2003-10-11,589.0,Cesión de alma secundaria,S,39
5263,9357,1951-11-25,923.0,Contrato eterno,S,455
5264,327,1933-07-24,956.0,Cláusula 66A,N,473
5265,2312,1990-11-29,646.0,Cláusula 66A,S,429
5266,9896,1988-08-12,429.0,Contrato eterno,S,466
5267,5889,1967-03-08,883.0,Cesión de alma secundaria,S,248
5268,407,1944-09-18,746.0,Contrato eterno,S,265
5269,40,1963-08-21,985.0,Cláusula 66A,N,106
5270,7297,1964-08-25,568.0,Cesión de alma secundaria,N,212
5271,35,1990-06-08,205.0,Cláusula 66A,S,402
5272,4830,1978-06-14,863.0,Anexo 13,N,361
5273,3654,2003-07-26,612.0,Cláusula 66A,N,452
5274,9564,1927-10-05,81.0,Cláusula 66A,N,47
5275,2287,2024-08-16,871.0,Renovación automática,N,355
5276,8633,1945-12-16,627.0,Contrato eterno,N,49
5277,3943,1964-11-07,299.0,Anexo 13,N,143
5278,7560,1981-07-10,45.0,Anexo 13,S,174
5279,4605,2022-10-28,879.0,Contrato eterno,N,158
5280,9125,1972-10-24,231.0,Contrato eterno,S,342
5281,4484,2015-06-23,617.0,Contrato eterno,N,197
5282,734,1988-02-26,30.0,Anexo 13,S,236
5283,5628,1982-03-03,26.0,Contrato eterno,N,197
5284,1731,1939-04-11,816.0,Cesión de alma secundaria,S,490
5285,468,1995-01-03,762.0,Cláusula 66A,S,67
5286,6377,1973-01-09,386.0,Anexo 13,N,55
5287,5058,1999-10-08,887.0,Anexo 13,N,348
5288,6110,1986-01-05,551.0,Contrato eterno,S,205
5289,874,2017-11-06,637.0,Contrato eterno,S,359
5290,9180,2001-11-11,186.0,Renovación automática,N,322
5291,7030,1963-05-02,525.0,Cesión de alma secundaria,N,481
5292,3609,2000-12-04,80.0,Anexo 13,N,9999
5293,1699,2001-03-13,688.0,Contrato eterno,N,17
5294,7972,1993-01-13,914.0,Renovación automática,N,124
5295,2842,1941-11-08,554.0,Cláusula 66A,S,433
5296,8501,1991-05-08,737.0,Cesión de alma secundaria,N,460
5297,9430,2007-09-17,392.0,Cláusula 66A,N,436
5298,2391,2022-05-30,420.0,Cesión de alma secundaria,S,281
5299,6788,2022-08-01,459.0,Contrato eterno,S,322
5300,370,1946-03-11,745.0,Renovación automática,S,430
5301,7002,1983-09-24,808.0,Anexo 13,N,315
5302,6169,1942-10-10,397.0,Renovación automática,N,443
5303,2430,1999-03-10,586.0,Renovación automática,N,499
5304,7936,1948-04-23,284.0,Renovación automática,S,75
5305,6843,1947-12-25,389.0,Renovación automática,S,390
5306,2703,1929-12-24,33.0,Cesión de alma secundaria,S,451
5307,3948,1964-12-11,817.0,Contrato eterno,N,100
5308,7965,1974-09-30,386.0,Renovación automática,N,79
5309,8321,1978-04-29,792.0,Anexo 13,N,107
5310,4258,1993-04-30,460.0,Anexo 13,N,112
5311,3123,1982-05-07,585.0,Contrato eterno,S,479
5312,7762,1987-10-06,621.0,Cláusula 66A,N,218
5313,895,2010-09-14,35.0,Contrato eterno,N,366
5314,4675,1933-07-18,834.0,Cláusula 66A,S,374
5315,3307,2019-05-23,705.0,Cesión de alma secundaria,S,469
5316,676,2014-09-10,333.0,Cesión de alma secundaria,S,3
5317,8140,1957-01-03,739.0,Contrato eterno,N,171
5318,1710,1961-03-11,725.0,Cláusula 66A,N,118
5319,931,1987-02-11,431.0,Renovación automática,S,270
5320,6912,1956-03-27,855.0,Cesión de alma secundaria,S,332
5321,9216,2007-02-10,912.0,Renovación automática,S,367
5322,5054,2004-11-26,474.0,Contrato eterno,S,497
5323,9502,2008-11-20,298.0,Cesión de alma secundaria,S,12
5324,662,1943-03-18,817.0,Contrato eterno,S,398
5325,9173,1954-07-03,286.0,Anexo 13,S,129
5326,6921,2008-01-28,824.0,Cesión de alma secundaria,S,320
5327,648,1988-08-03,210.0,Contrato eterno,S,265
5328,647,1927-07-15,185.0,Renovación automática,N,353
5329,4640,1964-05-14,726.0,Renovación automática,N,109
5330,2070,2009-12-31,134.0,Anexo 13,N,433
5331,257,2001-07-16,91.0,Renovación automática,S,139
5332,8900,2021-09-14,626.0,Cláusula 66A,N,358
5333,4729,1954-07-16,1000.0,Cesión de alma secundaria,S,306
5334,5706,1970-04-10,174.0,Cláusula 66A,S,194
5335,1770,1978-05-14,977.0,Contrato eterno,S,181
5336,5824,1946-07-09,844.0,Anexo 13,N,10
5337,2286,1947-11-14,923.0,Renovación automática,N,375
5338,661,3000-13-40,116.0,Renovación automática,N,217
5339,3182,2017-03-21,462.0,Anexo 13,S,340
5340,5164,2017-02-28,340.0,Contrato eterno,N,287
5341,835,2023-05-05,117.0,Contrato eterno,N,11
5342,9695,1998-03-06,296.0,Cláusula 66A,S,92
5343,2263,1994-05-14,273.0,Cláusula 66A,S,316
5344,5309,1945-07-18,265.0,Cesión de alma secundaria,S,23
5345,5446,1962-10-31,530.0,Contrato eterno,N,6
5346,315,1963-02-22,776.0,Cesión de alma secundaria,N,119
5347,618,2014-06-13,721.0,Cláusula 66A,S,320
5348,8770,1930-12-30,455.0,Cesión de alma secundaria,N,299
5349,6793,1961-08-03,882.0,Cesión de alma secundaria,N,266
5350,7905,1930-05-28,,Anexo 13,N,1
5351,8125,1950-06-22,564.0,Cesión de alma secundaria,N,35
5352,2992,2024-09-27,379.0,Cláusula 66A,N,436
5353,2481,2005-11-14,965.0,Renovación automática,S,445
5354,2807,1959-06-24,243.0,Anexo 13,S,298
5355,6704,1978-03-06,495.0,Anexo 13,N,202
5356,2428,1996-01-07,260.0,Cláusula 66A,S,98
5357,7021,1959-08-14,248.0,Contrato eterno,N,386
5358,2270,1984-08-26,329.0,Renovación automática,S,313
5359,2678,2011-06-17,780.0,Contrato eterno,S,432
5360,222,1930-12-11,516.0,Contrato eterno,N,478
5361,8198,1970-10-09,794.0,Anexo 13,N,244
5362,1139,2012-05-15,537.0,Contrato eterno,N,487
5363,2440,1980-08-20,571.0,Contrato eterno,S,495
5364,121,1932-08-03,210.0,Cesión de alma secundaria,S,293
5365,8071,2014-03-07,531.0,Renovación automática,N,462
5366,7776,1949-02-22,773.0,Contrato eterno,N,345
5367,6464,1986-02-13,89.0,Renovación automática,S,259
5368,3561,2008-04-08,368.0,Cesión de alma secundaria,N,244
5369,3768,1975-11-02,375.0,Renovación automática,N,425
5370,9832,2016-06-15,899.0,Cláusula 66A,S,43
5371,8350,2011-01-12,582.0,Cláusula 66A,N,65
5372,3541,1985-07-01,561.0,Renovación automática,S,414
5373,5433,2022-02-25,261.0,Renovación automática,S,77
5374,4174,1968-10-31,849.0,Anexo 13,N,182
5375,4002,1995-08-25,609.0,Cláusula 66A,N,487
5376,8781,1984-03-27,595.0,Cesión de alma secundaria,S,158
5377,3811,1983-07-03,351.0,Anexo 13,N,239
5378,4801,1926-06-22,121.0,Contrato eterno,N,365
5379,1542,2015-09-23,996.0,Contrato eterno,S,261
5380,9794,1967-10-31,459.0,Cesión de alma secundaria,N,323
5381,8008,1932-08-09,199.0,Anexo 13,S,265
5382,7262,2010-04-08,534.0,Contrato eterno,N,59
5383,7151,3000-13-40,675.0,Cláusula 66A,N,154
5384,3637,1967-11-27,624.0,Anexo 13,N,3
5385,2343,1971-12-15,207.0,Cláusula 66A,N,311
5386,8020,1927-07-24,916.0,Cesión de alma secundaria,S,34
5387,5013,1963-02-12,406.0,Anexo 13,N,167
5388,6230,1930-11-18,294.0,Anexo 13,N,425
5389,8517,2009-01-17,795.0,Cesión de alma secundaria,N,449
5390,6123,1975-08-02,393.0,Renovación automática,N,398
5391,6780,1994-06-13,710.0,Renovación automática,N,293
5392,75,1933-11-23,471.0,Cláusula 66A,S,66
5393,2796,2010-07-29,666.0,Cláusula 66A,S,496
5394,1956,1957-09-20,778.0,Cesión de alma secundaria,N,428
5395,7721,1943-11-08,967.0,Anexo 13,N,10
5396,4052,1952-07-04,641.0,Cesión de alma secundaria,N,157
5397,4371,1928-03-31,659.0,Cesión de alma secundaria,S,275
5398,6613,1941-02-18,684.0,Renovación automática,N,351
5399,173,1987-03-06,96.0,Renovación automática,S,486
5400,553,2023-07-17,162.0,Contrato eterno,N,363
5401,7071,1965-10-26,303.0,Contrato eterno,S,154
5402,7413,1987-08-01,55.0,Contrato eterno,N,253
5403,2718,2019-01-12,557.0,Anexo 13,N,72
5404,9235,1953-11-25,426.0,Anexo 13,N,209
5405,3884,2024-08-04,882.0,Cláusula 66A,S,269
5406,8156,2011-02-10,392.0,Renovación automática,S,500
5407,2771,1985-01-02,744.0,Contrato eterno,S,313
5408,4559,1979-12-12,221.0,Cláusula 66A,N,181
5409,8626,1980-10-25,245.0,Cesión de alma secundaria,N,149
5410,4392,1940-05-07,451.0,Renovación automática,N,426
5411,9177,1967-05-08,,Anexo 13,N,396
5412,8579,2003-09-02,873.0,Renovación automática,N,250
5413,1892,2022-02-24,515.0,Cesión de alma secundaria,N,72
5414,7421,1932-10-15,663.0,Anexo 13,N,316
5415,5203,1973-08-17,714.0,Cláusula 66A,N,131
5416,8579,1947-10-22,437.0,Cesión de alma secundaria,N,127
5417,9565,1957-12-13,641.0,Contrato eterno,N,447
5418,8277,1953-09-30,403.0,Contrato eterno,N,425
5419,3171,2010-01-17,421.0,Contrato eterno,S,219
5420,4703,1987-08-10,190.0,Anexo 13,N,256
5421,2205,1966-03-07,934.0,Cláusula 66A,N,462
5422,7181,1934-03-29,90.0,Anexo 13,S,413
5423,8697,1947-03-22,555.0,Contrato eterno,S,437
5424,606,1930-03-08,28.0,Cesión de alma secundaria,S,202
5425,9231,1941-11-30,393.0,Renovación automática,S,247
5426,7359,1953-01-06,644.0,Anexo 13,N,4
5427,5327,1964-12-29,858.0,Cláusula 66A,N,111
5428,6436,1930-11-23,751.0,Cesión de alma secundaria,S,309
5429,316,1936-09-23,201.0,Renovación automática,S,207
5430,4584,1931-09-04,284.0,Anexo 13,S,177
5431,8113,2003-06-11,893.0,Anexo 13,S,114
5432,2123,1931-11-22,582.0,Anexo 13,N,319
5433,9935,1930-04-19,115.0,Cláusula 66A,S,443
5434,1396,1940-11-15,37.0,Contrato eterno,N,44
5435,5528,1980-08-24,28.0,Anexo 13,S,404
5436,8739,1934-01-18,470.0,Cesión de alma secundaria,N,242
5437,8316,1951-02-24,524.0,Cesión de alma secundaria,N,193
5438,987,2024-09-03,329.0,Renovación automática,S,162
5439,1779,2022-12-10,632.0,Cesión de alma secundaria,S,411
5440,8754,2001-02-18,211.0,Contrato eterno,S,136
5441,2580,3000-13-40,797.0,Anexo 13,N,131
5442,4968,1938-05-03,957.0,Renovación automática,S,366
5443,1097,1951-03-01,25.0,Contrato eterno,S,66
5444,6647,1995-11-30,306.0,Cesión de alma secundaria,S,333
5445,4069,2017-07-02,950.0,Contrato eterno,S,497
5446,2978,1950-08-21,292.0,Cesión de alma secundaria,S,447
5447,8138,1975-09-09,726.0,Cesión de alma secundaria,S,87
5448,1993,1985-12-04,893.0,Anexo 13,N,93
5449,6792,1993-09-13,379.0,Cláusula 66A,S,463
5450,8341,1941-10-26,753.0,Cláusula 66A,S,400
5451,6635,2008-06-23,725.0,Anexo 13,N,493
5452,2768,1948-10-23,534.0,Cláusula 66A,N,179
5453,5467,1993-03-24,974.0,Cesión de alma secundaria,N,176
5454,1129,2022-03-05,304.0,Cláusula 66A,S,293
5455,6069,1959-04-16,807.0,Anexo 13,S,478
5456,749,2004-04-28,174.0,Anexo 13,S,427
5457,651,1955-05-20,342.0,Cesión de alma secundaria,N,90
5458,3534,1966-08-20,475.0,Contrato eterno,S,157
5459,883,2023-04-30,988.0,Contrato eterno,N,231
5460,8195,1926-08-15,161.0,Cesión de alma secundaria,N,119
5461,9114,1959-12-18,784.0,Anexo 13,S,251
5462,6751,1972-08-25,587.0,Anexo 13,S,95
5463,7877,1930-07-16,912.0,Contrato eterno,S,92
5464,6766,1996-01-31,395.0,Renovación automática,S,347
5465,5996,1971-12-31,454.0,Renovación automática,N,46
5466,7185,1932-06-08,632.0,Cesión de alma secundaria,N,448
5467,5038,2012-05-24,953.0,Renovación automática,S,285
5468,2784,1960-06-21,218.0,Anexo 13,S,312
5469,4602,2006-11-02,325.0,Cesión de alma secundaria,N,290
5470,2130,1994-10-18,286.0,Anexo 13,S,175
5471,4477,2023-12-14,675.0,Contrato eterno,S,463
5472,8594,1953-01-26,142.0,Anexo 13,S,354
5473,2296,2006-10-21,518.0,Cláusula 66A,N,322
5474,431,3000-13-40,375.0,Contrato eterno,S,390
5475,7979,1974-04-19,384.0,Contrato eterno,N,276
5476,2983,1955-07-25,46.0,Contrato eterno,S,112
5477,5145,1983-09-07,905.0,Cláusula 66A,S,13
5478,256,1959-09-10,472.0,Contrato eterno,S,112
5479,9422,1962-10-12,53.0,Cláusula 66A,S,82
5480,7282,3000-13-40,659.0,Anexo 13,N,347
5481,2284,1944-02-03,639.0,Cesión de alma secundaria,N,94
5482,3200,1954-12-22,518.0,Cláusula 66A,S,393
5483,6964,1976-11-05,126.0,Renovación automática,N,333
5484,2801,2024-11-16,180.0,Renovación automática,S,30
5485,7484,1980-09-03,429.0,Renovación automática,S,93
5486,8704,1979-04-27,656.0,Renovación automática,S,182
5487,1478,1949-03-16,683.0,Cesión de alma secundaria,N,9999
5488,4829,1966-10-22,690.0,Cesión de alma secundaria,N,400
5489,3957,1956-03-15,532.0,Cesión de alma secundaria,N,250
5490,122,1985-09-15,10.0,Renovación automática,S,62
5491,7261,1983-03-09,621.0,Cláusula 66A,N,126
5492,4812,1977-11-25,363.0,Contrato eterno,N,382
5493,2482,1970-01-15,327.0,Contrato eterno,S,37
5494,9619,1942-05-21,845.0,Renovación automática,S,235
5495,1864,1941-03-17,136.0,Renovación automática,N,245
5496,7834,1977-10-06,799.0,Cláusula 66A,S,168
5497,2602,2024-07-01,57.0,Cesión de alma secundaria,N,125
5498,8615,1935-07-03,145.0,Cesión de alma secundaria,N,219
5499,7535,1990-05-18,761.0,Cláusula 66A,N,86
5500,6322,2023-11-01,227.0,Contrato eterno,S,32
5501,6144,2000-11-17,94.0,Cesión de alma secundaria,S,243
5502,9146,1993-07-15,272.0,Cláusula 66A,S,411
5503,7064,1965-11-29,966.0,Renovación automática,S,229
5504,8623,2005-08-30,830.0,Contrato eterno,N,432
5505,44,1957-03-09,716.0,Cláusula 66A,S,195
5506,2336,1986-07-04,507.0,Renovación automática,S,302
5507,8763,1971-03-02,106.0,Anexo 13,S,141
5508,382,1998-03-20,385.0,Cláusula 66A,S,271
5509,7798,1942-01-16,425.0,Anexo 13,S,485
5510,2910,1934-09-29,781.0,Contrato eterno,S,191
5511,6273,1947-01-16,966.0,Renovación automática,S,78
5512,2323,1953-05-19,979.0,Renovación automática,N,315
5513,808,2012-01-21,533.0,Anexo 13,N,281
5514,1230,1988-08-21,510.0,Cláusula 66A,S,98
5515,2490,1941-07-13,328.0,Renovación automática,S,37
5516,9846,1956-04-16,624.0,Renovación automática,N,425
5517,871,2021-08-25,696.0,Cláusula 66A,S,379
5518,7503,1948-05-23,,Contrato eterno,N,159
5519,3858,1977-05-31,312.0,Renovación automática,S,261
5520,6078,1989-06-29,76.0,Anexo 13,S,477
5521,4378,1987-02-27,180.0,Renovación automática,N,285
5522,5309,1957-08-02,601.0,Renovación automática,S,14
5523,2073,2017-02-27,908.0,Cláusula 66A,S,454
5524,480,1959-03-01,648.0,Cesión de alma secundaria,N,389
5525,4312,2023-09-20,271.0,Contrato eterno,N,255
5526,5502,1950-05-18,27.0,Contrato eterno,N,269
5527,2414,1959-06-24,353.0,Contrato eterno,N,65
5528,4468,1975-10-04,577.0,Cesión de alma secundaria,S,68
5529,1596,3000-13-40,534.0,Renovación automática,N,154
5530,9591,1980-12-19,506.0,Renovación automática,S,1
5531,4340,1982-03-30,877.0,Contrato eterno,S,217
5532,1416,1958-12-03,359.0,Cesión de alma secundaria,N,233
5533,9452,1956-11-17,456.0,Contrato eterno,N,232
5534,3958,1997-02-25,614.0,Cesión de alma secundaria,N,245
5535,6695,1935-09-21,265.0,Renovación automática,N,293
5536,7722,1982-08-14,259.0,Contrato eterno,N,451
5537,5421,1927-09-05,383.0,Cláusula 66A,N,138
5538,8748,2016-12-27,662.0,Cláusula 66A,N,479
5539,1605,1973-05-16,148.0,Contrato eterno,N,334
5540,940,2008-12-13,373.0,Contrato eterno,S,223
5541,8978,1998-01-16,691.0,Anexo 13,S,133
5542,4734,1946-07-16,339.0,Renovación automática,N,479
5543,3549,1931-12-11,715.0,Cláusula 66A,N,380
5544,2273,1998-06-30,724.0,Cesión de alma secundaria,S,96
5545,172,2009-01-17,567.0,Cesión de alma secundaria,N,387
5546,2125,1966-12-10,238.0,Renovación automática,N,474
5547,6410,1999-08-06,746.0,Anexo 13,N,274
5548,6917,1988-09-15,81.0,Renovación automática,S,281
5549,9530,2023-03-15,291.0,Renovación automática,N,208
5550,9597,2001-12-26,511.0,Renovación automática,S,472
5551,9836,1970-04-15,945.0,Cesión de alma secundaria,S,461
5552,4166,2009-11-09,938.0,Anexo 13,S,134
5553,3564,1935-09-08,585.0,Anexo 13,S,202
5554,5904,1986-12-04,573.0,Renovación automática,N,452
5555,114,2025-09-02,,Renovación automática,S,220
5556,2565,1932-10-27,242.0,Renovación automática,S,342
5557,280,2024-05-26,468.0,Anexo 13,N,435
5558,351,1992-09-22,431.0,Cesión de alma secundaria,N,155
5559,5704,1963-05-27,453.0,Contrato eterno,N,324
5560,2641,1931-10-31,95.0,Cesión de alma secundaria,N,295
5561,681,2009-07-07,783.0,Anexo 13,S,191
5562,4038,1978-07-26,248.0,Renovación automática,S,388
5563,932,1964-08-13,814.0,Renovación automática,N,245
5564,2275,1945-04-06,302.0,Renovación automática,N,143
5565,9359,1976-04-25,753.0,Anexo 13,N,8
5566,6706,1976-08-23,363.0,Renovación automática,N,365
5567,1620,1944-11-16,365.0,Cesión de alma secundaria,N,261
5568,9155,2019-10-15,575.0,Cesión de alma secundaria,N,142
5569,1930,1978-05-19,626.0,Anexo 13,N,247
5570,2041,1928-05-01,179.0,Anexo 13,S,276
5571,4710,1987-09-02,912.0,Renovación automática,N,185
5572,6805,2021-11-05,476.0,Cesión de alma secundaria,S,451
5573,3755,2024-05-18,276.0,Renovación automática,S,403
5574,9786,1952-04-05,842.0,Cesión de alma secundaria,S,298
5575,3453,1946-01-28,482.0,Cláusula 66A,N,310
5576,9115,1983-11-14,226.0,Contrato eterno,N,361
5577,2492,1951-11-28,175.0,Cesión de alma secundaria,S,408
5578,4456,1949-12-30,676.0,Cláusula 66A,N,141
5579,552,2014-11-27,996.0,Anexo 13,S,441
5580,6303,1997-08-02,264.0,Renovación automática,S,265
5581,5412,1951-06-11,422.0,Cláusula 66A,S,326
5582,7259,1988-04-07,386.0,Renovación automática,N,311
5583,8406,1958-10-10,443.0,Cláusula 66A,N,220
5584,817,1939-05-23,800.0,Cesión de alma secundaria,N,318
5585,5554,1995-12-22,290.0,Cláusula 66A,N,7
5586,8262,2017-05-07,647.0,Anexo 13,S,31
5587,3213,2012-06-07,842.0,Cláusula 66A,N,10
5588,4815,1967-11-05,711.0,Anexo 13,N,233
5589,6516,1991-02-13,119.0,Contrato eterno,S,207
5590,5755,2012-09-25,175.0,Anexo 13,S,384
5591,7438,1985-05-18,73.0,Anexo 13,S,152
5592,1938,1982-04-16,304.0,Cláusula 66A,S,103
5593,705,1929-02-26,594.0,Cláusula 66A,S,492
5594,1812,1952-05-16,859.0,Cláusula 66A,S,207
5595,9067,1961-02-07,845.0,Cláusula 66A,S,175
5596,8438,1941-07-31,196.0,Contrato eterno,N,345
5597,8172,1995-09-14,130.0,Cesión de alma secundaria,S,420
5598,8115,3000-13-40,734.0,Anexo 13,S,462
5599,4914,2002-06-27,743.0,Cláusula 66A,N,419
5600,5638,1953-02-14,538.0,Contrato eterno,S,18
5601,4172,1959-07-11,528.0,Anexo 13,N,305
5602,5836,1995-10-16,445.0,Anexo 13,N,112
5603,2200,1982-01-26,393.0,Renovación automática,N,110
5604,2815,1981-08-22,238.0,Renovación automática,N,155
5605,6270,2003-03-27,856.0,Cláusula 66A,S,167
5606,6253,1960-01-25,857.0,Cláusula 66A,N,381
5607,9036,2002-05-18,311.0,Cesión de alma secundaria,S,255
5608,7306,2024-12-03,554.0,Cláusula 66A,S,171
5609,2555,1938-07-08,658.0,Renovación automática,S,104
5610,3668,1963-10-15,730.0,Anexo 13,N,457
5611,7665,2002-04-10,248.0,Anexo 13,S,231
5612,4052,1933-07-22,,Cláusula 66A,N,472
5613,6793,1942-10-03,259.0,Anexo 13,S,387
5614,6838,1980-05-21,695.0,Contrato eterno,S,7
5615,737,1929-04-04,556.0,Cesión de alma secundaria,N,497
5616,8881,1932-08-23,965.0,Cesión de alma secundaria,N,237
5617,1188,1969-05-01,761.0,Cláusula 66A,N,230
5618,4524,1927-07-06,639.0,Renovación automática,N,23
5619,2341,1931-04-10,389.0,Contrato eterno,S,485
5620,6328,2013-01-25,475.0,Anexo 13,S,10
5621,6988,1954-01-09,191.0,Cesión de alma secundaria,S,99
5622,7518,1950-04-07,257.0,Cláusula 66A,N,478
5623,7861,1984-04-18,663.0,Renovación automática,N,443
5624,402,1999-12-10,275.0,Cláusula 66A,S,100
5625,4058,1993-08-29,433.0,Renovación automática,N,264
5626,9216,1949-02-15,105.0,Contrato eterno,S,373
5627,2039,1968-07-02,420.0,Cláusula 66A,S,485
5628,5238,1970-05-16,,Anexo 13,S,7
5629,7040,1954-06-22,520.0,Anexo 13,N,279
5630,5363,1970-01-03,225.0,Contrato eterno,S,384
5631,2613,1997-10-05,415.0,Renovación automática,N,39
5632,4878,2010-05-13,338.0,Contrato eterno,N,314
5633,8481,1926-02-06,187.0,Cláusula 66A,S,463
5634,8463,2019-03-29,571.0,Contrato eterno,S,413
5635,76,1947-07-10,186.0,Renovación automática,N,274
5636,6943,1936-03-05,53.0,Contrato eterno,S,411
5637,4331,1979-10-12,498.0,Cláusula 66A,S,184
5638,6338,1984-04-25,247.0,Renovación automática,N,263
5639,3434,1974-11-13,941.0,Cesión de alma secundaria,N,294
5640,6490,1966-05-06,695.0,Cláusula 66A,S,200
5641,1618,2009-03-13,549.0,Anexo 13,S,464
5642,6984,1969-06-11,,Renovación automática,N,310
5643,46,1962-05-20,713.0,Cláusula 66A,S,35
5644,6545,2016-11-29,148.0,Renovación automática,S,484
5645,4457,1970-10-04,703.0,Cesión de alma secundaria,S,273
5646,939,1996-04-09,782.0,Contrato eterno,S,268
5647,2633,1949-06-14,559.0,Anexo 13,N,366
5648,6499,1937-04-26,898.0,Contrato eterno,S,379
5649,5426,1926-06-20,500.0,Contrato eterno,N,379
5650,7890,1996-02-14,308.0,Cláusula 66A,S,44
5651,4820,2000-05-26,815.0,Contrato eterno,S,245
5652,2911,1964-09-27,300.0,Cesión de alma secundaria,S,168
5653,7136,1935-09-08,90.0,Anexo 13,S,127
5654,5959,1926-06-14,339.0,Anexo 13,N,46
5655,979,1998-08-04,101.0,Anexo 13,N,386
5656,9427,1949-05-03,54.0,Cesión de alma secundaria,S,145
5657,4228,1979-03-22,302.0,Cesión de alma secundaria,N,263
5658,1566,2021-02-04,331.0,Contrato eterno,N,71
5659,7303,1968-02-02,56.0,Renovación automática,S,272
5660,6260,1983-06-30,298.0,Renovación automática,S,177
5661,1631,1931-07-21,284.0,Cesión de alma secundaria,N,231
5662,7723,1972-09-01,779.0,Cesión de alma secundaria,S,450
5663,7970,1926-04-14,146.0,Anexo 13,N,281
5664,8124,1961-10-17,300.0,Cláusula 66A,N,438
5665,6807,1974-07-24,211.0,Anexo 13,S,290
5666,3684,1990-09-18,926.0,Anexo 13,S,345
5667,428,1934-11-28,187.0,Renovación automática,N,115
5668,4254,1937-03-09,839.0,Contrato eterno,N,226
5669,6458,1978-06-20,71.0,Cláusula 66A,N,50
5670,4988,1995-08-25,62.0,Renovación automática,N,152
5671,7168,1957-05-04,704.0,Cláusula 66A,N,309
5672,570,1986-05-10,54.0,Anexo 13,S,248
5673,8907,1989-12-30,724.0,Cesión de alma secundaria,S,213
5674,7228,2022-02-27,342.0,Cesión de alma secundaria,S,155
5675,488,1954-05-06,518.0,Cesión de alma secundaria,N,9999
5676,6439,2003-09-23,952.0,Contrato eterno,S,439
5677,2706,3000-13-40,30.0,Cesión de alma secundaria,S,86
5678,6112,1982-03-04,925.0,Anexo 13,S,67
5679,4818,1979-09-25,565.0,Renovación automática,S,40
5680,4260,1978-11-05,938.0,Anexo 13,S,113
5681,1927,2016-12-15,755.0,Contrato eterno,S,334
5682,8788,1942-05-31,185.0,Cesión de alma secundaria,S,188
5683,6211,1938-04-29,140.0,Cesión de alma secundaria,S,497
5684,1560,1939-04-05,357.0,Contrato eterno,S,49
5685,9597,3000-13-40,,Anexo 13,S,409
5686,630,1946-04-18,956.0,Cesión de alma secundaria,N,458
5687,7446,1928-09-04,345.0,Cláusula 66A,N,192
5688,3318,1983-11-01,450.0,Renovación automática,S,425
5689,5319,2008-03-10,,Cláusula 66A,S,110
5690,9247,1989-10-24,995.0,Cesión de alma secundaria,N,482
5691,869,1974-04-22,801.0,Cesión de alma secundaria,S,349
5692,3378,1926-03-15,476.0,Renovación automática,S,52
5693,2037,1935-01-13,330.0,Anexo 13,N,204
5694,6933,2019-05-06,460.0,Cláusula 66A,S,405
5695,6115,2010-12-16,604.0,Renovación automática,S,203
5696,2107,1942-01-12,971.0,Renovación automática,N,470
5697,1424,1999-02-20,413.0,Renovación automática,N,86
5698,5701,1950-04-16,66.0,Anexo 13,N,48
5699,861,1980-03-08,411.0,Renovación automática,S,36
5700,1486,1944-04-14,336.0,Cláusula 66A,S,82
5701,4073,1981-05-23,406.0,Anexo 13,S,3
5702,3211,2016-01-23,805.0,Contrato eterno,S,196
5703,7209,1927-07-03,144.0,Renovación automática,S,224
5704,6187,2021-10-24,548.0,Renovación automática,S,287
5705,5921,1962-11-05,924.0,Renovación automática,N,15
5706,9239,1998-02-21,403.0,Renovación automática,S,406
5707,7033,2017-12-18,576.0,Cláusula 66A,S,419
5708,529,2001-05-30,367.0,Contrato eterno,S,449
5709,3491,2012-10-09,908.0,Contrato eterno,N,375
5710,365,2006-01-12,669.0,Cesión de alma secundaria,S,384
5711,7170,1930-10-09,311.0,Contrato eterno,N,401
5712,4546,1933-08-15,724.0,Anexo 13,S,341
5713,3079,1996-10-29,789.0,Anexo 13,N,472
5714,7658,1962-08-08,136.0,Cesión de alma secundaria,N,201
5715,5664,1952-10-18,180.0,Cesión de alma secundaria,S,275
5716,3167,1947-09-10,877.0,Contrato eterno,S,295
5717,1572,2023-01-22,282.0,Contrato eterno,S,300
5718,831,1998-11-06,853.0,Cláusula 66A,S,227
5719,5057,1954-10-22,861.0,Anexo 13,S,134
5720,2301,1977-02-10,652.0,Contrato eterno,N,12
5721,9925,1979-10-20,65.0,Contrato eterno,N,358
5722,7088,1968-01-24,214.0,Renovación automática,N,295
5723,886,2021-06-05,941.0,Cesión de alma secundaria,S,436
5724,5021,3000-13-40,339.0,Cesión de alma secundaria,S,332
5725,2302,2006-07-18,748.0,Renovación automática,N,494
5726,4892,1957-07-20,786.0,Renovación automática,N,322
5727,3679,1970-11-23,577.0,Anexo 13,N,66
5728,5414,1991-01-06,692.0,Anexo 13,N,167
5729,9965,1975-01-31,910.0,Contrato eterno,S,250
5730,7411,1981-11-12,580.0,Contrato eterno,N,262
5731,3562,1991-05-13,543.0,Contrato eterno,N,120
5732,4209,1937-04-10,291.0,Contrato eterno,N,261
5733,7322,1965-07-18,983.0,Cláusula 66A,N,9999
5734,3070,1936-03-19,432.0,Cláusula 66A,S,247
5735,2949,1928-05-05,473.0,Renovación automática,S,172
5736,3340,1965-11-10,236.0,Renovación automática,S,258
5737,7015,1990-10-15,308.0,Cláusula 66A,S,66
5738,340,1962-02-03,972.0,Renovación automática,S,128
5739,881,1999-12-11,842.0,Anexo 13,S,429
5740,6556,1952-09-17,478.0,Anexo 13,S,366
5741,9347,1949-12-31,649.0,Renovación automática,S,336
5742,8531,1970-06-05,96.0,Anexo 13,S,185
5743,5369,1964-05-22,24.0,Renovación automática,S,334
5744,7650,2008-11-02,333.0,Cláusula 66A,N,158
5745,3075,1955-11-03,206.0,Anexo 13,S,428
5746,8025,1985-02-03,667.0,Cesión de alma secundaria,N,97
5747,8321,1959-05-19,259.0,Cláusula 66A,N,135
5748,9128,1936-07-11,644.0,Contrato eterno,N,201
5749,1129,1947-11-01,259.0,Cesión de alma secundaria,S,128
5750,3919,1950-03-03,947.0,Anexo 13,S,217
5751,9573,1975-04-27,684.0,Cesión de alma secundaria,S,497
5752,9145,1937-11-19,437.0,Anexo 13,S,434
5753,5711,1969-08-05,711.0,Contrato eterno,N,314
5754,3255,1956-09-04,719.0,Anexo 13,N,79
5755,5795,1984-06-11,294.0,Renovación automática,N,284
5756,2257,1933-12-13,,Anexo 13,N,268
5757,5891,1938-01-06,515.0,Contrato eterno,N,283
5758,938,1944-10-27,252.0,Cesión de alma secundaria,N,141
5759,9979,2007-10-21,632.0,Anexo 13,N,132
5760,5951,1997-10-28,229.0,Renovación automática,S,389
5761,5776,1985-08-15,,Contrato eterno,S,98
5762,740,3000-13-40,633.0,Contrato eterno,N,373
5763,8056,1964-05-13,566.0,Renovación automática,N,457
5764,1335,1931-10-03,867.0,Cesión de alma secundaria,N,135
5765,5463,2006-03-28,356.0,Cláusula 66A,S,175
5766,5144,1935-06-01,472.0,Cláusula 66A,S,459
5767,7533,1960-12-08,777.0,Contrato eterno,N,5
5768,9346,1995-07-29,831.0,Renovación automática,N,449
5769,1560,1964-09-24,199.0,Cesión de alma secundaria,N,316
5770,5589,1997-07-20,60.0,Cesión de alma secundaria,N,13
5771,279,1997-09-17,20.0,Cláusula 66A,S,493
5772,9458,1968-03-17,689.0,Cláusula 66A,N,307
5773,3900,1938-10-31,454.0,Anexo 13,N,483
5774,8576,1944-07-17,807.0,Cláusula 66A,S,180
5775,8493,1968-07-28,261.0,Renovación automática,S,282
5776,8608,1968-09-05,606.0,Cesión de alma secundaria,S,135
5777,6526,1999-01-05,763.0,Renovación automática,N,100
5778,7497,1960-09-11,256.0,Anexo 13,N,81
5779,8247,1986-06-25,1000.0,Contrato eterno,S,159
5780,2414,1997-11-19,796.0,Cesión de alma secundaria,S,479
5781,8090,1932-01-25,922.0,Renovación automática,S,370
5782,5499,1991-10-08,839.0,Renovación automática,S,111
5783,6464,1931-02-15,989.0,Anexo 13,S,96
5784,7026,1977-10-27,895.0,Cláusula 66A,N,322
5785,896,1972-10-23,59.0,Renovación automática,S,444
5786,7419,1964-03-10,291.0,Anexo 13,N,431
5787,6143,1980-07-15,,Anexo 13,S,24
5788,4271,1946-08-30,649.0,Cláusula 66A,S,177
5789,1774,1939-05-13,555.0,Cesión de alma secundaria,N,268
5790,199,1987-01-10,218.0,Contrato eterno,S,359
5791,309,3000-13-40,199.0,Cláusula 66A,N,9999
5792,5885,2006-02-28,707.0,Renovación automática,N,364
5793,9216,1986-05-20,62.0,Renovación automática,N,333
5794,2771,2015-08-05,534.0,Renovación automática,S,104
5795,1666,1989-12-20,446.0,Renovación automática,N,401
5796,8618,2006-01-11,408.0,Cláusula 66A,S,363
5797,515,1944-01-19,631.0,Cesión de alma secundaria,S,59
5798,4204,1992-01-10,306.0,Cesión de alma secundaria,S,44
5799,9799,2000-04-16,316.0,Cesión de alma secundaria,N,89
5800,4453,1943-12-28,,Cláusula 66A,S,457
5801,1811,1947-05-23,735.0,Cláusula 66A,N,424
5802,6580,1988-08-30,661.0,Anexo 13,S,30
5803,5151,2018-04-20,321.0,Cláusula 66A,N,35
5804,4679,1993-04-21,481.0,Anexo 13,N,482
5805,7956,1964-06-03,278.0,Contrato eterno,S,74
5806,3916,1940-09-17,811.0,Contrato eterno,N,54
5807,8762,1961-08-25,742.0,Cláusula 66A,S,432
5808,4137,2019-01-26,967.0,Contrato eterno,N,45
5809,3323,1982-05-13,415.0,Cláusula 66A,S,363
5810,3634,3000-13-40,273.0,Renovación automática,S,386
5811,2353,1952-08-07,332.0,Contrato eterno,S,106
5812,4567,1946-05-21,285.0,Cláusula 66A,S,65
5813,7285,1942-01-22,126.0,Renovación automática,N,63
5814,264,1956-06-01,546.0,Renovación automática,S,157
5815,9496,2017-06-13,521.0,Renovación automática,N,125
5816,5004,1954-12-02,536.0,Cesión de alma secundaria,N,9999
5817,5827,1939-08-24,671.0,Contrato eterno,S,111
5818,4175,2012-02-08,95.0,Anexo 13,N,300
5819,3929,1929-05-15,303.0,Cesión de alma secundaria,S,444
5820,4081,1956-03-21,778.0,Cláusula 66A,N,288
5821,6885,1949-06-03,745.0,Anexo 13,N,85
5822,6246,1984-05-01,358.0,Renovación automática,N,172
5823,6239,2002-04-13,547.0,Cesión de alma secundaria,S,63
5824,4494,2018-11-14,191.0,Renovación automática,N,197
5825,9826,2011-03-07,277.0,Contrato eterno,N,415
5826,5955,1991-12-18,933.0,Cláusula 66A,N,303
5827,5151,1961-02-27,536.0,Anexo 13,N,305
5828,2512,1985-09-20,290.0,Cláusula 66A,S,187
5829,1480,1970-01-01,,Renovación automática,S,213
5830,617,1992-06-24,999.0,Contrato eterno,N,188
5831,4776,1979-06-20,86.0,Anexo 13,S,84
5832,4570,1939-01-05,911.0,Cesión de alma secundaria,S,108
5833,3692,1933-12-16,968.0,Anexo 13,S,155
5834,2967,1928-09-26,382.0,Contrato eterno,N,451
5835,4866,1985-05-11,566.0,Cesión de alma secundaria,S,383
5836,612,1967-04-04,,Contrato eterno,S,47
5837,1149,1966-01-18,71.0,Renovación automática,N,356
5838,9840,1932-10-29,872.0,Anexo 13,N,9999
5839,1634,1981-01-26,584.0,Contrato eterno,N,255
5840,1792,1984-03-14,161.0,Contrato eterno,S,396
5841,6532,2022-04-03,377.0,Anexo 13,S,463
5842,5448,1985-05-12,709.0,Renovación automática,N,188
5843,7265,2007-11-07,148.0,Renovación automática,S,200
5844,8501,2018-03-07,786.0,Anexo 13,N,233
5845,9036,1938-11-20,776.0,Anexo 13,N,263
5846,8277,2016-10-14,494.0,Cláusula 66A,S,456
5847,9303,1994-05-11,483.0,Anexo 13,S,234
5848,4674,1973-09-26,340.0,Contrato eterno,N,150
5849,6836,1930-07-22,228.0,Anexo 13,S,304
5850,155,1991-08-21,205.0,Cesión de alma secundaria,N,43
5851,7722,1931-09-03,828.0,Anexo 13,N,120
5852,5882,2012-02-02,871.0,Cláusula 66A,S,119
5853,2911,1944-02-17,155.0,Cesión de alma secundaria,S,33
5854,4628,1951-06-17,124.0,Contrato eterno,N,30
5855,8427,2019-10-05,319.0,Anexo 13,S,414
5856,7038,1999-10-23,259.0,Anexo 13,S,247
5857,421,1982-06-07,629.0,Anexo 13,N,188
5858,811,2020-11-03,481.0,Cláusula 66A,N,395
5859,6059,1997-10-14,946.0,Cesión de alma secundaria,N,359
5860,3339,1931-01-12,300.0,Renovación automática,S,86
5861,5017,1985-11-12,199.0,Anexo 13,N,231
5862,5443,1966-11-11,89.0,Cláusula 66A,S,233
5863,5373,1970-01-28,10.0,Contrato eterno,N,468
5864,5869,2008-12-02,284.0,Contrato eterno,N,465
5865,6282,1948-11-16,451.0,Cláusula 66A,N,48
5866,2886,1929-11-15,741.0,Renovación automática,N,171
5867,2022,1943-02-14,901.0,Cesión de alma secundaria,S,449
5868,1024,1993-05-14,791.0,Anexo 13,S,302
5869,7499,1998-04-24,372.0,Cláusula 66A,N,189
5870,9652,1961-05-06,889.0,Anexo 13,N,132
5871,9593,1979-04-23,580.0,Anexo 13,N,270
5872,2145,1968-07-28,20.0,Cesión de alma secundaria,S,68
5873,4777,1950-10-24,265.0,Cesión de alma secundaria,N,237
5874,4711,2019-11-29,362.0,Anexo 13,S,45
5875,1225,1948-04-18,225.0,Cláusula 66A,S,421
5876,1359,1948-07-23,393.0,Renovación automática,S,377
5877,5212,1928-07-06,854.0,Cesión de alma secundaria,N,254
5878,3912,1995-08-26,661.0,Contrato eterno,S,359
5879,6848,2008-11-16,74.0,Anexo 13,S,122
5880,2574,1926-02-13,825.0,Cláusula 66A,N,242
5881,4035,2019-04-08,165.0,Contrato eterno,N,135
5882,7206,1976-08-02,725.0,Cesión de alma secundaria,S,421
5883,280,1943-06-01,231.0,Cláusula 66A,S,312
5884,1933,1953-06-12,962.0,Cláusula 66A,S,437
5885,4800,2002-07-31,647.0,Contrato eterno,S,216
5886,5683,1948-08-04,33.0,Renovación automática,S,111
5887,2202,1965-11-02,751.0,Contrato eterno,N,67
5888,1649,1936-03-13,76.0,Cesión de alma secundaria,S,201
5889,4840,1999-08-28,236.0,Renovación automática,S,180
5890,9047,1981-06-21,299.0,Cláusula 66A,S,128
5891,7482,2012-07-16,904.0,Anexo 13,S,52
5892,5353,2023-10-04,657.0,Renovación automática,N,242
5893,2083,1948-06-10,226.0,Renovación automática,N,89
5894,8543,2022-03-04,142.0,Contrato eterno,N,490
5895,9187,1961-03-16,802.0,Renovación automática,N,338
5896,205,3000-13-40,743.0,Cesión de alma secundaria,N,235
5897,7649,1952-03-06,681.0,Cláusula 66A,S,68
5898,4831,2020-05-23,828.0,Contrato eterno,S,469
5899,4601,1946-07-07,756.0,Renovación automática,S,306
5900,9799,1941-10-30,38.0,Anexo 13,N,297
5901,7615,2014-07-04,373.0,Cesión de alma secundaria,N,399
5902,4430,2024-12-16,683.0,Cláusula 66A,S,274
5903,1444,1974-11-06,527.0,Cesión de alma secundaria,S,490
5904,4860,1944-01-13,800.0,Cesión de alma secundaria,S,411
5905,7683,1998-10-26,959.0,Cláusula 66A,N,299
5906,4801,1975-08-22,228.0,Cesión de alma secundaria,N,424
5907,9113,1949-03-13,295.0,Cesión de alma secundaria,N,125
5908,9922,2006-12-28,906.0,Anexo 13,S,470
5909,6830,1999-03-25,353.0,Contrato eterno,S,274
5910,7576,1939-11-28,880.0,Renovación automática,S,331
5911,956,1977-05-29,683.0,Anexo 13,N,228
5912,204,1943-03-09,129.0,Contrato eterno,S,171
5913,2587,2010-10-30,813.0,Cláusula 66A,N,265
5914,9180,1944-08-22,489.0,Anexo 13,N,100
5915,895,1938-10-11,508.0,Cláusula 66A,S,61
5916,1845,1938-09-08,247.0,Cesión de alma secundaria,S,330
5917,3068,1971-12-24,,Cláusula 66A,N,453
5918,8292,1971-05-19,657.0,Anexo 13,S,471
5919,9731,2021-09-02,220.0,Renovación automática,N,61
5920,6288,2019-04-13,660.0,Contrato eterno,N,69
5921,2749,1928-05-17,628.0,Renovación automática,S,81
5922,8990,2012-07-06,122.0,Cláusula 66A,S,273
5923,278,2005-07-18,776.0,Anexo 13,S,197
5924,6133,1946-02-07,473.0,Anexo 13,S,493
5925,9234,1936-10-22,421.0,Contrato eterno,N,318
5926,1126,1931-01-21,371.0,Cesión de alma secundaria,N,334
5927,177,2008-02-09,571.0,Cesión de alma secundaria,S,327
5928,2604,1992-09-24,954.0,Contrato eterno,N,334
5929,56,1987-09-02,322.0,Anexo 13,S,214
5930,2293,1976-09-23,230.0,Contrato eterno,S,52
5931,8961,1970-06-17,562.0,Cláusula 66A,S,479
5932,9349,1925-11-18,566.0,Contrato eterno,S,18
5933,3034,1985-03-22,735.0,Contrato eterno,N,123
5934,657,1953-05-19,500.0,Anexo 13,N,257
5935,4429,1984-04-27,905.0,Renovación automática,N,153
5936,572,1984-02-19,662.0,Contrato eterno,N,280
5937,5987,1927-08-27,12.0,Contrato eterno,S,186
5938,7374,1970-01-02,973.0,Anexo 13,N,15
5939,2968,1954-11-10,721.0,Contrato eterno,N,273
5940,9314,1938-02-20,215.0,Anexo 13,S,315
5941,2103,2019-01-10,159.0,Anexo 13,S,82
5942,2490,1953-01-21,756.0,Renovación automática,S,341
5943,6486,2002-08-18,27.0,Cesión de alma secundaria,N,312
5944,5217,1998-04-25,797.0,Cesión de alma secundaria,N,116
5945,5282,1972-03-21,966.0,Cláusula 66A,S,344
5946,6011,1933-01-14,830.0,Contrato eterno,S,351
5947,1039,2018-07-18,254.0,Cesión de alma secundaria,S,330
5948,5363,2007-12-20,106.0,Anexo 13,N,464
5949,8180,1935-02-27,910.0,Anexo 13,S,168
5950,8906,1953-11-17,690.0,Anexo 13,N,449
5951,7103,1939-07-06,732.0,Cláusula 66A,S,100
5952,8969,1987-10-13,191.0,Renovación automática,N,9999
5953,3583,1992-04-27,897.0,Cláusula 66A,N,390
5954,5361,1927-12-03,879.0,Cláusula 66A,N,325
5955,7719,1942-09-28,133.0,Cláusula 66A,S,483
5956,450,1980-01-17,586.0,Anexo 13,N,128
5957,9319,1968-05-18,359.0,Cláusula 66A,S,66
5958,1365,1953-03-17,880.0,Renovación automática,N,65
5959,8629,2011-02-12,562.0,Cláusula 66A,S,160
5960,6928,1974-08-07,575.0,Cesión de alma secundaria,S,125
5961,2191,1983-05-31,290.0,Cesión de alma secundaria,S,192
5962,7608,1985-09-04,982.0,Cláusula 66A,N,51
5963,5951,1938-09-21,233.0,Cesión de alma secundaria,S,357
5964,4530,1926-08-27,113.0,Cláusula 66A,S,179
5965,4032,1976-08-12,223.0,Cláusula 66A,N,92
5966,1368,1979-07-20,164.0,Contrato eterno,N,86
5967,3799,2004-10-24,128.0,Renovación automática,N,20
5968,5016,2025-01-11,466.0,Renovación automática,S,331
5969,5975,1992-05-09,453.0,Renovación automática,S,31
5970,6387,2016-04-20,50.0,Renovación automática,S,388
5971,5184,2014-08-03,838.0,Cláusula 66A,S,453
5972,4652,2010-04-10,578.0,Anexo 13,N,455
5973,2014,1932-10-25,800.0,Renovación automática,S,42
5974,267,1943-04-27,14.0,Cesión de alma secundaria,S,394
5975,3869,1987-03-18,634.0,Renovación automática,N,408
5976,9765,1964-07-24,989.0,Anexo 13,N,267
5977,4446,1937-08-25,423.0,Contrato eterno,N,227
5978,710,1948-06-19,658.0,Cesión de alma secundaria,S,332
5979,9428,1979-05-30,266.0,Cesión de alma secundaria,S,51
5980,8732,1986-09-19,232.0,Renovación automática,S,239
5981,126,1970-12-03,799.0,Cesión de alma secundaria,N,130
5982,5573,2019-01-01,57.0,Cláusula 66A,S,275
5983,9896,1973-03-07,381.0,Renovación automática,N,294
5984,4467,1938-06-12,505.0,Contrato eterno,S,420
5985,5006,1933-04-13,152.0,Anexo 13,N,60
5986,9708,1955-10-22,845.0,Contrato eterno,S,26
5987,4571,2009-01-04,426.0,Anexo 13,N,90
5988,8317,1964-07-24,128.0,Renovación automática,N,281
5989,6297,1932-12-21,85.0,Anexo 13,N,64
5990,4911,1935-03-08,885.0,Renovación automática,S,352
5991,6224,1979-03-16,408.0,Contrato eterno,N,163
5992,5602,1979-05-17,827.0,Contrato eterno,S,447
5993,8414,1931-05-27,265.0,Cesión de alma secundaria,S,207
5994,349,3000-13-40,86.0,Contrato eterno,S,347
5995,7548,2016-03-01,372.0,Anexo 13,N,165
5996,3062,1938-03-01,80.0,Cesión de alma secundaria,N,338
5997,6454,1947-07-16,791.0,Contrato eterno,N,268
5998,9176,1969-03-31,218.0,Contrato eterno,S,346
5999,3672,1930-08-28,965.0,Contrato eterno,N,10
6000,3181,1928-01-12,815.0,Renovación automática,N,23
6001,6668,2022-04-14,999.0,Contrato eterno,N,431
6002,1207,1959-08-28,269.0,Cesión de alma secundaria,N,391
6003,2212,1926-05-25,284.0,Cláusula 66A,N,183
6004,5954,1978-07-11,973.0,Contrato eterno,N,336
6005,4865,1947-11-02,161.0,Anexo 13,N,291
6006,843,1935-01-09,568.0,Anexo 13,N,368
6007,5621,1952-06-28,243.0,Cesión de alma secundaria,N,300
6008,5845,1977-10-02,375.0,Contrato eterno,S,17
6009,5453,2013-08-03,,Renovación automática,S,442
6010,4518,2020-12-23,694.0,Anexo 13,N,176
6011,7429,1970-10-24,946.0,Cesión de alma secundaria,N,365
6012,2872,1958-04-05,42.0,Anexo 13,S,388
6013,4929,1985-09-14,839.0,Anexo 13,N,225
6014,4782,1985-04-06,287.0,Renovación automática,N,479
6015,4649,1943-10-01,168.0,Renovación automática,N,472
6016,4910,1981-12-19,102.0,Cesión de alma secundaria,S,218
6017,126,1951-07-29,870.0,Anexo 13,S,207
6018,663,1977-03-20,34.0,Cláusula 66A,S,122
6019,8302,2001-12-07,749.0,Contrato eterno,S,419
6020,7506,1997-05-04,881.0,Renovación automática,N,444
6021,4993,1983-05-11,169.0,Renovación automática,N,177
6022,70,1940-01-09,546.0,Anexo 13,S,106
6023,3796,1975-01-03,536.0,Cláusula 66A,N,465
6024,8484,1929-10-17,372.0,Cláusula 66A,S,163
6025,2132,1978-11-20,404.0,Anexo 13,S,135
6026,8668,1997-12-30,935.0,Contrato eterno,S,133
6027,4299,1987-01-27,648.0,Renovación automática,N,166
6028,3989,2020-06-26,597.0,Renovación automática,N,398
6029,580,2002-07-25,878.0,Contrato eterno,S,385
6030,6267,1978-02-05,294.0,Contrato eterno,N,250
6031,1021,1984-07-31,228.0,Anexo 13,N,190
6032,1622,2012-08-18,332.0,Contrato eterno,S,394
6033,175,1995-08-29,330.0,Cesión de alma secundaria,N,264
6034,7157,1999-03-08,329.0,Cláusula 66A,S,303
6035,7997,1947-12-06,920.0,Cesión de alma secundaria,N,418
6036,9166,1984-03-28,961.0,Cesión de alma secundaria,N,235
6037,6686,2001-02-17,34.0,Cláusula 66A,N,354
6038,824,3000-13-40,457.0,Anexo 13,N,112
6039,2635,1944-06-07,220.0,Anexo 13,N,356
6040,8647,2016-09-13,784.0,Cláusula 66A,N,447
6041,2667,1930-03-20,530.0,Renovación automática,N,272
6042,3580,1973-04-28,380.0,Renovación automática,S,396
6043,9138,1971-12-17,691.0,Anexo 13,S,30
6044,168,1926-10-15,179.0,Renovación automática,S,335
6045,8508,1954-10-26,405.0,Cesión de alma secundaria,S,406
6046,5955,2025-03-29,652.0,Contrato eterno,N,374
6047,9440,1964-04-11,255.0,Cesión de alma secundaria,S,374
6048,4503,1975-07-28,775.0,Contrato eterno,S,136
6049,5071,1928-11-08,291.0,Contrato eterno,S,272
6050,1717,2013-06-16,809.0,Contrato eterno,S,80
6051,2785,1994-11-22,845.0,Renovación automática,S,419
6052,5600,1939-10-14,,Cláusula 66A,N,205
6053,7371,2025-02-23,611.0,Cesión de alma secundaria,N,242
6054,9839,1985-05-18,866.0,Anexo 13,N,228
6055,4671,1965-11-27,617.0,Renovación automática,S,286
6056,7919,1965-10-31,818.0,Cesión de alma secundaria,N,216
6057,7651,1974-03-06,816.0,Contrato eterno,N,149
6058,7577,1963-07-30,692.0,Renovación automática,S,327
6059,8236,2016-05-22,453.0,Anexo 13,S,90
6060,2065,2020-10-21,53.0,Cláusula 66A,N,305
6061,6356,2015-08-17,699.0,Contrato eterno,N,274
6062,7049,2024-02-10,382.0,Cláusula 66A,N,46
6063,449,1956-03-06,714.0,Cláusula 66A,S,308
6064,8693,1938-02-07,549.0,Cesión de alma secundaria,N,350
6065,7563,1951-05-26,871.0,Renovación automática,N,233
6066,8194,1954-08-14,357.0,Cláusula 66A,N,34
6067,9727,3000-13-40,673.0,Anexo 13,S,296
6068,9895,2013-11-16,107.0,Renovación automática,N,180
6069,7442,1989-06-06,165.0,Contrato eterno,S,380
6070,1019,1979-02-25,543.0,Anexo 13,N,443
6071,3161,1942-09-04,338.0,Cesión de alma secundaria,N,101
6072,9860,2010-03-11,95.0,Cesión de alma secundaria,S,168
6073,4923,2008-09-22,259.0,Cláusula 66A,S,133
6074,9978,1975-09-15,23.0,Cláusula 66A,N,248
6075,9282,1972-11-13,748.0,Renovación automática,N,27
6076,9785,1998-09-20,545.0,Renovación automática,S,183
6077,3425,1948-07-19,851.0,Renovación automática,N,4
6078,202,2005-05-05,341.0,Anexo 13,N,465
6079,350,2006-06-07,660.0,Cesión de alma secundaria,N,406
6080,9891,1926-08-26,43.0,Renovación automática,S,370
6081,2898,3000-13-40,129.0,Cesión de alma secundaria,N,285
6082,3621,3000-13-40,277.0,Cesión de alma secundaria,N,69
6083,2568,1973-05-18,436.0,Cesión de alma secundaria,S,166
6084,9175,3000-13-40,772.0,Cláusula 66A,N,455
6085,5794,2015-02-25,585.0,Renovación automática,N,304
6086,1436,1938-11-16,944.0,Cesión de alma secundaria,N,329
6087,4367,2005-05-04,279.0,Cesión de alma secundaria,S,74
6088,4478,3000-13-40,978.0,Contrato eterno,S,36
6089,7827,1968-01-19,682.0,Contrato eterno,N,383
6090,1457,1929-04-14,881.0,Anexo 13,N,177
6091,408,2020-07-16,505.0,Cláusula 66A,N,448
6092,6179,1932-09-20,603.0,Cláusula 66A,N,68
6093,8334,1986-02-20,226.0,Renovación automática,S,436
6094,6177,2014-11-22,748.0,Contrato eterno,N,46
6095,6786,1942-04-18,159.0,Anexo 13,S,461
6096,1632,1953-10-28,752.0,Contrato eterno,N,259
6097,1542,1967-10-30,921.0,Anexo 13,S,260
6098,1106,3000-13-40,869.0,Renovación automática,S,391
6099,6384,1949-11-17,610.0,Contrato eterno,S,400
6100,2843,1941-02-20,119.0,Contrato eterno,N,69
6101,9898,1944-12-06,193.0,Cesión de alma secundaria,N,276
6102,9572,1928-10-25,760.0,Cesión de alma secundaria,S,251
6103,7114,2011-03-07,84.0,Renovación automática,S,350
6104,5615,1973-04-16,,Cesión de alma secundaria,S,308
6105,8,1994-10-31,804.0,Renovación automática,S,454
6106,1427,1970-08-30,874.0,Cláusula 66A,N,13
6107,8826,2008-04-07,439.0,Anexo 13,S,187
6108,932,2020-10-06,50.0,Cláusula 66A,S,391
6109,1569,1933-03-06,277.0,Renovación automática,S,32
6110,741,1970-07-09,213.0,Renovación automática,N,400
6111,2734,1961-03-18,961.0,Cláusula 66A,N,329
6112,1638,2011-11-21,60.0,Contrato eterno,N,211
6113,2807,1984-09-12,925.0,Cláusula 66A,S,352
6114,4574,2004-02-03,540.0,Renovación automática,S,224
6115,8089,1952-12-09,736.0,Renovación automática,N,485
6116,2257,2013-08-16,177.0,Renovación automática,N,140
6117,2855,1990-05-04,549.0,Cláusula 66A,S,103
6118,3580,1981-01-10,522.0,Cláusula 66A,S,139
6119,8253,1933-03-06,,Cesión de alma secundaria,N,151
6120,1610,1994-05-11,111.0,Cesión de alma secundaria,N,420
6121,6165,1942-07-05,881.0,Anexo 13,S,134
6122,7228,3000-13-40,886.0,Anexo 13,S,490
6123,7403,3000-13-40,351.0,Renovación automática,S,157
6124,8533,1967-07-11,681.0,Contrato eterno,S,498
6125,8442,2013-10-23,778.0,Renovación automática,N,402
6126,8424,1969-08-28,157.0,Anexo 13,N,425
6127,8804,2003-08-17,955.0,Contrato eterno,S,395
6128,5970,2018-12-08,920.0,Cláusula 66A,N,490
6129,100,2003-08-10,276.0,Cláusula 66A,N,400
6130,2676,2001-02-09,29.0,Cesión de alma secundaria,N,199
6131,2036,1942-03-29,422.0,Cláusula 66A,S,396
6132,699,1944-12-11,871.0,Anexo 13,S,321
6133,8876,2024-01-05,946.0,Cláusula 66A,S,288
6134,2633,1977-06-22,959.0,Cesión de alma secundaria,N,259
6135,1726,1960-12-04,429.0,Renovación automática,N,381
6136,7056,1966-06-17,492.0,Cláusula 66A,N,179
6137,1401,2011-05-23,168.0,Cesión de alma secundaria,N,64
6138,58,1992-08-23,848.0,Anexo 13,S,90
6139,324,2009-08-01,292.0,Contrato eterno,S,144
6140,3253,2018-07-23,902.0,Renovación automática,S,165
6141,2877,1984-06-05,817.0,Cesión de alma secundaria,N,426
6142,8138,1956-05-18,386.0,Cláusula 66A,N,356
6143,4896,1943-05-13,568.0,Cláusula 66A,S,52
6144,4191,2001-04-02,10.0,Renovación automática,N,240
6145,1133,1953-04-05,374.0,Renovación automática,S,355
6146,4172,2013-08-22,855.0,Anexo 13,S,41
6147,7042,1966-12-31,127.0,Cláusula 66A,N,423
6148,9664,1970-10-16,616.0,Cláusula 66A,S,187
6149,7727,1970-01-21,549.0,Contrato eterno,S,9
6150,5756,2016-07-20,449.0,Cesión de alma secundaria,S,208
6151,1264,1952-12-23,823.0,Cesión de alma secundaria,S,258
6152,427,1991-03-13,23.0,Anexo 13,N,35
6153,8852,2008-08-07,,Contrato eterno,N,151
6154,3068,1992-03-12,405.0,Contrato eterno,S,72
6155,5290,1967-11-14,683.0,Renovación automática,N,73
6156,4908,1937-03-06,367.0,Renovación automática,N,321
6157,6002,1987-05-19,439.0,Contrato eterno,S,451
6158,9814,1995-05-17,239.0,Anexo 13,N,9
6159,6625,2001-09-18,518.0,Contrato eterno,S,83
6160,4359,1972-04-10,102.0,Renovación automática,N,266
6161,5228,1986-08-06,544.0,Anexo 13,N,108
6162,4329,1955-05-28,134.0,Anexo 13,S,47
6163,5449,1957-07-21,424.0,Renovación automática,S,208
6164,2734,1996-09-04,902.0,Anexo 13,S,474
6165,7042,1972-06-27,712.0,Contrato eterno,N,356
6166,5284,1990-02-06,579.0,Contrato eterno,N,7
6167,4932,1960-10-12,298.0,Cláusula 66A,S,416
6168,7591,1995-02-28,795.0,Cláusula 66A,S,439
6169,7905,1963-03-08,83.0,Contrato eterno,N,422
6170,5503,1966-09-16,204.0,Anexo 13,N,228
6171,9093,1981-07-26,674.0,Contrato eterno,S,52
6172,1533,1986-08-22,345.0,Contrato eterno,N,344
6173,6824,2023-11-30,710.0,Renovación automática,S,293
6174,4510,1927-01-21,387.0,Cesión de alma secundaria,S,485
6175,8383,1993-02-08,340.0,Anexo 13,N,461
6176,1830,1951-04-28,771.0,Renovación automática,N,162
6177,9558,1991-04-26,600.0,Contrato eterno,S,133
6178,5992,1981-12-18,914.0,Cláusula 66A,N,436
6179,5267,1936-01-12,698.0,Cláusula 66A,N,459
6180,640,1950-08-07,388.0,Cesión de alma secundaria,S,327
6181,6980,1950-04-26,924.0,Anexo 13,N,291
6182,3734,1971-05-21,164.0,Cesión de alma secundaria,S,263
6183,7308,1987-06-03,861.0,Anexo 13,S,262
6184,3928,1992-11-30,556.0,Renovación automática,S,223
6185,179,2017-05-17,697.0,Anexo 13,N,418
6186,9788,1946-12-11,464.0,Anexo 13,N,68
6187,6026,1953-07-26,337.0,Cesión de alma secundaria,N,58
6188,7232,1994-04-21,751.0,Contrato eterno,S,85
6189,960,1955-12-09,70.0,Cláusula 66A,S,422
6190,4627,1982-03-17,452.0,Cláusula 66A,N,218
6191,1302,1937-03-14,,Cláusula 66A,S,321
6192,9242,1984-02-03,570.0,Contrato eterno,S,42
6193,2119,1943-03-02,179.0,Cesión de alma secundaria,S,376
6194,1692,1965-07-22,491.0,Contrato eterno,S,248
6195,1209,2016-05-19,805.0,Anexo 13,S,378
6196,355,2024-06-23,629.0,Cesión de alma secundaria,N,370
6197,7962,1942-06-16,856.0,Contrato eterno,S,259
6198,9057,1926-10-04,286.0,Cesión de alma secundaria,N,87
6199,1607,2010-06-15,21.0,Anexo 13,S,57
6200,6525,2023-06-21,305.0,Anexo 13,S,62
6201,8565,1928-08-22,234.0,Cesión de alma secundaria,N,9999
6202,3958,1959-10-14,957.0,Cláusula 66A,S,35
6203,3788,2016-04-01,798.0,Anexo 13,N,102
6204,5013,2016-03-05,744.0,Cláusula 66A,S,5
6205,2518,1979-11-14,406.0,Contrato eterno,S,60
6206,4551,1945-08-07,523.0,Anexo 13,N,9
6207,4815,1933-02-19,845.0,Cesión de alma secundaria,N,487
6208,3997,1948-09-23,227.0,Cesión de alma secundaria,S,176
6209,820,1955-03-21,51.0,Cláusula 66A,S,222
6210,464,2014-07-23,191.0,Anexo 13,N,262
6211,6569,2018-04-27,318.0,Cláusula 66A,N,48
6212,9756,1980-04-12,46.0,Renovación automática,N,251
6213,6980,2022-12-13,982.0,Anexo 13,N,206
6214,3694,1988-02-10,580.0,Cláusula 66A,S,444
6215,8899,1951-07-19,247.0,Cláusula 66A,N,479
6216,9314,1954-05-13,719.0,Renovación automática,N,133
6217,2804,2003-06-19,394.0,Anexo 13,S,111
6218,8502,2014-12-27,29.0,Contrato eterno,S,30
6219,2709,2010-11-06,579.0,Cláusula 66A,N,386
6220,9253,1990-03-17,259.0,Cláusula 66A,S,370
6221,2618,1945-09-23,429.0,Anexo 13,S,150
6222,4360,1996-09-08,612.0,Renovación automática,S,23
6223,7462,1974-12-09,363.0,Renovación automática,N,380
6224,868,1937-04-28,105.0,Contrato eterno,S,12
6225,9110,1944-04-25,419.0,Contrato eterno,N,231
6226,9204,2024-12-26,695.0,Cesión de alma secundaria,N,240
6227,6363,1928-09-22,858.0,Renovación automática,N,43
6228,5734,2010-12-24,527.0,Renovación automática,S,9999
6229,878,1970-06-03,,Renovación automática,N,19
6230,473,2014-07-28,413.0,Contrato eterno,N,205
6231,6,1927-10-25,773.0,Anexo 13,N,414
6232,8215,3000-13-40,,Cesión de alma secundaria,N,168
6233,4683,1951-05-19,808.0,Contrato eterno,S,10
6234,8696,1989-05-12,186.0,Anexo 13,S,208
6235,5071,1967-10-25,28.0,Cesión de alma secundaria,N,46
6236,9230,1968-10-08,950.0,Contrato eterno,N,194
6237,5758,1933-11-13,412.0,Cláusula 66A,N,486
6238,8252,1987-09-01,299.0,Contrato eterno,S,305
6239,3691,1951-05-13,703.0,Renovación automática,S,416
6240,1187,1952-01-01,543.0,Anexo 13,S,213
6241,1757,1946-10-03,196.0,Cláusula 66A,N,191
6242,6807,2021-09-20,567.0,Anexo 13,S,34
6243,2830,1949-06-24,508.0,Cesión de alma secundaria,S,352
6244,5415,1992-06-25,107.0,Cesión de alma secundaria,S,40
6245,8925,1951-06-12,428.0,Cesión de alma secundaria,N,264
6246,637,2013-03-28,796.0,Anexo 13,S,4
6247,2801,1999-01-09,939.0,Cesión de alma secundaria,S,352
6248,6334,1988-11-13,711.0,Renovación automática,N,98
6249,8962,1994-12-10,585.0,Cláusula 66A,S,437
6250,1476,1961-06-18,818.0,Anexo 13,S,257
6251,6618,1958-12-09,445.0,Anexo 13,S,223
6252,1780,2023-07-22,858.0,Cesión de alma secundaria,N,389
6253,6703,2014-03-20,329.0,Contrato eterno,S,177
6254,3505,1929-10-24,920.0,Cláusula 66A,N,443
6255,6477,1994-01-21,997.0,Cesión de alma secundaria,S,231
6256,7648,1985-03-27,597.0,Anexo 13,N,302
6257,8527,2001-08-23,259.0,Renovación automática,N,350
6258,1549,1979-02-22,436.0,Cláusula 66A,N,202
6259,3853,2010-02-05,983.0,Cesión de alma secundaria,N,64
6260,4381,1964-06-14,433.0,Contrato eterno,S,368
6261,4420,2014-05-05,932.0,Renovación automática,S,174
6262,3079,1967-01-23,659.0,Cesión de alma secundaria,N,32
6263,8203,2022-11-06,717.0,Cesión de alma secundaria,N,335
6264,3744,1935-03-14,778.0,Anexo 13,S,380
6265,5190,1959-11-01,650.0,Anexo 13,N,258
6266,3924,1958-12-11,346.0,Cesión de alma secundaria,N,66
6267,70,2003-11-13,413.0,Renovación automática,S,80
6268,8189,2004-04-18,301.0,Anexo 13,N,463
6269,3683,2004-02-08,280.0,Contrato eterno,N,242
6270,7849,1940-04-30,227.0,Contrato eterno,N,83
6271,3807,1958-05-17,99.0,Contrato eterno,S,314
6272,1227,1983-06-19,811.0,Cláusula 66A,S,47
6273,9154,1955-12-14,53.0,Contrato eterno,N,315
6274,9936,1928-10-26,470.0,Renovación automática,S,431
6275,9282,2005-05-03,70.0,Cesión de alma secundaria,N,53
6276,9820,2015-06-18,128.0,Anexo 13,N,241
6277,1359,2015-01-13,878.0,Renovación automática,N,35
6278,2825,2016-07-02,883.0,Renovación automática,S,221
6279,6681,1995-05-14,69.0,Renovación automática,N,347
6280,1725,1943-03-03,482.0,Anexo 13,N,333
6281,2666,2001-10-15,427.0,Renovación automática,N,358
6282,8236,1982-08-07,678.0,Contrato eterno,S,227
6283,7299,1950-03-07,569.0,Cláusula 66A,N,258
6284,10,1951-04-08,528.0,Renovación automática,N,491
6285,5685,1973-04-05,428.0,Cesión de alma secundaria,N,83
6286,8485,2009-03-26,64.0,Cláusula 66A,N,313
6287,7484,2018-12-29,516.0,Anexo 13,S,43
6288,4842,1965-01-07,791.0,Cesión de alma secundaria,S,323
6289,9345,1973-03-26,131.0,Contrato eterno,S,233
6290,4849,1952-11-08,300.0,Anexo 13,N,243
6291,6269,1946-09-14,763.0,Anexo 13,N,1
6292,3557,2020-02-27,718.0,Cláusula 66A,N,398
6293,7321,1955-11-14,272.0,Contrato eterno,N,123
6294,3579,2008-03-12,799.0,Contrato eterno,N,274
6295,4105,1992-10-26,287.0,Cesión de alma secundaria,N,19
6296,2282,1973-12-16,829.0,Contrato eterno,S,483
6297,1796,2001-04-17,269.0,Cesión de alma secundaria,N,437
6298,7987,1963-08-27,806.0,Anexo 13,S,285
6299,2512,2023-08-20,706.0,Cláusula 66A,S,181
6300,8356,1991-12-27,630.0,Cesión de alma secundaria,S,65
6301,2795,2012-04-24,363.0,Cesión de alma secundaria,S,183
6302,271,2021-04-23,27.0,Renovación automática,N,481
6303,5934,1995-12-08,259.0,Renovación automática,S,261
6304,7770,1987-07-07,727.0,Renovación automática,N,278
6305,8455,3000-13-40,92.0,Cláusula 66A,S,395
6306,9437,1997-01-12,408.0,Cláusula 66A,N,173
6307,6485,1974-05-28,431.0,Anexo 13,N,357
6308,5981,1945-03-15,409.0,Renovación automática,S,81
6309,2552,1975-05-22,648.0,Anexo 13,S,452
6310,9134,1974-10-04,798.0,Renovación automática,S,314
6311,7598,2000-11-24,878.0,Renovación automática,N,129
6312,1931,1992-12-26,762.0,Renovación automática,S,229
6313,1083,1975-07-22,800.0,Anexo 13,N,491
6314,9661,1980-03-26,610.0,Contrato eterno,S,35
6315,923,1933-08-10,756.0,Renovación automática,N,246
6316,6960,1963-04-06,937.0,Cláusula 66A,S,275
6317,118,1958-01-25,842.0,Contrato eterno,N,352
6318,8136,2002-11-20,401.0,Cláusula 66A,N,193
6319,7036,1991-03-02,685.0,Anexo 13,N,39
6320,9179,2008-09-18,451.0,Contrato eterno,N,364
6321,3665,1960-10-04,256.0,Anexo 13,N,2
6322,6420,2008-07-17,780.0,Contrato eterno,N,424
6323,7475,1951-07-10,659.0,Renovación automática,N,454
6324,7624,1989-01-13,180.0,Renovación automática,N,467
6325,9409,1975-04-04,321.0,Cesión de alma secundaria,N,490
6326,8017,1955-01-19,621.0,Anexo 13,S,133
6327,2585,1988-06-22,962.0,Anexo 13,S,250
6328,2388,1954-06-25,728.0,Cesión de alma secundaria,N,20
6329,1957,1973-10-18,448.0,Contrato eterno,S,487
6330,8453,1951-09-10,515.0,Renovación automática,S,379
6331,6858,1964-10-04,954.0,Cesión de alma secundaria,S,102
6332,7403,2019-11-09,237.0,Anexo 13,S,42
6333,2433,1961-12-02,462.0,Cesión de alma secundaria,N,126
6334,9213,1934-07-31,58.0,Anexo 13,N,385
6335,918,1931-12-18,267.0,Renovación automática,N,244
6336,1703,2024-12-14,941.0,Contrato eterno,N,36
6337,2703,2008-09-14,363.0,Contrato eterno,S,85
6338,108,2025-05-07,603.0,Cesión de alma secundaria,N,489
6339,828,1967-04-10,22.0,Contrato eterno,N,197
6340,7629,2022-09-27,667.0,Renovación automática,S,267
6341,5855,1981-02-22,114.0,Cláusula 66A,S,462
6342,8355,1992-09-26,270.0,Anexo 13,N,394
6343,8376,1999-10-27,553.0,Cláusula 66A,S,255
6344,5944,1988-05-11,226.0,Renovación automática,N,333
6345,279,1976-02-19,387.0,Contrato eterno,N,284
6346,5838,2017-04-26,275.0,Cesión de alma secundaria,S,392
6347,2423,1936-11-27,696.0,Cláusula 66A,N,246
6348,8290,1961-07-31,496.0,Cláusula 66A,S,39
6349,450,2004-07-06,524.0,Cláusula 66A,N,449
6350,653,1984-04-11,791.0,Cesión de alma secundaria,N,393
6351,7111,1971-03-15,277.0,Cláusula 66A,S,474
6352,910,3000-13-40,807.0,Cláusula 66A,N,276
6353,7751,1971-11-14,766.0,Cláusula 66A,S,188
6354,3476,1940-12-09,315.0,Renovación automática,S,50
6355,7340,2006-08-06,941.0,Cesión de alma secundaria,N,117
6356,2180,1949-08-03,397.0,Cláusula 66A,S,313
6357,5722,1968-07-18,209.0,Cesión de alma secundaria,S,161
6358,2768,1987-04-18,951.0,Contrato eterno,N,477
6359,4583,1926-11-19,610.0,Contrato eterno,N,32
6360,7356,1935-07-24,535.0,Cesión de alma secundaria,N,443
6361,6411,1988-05-22,588.0,Contrato eterno,N,18
6362,1055,1926-12-02,708.0,Cláusula 66A,N,331
6363,5551,1961-05-08,692.0,Cesión de alma secundaria,S,29
6364,9115,1989-10-15,578.0,Anexo 13,N,65
6365,4318,2003-06-15,589.0,Contrato eterno,S,85
6366,5197,1986-04-19,68.0,Cláusula 66A,N,436
6367,6927,2004-11-08,374.0,Anexo 13,S,149
6368,2268,1996-02-22,347.0,Anexo 13,S,259
6369,2144,2004-02-18,814.0,Cesión de alma secundaria,S,160
6370,5821,3000-13-40,342.0,Contrato eterno,N,422
6371,8231,2006-01-15,855.0,Anexo 13,N,262
6372,3770,1977-12-12,939.0,Contrato eterno,N,432
6373,582,1938-10-10,673.0,Cesión de alma secundaria,S,26
6374,8600,2009-08-25,848.0,Renovación automática,S,459
6375,9055,1950-12-31,747.0,Cláusula 66A,S,352
6376,8351,2010-06-01,431.0,Renovación automática,N,194
6377,8113,2025-01-03,396.0,Cláusula 66A,N,3
6378,8489,1975-06-28,,Anexo 13,N,226
6379,9574,1972-03-31,856.0,Renovación automática,S,427
6380,9766,1929-02-13,239.0,Cláusula 66A,S,9999
6381,9249,1932-07-22,632.0,Cesión de alma secundaria,N,162
6382,8489,2008-02-02,231.0,Anexo 13,N,294
6383,4304,2001-10-30,865.0,Renovación automática,S,432
6384,552,1976-04-30,645.0,Anexo 13,N,16
6385,3272,2023-12-06,68.0,Anexo 13,S,405
6386,9165,1928-02-18,122.0,Contrato eterno,S,398
6387,2542,1927-03-18,274.0,Renovación automática,S,95
6388,6287,1937-02-28,986.0,Anexo 13,S,48
6389,2318,1943-07-17,827.0,Contrato eterno,N,228
6390,1827,2004-05-21,297.0,Anexo 13,S,290
6391,8069,2007-06-03,164.0,Cláusula 66A,N,90
6392,2953,2016-02-21,386.0,Cláusula 66A,N,167
6393,2337,1942-04-09,538.0,Anexo 13,S,178
6394,3082,2021-07-08,935.0,Anexo 13,N,491
6395,2002,1975-01-24,609.0,Renovación automática,N,391
6396,7640,1958-03-19,623.0,Renovación automática,N,435
6397,7402,1984-11-01,802.0,Anexo 13,S,136
6398,4723,2017-02-08,50.0,Cesión de alma secundaria,S,191
6399,9286,1950-03-13,379.0,Anexo 13,N,260
6400,6753,1967-02-04,476.0,Anexo 13,S,187
6401,3210,1997-01-20,812.0,Renovación automática,S,75
6402,1879,1973-07-21,843.0,Cesión de alma secundaria,N,229
6403,8315,1935-04-05,367.0,Contrato eterno,N,372
6404,2844,2001-07-08,261.0,Cesión de alma secundaria,S,391
6405,1716,1995-01-27,388.0,Renovación automática,N,327
6406,7666,1958-07-26,180.0,Contrato eterno,S,160
6407,618,1996-05-14,817.0,Cláusula 66A,N,108
6408,9837,2000-07-11,312.0,Cláusula 66A,S,449
6409,1718,1959-03-27,307.0,Contrato eterno,N,151
6410,7831,2018-03-17,759.0,Cláusula 66A,S,406
6411,474,1983-10-20,710.0,Contrato eterno,S,98
6412,8529,2025-01-07,469.0,Renovación automática,S,143
6413,5469,1996-10-17,930.0,Contrato eterno,S,10
6414,5154,1940-04-12,351.0,Cláusula 66A,N,138
6415,9400,1997-04-29,221.0,Cláusula 66A,N,471
6416,1303,1961-07-02,96.0,Anexo 13,N,407
6417,5895,2005-02-17,553.0,Cláusula 66A,N,71
6418,6125,2011-07-21,991.0,Cesión de alma secundaria,N,173
6419,7341,1998-12-22,480.0,Renovación automática,N,170
6420,2517,1944-01-23,812.0,Renovación automática,N,3
6421,7191,1980-01-11,848.0,Anexo 13,N,496
6422,5364,3000-13-40,948.0,Renovación automática,N,357
6423,7859,1989-05-21,589.0,Cláusula 66A,S,140
6424,8724,1996-04-10,692.0,Cláusula 66A,N,9999
6425,2503,1972-09-04,482.0,Cesión de alma secundaria,N,107
6426,941,1988-02-06,395.0,Cláusula 66A,S,67
6427,7550,1947-02-09,817.0,Contrato eterno,N,293
6428,1080,1958-08-01,410.0,Renovación automática,N,355
6429,1496,1947-07-10,366.0,Contrato eterno,N,92
6430,8280,2013-08-08,195.0,Renovación automática,N,51
6431,3596,1993-06-17,598.0,Renovación automática,S,410
6432,1054,3000-13-40,149.0,Cesión de alma secundaria,S,321
6433,2009,1967-12-01,550.0,Anexo 13,S,389
6434,5354,1973-06-09,590.0,Anexo 13,S,60
6435,179,1954-04-16,126.0,Contrato eterno,N,48
6436,3982,1945-11-15,145.0,Anexo 13,S,59
6437,3864,1994-02-02,540.0,Renovación automática,S,209
6438,9716,1930-05-24,53.0,Renovación automática,N,53
6439,4895,2014-12-02,191.0,Renovación automática,N,390
6440,2277,1993-01-07,150.0,Renovación automática,S,380
6441,4765,2024-01-11,861.0,Cesión de alma secundaria,S,411
6442,7386,1984-12-28,285.0,Anexo 13,N,85
6443,1933,1926-12-20,238.0,Renovación automática,S,208
6444,2368,1971-07-01,287.0,Contrato eterno,S,22
6445,1960,1955-03-27,987.0,Contrato eterno,S,18
6446,6582,1987-04-02,857.0,Contrato eterno,N,4
6447,422,2014-07-16,736.0,Renovación automática,N,102
6448,8933,1959-03-24,763.0,Anexo 13,N,38
6449,7458,1979-07-07,526.0,Contrato eterno,N,111
6450,6220,1951-05-03,472.0,Contrato eterno,N,169
6451,6303,2012-12-13,479.0,Cesión de alma secundaria,N,362
6452,5794,1947-04-27,469.0,Contrato eterno,S,127
6453,6437,1926-09-20,535.0,Contrato eterno,N,64
6454,9244,1984-03-07,607.0,Renovación automática,S,34
6455,6674,2011-04-25,148.0,Cesión de alma secundaria,N,22
6456,5041,1926-05-03,817.0,Renovación automática,S,307
6457,7074,1983-04-15,902.0,Anexo 13,N,275
6458,4690,1933-04-05,52.0,Renovación automática,N,319
6459,9221,1932-05-11,891.0,Anexo 13,N,349
6460,532,2017-05-31,588.0,Renovación automática,N,161
6461,3772,1982-11-25,994.0,Cláusula 66A,N,13
6462,680,1951-07-04,250.0,Cláusula 66A,S,72
6463,4908,1987-06-13,778.0,Contrato eterno,N,21
6464,6502,1963-03-21,470.0,Renovación automática,S,298
6465,7762,1948-06-09,105.0,Cesión de alma secundaria,S,287
6466,8848,2009-12-27,617.0,Contrato eterno,N,440
6467,6718,1971-07-13,660.0,Contrato eterno,S,122
6468,280,2018-11-02,359.0,Cesión de alma secundaria,S,9999
6469,7213,1976-11-06,989.0,Renovación automática,S,151
6470,6367,1932-01-17,533.0,Cláusula 66A,S,308
6471,9864,2004-10-10,548.0,Renovación automática,S,287
6472,3393,1944-10-09,720.0,Renovación automática,S,427
6473,4056,1949-08-02,230.0,Anexo 13,S,430
6474,7050,1961-04-20,990.0,Cláusula 66A,S,63
6475,7064,1972-10-08,,Renovación automática,N,212
6476,8119,2010-10-31,878.0,Cesión de alma secundaria,S,248
6477,3314,1935-04-27,684.0,Cláusula 66A,S,225
6478,7395,1926-10-13,908.0,Cesión de alma secundaria,N,44
6479,3365,2009-01-24,169.0,Cesión de alma secundaria,S,409
6480,6666,1940-07-20,671.0,Anexo 13,S,78
6481,9471,1997-01-21,177.0,Anexo 13,S,469
6482,3832,1998-05-08,733.0,Contrato eterno,N,437
6483,4808,1994-10-06,286.0,Anexo 13,N,267
6484,8245,1979-07-17,156.0,Anexo 13,N,360
6485,2740,1927-06-21,850.0,Cesión de alma secundaria,N,10
6486,3745,2021-03-01,151.0,Anexo 13,N,235
6487,2044,1953-07-05,72.0,Anexo 13,S,79
6488,9088,1963-10-06,890.0,Contrato eterno,S,443
6489,9094,2001-06-17,158.0,Anexo 13,S,278
6490,1051,1957-12-17,481.0,Cesión de alma secundaria,N,277
6491,489,2014-05-07,717.0,Cesión de alma secundaria,N,253
6492,7318,1928-05-21,509.0,Cláusula 66A,N,105
6493,6532,1950-12-30,825.0,Cláusula 66A,S,327
6494,4748,1939-01-03,844.0,Cesión de alma secundaria,N,382
6495,8361,1990-11-21,488.0,Cesión de alma secundaria,N,246
6496,4092,1974-09-14,693.0,Contrato eterno,S,264
6497,7251,2022-05-19,769.0,Renovación automática,N,100
6498,2087,2018-07-08,576.0,Cesión de alma secundaria,N,196
6499,8243,1986-02-24,238.0,Renovación automática,S,277
6500,991,1968-04-09,655.0,Renovación automática,S,40
6501,4356,2014-03-17,113.0,Contrato eterno,N,41
6502,7791,2002-05-16,678.0,Cláusula 66A,S,159
6503,6808,2014-03-13,618.0,Cláusula 66A,N,390
6504,1858,1932-10-06,154.0,Cesión de alma secundaria,S,238
6505,2737,1978-07-20,793.0,Contrato eterno,N,66
6506,2098,1997-05-19,186.0,Anexo 13,S,398
6507,7458,2000-12-06,724.0,Cláusula 66A,S,471
6508,3993,1966-11-10,315.0,Contrato eterno,N,347
6509,4728,1948-11-01,,Cesión de alma secundaria,S,394
6510,8621,3000-13-40,860.0,Cláusula 66A,S,459
6511,9103,1995-07-21,,Cláusula 66A,N,104
6512,3165,1979-09-04,620.0,Contrato eterno,S,169
6513,9573,2012-10-01,365.0,Contrato eterno,N,231
6514,5189,2010-07-15,832.0,Contrato eterno,N,384
6515,4734,1999-10-26,394.0,Anexo 13,N,113
6516,2783,1944-12-01,889.0,Renovación automática,N,188
6517,9391,1939-08-30,214.0,Cesión de alma secundaria,N,493
6518,8139,1983-11-08,702.0,Contrato eterno,N,392
6519,943,1978-11-19,848.0,Anexo 13,N,16
6520,6126,1981-01-25,373.0,Renovación automática,S,344
6521,7331,1997-05-30,360.0,Cláusula 66A,N,281
6522,8562,2022-01-21,57.0,Renovación automática,N,338
6523,2969,1978-10-28,734.0,Cláusula 66A,N,124
6524,1010,1934-11-10,530.0,Contrato eterno,N,400
6525,1828,2005-10-11,745.0,Renovación automática,S,425
6526,4115,1947-12-17,285.0,Contrato eterno,S,238
6527,8728,1930-02-06,138.0,Cesión de alma secundaria,S,483
6528,6588,1941-06-28,197.0,Renovación automática,S,341
6529,5795,2008-05-27,830.0,Anexo 13,N,250
6530,5756,1997-09-03,882.0,Contrato eterno,N,362
6531,8960,1931-08-10,121.0,Anexo 13,S,263
6532,8386,1960-09-27,476.0,Contrato eterno,N,87
6533,6940,1937-06-19,838.0,Anexo 13,N,259
6534,5787,1965-04-09,122.0,Contrato eterno,S,207
6535,2563,2021-08-02,763.0,Anexo 13,S,259
6536,1469,2019-09-14,947.0,Contrato eterno,N,90
6537,368,2021-11-08,55.0,Anexo 13,S,452
6538,9915,2010-03-14,351.0,Contrato eterno,S,11
6539,1438,2011-04-06,602.0,Cesión de alma secundaria,S,337
6540,9768,1994-01-07,96.0,Cesión de alma secundaria,S,46
6541,7407,1933-07-17,147.0,Cláusula 66A,N,73
6542,6414,2007-03-21,597.0,Cláusula 66A,S,491
6543,676,1949-04-12,150.0,Contrato eterno,S,143
6544,4626,1966-08-07,851.0,Contrato eterno,N,31
6545,8223,2005-03-06,818.0,Anexo 13,S,417
6546,6343,1976-11-28,,Renovación automática,N,457
6547,7532,1962-10-23,61.0,Cláusula 66A,S,159
6548,7230,2010-09-19,322.0,Cesión de alma secundaria,S,117
6549,5472,1928-09-27,792.0,Anexo 13,S,105
6550,7813,2008-11-02,439.0,Anexo 13,S,391
6551,6876,1934-10-27,891.0,Renovación automática,N,147
6552,6255,1940-11-12,212.0,Contrato eterno,S,191
6553,2720,2022-03-23,448.0,Cesión de alma secundaria,S,319
6554,2003,2013-09-08,412.0,Contrato eterno,N,85
6555,6204,1930-06-26,853.0,Cláusula 66A,N,123
6556,8737,2020-09-26,234.0,Cláusula 66A,N,182
6557,4160,1970-01-16,214.0,Cláusula 66A,S,358
6558,4059,1980-06-23,922.0,Cesión de alma secundaria,S,159
6559,1700,1933-09-23,299.0,Cláusula 66A,N,336
6560,3897,2012-05-19,592.0,Cláusula 66A,S,440
6561,8275,1948-12-24,331.0,Contrato eterno,N,111
6562,9418,1955-10-17,161.0,Cláusula 66A,N,471
6563,8276,2017-07-12,359.0,Anexo 13,N,382
6564,4980,1968-08-10,745.0,Cláusula 66A,N,348
6565,7126,1935-01-13,338.0,Anexo 13,S,418
6566,5308,1967-03-05,682.0,Cesión de alma secundaria,N,346
6567,3716,1937-08-05,717.0,Anexo 13,N,139
6568,2856,1979-09-25,968.0,Cláusula 66A,N,73
6569,6242,2025-06-26,388.0,Renovación automática,N,45
6570,912,1964-09-09,930.0,Cláusula 66A,S,480
6571,9811,1988-06-26,128.0,Renovación automática,N,253
6572,2433,1944-05-18,599.0,Cesión de alma secundaria,S,223
6573,9338,1967-12-08,51.0,Anexo 13,N,212
6574,6588,2018-04-29,792.0,Contrato eterno,S,296
6575,3247,1991-11-27,863.0,Cesión de alma secundaria,S,332
6576,7769,1945-05-10,394.0,Cesión de alma secundaria,S,200
6577,2070,1961-06-25,813.0,Anexo 13,N,324
6578,2714,1970-06-11,511.0,Anexo 13,S,330
6579,1789,1931-07-01,528.0,Cláusula 66A,S,306
6580,592,1958-05-09,126.0,Anexo 13,N,134
6581,9806,1939-12-21,63.0,Contrato eterno,N,173
6582,2397,1962-02-22,251.0,Renovación automática,N,345
6583,7854,1962-02-15,748.0,Cláusula 66A,S,499
6584,6184,2021-01-18,872.0,Anexo 13,N,298
6585,3804,1998-08-07,545.0,Cesión de alma secundaria,N,304
6586,3628,2023-03-02,563.0,Contrato eterno,S,169
6587,335,1939-09-11,531.0,Renovación automática,S,185
6588,3396,1943-09-30,26.0,Contrato eterno,N,178
6589,7291,2020-03-09,504.0,Cláusula 66A,S,47
6590,3363,1960-03-09,46.0,Contrato eterno,S,118
6591,1373,1937-09-27,443.0,Cláusula 66A,S,84
6592,6248,1972-11-12,873.0,Cesión de alma secundaria,N,362
6593,2137,1973-03-12,777.0,Contrato eterno,S,142
6594,7508,1953-06-02,981.0,Anexo 13,N,272
6595,4633,2022-02-24,966.0,Cesión de alma secundaria,S,189
6596,50,1979-09-03,707.0,Cláusula 66A,S,135
6597,2315,1931-06-26,595.0,Anexo 13,S,439
6598,6739,1935-03-11,521.0,Contrato eterno,N,279
6599,3302,1956-01-04,384.0,Contrato eterno,N,371
6600,4328,1960-11-03,859.0,Cesión de alma secundaria,S,93
6601,8420,1978-08-28,199.0,Contrato eterno,N,374
6602,4875,1937-02-27,139.0,Anexo 13,S,319
6603,8605,2010-08-04,962.0,Cláusula 66A,S,262
6604,8038,1945-05-13,555.0,Anexo 13,S,294
6605,3627,1953-10-03,704.0,Renovación automática,S,314
6606,2617,1968-08-28,355.0,Cesión de alma secundaria,S,87
6607,1901,2014-04-25,645.0,Contrato eterno,S,335
6608,3294,1966-06-28,318.0,Anexo 13,S,78
6609,1936,1929-06-26,421.0,Renovación automática,N,178
6610,103,1963-10-03,503.0,Anexo 13,N,404
6611,3300,3000-13-40,206.0,Cláusula 66A,N,500
6612,4675,1962-06-13,467.0,Renovación automática,N,9999
6613,8731,1942-09-19,805.0,Cláusula 66A,N,64
6614,3750,1951-12-25,835.0,Anexo 13,S,132
6615,3129,1986-05-02,289.0,Anexo 13,N,324
6616,5425,3000-13-40,385.0,Cláusula 66A,N,86
6617,7626,1941-03-31,170.0,Anexo 13,N,487
6618,3805,1982-10-28,657.0,Contrato eterno,S,285
6619,5799,2018-03-23,389.0,Cesión de alma secundaria,N,155
6620,9070,2021-10-26,93.0,Renovación automática,S,227
6621,1827,3000-13-40,857.0,Cesión de alma secundaria,S,320
6622,5549,1928-01-06,497.0,Anexo 13,S,144
6623,404,1967-07-08,801.0,Renovación automática,N,64
6624,2947,3000-13-40,260.0,Contrato eterno,N,313
6625,3060,1983-11-19,89.0,Anexo 13,S,149
6626,2116,1944-04-19,768.0,Contrato eterno,S,146
6627,9368,2004-09-12,229.0,Cesión de alma secundaria,S,54
6628,451,1958-11-30,465.0,Anexo 13,N,282
6629,3740,1993-10-29,863.0,Contrato eterno,N,275
6630,3607,1979-09-13,996.0,Anexo 13,S,180
6631,4511,1993-05-05,858.0,Renovación automática,N,249
6632,5285,1967-05-23,126.0,Contrato eterno,S,179
6633,3514,1995-11-11,463.0,Contrato eterno,N,145
6634,5338,1996-10-26,247.0,Cláusula 66A,S,338
6635,301,2000-06-26,769.0,Contrato eterno,S,369
6636,1695,2005-08-14,947.0,Contrato eterno,N,28
6637,8891,1999-06-07,698.0,Anexo 13,S,240
6638,3960,1970-08-15,195.0,Anexo 13,N,169
6639,3174,1974-03-21,396.0,Cláusula 66A,S,226
6640,6203,1955-02-20,696.0,Cláusula 66A,S,210
6641,9677,2013-10-18,473.0,Cesión de alma secundaria,N,118
6642,1631,1967-03-08,744.0,Renovación automática,N,322
6643,3179,1937-05-17,154.0,Cesión de alma secundaria,S,232
6644,8972,1960-07-01,299.0,Cesión de alma secundaria,N,371
6645,2780,2005-06-23,637.0,Renovación automática,N,464
6646,9646,1937-03-22,512.0,Contrato eterno,N,486
6647,6029,1944-01-04,44.0,Renovación automática,S,333
6648,1368,1966-05-19,625.0,Contrato eterno,S,268
6649,2939,1958-06-17,180.0,Cláusula 66A,S,476
6650,1306,1964-11-06,339.0,Anexo 13,N,313
6651,9329,2017-01-03,648.0,Anexo 13,N,311
6652,5003,2000-06-24,805.0,Anexo 13,N,222
6653,5237,1946-12-25,136.0,Cesión de alma secundaria,N,453
6654,9644,1959-09-19,554.0,Anexo 13,N,252
6655,1512,2002-02-11,582.0,Contrato eterno,N,281
6656,477,1937-12-11,361.0,Contrato eterno,N,330
6657,1005,1962-12-01,18.0,Anexo 13,N,485
6658,570,1983-01-05,913.0,Renovación automática,S,272
6659,3571,1948-04-13,42.0,Cesión de alma secundaria,S,279
6660,4261,2023-07-30,266.0,Cesión de alma secundaria,N,443
6661,6709,1958-08-27,890.0,Cláusula 66A,S,380
6662,3607,2017-12-03,879.0,Anexo 13,S,16
6663,6790,1985-05-30,,Contrato eterno,N,21
6664,9636,1977-09-15,692.0,Cláusula 66A,S,6
6665,8688,1971-06-04,423.0,Renovación automática,S,108
6666,7087,1972-02-12,445.0,Anexo 13,S,429
6667,790,1978-02-12,856.0,Cesión de alma secundaria,S,429
6668,2330,1984-02-02,553.0,Renovación automática,S,307
6669,5705,1977-08-25,287.0,Renovación automática,N,155
6670,6349,1942-05-03,458.0,Cesión de alma secundaria,N,469
6671,935,1997-04-15,761.0,Anexo 13,S,226
6672,1002,1999-09-08,270.0,Cláusula 66A,S,474
6673,8560,1932-09-06,541.0,Contrato eterno,N,214
6674,1453,1963-02-24,149.0,Cláusula 66A,N,43
6675,4386,1977-12-08,176.0,Cláusula 66A,N,308
6676,1711,1949-12-16,125.0,Renovación automática,S,392
6677,74,1989-07-25,866.0,Cesión de alma secundaria,N,486
6678,2077,2022-08-15,248.0,Cesión de alma secundaria,S,222
6679,5402,1973-04-06,868.0,Cláusula 66A,S,311
6680,9942,2007-06-11,822.0,Anexo 13,N,361
6681,6919,1961-06-10,269.0,Renovación automática,N,373
6682,6063,1966-01-23,490.0,Anexo 13,N,267
6683,3271,2017-05-20,65.0,Anexo 13,S,473
6684,6275,1969-01-07,738.0,Contrato eterno,N,419
6685,6355,1975-04-14,47.0,Cláusula 66A,N,438
6686,2828,2006-04-29,53.0,Contrato eterno,S,202
6687,6871,1935-09-10,453.0,Renovación automática,N,487
6688,5897,1989-05-08,669.0,Renovación automática,S,38
6689,9876,2015-05-11,769.0,Renovación automática,S,345
6690,295,1968-08-09,916.0,Cesión de alma secundaria,S,9999
6691,1777,2006-08-20,704.0,Renovación automática,S,116
6692,9350,1995-10-25,178.0,Cesión de alma secundaria,N,5
6693,1109,1954-02-16,990.0,Cesión de alma secundaria,S,116
6694,7581,1962-10-24,854.0,Renovación automática,N,284
6695,1902,1946-09-07,468.0,Contrato eterno,S,216
6696,3087,1975-06-10,938.0,Cesión de alma secundaria,N,160
6697,434,1963-02-08,939.0,Cláusula 66A,S,79
6698,986,1929-04-28,724.0,Renovación automática,S,417
6699,7106,1944-11-25,508.0,Cláusula 66A,N,106
6700,7052,1938-02-10,905.0,Cesión de alma secundaria,S,129
6701,9282,1982-04-05,313.0,Contrato eterno,N,342
6702,4084,1950-07-19,636.0,Anexo 13,S,472
6703,35,1991-05-27,117.0,Cesión de alma secundaria,S,422
6704,9011,1936-12-27,823.0,Contrato eterno,N,270
6705,7486,1930-12-10,778.0,Contrato eterno,S,270
6706,4397,1975-09-28,266.0,Contrato eterno,N,429
6707,2781,1974-03-01,517.0,Renovación automática,N,379
6708,8996,1976-11-03,85.0,Contrato eterno,N,205
6709,1031,2022-10-17,951.0,Cesión de alma secundaria,N,261
6710,4880,1965-06-29,603.0,Renovación automática,S,22
6711,3632,1947-12-21,34.0,Cesión de alma secundaria,S,483
6712,14,1935-12-30,35.0,Anexo 13,S,35
6713,5219,1949-12-17,438.0,Cesión de alma secundaria,N,200
6714,8318,3000-13-40,524.0,Renovación automática,S,314
6715,5246,1963-10-14,120.0,Contrato eterno,N,413
6716,5204,1954-07-01,507.0,Anexo 13,N,137
6717,8949,2008-12-10,101.0,Contrato eterno,N,122
6718,488,1951-09-15,147.0,Cláusula 66A,N,384
6719,8868,1956-06-26,502.0,Cesión de alma secundaria,N,206
6720,9568,1966-10-11,139.0,Cláusula 66A,S,157
6721,1580,1945-05-11,97.0,Contrato eterno,N,424
6722,5806,1946-04-03,635.0,Anexo 13,S,108
6723,8849,2024-07-30,310.0,Renovación automática,S,70
6724,2022,2017-04-26,329.0,Renovación automática,N,422
6725,3691,1950-06-20,278.0,Contrato eterno,S,336
6726,6405,1975-04-17,643.0,Contrato eterno,N,119
6727,3080,1969-04-04,992.0,Cláusula 66A,S,462
6728,8555,1984-10-11,590.0,Renovación automática,N,43
6729,4587,1966-03-28,124.0,Cesión de alma secundaria,S,33
6730,7617,1999-10-18,595.0,Cesión de alma secundaria,N,390
6731,4515,2010-05-06,672.0,Cláusula 66A,N,383
6732,4130,1933-05-13,427.0,Renovación automática,N,36
6733,2763,2018-07-09,295.0,Contrato eterno,N,124
6734,6835,1930-11-25,158.0,Anexo 13,S,227
6735,7537,1938-02-04,835.0,Contrato eterno,N,498
6736,6874,2015-12-26,488.0,Anexo 13,N,174
6737,774,1973-03-22,698.0,Contrato eterno,S,379
6738,3247,1948-07-17,59.0,Cláusula 66A,N,131
6739,3445,1935-05-13,848.0,Contrato eterno,S,271
6740,7495,2020-04-17,711.0,Cesión de alma secundaria,S,156
6741,9828,1933-12-19,93.0,Anexo 13,S,257
6742,9696,1988-02-01,158.0,Anexo 13,S,389
6743,7,1963-12-07,309.0,Cláusula 66A,S,442
6744,8468,2007-07-23,176.0,Cesión de alma secundaria,S,419
6745,8508,1944-02-02,177.0,Anexo 13,S,224
6746,610,1993-12-16,171.0,Contrato eterno,N,18
6747,9842,2021-08-30,40.0,Cesión de alma secundaria,S,476
6748,2078,2009-06-16,526.0,Anexo 13,S,234
6749,4602,1961-05-16,556.0,Anexo 13,N,384
6750,5963,1939-05-24,675.0,Cláusula 66A,N,10
6751,899,1993-06-11,174.0,Renovación automática,N,35
6752,6665,2002-03-18,720.0,Contrato eterno,S,408
6753,7876,1965-08-21,970.0,Cláusula 66A,S,310
6754,4102,2025-05-31,803.0,Cláusula 66A,N,78
6755,6190,2004-11-17,465.0,Anexo 13,S,273
6756,146,1980-02-12,725.0,Anexo 13,N,45
6757,1989,1940-09-14,723.0,Cesión de alma secundaria,S,34
6758,5685,1945-12-15,77.0,Renovación automática,N,385
6759,2534,1974-11-02,428.0,Cesión de alma secundaria,S,474
6760,7701,2001-02-17,930.0,Cláusula 66A,S,393
6761,5538,2023-12-08,721.0,Renovación automática,N,337
6762,3047,1958-05-06,327.0,Cesión de alma secundaria,S,327
6763,5441,1980-01-30,706.0,Cláusula 66A,N,248
6764,4776,1974-09-23,375.0,Renovación automática,S,117
6765,3672,2015-03-14,821.0,Cláusula 66A,S,460
6766,9768,1951-11-26,606.0,Contrato eterno,S,406
6767,9889,1938-12-28,343.0,Renovación automática,N,195
6768,8950,1971-01-28,122.0,Cláusula 66A,S,27
6769,4583,1975-08-09,213.0,Anexo 13,S,240
6770,9530,2018-10-01,61.0,Contrato eterno,S,332
6771,8723,1981-10-26,870.0,Contrato eterno,S,350
6772,7060,1989-10-09,840.0,Renovación automática,N,54
6773,6274,1986-03-01,132.0,Anexo 13,N,200
6774,3901,1978-10-27,619.0,Contrato eterno,N,134
6775,4926,1944-03-25,654.0,Renovación automática,S,307
6776,3305,1983-11-04,976.0,Anexo 13,N,206
6777,2247,1995-08-11,788.0,Contrato eterno,S,428
6778,4896,1938-04-27,944.0,Anexo 13,N,99
6779,3431,2024-05-01,154.0,Anexo 13,N,370
6780,4901,1996-06-07,242.0,Anexo 13,S,26
6781,4078,1987-09-02,120.0,Cláusula 66A,S,339
6782,9975,1952-12-30,975.0,Anexo 13,S,359
6783,9595,1969-06-29,958.0,Cláusula 66A,S,42
6784,8416,2011-10-25,29.0,Renovación automática,N,446
6785,6807,2009-01-17,,Cesión de alma secundaria,N,376
6786,8070,2000-11-16,639.0,Renovación automática,N,423
6787,3895,1995-09-20,406.0,Renovación automática,N,362
6788,4687,1956-05-03,199.0,Renovación automática,S,164
6789,2917,1980-07-24,802.0,Anexo 13,S,419
6790,1351,1994-07-29,740.0,Renovación automática,N,249
6791,8937,1990-03-25,837.0,Contrato eterno,N,193
6792,5488,1933-02-08,629.0,Cesión de alma secundaria,N,203
6793,4958,3000-13-40,789.0,Cláusula 66A,N,46
6794,227,2003-02-06,373.0,Renovación automática,S,294
6795,9183,1987-10-16,548.0,Anexo 13,S,172
6796,8935,1988-09-16,323.0,Cesión de alma secundaria,S,300
6797,9129,2013-09-13,820.0,Cesión de alma secundaria,N,160
6798,4582,1948-01-15,841.0,Anexo 13,N,80
6799,4989,1943-05-27,476.0,Renovación automática,S,50
6800,7838,1964-08-24,897.0,Renovación automática,S,428
6801,6982,1965-08-19,663.0,Anexo 13,S,437
6802,9702,1969-09-16,400.0,Renovación automática,S,307
6803,5629,1974-06-29,102.0,Renovación automática,S,149
6804,540,2005-12-19,328.0,Renovación automática,N,264
6805,9353,1979-06-21,307.0,Contrato eterno,N,428
6806,9957,1982-08-08,746.0,Anexo 13,N,226
6807,5364,2006-07-13,185.0,Anexo 13,S,92
6808,6522,1954-11-20,123.0,Renovación automática,N,446
6809,1229,1949-12-08,335.0,Cláusula 66A,S,349
6810,2761,1959-10-11,707.0,Cesión de alma secundaria,N,402
6811,7650,1927-02-10,719.0,Cesión de alma secundaria,S,106
6812,6846,1937-03-17,290.0,Cesión de alma secundaria,N,335
6813,6834,1951-10-30,903.0,Cláusula 66A,S,420
6814,6632,1999-03-24,646.0,Cesión de alma secundaria,S,463
6815,3228,2014-09-18,712.0,Renovación automática,S,237
6816,8199,1988-07-28,448.0,Renovación automática,N,357
6817,455,1989-12-19,340.0,Cesión de alma secundaria,N,78
6818,8557,1957-06-24,889.0,Cláusula 66A,N,85
6819,6406,1947-11-12,409.0,Renovación automática,N,88
6820,8807,2024-09-01,886.0,Contrato eterno,N,4
6821,4102,2016-06-11,799.0,Cláusula 66A,S,253
6822,4829,2013-05-18,643.0,Contrato eterno,S,468
6823,9794,1987-04-01,578.0,Cesión de alma secundaria,S,131
6824,1520,2019-11-07,521.0,Renovación automática,N,407
6825,6519,2022-07-11,892.0,Renovación automática,N,424
6826,1709,1974-09-05,155.0,Cláusula 66A,S,302
6827,5405,1957-03-28,92.0,Anexo 13,S,493
6828,4824,1934-03-31,504.0,Cesión de alma secundaria,S,442
6829,4413,1937-09-15,806.0,Cláusula 66A,N,443
6830,8064,2015-04-29,662.0,Cesión de alma secundaria,N,132
6831,8717,1950-01-01,255.0,Cesión de alma secundaria,N,73
6832,6394,1934-05-30,839.0,Cesión de alma secundaria,N,235
6833,1107,1945-03-04,716.0,Cláusula 66A,N,260
6834,6529,2000-11-17,226.0,Cesión de alma secundaria,S,431
6835,7752,1937-06-21,180.0,Contrato eterno,S,84
6836,8263,1964-04-05,36.0,Anexo 13,N,180
6837,4022,1933-10-07,139.0,Cláusula 66A,N,243
6838,2150,1941-01-30,803.0,Cláusula 66A,N,81
6839,2851,1974-01-05,551.0,Renovación automática,S,441
6840,5590,2022-04-12,183.0,Renovación automática,N,195
6841,7495,2000-01-01,678.0,Anexo 13,S,59
6842,7130,1992-10-07,752.0,Cláusula 66A,S,226
6843,5234,2016-02-16,18.0,Cesión de alma secundaria,S,466
6844,4415,1995-10-27,625.0,Anexo 13,S,345
6845,5276,1966-12-30,981.0,Contrato eterno,S,33
6846,8627,1945-10-12,655.0,Contrato eterno,N,434
6847,6344,1940-11-07,251.0,Cláusula 66A,S,252
6848,8779,1984-04-12,178.0,Renovación automática,S,10
6849,1496,1991-05-03,370.0,Cláusula 66A,S,450
6850,6783,1959-01-09,506.0,Anexo 13,N,357
6851,5994,1955-04-20,764.0,Cláusula 66A,N,143
6852,8877,1949-03-31,995.0,Cláusula 66A,S,274
6853,2266,1929-04-25,584.0,Contrato eterno,S,332
6854,6551,1975-07-27,779.0,Cesión de alma secundaria,S,344
6855,1366,2008-03-05,837.0,Cláusula 66A,S,348
6856,4938,1950-12-28,791.0,Contrato eterno,N,336
6857,7485,2001-12-05,311.0,Anexo 13,S,320
6858,881,1995-07-20,837.0,Contrato eterno,S,222
6859,4611,1960-04-15,990.0,Anexo 13,N,58
6860,8912,1932-07-22,110.0,Renovación automática,S,324
6861,2594,1988-06-25,970.0,Contrato eterno,S,306
6862,4865,1940-05-07,18.0,Renovación automática,N,190
6863,9878,1981-10-03,398.0,Cláusula 66A,N,201
6864,9287,1976-02-25,60.0,Cesión de alma secundaria,N,149
6865,3370,2021-03-03,331.0,Anexo 13,N,357
6866,6922,2009-04-25,21.0,Cláusula 66A,S,114
6867,7077,2019-11-04,390.0,Contrato eterno,S,494
6868,3771,2023-08-03,436.0,Cláusula 66A,N,310
6869,6163,2012-02-20,12.0,Cesión de alma secundaria,S,217
6870,7980,1985-08-08,422.0,Anexo 13,N,172
6871,4072,1953-07-23,590.0,Cesión de alma secundaria,N,183
6872,8979,1948-07-21,153.0,Renovación automática,S,162
6873,4620,1964-05-29,247.0,Contrato eterno,S,196
6874,5933,1983-05-24,45.0,Renovación automática,N,235
6875,3759,1937-03-28,588.0,Anexo 13,N,268
6876,7950,1967-06-29,867.0,Cesión de alma secundaria,N,384
6877,6815,1987-03-20,911.0,Renovación automática,S,457
6878,174,1951-01-04,260.0,Anexo 13,N,331
6879,9886,1959-09-02,427.0,Anexo 13,S,470
6880,2029,1985-03-25,168.0,Cesión de alma secundaria,N,402
6881,8512,1971-01-12,539.0,Renovación automática,N,6
6882,7955,1987-08-31,721.0,Cláusula 66A,N,40
6883,4787,1936-05-06,147.0,Renovación automática,N,441
6884,1362,2016-02-21,898.0,Anexo 13,N,381
6885,2362,1927-03-24,171.0,Cesión de alma secundaria,S,200
6886,5771,1996-12-06,667.0,Renovación automática,N,322
6887,4743,1928-11-10,575.0,Anexo 13,S,313
6888,5677,2020-01-26,856.0,Cláusula 66A,N,324
6889,9568,2023-06-08,216.0,Cesión de alma secundaria,N,139
6890,3971,1970-06-15,362.0,Cláusula 66A,N,123
6891,8326,1925-12-08,210.0,Cláusula 66A,S,149
6892,3903,1975-07-14,184.0,Renovación automática,S,79
6893,7509,1981-03-08,204.0,Anexo 13,S,96
6894,1418,1974-07-29,658.0,Renovación automática,S,403
6895,7669,1962-05-01,383.0,Renovación automática,N,384
6896,4991,1968-12-22,358.0,Contrato eterno,N,79
6897,3290,1987-01-08,306.0,Renovación automática,N,45
6898,7666,2017-10-23,771.0,Cesión de alma secundaria,N,359
6899,7067,2018-10-19,16.0,Cesión de alma secundaria,N,155
6900,1701,2024-10-08,46.0,Anexo 13,S,348
6901,4584,1978-01-02,203.0,Cláusula 66A,N,59
6902,2244,1938-05-14,413.0,Cláusula 66A,S,220
6903,4601,1984-07-18,628.0,Renovación automática,N,446
6904,7716,2018-06-11,204.0,Renovación automática,N,174
6905,5119,2014-07-20,176.0,Renovación automática,N,457
6906,5715,1937-08-27,106.0,Anexo 13,N,312
6907,7068,1986-09-24,414.0,Cláusula 66A,S,441
6908,2255,2024-01-10,811.0,Contrato eterno,S,306
6909,672,1949-10-15,503.0,Cesión de alma secundaria,S,437
6910,4256,3000-13-40,22.0,Cláusula 66A,S,232
6911,5533,2023-02-09,785.0,Renovación automática,N,118
6912,5689,1987-08-14,887.0,Renovación automática,N,216
6913,5769,1977-12-13,461.0,Anexo 13,S,474
6914,6579,1942-08-12,436.0,Cláusula 66A,N,115
6915,8852,2001-12-27,326.0,Renovación automática,N,292
6916,245,1999-07-09,612.0,Renovación automática,S,5
6917,2725,1956-10-21,927.0,Contrato eterno,S,107
6918,6782,1934-04-28,700.0,Contrato eterno,N,141
6919,4746,2005-11-08,463.0,Renovación automática,N,61
6920,3023,1951-11-12,846.0,Anexo 13,N,202
6921,1139,1942-10-01,281.0,Contrato eterno,N,174
6922,8179,1988-02-11,922.0,Contrato eterno,N,33
6923,7584,1975-12-11,165.0,Cláusula 66A,N,443
6924,7902,1973-12-27,367.0,Renovación automática,S,432
6925,7661,1939-07-27,653.0,Renovación automática,N,181
6926,8310,2012-08-27,763.0,Contrato eterno,N,158
6927,324,1962-04-01,73.0,Cláusula 66A,N,298
6928,5094,2009-11-30,601.0,Contrato eterno,S,263
6929,3816,2011-04-08,546.0,Contrato eterno,N,184
6930,5999,2005-12-31,168.0,Cesión de alma secundaria,S,61
6931,5374,1960-11-17,812.0,Cesión de alma secundaria,N,480
6932,2923,1946-02-12,969.0,Contrato eterno,N,139
6933,8978,2002-02-09,855.0,Anexo 13,N,146
6934,7818,2020-02-17,692.0,Cláusula 66A,N,352
6935,9846,1989-03-27,799.0,Contrato eterno,N,423
6936,7826,2005-07-05,420.0,Cláusula 66A,N,186
6937,4691,1997-07-19,854.0,Renovación automática,N,440
6938,3453,2001-08-18,148.0,Cesión de alma secundaria,N,213
6939,5475,1943-05-03,719.0,Renovación automática,N,93
6940,5239,1960-06-04,920.0,Anexo 13,S,139
6941,5520,1943-08-21,865.0,Cláusula 66A,S,397
6942,1579,1943-11-15,546.0,Anexo 13,S,392
6943,6856,1927-03-06,949.0,Anexo 13,S,232
6944,8273,2004-07-22,527.0,Contrato eterno,N,468
6945,9652,1954-01-02,801.0,Renovación automática,N,297
6946,9061,1965-06-30,664.0,Cesión de alma secundaria,N,65
6947,149,1988-09-06,920.0,Anexo 13,S,49
6948,4579,1959-09-30,461.0,Cláusula 66A,S,159
6949,3547,2020-03-04,11.0,Cláusula 66A,N,42
6950,2895,2009-12-07,665.0,Cláusula 66A,S,418
6951,2515,1988-12-25,175.0,Renovación automática,N,286
6952,9091,1964-12-15,53.0,Renovación automática,N,248
6953,8960,1937-08-14,404.0,Renovación automática,S,151
6954,6948,1972-09-13,21.0,Renovación automática,S,409
6955,1063,1952-09-01,841.0,Renovación automática,S,488
6956,4941,2013-11-11,578.0,Cesión de alma secundaria,N,382
6957,7327,1996-09-28,24.0,Contrato eterno,N,339
6958,1452,1997-12-24,710.0,Cláusula 66A,N,482
6959,7881,1948-05-17,304.0,Anexo 13,N,401
6960,5711,1935-12-29,809.0,Cláusula 66A,S,184
6961,7051,1954-06-02,709.0,Cláusula 66A,N,96
6962,8458,1937-02-02,313.0,Contrato eterno,N,8
6963,8075,1945-06-14,25.0,Anexo 13,N,452
6964,3999,2011-11-26,450.0,Anexo 13,N,243
6965,9962,1937-02-09,228.0,Cesión de alma secundaria,N,240
6966,1506,1976-09-29,496.0,Cláusula 66A,N,343
6967,118,1992-03-18,842.0,Contrato eterno,N,212
6968,6555,1932-04-29,737.0,Contrato eterno,S,20
6969,7989,1969-02-12,886.0,Cláusula 66A,S,345
6970,8003,1993-03-04,892.0,Cesión de alma secundaria,N,396
6971,8003,2008-09-01,908.0,Contrato eterno,N,286
6972,9336,1975-04-23,344.0,Cesión de alma secundaria,N,436
6973,3973,1958-04-25,178.0,Anexo 13,N,300
6974,4700,2021-01-08,461.0,Anexo 13,N,73
6975,2102,2012-06-13,560.0,Renovación automática,N,226
6976,9330,1967-10-19,684.0,Renovación automática,N,172
6977,4891,2017-04-05,753.0,Cesión de alma secundaria,N,7
6978,9834,1936-07-13,318.0,Anexo 13,N,415
6979,4878,1982-09-16,284.0,Renovación automática,N,239
6980,9865,1958-01-04,377.0,Anexo 13,S,493
6981,1385,1934-06-06,196.0,Renovación automática,N,451
6982,685,1955-12-14,484.0,Renovación automática,N,407
6983,1749,1948-04-16,622.0,Cesión de alma secundaria,S,103
6984,5622,1947-03-16,453.0,Renovación automática,S,65
6985,5499,1989-12-22,888.0,Anexo 13,S,231
6986,5253,2019-11-11,676.0,Contrato eterno,N,471
6987,1222,1933-02-18,29.0,Renovación automática,S,336
6988,4215,1983-10-24,32.0,Renovación automática,S,30
6989,4570,1959-05-05,229.0,Cesión de alma secundaria,S,40
6990,2555,1961-07-08,94.0,Cesión de alma secundaria,S,60
6991,4983,1946-06-29,531.0,Renovación automática,S,352
6992,4804,1965-02-01,141.0,Cláusula 66A,S,199
6993,7621,1987-11-11,650.0,Contrato eterno,S,65
6994,7988,1985-09-03,180.0,Renovación automática,S,335
6995,4915,2020-11-23,280.0,Renovación automática,S,403
6996,7709,2020-08-08,375.0,Anexo 13,N,74
6997,3126,2000-09-28,587.0,Cláusula 66A,N,43
6998,9731,2023-12-02,786.0,Contrato eterno,N,366
6999,9542,1949-03-21,487.0,Cesión de alma secundaria,N,464
7000,1495,3000-13-40,413.0,Contrato eterno,N,193
1140,9796,1938-03-22,756.0,Contrato eterno,N,296
5763,8056,1964-05-13,566.0,Renovación automática,N,457
5237,2242,1972-01-03,612.0,Cesión de alma secundaria,S,318
4491,4164,1940-05-17,899.0,Cláusula 66A,S,249
796,8651,1961-10-21,353.0,Cesión de alma secundaria,S,429
669,3198,1953-09-30,27.0,Cláusula 66A,S,447
1634,3644,2020-02-25,467.0,Cesión de alma secundaria,N,414
6756,146,1980-02-12,725.0,Anexo 13,N,45
3892,9135,1946-08-22,416.0,Anexo 13,S,148
6195,1209,2016-05-19,805.0,Anexo 13,S,378
3477,4081,1953-06-16,707.0,Cláusula 66A,N,200
6694,7581,1962-10-24,854.0,Renovación automática,N,284
5432,2123,1931-11-22,582.0,Anexo 13,N,319
1459,9623,1955-04-20,368.0,Contrato eterno,N,131
3635,4430,1938-01-29,,Renovación automática,N,239
3330,7091,1991-03-19,853.0,Cesión de alma secundaria,S,81
1271,6670,1971-03-31,645.0,Cláusula 66A,S,481
6655,1512,2002-02-11,582.0,Contrato eterno,N,281
6708,8996,1976-11-03,85.0,Contrato eterno,N,205
3693,8452,2017-10-07,668.0,Renovación automática,N,222
2094,859,1934-04-25,649.0,Contrato eterno,S,463
2909,4706,1954-08-29,485.0,Contrato eterno,N,83
5470,2130,1994-10-18,286.0,Anexo 13,S,175
6569,6242,2025-06-26,388.0,Renovación automática,N,45
3941,7406,1971-01-14,556.0,Renovación automática,S,458
6920,3023,1951-11-12,846.0,Anexo 13,N,202
5203,9695,1961-05-12,761.0,Cesión de alma secundaria,N,9999
6089,7827,1968-01-19,682.0,Contrato eterno,N,383
2131,5294,1955-11-08,179.0,Cláusula 66A,S,470
1499,7248,1990-07-19,912.0,Cesión de alma secundaria,S,71
